[0.897s] DEBUG:colcon:Command line arguments: ['/usr/bin/colcon', 'build']
[0.897s] DEBUG:colcon:Parsed command line arguments: Namespace(log_base=None, log_level=None, verb_name='build', build_base='build', install_base='install', merge_install=False, symlink_install=False, test_result_base=None, continue_on_error=False, executor='parallel', parallel_workers=4, event_handlers=None, ignore_user_meta=False, metas=['./colcon.meta'], base_paths=['.'], packages_ignore=None, packages_ignore_regex=None, paths=None, packages_up_to=None, packages_up_to_regex=None, packages_above=None, packages_above_and_dependencies=None, packages_above_depth=None, packages_select_by_dep=None, packages_skip_by_dep=None, packages_skip_up_to=None, packages_select_build_failed=False, packages_skip_build_finished=False, packages_select_test_failures=False, packages_skip_test_passed=False, packages_select=None, packages_skip=None, packages_select_regex=None, packages_skip_regex=None, packages_start=None, packages_end=None, cmake_args=None, cmake_target=None, cmake_target_skip_unavailable=False, cmake_clean_cache=False, cmake_clean_first=False, cmake_force_configure=False, ament_cmake_args=None, catkin_cmake_args=None, catkin_skip_building_tests=False, mixin_files=None, mixin=None, verb_parser=<colcon_mixin.mixin.mixin_argument.MixinArgumentDecorator object at 0x7fa99fa590>, verb_extension=<colcon_core.verb.build.BuildVerb object at 0x7fa9bbff40>, main=<bound method BuildVerb.main of <colcon_core.verb.build.BuildVerb object at 0x7fa9bbff40>>, mixin_verb=('build',))
[1.638s] Level 1:colcon.colcon_core.package_discovery:discover_packages(colcon_meta) check parameters
[1.643s] INFO:colcon.colcon_metadata.package_discovery.colcon_meta:Using configuration from '/root/.colcon/metadata/default/Gazebo.meta'
[1.645s] INFO:colcon.colcon_metadata.package_discovery.colcon_meta:Using configuration from '/root/.colcon/metadata/default/fastdds.meta'
[1.648s] INFO:colcon.colcon_metadata.package_discovery.colcon_meta:Using configuration from '/root/.colcon/metadata/default/fastrtps.meta'
[1.648s] Level 1:colcon.colcon_core.package_discovery:discover_packages(recursive) check parameters
[1.648s] Level 1:colcon.colcon_core.package_discovery:discover_packages(ignore) check parameters
[1.649s] Level 1:colcon.colcon_core.package_discovery:discover_packages(path) check parameters
[1.649s] Level 1:colcon.colcon_core.package_discovery:discover_packages(colcon_meta) discover
[1.649s] Level 1:colcon.colcon_core.package_discovery:discover_packages(recursive) discover
[1.649s] INFO:colcon.colcon_core.package_discovery:Crawling recursively for packages in '/ros2_ws'
[1.649s] Level 1:colcon.colcon_core.package_identification:_identify(.) by extensions ['ignore', 'ignore_ament_install']
[1.650s] Level 1:colcon.colcon_core.package_identification:_identify(.) by extension 'ignore'
[1.650s] Level 1:colcon.colcon_core.package_identification:_identify(.) by extension 'ignore_ament_install'
[1.650s] Level 1:colcon.colcon_core.package_identification:_identify(.) by extensions ['colcon_pkg']
[1.650s] Level 1:colcon.colcon_core.package_identification:_identify(.) by extension 'colcon_pkg'
[1.651s] Level 1:colcon.colcon_core.package_identification:_identify(.) by extensions ['colcon_meta']
[1.651s] Level 1:colcon.colcon_core.package_identification:_identify(.) by extension 'colcon_meta'
[1.651s] Level 1:colcon.colcon_core.package_identification:_identify(.) by extensions ['ros']
[1.651s] Level 1:colcon.colcon_core.package_identification:_identify(.) by extension 'ros'
[1.814s] Level 1:colcon.colcon_core.package_identification:_identify(.) by extensions ['cmake', 'python']
[1.815s] Level 1:colcon.colcon_core.package_identification:_identify(.) by extension 'cmake'
[1.815s] Level 1:colcon.colcon_core.package_identification:_identify(.) by extension 'python'
[1.815s] Level 1:colcon.colcon_core.package_identification:_identify(.) by extensions ['python_setup_py']
[1.815s] Level 1:colcon.colcon_core.package_identification:_identify(.) by extension 'python_setup_py'
[1.816s] Level 1:colcon.colcon_core.package_identification:_identify(build) by extensions ['ignore', 'ignore_ament_install']
[1.816s] Level 1:colcon.colcon_core.package_identification:_identify(build) by extension 'ignore'
[1.816s] Level 1:colcon.colcon_core.package_identification:_identify(build) ignored
[1.817s] Level 1:colcon.colcon_core.package_identification:_identify(dataset) by extensions ['ignore', 'ignore_ament_install']
[1.818s] Level 1:colcon.colcon_core.package_identification:_identify(dataset) by extension 'ignore'
[1.818s] Level 1:colcon.colcon_core.package_identification:_identify(dataset) by extension 'ignore_ament_install'
[1.818s] Level 1:colcon.colcon_core.package_identification:_identify(dataset) by extensions ['colcon_pkg']
[1.818s] Level 1:colcon.colcon_core.package_identification:_identify(dataset) by extension 'colcon_pkg'
[1.818s] Level 1:colcon.colcon_core.package_identification:_identify(dataset) by extensions ['colcon_meta']
[1.819s] Level 1:colcon.colcon_core.package_identification:_identify(dataset) by extension 'colcon_meta'
[1.819s] Level 1:colcon.colcon_core.package_identification:_identify(dataset) by extensions ['ros']
[1.819s] Level 1:colcon.colcon_core.package_identification:_identify(dataset) by extension 'ros'
[1.819s] Level 1:colcon.colcon_core.package_identification:_identify(dataset) by extensions ['cmake', 'python']
[1.819s] Level 1:colcon.colcon_core.package_identification:_identify(dataset) by extension 'cmake'
[1.820s] Level 1:colcon.colcon_core.package_identification:_identify(dataset) by extension 'python'
[1.820s] Level 1:colcon.colcon_core.package_identification:_identify(dataset) by extensions ['python_setup_py']
[1.820s] Level 1:colcon.colcon_core.package_identification:_identify(dataset) by extension 'python_setup_py'
[1.821s] Level 1:colcon.colcon_core.package_identification:_identify(dataset/images) by extensions ['ignore', 'ignore_ament_install']
[1.821s] Level 1:colcon.colcon_core.package_identification:_identify(dataset/images) by extension 'ignore'
[1.821s] Level 1:colcon.colcon_core.package_identification:_identify(dataset/images) by extension 'ignore_ament_install'
[1.822s] Level 1:colcon.colcon_core.package_identification:_identify(dataset/images) by extensions ['colcon_pkg']
[1.822s] Level 1:colcon.colcon_core.package_identification:_identify(dataset/images) by extension 'colcon_pkg'
[1.822s] Level 1:colcon.colcon_core.package_identification:_identify(dataset/images) by extensions ['colcon_meta']
[1.822s] Level 1:colcon.colcon_core.package_identification:_identify(dataset/images) by extension 'colcon_meta'
[1.822s] Level 1:colcon.colcon_core.package_identification:_identify(dataset/images) by extensions ['ros']
[1.822s] Level 1:colcon.colcon_core.package_identification:_identify(dataset/images) by extension 'ros'
[1.823s] Level 1:colcon.colcon_core.package_identification:_identify(dataset/images) by extensions ['cmake', 'python']
[1.823s] Level 1:colcon.colcon_core.package_identification:_identify(dataset/images) by extension 'cmake'
[1.823s] Level 1:colcon.colcon_core.package_identification:_identify(dataset/images) by extension 'python'
[1.823s] Level 1:colcon.colcon_core.package_identification:_identify(dataset/images) by extensions ['python_setup_py']
[1.823s] Level 1:colcon.colcon_core.package_identification:_identify(dataset/images) by extension 'python_setup_py'
[1.837s] Level 1:colcon.colcon_core.package_identification:_identify(dataset/images/train) by extensions ['ignore', 'ignore_ament_install']
[1.838s] Level 1:colcon.colcon_core.package_identification:_identify(dataset/images/train) by extension 'ignore'
[1.838s] Level 1:colcon.colcon_core.package_identification:_identify(dataset/images/train) by extension 'ignore_ament_install'
[1.838s] Level 1:colcon.colcon_core.package_identification:_identify(dataset/images/train) by extensions ['colcon_pkg']
[1.839s] Level 1:colcon.colcon_core.package_identification:_identify(dataset/images/train) by extension 'colcon_pkg'
[1.839s] Level 1:colcon.colcon_core.package_identification:_identify(dataset/images/train) by extensions ['colcon_meta']
[1.839s] Level 1:colcon.colcon_core.package_identification:_identify(dataset/images/train) by extension 'colcon_meta'
[1.839s] Level 1:colcon.colcon_core.package_identification:_identify(dataset/images/train) by extensions ['ros']
[1.839s] Level 1:colcon.colcon_core.package_identification:_identify(dataset/images/train) by extension 'ros'
[1.840s] Level 1:colcon.colcon_core.package_identification:_identify(dataset/images/train) by extensions ['cmake', 'python']
[1.840s] Level 1:colcon.colcon_core.package_identification:_identify(dataset/images/train) by extension 'cmake'
[1.840s] Level 1:colcon.colcon_core.package_identification:_identify(dataset/images/train) by extension 'python'
[1.840s] Level 1:colcon.colcon_core.package_identification:_identify(dataset/images/train) by extensions ['python_setup_py']
[1.840s] Level 1:colcon.colcon_core.package_identification:_identify(dataset/images/train) by extension 'python_setup_py'
[1.847s] Level 1:colcon.colcon_core.package_identification:_identify(dataset/images/val) by extensions ['ignore', 'ignore_ament_install']
[1.847s] Level 1:colcon.colcon_core.package_identification:_identify(dataset/images/val) by extension 'ignore'
[1.848s] Level 1:colcon.colcon_core.package_identification:_identify(dataset/images/val) by extension 'ignore_ament_install'
[1.848s] Level 1:colcon.colcon_core.package_identification:_identify(dataset/images/val) by extensions ['colcon_pkg']
[1.848s] Level 1:colcon.colcon_core.package_identification:_identify(dataset/images/val) by extension 'colcon_pkg'
[1.848s] Level 1:colcon.colcon_core.package_identification:_identify(dataset/images/val) by extensions ['colcon_meta']
[1.849s] Level 1:colcon.colcon_core.package_identification:_identify(dataset/images/val) by extension 'colcon_meta'
[1.849s] Level 1:colcon.colcon_core.package_identification:_identify(dataset/images/val) by extensions ['ros']
[1.849s] Level 1:colcon.colcon_core.package_identification:_identify(dataset/images/val) by extension 'ros'
[1.849s] Level 1:colcon.colcon_core.package_identification:_identify(dataset/images/val) by extensions ['cmake', 'python']
[1.849s] Level 1:colcon.colcon_core.package_identification:_identify(dataset/images/val) by extension 'cmake'
[1.850s] Level 1:colcon.colcon_core.package_identification:_identify(dataset/images/val) by extension 'python'
[1.850s] Level 1:colcon.colcon_core.package_identification:_identify(dataset/images/val) by extensions ['python_setup_py']
[1.850s] Level 1:colcon.colcon_core.package_identification:_identify(dataset/images/val) by extension 'python_setup_py'
[1.851s] Level 1:colcon.colcon_core.package_identification:_identify(dataset/labels) by extensions ['ignore', 'ignore_ament_install']
[1.851s] Level 1:colcon.colcon_core.package_identification:_identify(dataset/labels) by extension 'ignore'
[1.851s] Level 1:colcon.colcon_core.package_identification:_identify(dataset/labels) by extension 'ignore_ament_install'
[1.852s] Level 1:colcon.colcon_core.package_identification:_identify(dataset/labels) by extensions ['colcon_pkg']
[1.852s] Level 1:colcon.colcon_core.package_identification:_identify(dataset/labels) by extension 'colcon_pkg'
[1.852s] Level 1:colcon.colcon_core.package_identification:_identify(dataset/labels) by extensions ['colcon_meta']
[1.852s] Level 1:colcon.colcon_core.package_identification:_identify(dataset/labels) by extension 'colcon_meta'
[1.852s] Level 1:colcon.colcon_core.package_identification:_identify(dataset/labels) by extensions ['ros']
[1.852s] Level 1:colcon.colcon_core.package_identification:_identify(dataset/labels) by extension 'ros'
[1.853s] Level 1:colcon.colcon_core.package_identification:_identify(dataset/labels) by extensions ['cmake', 'python']
[1.853s] Level 1:colcon.colcon_core.package_identification:_identify(dataset/labels) by extension 'cmake'
[1.853s] Level 1:colcon.colcon_core.package_identification:_identify(dataset/labels) by extension 'python'
[1.853s] Level 1:colcon.colcon_core.package_identification:_identify(dataset/labels) by extensions ['python_setup_py']
[1.854s] Level 1:colcon.colcon_core.package_identification:_identify(dataset/labels) by extension 'python_setup_py'
[1.867s] Level 1:colcon.colcon_core.package_identification:_identify(dataset/labels/train) by extensions ['ignore', 'ignore_ament_install']
[1.868s] Level 1:colcon.colcon_core.package_identification:_identify(dataset/labels/train) by extension 'ignore'
[1.868s] Level 1:colcon.colcon_core.package_identification:_identify(dataset/labels/train) by extension 'ignore_ament_install'
[1.868s] Level 1:colcon.colcon_core.package_identification:_identify(dataset/labels/train) by extensions ['colcon_pkg']
[1.868s] Level 1:colcon.colcon_core.package_identification:_identify(dataset/labels/train) by extension 'colcon_pkg'
[1.869s] Level 1:colcon.colcon_core.package_identification:_identify(dataset/labels/train) by extensions ['colcon_meta']
[1.869s] Level 1:colcon.colcon_core.package_identification:_identify(dataset/labels/train) by extension 'colcon_meta'
[1.869s] Level 1:colcon.colcon_core.package_identification:_identify(dataset/labels/train) by extensions ['ros']
[1.869s] Level 1:colcon.colcon_core.package_identification:_identify(dataset/labels/train) by extension 'ros'
[1.870s] Level 1:colcon.colcon_core.package_identification:_identify(dataset/labels/train) by extensions ['cmake', 'python']
[1.870s] Level 1:colcon.colcon_core.package_identification:_identify(dataset/labels/train) by extension 'cmake'
[1.870s] Level 1:colcon.colcon_core.package_identification:_identify(dataset/labels/train) by extension 'python'
[1.870s] Level 1:colcon.colcon_core.package_identification:_identify(dataset/labels/train) by extensions ['python_setup_py']
[1.870s] Level 1:colcon.colcon_core.package_identification:_identify(dataset/labels/train) by extension 'python_setup_py'
[1.877s] Level 1:colcon.colcon_core.package_identification:_identify(dataset/labels/val) by extensions ['ignore', 'ignore_ament_install']
[1.878s] Level 1:colcon.colcon_core.package_identification:_identify(dataset/labels/val) by extension 'ignore'
[1.878s] Level 1:colcon.colcon_core.package_identification:_identify(dataset/labels/val) by extension 'ignore_ament_install'
[1.878s] Level 1:colcon.colcon_core.package_identification:_identify(dataset/labels/val) by extensions ['colcon_pkg']
[1.878s] Level 1:colcon.colcon_core.package_identification:_identify(dataset/labels/val) by extension 'colcon_pkg'
[1.879s] Level 1:colcon.colcon_core.package_identification:_identify(dataset/labels/val) by extensions ['colcon_meta']
[1.879s] Level 1:colcon.colcon_core.package_identification:_identify(dataset/labels/val) by extension 'colcon_meta'
[1.879s] Level 1:colcon.colcon_core.package_identification:_identify(dataset/labels/val) by extensions ['ros']
[1.879s] Level 1:colcon.colcon_core.package_identification:_identify(dataset/labels/val) by extension 'ros'
[1.880s] Level 1:colcon.colcon_core.package_identification:_identify(dataset/labels/val) by extensions ['cmake', 'python']
[1.880s] Level 1:colcon.colcon_core.package_identification:_identify(dataset/labels/val) by extension 'cmake'
[1.880s] Level 1:colcon.colcon_core.package_identification:_identify(dataset/labels/val) by extension 'python'
[1.880s] Level 1:colcon.colcon_core.package_identification:_identify(dataset/labels/val) by extensions ['python_setup_py']
[1.881s] Level 1:colcon.colcon_core.package_identification:_identify(dataset/labels/val) by extension 'python_setup_py'
[1.881s] Level 1:colcon.colcon_core.package_identification:_identify(datasetGenerator) by extensions ['ignore', 'ignore_ament_install']
[1.882s] Level 1:colcon.colcon_core.package_identification:_identify(datasetGenerator) by extension 'ignore'
[1.882s] Level 1:colcon.colcon_core.package_identification:_identify(datasetGenerator) by extension 'ignore_ament_install'
[1.882s] Level 1:colcon.colcon_core.package_identification:_identify(datasetGenerator) by extensions ['colcon_pkg']
[1.882s] Level 1:colcon.colcon_core.package_identification:_identify(datasetGenerator) by extension 'colcon_pkg'
[1.882s] Level 1:colcon.colcon_core.package_identification:_identify(datasetGenerator) by extensions ['colcon_meta']
[1.882s] Level 1:colcon.colcon_core.package_identification:_identify(datasetGenerator) by extension 'colcon_meta'
[1.883s] Level 1:colcon.colcon_core.package_identification:_identify(datasetGenerator) by extensions ['ros']
[1.883s] Level 1:colcon.colcon_core.package_identification:_identify(datasetGenerator) by extension 'ros'
[1.883s] Level 1:colcon.colcon_core.package_identification:_identify(datasetGenerator) by extensions ['cmake', 'python']
[1.883s] Level 1:colcon.colcon_core.package_identification:_identify(datasetGenerator) by extension 'cmake'
[1.883s] Level 1:colcon.colcon_core.package_identification:_identify(datasetGenerator) by extension 'python'
[1.884s] Level 1:colcon.colcon_core.package_identification:_identify(datasetGenerator) by extensions ['python_setup_py']
[1.884s] Level 1:colcon.colcon_core.package_identification:_identify(datasetGenerator) by extension 'python_setup_py'
[1.884s] Level 1:colcon.colcon_core.package_identification:_identify(install) by extensions ['ignore', 'ignore_ament_install']
[1.885s] Level 1:colcon.colcon_core.package_identification:_identify(install) by extension 'ignore'
[1.885s] Level 1:colcon.colcon_core.package_identification:_identify(install) ignored
[1.885s] Level 1:colcon.colcon_core.package_identification:_identify(log) by extensions ['ignore', 'ignore_ament_install']
[1.886s] Level 1:colcon.colcon_core.package_identification:_identify(log) by extension 'ignore'
[1.886s] Level 1:colcon.colcon_core.package_identification:_identify(log) ignored
[1.886s] Level 1:colcon.colcon_core.package_identification:_identify(maps) by extensions ['ignore', 'ignore_ament_install']
[1.887s] Level 1:colcon.colcon_core.package_identification:_identify(maps) by extension 'ignore'
[1.887s] Level 1:colcon.colcon_core.package_identification:_identify(maps) by extension 'ignore_ament_install'
[1.887s] Level 1:colcon.colcon_core.package_identification:_identify(maps) by extensions ['colcon_pkg']
[1.887s] Level 1:colcon.colcon_core.package_identification:_identify(maps) by extension 'colcon_pkg'
[1.888s] Level 1:colcon.colcon_core.package_identification:_identify(maps) by extensions ['colcon_meta']
[1.888s] Level 1:colcon.colcon_core.package_identification:_identify(maps) by extension 'colcon_meta'
[1.888s] Level 1:colcon.colcon_core.package_identification:_identify(maps) by extensions ['ros']
[1.888s] Level 1:colcon.colcon_core.package_identification:_identify(maps) by extension 'ros'
[1.889s] Level 1:colcon.colcon_core.package_identification:_identify(maps) by extensions ['cmake', 'python']
[1.889s] Level 1:colcon.colcon_core.package_identification:_identify(maps) by extension 'cmake'
[1.889s] Level 1:colcon.colcon_core.package_identification:_identify(maps) by extension 'python'
[1.889s] Level 1:colcon.colcon_core.package_identification:_identify(maps) by extensions ['python_setup_py']
[1.889s] Level 1:colcon.colcon_core.package_identification:_identify(maps) by extension 'python_setup_py'
[1.890s] Level 1:colcon.colcon_core.package_identification:_identify(perception) by extensions ['ignore', 'ignore_ament_install']
[1.890s] Level 1:colcon.colcon_core.package_identification:_identify(perception) by extension 'ignore'
[1.891s] Level 1:colcon.colcon_core.package_identification:_identify(perception) by extension 'ignore_ament_install'
[1.891s] Level 1:colcon.colcon_core.package_identification:_identify(perception) by extensions ['colcon_pkg']
[1.891s] Level 1:colcon.colcon_core.package_identification:_identify(perception) by extension 'colcon_pkg'
[1.891s] Level 1:colcon.colcon_core.package_identification:_identify(perception) by extensions ['colcon_meta']
[1.891s] Level 1:colcon.colcon_core.package_identification:_identify(perception) by extension 'colcon_meta'
[1.891s] Level 1:colcon.colcon_core.package_identification:_identify(perception) by extensions ['ros']
[1.892s] Level 1:colcon.colcon_core.package_identification:_identify(perception) by extension 'ros'
[1.892s] Level 1:colcon.colcon_core.package_identification:_identify(perception) by extensions ['cmake', 'python']
[1.892s] Level 1:colcon.colcon_core.package_identification:_identify(perception) by extension 'cmake'
[1.892s] Level 1:colcon.colcon_core.package_identification:_identify(perception) by extension 'python'
[1.892s] Level 1:colcon.colcon_core.package_identification:_identify(perception) by extensions ['python_setup_py']
[1.893s] Level 1:colcon.colcon_core.package_identification:_identify(perception) by extension 'python_setup_py'
[1.893s] Level 1:colcon.colcon_core.package_identification:_identify(rosapi) by extensions ['ignore', 'ignore_ament_install']
[1.894s] Level 1:colcon.colcon_core.package_identification:_identify(rosapi) by extension 'ignore'
[1.894s] Level 1:colcon.colcon_core.package_identification:_identify(rosapi) by extension 'ignore_ament_install'
[1.894s] Level 1:colcon.colcon_core.package_identification:_identify(rosapi) by extensions ['colcon_pkg']
[1.894s] Level 1:colcon.colcon_core.package_identification:_identify(rosapi) by extension 'colcon_pkg'
[1.894s] Level 1:colcon.colcon_core.package_identification:_identify(rosapi) by extensions ['colcon_meta']
[1.895s] Level 1:colcon.colcon_core.package_identification:_identify(rosapi) by extension 'colcon_meta'
[1.895s] Level 1:colcon.colcon_core.package_identification:_identify(rosapi) by extensions ['ros']
[1.895s] Level 1:colcon.colcon_core.package_identification:_identify(rosapi) by extension 'ros'
[1.908s] DEBUG:colcon.colcon_core.package_identification:Package 'rosapi' with type 'ros.ament_cmake' and name 'rosapi'
[1.909s] Level 1:colcon.colcon_core.package_identification:_identify(rosapi_msgs) by extensions ['ignore', 'ignore_ament_install']
[1.910s] Level 1:colcon.colcon_core.package_identification:_identify(rosapi_msgs) by extension 'ignore'
[1.910s] Level 1:colcon.colcon_core.package_identification:_identify(rosapi_msgs) by extension 'ignore_ament_install'
[1.910s] Level 1:colcon.colcon_core.package_identification:_identify(rosapi_msgs) by extensions ['colcon_pkg']
[1.910s] Level 1:colcon.colcon_core.package_identification:_identify(rosapi_msgs) by extension 'colcon_pkg'
[1.910s] Level 1:colcon.colcon_core.package_identification:_identify(rosapi_msgs) by extensions ['colcon_meta']
[1.911s] Level 1:colcon.colcon_core.package_identification:_identify(rosapi_msgs) by extension 'colcon_meta'
[1.911s] Level 1:colcon.colcon_core.package_identification:_identify(rosapi_msgs) by extensions ['ros']
[1.911s] Level 1:colcon.colcon_core.package_identification:_identify(rosapi_msgs) by extension 'ros'
[1.914s] DEBUG:colcon.colcon_core.package_identification:Package 'rosapi_msgs' with type 'ros.ament_cmake' and name 'rosapi_msgs'
[1.915s] Level 1:colcon.colcon_core.package_identification:_identify(rosbridge_library) by extensions ['ignore', 'ignore_ament_install']
[1.916s] Level 1:colcon.colcon_core.package_identification:_identify(rosbridge_library) by extension 'ignore'
[1.916s] Level 1:colcon.colcon_core.package_identification:_identify(rosbridge_library) by extension 'ignore_ament_install'
[1.916s] Level 1:colcon.colcon_core.package_identification:_identify(rosbridge_library) by extensions ['colcon_pkg']
[1.917s] Level 1:colcon.colcon_core.package_identification:_identify(rosbridge_library) by extension 'colcon_pkg'
[1.917s] Level 1:colcon.colcon_core.package_identification:_identify(rosbridge_library) by extensions ['colcon_meta']
[1.917s] Level 1:colcon.colcon_core.package_identification:_identify(rosbridge_library) by extension 'colcon_meta'
[1.917s] Level 1:colcon.colcon_core.package_identification:_identify(rosbridge_library) by extensions ['ros']
[1.917s] Level 1:colcon.colcon_core.package_identification:_identify(rosbridge_library) by extension 'ros'
[1.921s] DEBUG:colcon.colcon_core.package_identification:Package 'rosbridge_library' with type 'ros.ament_cmake' and name 'rosbridge_library'
[1.922s] Level 1:colcon.colcon_core.package_identification:_identify(rosbridge_msgs) by extensions ['ignore', 'ignore_ament_install']
[1.923s] Level 1:colcon.colcon_core.package_identification:_identify(rosbridge_msgs) by extension 'ignore'
[1.923s] Level 1:colcon.colcon_core.package_identification:_identify(rosbridge_msgs) by extension 'ignore_ament_install'
[1.923s] Level 1:colcon.colcon_core.package_identification:_identify(rosbridge_msgs) by extensions ['colcon_pkg']
[1.923s] Level 1:colcon.colcon_core.package_identification:_identify(rosbridge_msgs) by extension 'colcon_pkg'
[1.923s] Level 1:colcon.colcon_core.package_identification:_identify(rosbridge_msgs) by extensions ['colcon_meta']
[1.924s] Level 1:colcon.colcon_core.package_identification:_identify(rosbridge_msgs) by extension 'colcon_meta'
[1.924s] Level 1:colcon.colcon_core.package_identification:_identify(rosbridge_msgs) by extensions ['ros']
[1.924s] Level 1:colcon.colcon_core.package_identification:_identify(rosbridge_msgs) by extension 'ros'
[1.927s] DEBUG:colcon.colcon_core.package_identification:Package 'rosbridge_msgs' with type 'ros.ament_cmake' and name 'rosbridge_msgs'
[1.927s] Level 1:colcon.colcon_core.package_identification:_identify(rosbridge_server) by extensions ['ignore', 'ignore_ament_install']
[1.928s] Level 1:colcon.colcon_core.package_identification:_identify(rosbridge_server) by extension 'ignore'
[1.928s] Level 1:colcon.colcon_core.package_identification:_identify(rosbridge_server) by extension 'ignore_ament_install'
[1.929s] Level 1:colcon.colcon_core.package_identification:_identify(rosbridge_server) by extensions ['colcon_pkg']
[1.929s] Level 1:colcon.colcon_core.package_identification:_identify(rosbridge_server) by extension 'colcon_pkg'
[1.929s] Level 1:colcon.colcon_core.package_identification:_identify(rosbridge_server) by extensions ['colcon_meta']
[1.929s] Level 1:colcon.colcon_core.package_identification:_identify(rosbridge_server) by extension 'colcon_meta'
[1.929s] Level 1:colcon.colcon_core.package_identification:_identify(rosbridge_server) by extensions ['ros']
[1.929s] Level 1:colcon.colcon_core.package_identification:_identify(rosbridge_server) by extension 'ros'
[1.933s] DEBUG:colcon.colcon_core.package_identification:Package 'rosbridge_server' with type 'ros.ament_cmake' and name 'rosbridge_server'
[1.934s] Level 1:colcon.colcon_core.package_identification:_identify(rosbridge_suite) by extensions ['ignore', 'ignore_ament_install']
[1.934s] Level 1:colcon.colcon_core.package_identification:_identify(rosbridge_suite) by extension 'ignore'
[1.934s] Level 1:colcon.colcon_core.package_identification:_identify(rosbridge_suite) by extension 'ignore_ament_install'
[1.935s] Level 1:colcon.colcon_core.package_identification:_identify(rosbridge_suite) by extensions ['colcon_pkg']
[1.935s] Level 1:colcon.colcon_core.package_identification:_identify(rosbridge_suite) by extension 'colcon_pkg'
[1.935s] Level 1:colcon.colcon_core.package_identification:_identify(rosbridge_suite) by extensions ['colcon_meta']
[1.935s] Level 1:colcon.colcon_core.package_identification:_identify(rosbridge_suite) by extension 'colcon_meta'
[1.935s] Level 1:colcon.colcon_core.package_identification:_identify(rosbridge_suite) by extensions ['ros']
[1.935s] Level 1:colcon.colcon_core.package_identification:_identify(rosbridge_suite) by extension 'ros'
[1.938s] DEBUG:colcon.colcon_core.package_identification:Package 'rosbridge_suite' with type 'ros.ament_cmake' and name 'rosbridge_suite'
[1.939s] Level 1:colcon.colcon_core.package_identification:_identify(rosbridge_test_msgs) by extensions ['ignore', 'ignore_ament_install']
[1.939s] Level 1:colcon.colcon_core.package_identification:_identify(rosbridge_test_msgs) by extension 'ignore'
[1.940s] Level 1:colcon.colcon_core.package_identification:_identify(rosbridge_test_msgs) by extension 'ignore_ament_install'
[1.940s] Level 1:colcon.colcon_core.package_identification:_identify(rosbridge_test_msgs) by extensions ['colcon_pkg']
[1.940s] Level 1:colcon.colcon_core.package_identification:_identify(rosbridge_test_msgs) by extension 'colcon_pkg'
[1.940s] Level 1:colcon.colcon_core.package_identification:_identify(rosbridge_test_msgs) by extensions ['colcon_meta']
[1.940s] Level 1:colcon.colcon_core.package_identification:_identify(rosbridge_test_msgs) by extension 'colcon_meta'
[1.941s] Level 1:colcon.colcon_core.package_identification:_identify(rosbridge_test_msgs) by extensions ['ros']
[1.941s] Level 1:colcon.colcon_core.package_identification:_identify(rosbridge_test_msgs) by extension 'ros'
[1.945s] DEBUG:colcon.colcon_core.package_identification:Package 'rosbridge_test_msgs' with type 'ros.ament_cmake' and name 'rosbridge_test_msgs'
[1.946s] Level 1:colcon.colcon_core.package_identification:_identify(runs) by extensions ['ignore', 'ignore_ament_install']
[1.946s] Level 1:colcon.colcon_core.package_identification:_identify(runs) by extension 'ignore'
[1.947s] Level 1:colcon.colcon_core.package_identification:_identify(runs) by extension 'ignore_ament_install'
[1.947s] Level 1:colcon.colcon_core.package_identification:_identify(runs) by extensions ['colcon_pkg']
[1.947s] Level 1:colcon.colcon_core.package_identification:_identify(runs) by extension 'colcon_pkg'
[1.947s] Level 1:colcon.colcon_core.package_identification:_identify(runs) by extensions ['colcon_meta']
[1.948s] Level 1:colcon.colcon_core.package_identification:_identify(runs) by extension 'colcon_meta'
[1.948s] Level 1:colcon.colcon_core.package_identification:_identify(runs) by extensions ['ros']
[1.948s] Level 1:colcon.colcon_core.package_identification:_identify(runs) by extension 'ros'
[1.948s] Level 1:colcon.colcon_core.package_identification:_identify(runs) by extensions ['cmake', 'python']
[1.949s] Level 1:colcon.colcon_core.package_identification:_identify(runs) by extension 'cmake'
[1.949s] Level 1:colcon.colcon_core.package_identification:_identify(runs) by extension 'python'
[1.949s] Level 1:colcon.colcon_core.package_identification:_identify(runs) by extensions ['python_setup_py']
[1.949s] Level 1:colcon.colcon_core.package_identification:_identify(runs) by extension 'python_setup_py'
[1.950s] Level 1:colcon.colcon_core.package_identification:_identify(runs/detect) by extensions ['ignore', 'ignore_ament_install']
[1.950s] Level 1:colcon.colcon_core.package_identification:_identify(runs/detect) by extension 'ignore'
[1.950s] Level 1:colcon.colcon_core.package_identification:_identify(runs/detect) by extension 'ignore_ament_install'
[1.951s] Level 1:colcon.colcon_core.package_identification:_identify(runs/detect) by extensions ['colcon_pkg']
[1.951s] Level 1:colcon.colcon_core.package_identification:_identify(runs/detect) by extension 'colcon_pkg'
[1.951s] Level 1:colcon.colcon_core.package_identification:_identify(runs/detect) by extensions ['colcon_meta']
[1.951s] Level 1:colcon.colcon_core.package_identification:_identify(runs/detect) by extension 'colcon_meta'
[1.951s] Level 1:colcon.colcon_core.package_identification:_identify(runs/detect) by extensions ['ros']
[1.951s] Level 1:colcon.colcon_core.package_identification:_identify(runs/detect) by extension 'ros'
[1.952s] Level 1:colcon.colcon_core.package_identification:_identify(runs/detect) by extensions ['cmake', 'python']
[1.952s] Level 1:colcon.colcon_core.package_identification:_identify(runs/detect) by extension 'cmake'
[1.952s] Level 1:colcon.colcon_core.package_identification:_identify(runs/detect) by extension 'python'
[1.952s] Level 1:colcon.colcon_core.package_identification:_identify(runs/detect) by extensions ['python_setup_py']
[1.952s] Level 1:colcon.colcon_core.package_identification:_identify(runs/detect) by extension 'python_setup_py'
[1.953s] Level 1:colcon.colcon_core.package_identification:_identify(runs/detect/train) by extensions ['ignore', 'ignore_ament_install']
[1.953s] Level 1:colcon.colcon_core.package_identification:_identify(runs/detect/train) by extension 'ignore'
[1.954s] Level 1:colcon.colcon_core.package_identification:_identify(runs/detect/train) by extension 'ignore_ament_install'
[1.954s] Level 1:colcon.colcon_core.package_identification:_identify(runs/detect/train) by extensions ['colcon_pkg']
[1.954s] Level 1:colcon.colcon_core.package_identification:_identify(runs/detect/train) by extension 'colcon_pkg'
[1.954s] Level 1:colcon.colcon_core.package_identification:_identify(runs/detect/train) by extensions ['colcon_meta']
[1.954s] Level 1:colcon.colcon_core.package_identification:_identify(runs/detect/train) by extension 'colcon_meta'
[1.955s] Level 1:colcon.colcon_core.package_identification:_identify(runs/detect/train) by extensions ['ros']
[1.955s] Level 1:colcon.colcon_core.package_identification:_identify(runs/detect/train) by extension 'ros'
[1.955s] Level 1:colcon.colcon_core.package_identification:_identify(runs/detect/train) by extensions ['cmake', 'python']
[1.955s] Level 1:colcon.colcon_core.package_identification:_identify(runs/detect/train) by extension 'cmake'
[1.955s] Level 1:colcon.colcon_core.package_identification:_identify(runs/detect/train) by extension 'python'
[1.956s] Level 1:colcon.colcon_core.package_identification:_identify(runs/detect/train) by extensions ['python_setup_py']
[1.956s] Level 1:colcon.colcon_core.package_identification:_identify(runs/detect/train) by extension 'python_setup_py'
[1.956s] Level 1:colcon.colcon_core.package_identification:_identify(runs/detect/train/weights) by extensions ['ignore', 'ignore_ament_install']
[1.957s] Level 1:colcon.colcon_core.package_identification:_identify(runs/detect/train/weights) by extension 'ignore'
[1.957s] Level 1:colcon.colcon_core.package_identification:_identify(runs/detect/train/weights) by extension 'ignore_ament_install'
[1.957s] Level 1:colcon.colcon_core.package_identification:_identify(runs/detect/train/weights) by extensions ['colcon_pkg']
[1.957s] Level 1:colcon.colcon_core.package_identification:_identify(runs/detect/train/weights) by extension 'colcon_pkg'
[1.958s] Level 1:colcon.colcon_core.package_identification:_identify(runs/detect/train/weights) by extensions ['colcon_meta']
[1.958s] Level 1:colcon.colcon_core.package_identification:_identify(runs/detect/train/weights) by extension 'colcon_meta'
[1.958s] Level 1:colcon.colcon_core.package_identification:_identify(runs/detect/train/weights) by extensions ['ros']
[1.958s] Level 1:colcon.colcon_core.package_identification:_identify(runs/detect/train/weights) by extension 'ros'
[1.958s] Level 1:colcon.colcon_core.package_identification:_identify(runs/detect/train/weights) by extensions ['cmake', 'python']
[1.959s] Level 1:colcon.colcon_core.package_identification:_identify(runs/detect/train/weights) by extension 'cmake'
[1.959s] Level 1:colcon.colcon_core.package_identification:_identify(runs/detect/train/weights) by extension 'python'
[1.959s] Level 1:colcon.colcon_core.package_identification:_identify(runs/detect/train/weights) by extensions ['python_setup_py']
[1.959s] Level 1:colcon.colcon_core.package_identification:_identify(runs/detect/train/weights) by extension 'python_setup_py'
[1.960s] Level 1:colcon.colcon_core.package_identification:_identify(sllidar_ros2) by extensions ['ignore', 'ignore_ament_install']
[1.960s] Level 1:colcon.colcon_core.package_identification:_identify(sllidar_ros2) by extension 'ignore'
[1.960s] Level 1:colcon.colcon_core.package_identification:_identify(sllidar_ros2) by extension 'ignore_ament_install'
[1.961s] Level 1:colcon.colcon_core.package_identification:_identify(sllidar_ros2) by extensions ['colcon_pkg']
[1.961s] Level 1:colcon.colcon_core.package_identification:_identify(sllidar_ros2) by extension 'colcon_pkg'
[1.961s] Level 1:colcon.colcon_core.package_identification:_identify(sllidar_ros2) by extensions ['colcon_meta']
[1.961s] Level 1:colcon.colcon_core.package_identification:_identify(sllidar_ros2) by extension 'colcon_meta'
[1.961s] Level 1:colcon.colcon_core.package_identification:_identify(sllidar_ros2) by extensions ['ros']
[1.961s] Level 1:colcon.colcon_core.package_identification:_identify(sllidar_ros2) by extension 'ros'
[1.965s] DEBUG:colcon.colcon_core.package_identification:Package 'sllidar_ros2' with type 'ros.ament_cmake' and name 'sllidar_ros2'
[1.965s] Level 1:colcon.colcon_core.package_identification:_identify(src) by extensions ['ignore', 'ignore_ament_install']
[1.965s] Level 1:colcon.colcon_core.package_identification:_identify(src) by extension 'ignore'
[1.966s] Level 1:colcon.colcon_core.package_identification:_identify(src) by extension 'ignore_ament_install'
[1.966s] Level 1:colcon.colcon_core.package_identification:_identify(src) by extensions ['colcon_pkg']
[1.966s] Level 1:colcon.colcon_core.package_identification:_identify(src) by extension 'colcon_pkg'
[1.966s] Level 1:colcon.colcon_core.package_identification:_identify(src) by extensions ['colcon_meta']
[1.966s] Level 1:colcon.colcon_core.package_identification:_identify(src) by extension 'colcon_meta'
[1.967s] Level 1:colcon.colcon_core.package_identification:_identify(src) by extensions ['ros']
[1.967s] Level 1:colcon.colcon_core.package_identification:_identify(src) by extension 'ros'
[1.967s] Level 1:colcon.colcon_core.package_identification:_identify(src) by extensions ['cmake', 'python']
[1.967s] Level 1:colcon.colcon_core.package_identification:_identify(src) by extension 'cmake'
[1.967s] Level 1:colcon.colcon_core.package_identification:_identify(src) by extension 'python'
[1.968s] Level 1:colcon.colcon_core.package_identification:_identify(src) by extensions ['python_setup_py']
[1.968s] Level 1:colcon.colcon_core.package_identification:_identify(src) by extension 'python_setup_py'
[1.971s] Level 1:colcon.colcon_core.package_identification:_identify(src/angles) by extensions ['ignore', 'ignore_ament_install']
[1.972s] Level 1:colcon.colcon_core.package_identification:_identify(src/angles) by extension 'ignore'
[1.972s] Level 1:colcon.colcon_core.package_identification:_identify(src/angles) by extension 'ignore_ament_install'
[1.972s] Level 1:colcon.colcon_core.package_identification:_identify(src/angles) by extensions ['colcon_pkg']
[1.972s] Level 1:colcon.colcon_core.package_identification:_identify(src/angles) by extension 'colcon_pkg'
[1.973s] Level 1:colcon.colcon_core.package_identification:_identify(src/angles) by extensions ['colcon_meta']
[1.973s] Level 1:colcon.colcon_core.package_identification:_identify(src/angles) by extension 'colcon_meta'
[1.973s] Level 1:colcon.colcon_core.package_identification:_identify(src/angles) by extensions ['ros']
[1.973s] Level 1:colcon.colcon_core.package_identification:_identify(src/angles) by extension 'ros'
[1.973s] Level 1:colcon.colcon_core.package_identification:_identify(src/angles) by extensions ['cmake', 'python']
[1.974s] Level 1:colcon.colcon_core.package_identification:_identify(src/angles) by extension 'cmake'
[1.974s] Level 1:colcon.colcon_core.package_identification:_identify(src/angles) by extension 'python'
[1.974s] Level 1:colcon.colcon_core.package_identification:_identify(src/angles) by extensions ['python_setup_py']
[1.974s] Level 1:colcon.colcon_core.package_identification:_identify(src/angles) by extension 'python_setup_py'
[1.974s] Level 1:colcon.colcon_core.package_identification:_identify(src/angles/angles) by extensions ['ignore', 'ignore_ament_install']
[1.975s] Level 1:colcon.colcon_core.package_identification:_identify(src/angles/angles) by extension 'ignore'
[1.975s] Level 1:colcon.colcon_core.package_identification:_identify(src/angles/angles) by extension 'ignore_ament_install'
[1.975s] Level 1:colcon.colcon_core.package_identification:_identify(src/angles/angles) by extensions ['colcon_pkg']
[1.975s] Level 1:colcon.colcon_core.package_identification:_identify(src/angles/angles) by extension 'colcon_pkg'
[1.976s] Level 1:colcon.colcon_core.package_identification:_identify(src/angles/angles) by extensions ['colcon_meta']
[1.976s] Level 1:colcon.colcon_core.package_identification:_identify(src/angles/angles) by extension 'colcon_meta'
[1.976s] Level 1:colcon.colcon_core.package_identification:_identify(src/angles/angles) by extensions ['ros']
[1.976s] Level 1:colcon.colcon_core.package_identification:_identify(src/angles/angles) by extension 'ros'
[1.979s] DEBUG:colcon.colcon_core.package_identification:Package 'src/angles/angles' with type 'ros.ament_cmake' and name 'angles'
[1.980s] Level 1:colcon.colcon_core.package_identification:_identify(src/common_interfaces) by extensions ['ignore', 'ignore_ament_install']
[1.980s] Level 1:colcon.colcon_core.package_identification:_identify(src/common_interfaces) by extension 'ignore'
[1.981s] Level 1:colcon.colcon_core.package_identification:_identify(src/common_interfaces) by extension 'ignore_ament_install'
[1.981s] Level 1:colcon.colcon_core.package_identification:_identify(src/common_interfaces) by extensions ['colcon_pkg']
[1.981s] Level 1:colcon.colcon_core.package_identification:_identify(src/common_interfaces) by extension 'colcon_pkg'
[1.981s] Level 1:colcon.colcon_core.package_identification:_identify(src/common_interfaces) by extensions ['colcon_meta']
[1.981s] Level 1:colcon.colcon_core.package_identification:_identify(src/common_interfaces) by extension 'colcon_meta'
[1.982s] Level 1:colcon.colcon_core.package_identification:_identify(src/common_interfaces) by extensions ['ros']
[1.982s] Level 1:colcon.colcon_core.package_identification:_identify(src/common_interfaces) by extension 'ros'
[1.982s] Level 1:colcon.colcon_core.package_identification:_identify(src/common_interfaces) by extensions ['cmake', 'python']
[1.982s] Level 1:colcon.colcon_core.package_identification:_identify(src/common_interfaces) by extension 'cmake'
[1.982s] Level 1:colcon.colcon_core.package_identification:_identify(src/common_interfaces) by extension 'python'
[1.983s] Level 1:colcon.colcon_core.package_identification:_identify(src/common_interfaces) by extensions ['python_setup_py']
[1.983s] Level 1:colcon.colcon_core.package_identification:_identify(src/common_interfaces) by extension 'python_setup_py'
[1.984s] Level 1:colcon.colcon_core.package_identification:_identify(src/common_interfaces/actionlib_msgs) by extensions ['ignore', 'ignore_ament_install']
[1.984s] Level 1:colcon.colcon_core.package_identification:_identify(src/common_interfaces/actionlib_msgs) by extension 'ignore'
[1.984s] Level 1:colcon.colcon_core.package_identification:_identify(src/common_interfaces/actionlib_msgs) by extension 'ignore_ament_install'
[1.985s] Level 1:colcon.colcon_core.package_identification:_identify(src/common_interfaces/actionlib_msgs) by extensions ['colcon_pkg']
[1.985s] Level 1:colcon.colcon_core.package_identification:_identify(src/common_interfaces/actionlib_msgs) by extension 'colcon_pkg'
[1.985s] Level 1:colcon.colcon_core.package_identification:_identify(src/common_interfaces/actionlib_msgs) by extensions ['colcon_meta']
[1.985s] Level 1:colcon.colcon_core.package_identification:_identify(src/common_interfaces/actionlib_msgs) by extension 'colcon_meta'
[1.985s] Level 1:colcon.colcon_core.package_identification:_identify(src/common_interfaces/actionlib_msgs) by extensions ['ros']
[1.985s] Level 1:colcon.colcon_core.package_identification:_identify(src/common_interfaces/actionlib_msgs) by extension 'ros'
[1.992s] DEBUG:colcon.colcon_core.package_identification:Package 'src/common_interfaces/actionlib_msgs' with type 'ros.ament_cmake' and name 'actionlib_msgs'
[1.993s] Level 1:colcon.colcon_core.package_identification:_identify(src/common_interfaces/common_interfaces) by extensions ['ignore', 'ignore_ament_install']
[1.993s] Level 1:colcon.colcon_core.package_identification:_identify(src/common_interfaces/common_interfaces) by extension 'ignore'
[1.994s] Level 1:colcon.colcon_core.package_identification:_identify(src/common_interfaces/common_interfaces) by extension 'ignore_ament_install'
[1.994s] Level 1:colcon.colcon_core.package_identification:_identify(src/common_interfaces/common_interfaces) by extensions ['colcon_pkg']
[1.994s] Level 1:colcon.colcon_core.package_identification:_identify(src/common_interfaces/common_interfaces) by extension 'colcon_pkg'
[1.994s] Level 1:colcon.colcon_core.package_identification:_identify(src/common_interfaces/common_interfaces) by extensions ['colcon_meta']
[1.994s] Level 1:colcon.colcon_core.package_identification:_identify(src/common_interfaces/common_interfaces) by extension 'colcon_meta'
[1.995s] Level 1:colcon.colcon_core.package_identification:_identify(src/common_interfaces/common_interfaces) by extensions ['ros']
[1.995s] Level 1:colcon.colcon_core.package_identification:_identify(src/common_interfaces/common_interfaces) by extension 'ros'
[2.002s] DEBUG:colcon.colcon_core.package_identification:Package 'src/common_interfaces/common_interfaces' with type 'ros.ament_cmake' and name 'common_interfaces'
[2.003s] Level 1:colcon.colcon_core.package_identification:_identify(src/common_interfaces/diagnostic_msgs) by extensions ['ignore', 'ignore_ament_install']
[2.003s] Level 1:colcon.colcon_core.package_identification:_identify(src/common_interfaces/diagnostic_msgs) by extension 'ignore'
[2.003s] Level 1:colcon.colcon_core.package_identification:_identify(src/common_interfaces/diagnostic_msgs) by extension 'ignore_ament_install'
[2.004s] Level 1:colcon.colcon_core.package_identification:_identify(src/common_interfaces/diagnostic_msgs) by extensions ['colcon_pkg']
[2.004s] Level 1:colcon.colcon_core.package_identification:_identify(src/common_interfaces/diagnostic_msgs) by extension 'colcon_pkg'
[2.004s] Level 1:colcon.colcon_core.package_identification:_identify(src/common_interfaces/diagnostic_msgs) by extensions ['colcon_meta']
[2.004s] Level 1:colcon.colcon_core.package_identification:_identify(src/common_interfaces/diagnostic_msgs) by extension 'colcon_meta'
[2.004s] Level 1:colcon.colcon_core.package_identification:_identify(src/common_interfaces/diagnostic_msgs) by extensions ['ros']
[2.005s] Level 1:colcon.colcon_core.package_identification:_identify(src/common_interfaces/diagnostic_msgs) by extension 'ros'
[2.007s] DEBUG:colcon.colcon_core.package_identification:Package 'src/common_interfaces/diagnostic_msgs' with type 'ros.ament_cmake' and name 'diagnostic_msgs'
[2.008s] Level 1:colcon.colcon_core.package_identification:_identify(src/common_interfaces/docs) by extensions ['ignore', 'ignore_ament_install']
[2.009s] Level 1:colcon.colcon_core.package_identification:_identify(src/common_interfaces/docs) by extension 'ignore'
[2.009s] Level 1:colcon.colcon_core.package_identification:_identify(src/common_interfaces/docs) by extension 'ignore_ament_install'
[2.009s] Level 1:colcon.colcon_core.package_identification:_identify(src/common_interfaces/docs) by extensions ['colcon_pkg']
[2.009s] Level 1:colcon.colcon_core.package_identification:_identify(src/common_interfaces/docs) by extension 'colcon_pkg'
[2.010s] Level 1:colcon.colcon_core.package_identification:_identify(src/common_interfaces/docs) by extensions ['colcon_meta']
[2.010s] Level 1:colcon.colcon_core.package_identification:_identify(src/common_interfaces/docs) by extension 'colcon_meta'
[2.010s] Level 1:colcon.colcon_core.package_identification:_identify(src/common_interfaces/docs) by extensions ['ros']
[2.010s] Level 1:colcon.colcon_core.package_identification:_identify(src/common_interfaces/docs) by extension 'ros'
[2.011s] Level 1:colcon.colcon_core.package_identification:_identify(src/common_interfaces/docs) by extensions ['cmake', 'python']
[2.011s] Level 1:colcon.colcon_core.package_identification:_identify(src/common_interfaces/docs) by extension 'cmake'
[2.011s] Level 1:colcon.colcon_core.package_identification:_identify(src/common_interfaces/docs) by extension 'python'
[2.011s] Level 1:colcon.colcon_core.package_identification:_identify(src/common_interfaces/docs) by extensions ['python_setup_py']
[2.012s] Level 1:colcon.colcon_core.package_identification:_identify(src/common_interfaces/docs) by extension 'python_setup_py'
[2.012s] Level 1:colcon.colcon_core.package_identification:_identify(src/common_interfaces/geometry_msgs) by extensions ['ignore', 'ignore_ament_install']
[2.013s] Level 1:colcon.colcon_core.package_identification:_identify(src/common_interfaces/geometry_msgs) by extension 'ignore'
[2.013s] Level 1:colcon.colcon_core.package_identification:_identify(src/common_interfaces/geometry_msgs) by extension 'ignore_ament_install'
[2.013s] Level 1:colcon.colcon_core.package_identification:_identify(src/common_interfaces/geometry_msgs) by extensions ['colcon_pkg']
[2.013s] Level 1:colcon.colcon_core.package_identification:_identify(src/common_interfaces/geometry_msgs) by extension 'colcon_pkg'
[2.014s] Level 1:colcon.colcon_core.package_identification:_identify(src/common_interfaces/geometry_msgs) by extensions ['colcon_meta']
[2.014s] Level 1:colcon.colcon_core.package_identification:_identify(src/common_interfaces/geometry_msgs) by extension 'colcon_meta'
[2.014s] Level 1:colcon.colcon_core.package_identification:_identify(src/common_interfaces/geometry_msgs) by extensions ['ros']
[2.014s] Level 1:colcon.colcon_core.package_identification:_identify(src/common_interfaces/geometry_msgs) by extension 'ros'
[2.020s] DEBUG:colcon.colcon_core.package_identification:Package 'src/common_interfaces/geometry_msgs' with type 'ros.ament_cmake' and name 'geometry_msgs'
[2.021s] Level 1:colcon.colcon_core.package_identification:_identify(src/common_interfaces/nav_msgs) by extensions ['ignore', 'ignore_ament_install']
[2.021s] Level 1:colcon.colcon_core.package_identification:_identify(src/common_interfaces/nav_msgs) by extension 'ignore'
[2.021s] Level 1:colcon.colcon_core.package_identification:_identify(src/common_interfaces/nav_msgs) by extension 'ignore_ament_install'
[2.022s] Level 1:colcon.colcon_core.package_identification:_identify(src/common_interfaces/nav_msgs) by extensions ['colcon_pkg']
[2.022s] Level 1:colcon.colcon_core.package_identification:_identify(src/common_interfaces/nav_msgs) by extension 'colcon_pkg'
[2.022s] Level 1:colcon.colcon_core.package_identification:_identify(src/common_interfaces/nav_msgs) by extensions ['colcon_meta']
[2.022s] Level 1:colcon.colcon_core.package_identification:_identify(src/common_interfaces/nav_msgs) by extension 'colcon_meta'
[2.022s] Level 1:colcon.colcon_core.package_identification:_identify(src/common_interfaces/nav_msgs) by extensions ['ros']
[2.022s] Level 1:colcon.colcon_core.package_identification:_identify(src/common_interfaces/nav_msgs) by extension 'ros'
[2.025s] DEBUG:colcon.colcon_core.package_identification:Package 'src/common_interfaces/nav_msgs' with type 'ros.ament_cmake' and name 'nav_msgs'
[2.026s] Level 1:colcon.colcon_core.package_identification:_identify(src/common_interfaces/sensor_msgs) by extensions ['ignore', 'ignore_ament_install']
[2.027s] Level 1:colcon.colcon_core.package_identification:_identify(src/common_interfaces/sensor_msgs) by extension 'ignore'
[2.027s] Level 1:colcon.colcon_core.package_identification:_identify(src/common_interfaces/sensor_msgs) by extension 'ignore_ament_install'
[2.027s] Level 1:colcon.colcon_core.package_identification:_identify(src/common_interfaces/sensor_msgs) by extensions ['colcon_pkg']
[2.027s] Level 1:colcon.colcon_core.package_identification:_identify(src/common_interfaces/sensor_msgs) by extension 'colcon_pkg'
[2.027s] Level 1:colcon.colcon_core.package_identification:_identify(src/common_interfaces/sensor_msgs) by extensions ['colcon_meta']
[2.028s] Level 1:colcon.colcon_core.package_identification:_identify(src/common_interfaces/sensor_msgs) by extension 'colcon_meta'
[2.028s] Level 1:colcon.colcon_core.package_identification:_identify(src/common_interfaces/sensor_msgs) by extensions ['ros']
[2.028s] Level 1:colcon.colcon_core.package_identification:_identify(src/common_interfaces/sensor_msgs) by extension 'ros'
[2.031s] DEBUG:colcon.colcon_core.package_identification:Package 'src/common_interfaces/sensor_msgs' with type 'ros.ament_cmake' and name 'sensor_msgs'
[2.032s] Level 1:colcon.colcon_core.package_identification:_identify(src/common_interfaces/sensor_msgs_py) by extensions ['ignore', 'ignore_ament_install']
[2.032s] Level 1:colcon.colcon_core.package_identification:_identify(src/common_interfaces/sensor_msgs_py) by extension 'ignore'
[2.032s] Level 1:colcon.colcon_core.package_identification:_identify(src/common_interfaces/sensor_msgs_py) by extension 'ignore_ament_install'
[2.033s] Level 1:colcon.colcon_core.package_identification:_identify(src/common_interfaces/sensor_msgs_py) by extensions ['colcon_pkg']
[2.033s] Level 1:colcon.colcon_core.package_identification:_identify(src/common_interfaces/sensor_msgs_py) by extension 'colcon_pkg'
[2.033s] Level 1:colcon.colcon_core.package_identification:_identify(src/common_interfaces/sensor_msgs_py) by extensions ['colcon_meta']
[2.033s] Level 1:colcon.colcon_core.package_identification:_identify(src/common_interfaces/sensor_msgs_py) by extension 'colcon_meta'
[2.034s] Level 1:colcon.colcon_core.package_identification:_identify(src/common_interfaces/sensor_msgs_py) by extensions ['ros']
[2.034s] Level 1:colcon.colcon_core.package_identification:_identify(src/common_interfaces/sensor_msgs_py) by extension 'ros'
[2.037s] DEBUG:colcon.colcon_core.package_identification:Package 'src/common_interfaces/sensor_msgs_py' with type 'ros.ament_python' and name 'sensor_msgs_py'
[2.037s] Level 1:colcon.colcon_core.package_identification:_identify(src/common_interfaces/shape_msgs) by extensions ['ignore', 'ignore_ament_install']
[2.038s] Level 1:colcon.colcon_core.package_identification:_identify(src/common_interfaces/shape_msgs) by extension 'ignore'
[2.038s] Level 1:colcon.colcon_core.package_identification:_identify(src/common_interfaces/shape_msgs) by extension 'ignore_ament_install'
[2.038s] Level 1:colcon.colcon_core.package_identification:_identify(src/common_interfaces/shape_msgs) by extensions ['colcon_pkg']
[2.038s] Level 1:colcon.colcon_core.package_identification:_identify(src/common_interfaces/shape_msgs) by extension 'colcon_pkg'
[2.039s] Level 1:colcon.colcon_core.package_identification:_identify(src/common_interfaces/shape_msgs) by extensions ['colcon_meta']
[2.039s] Level 1:colcon.colcon_core.package_identification:_identify(src/common_interfaces/shape_msgs) by extension 'colcon_meta'
[2.039s] Level 1:colcon.colcon_core.package_identification:_identify(src/common_interfaces/shape_msgs) by extensions ['ros']
[2.039s] Level 1:colcon.colcon_core.package_identification:_identify(src/common_interfaces/shape_msgs) by extension 'ros'
[2.087s] DEBUG:colcon.colcon_core.package_identification:Package 'src/common_interfaces/shape_msgs' with type 'ros.ament_cmake' and name 'shape_msgs'
[2.089s] Level 1:colcon.colcon_core.package_identification:_identify(src/common_interfaces/std_msgs) by extensions ['ignore', 'ignore_ament_install']
[2.090s] Level 1:colcon.colcon_core.package_identification:_identify(src/common_interfaces/std_msgs) by extension 'ignore'
[2.090s] Level 1:colcon.colcon_core.package_identification:_identify(src/common_interfaces/std_msgs) by extension 'ignore_ament_install'
[2.090s] Level 1:colcon.colcon_core.package_identification:_identify(src/common_interfaces/std_msgs) by extensions ['colcon_pkg']
[2.090s] Level 1:colcon.colcon_core.package_identification:_identify(src/common_interfaces/std_msgs) by extension 'colcon_pkg'
[2.091s] Level 1:colcon.colcon_core.package_identification:_identify(src/common_interfaces/std_msgs) by extensions ['colcon_meta']
[2.091s] Level 1:colcon.colcon_core.package_identification:_identify(src/common_interfaces/std_msgs) by extension 'colcon_meta'
[2.091s] Level 1:colcon.colcon_core.package_identification:_identify(src/common_interfaces/std_msgs) by extensions ['ros']
[2.091s] Level 1:colcon.colcon_core.package_identification:_identify(src/common_interfaces/std_msgs) by extension 'ros'
[2.094s] DEBUG:colcon.colcon_core.package_identification:Package 'src/common_interfaces/std_msgs' with type 'ros.ament_cmake' and name 'std_msgs'
[2.095s] Level 1:colcon.colcon_core.package_identification:_identify(src/common_interfaces/std_srvs) by extensions ['ignore', 'ignore_ament_install']
[2.095s] Level 1:colcon.colcon_core.package_identification:_identify(src/common_interfaces/std_srvs) by extension 'ignore'
[2.096s] Level 1:colcon.colcon_core.package_identification:_identify(src/common_interfaces/std_srvs) by extension 'ignore_ament_install'
[2.096s] Level 1:colcon.colcon_core.package_identification:_identify(src/common_interfaces/std_srvs) by extensions ['colcon_pkg']
[2.096s] Level 1:colcon.colcon_core.package_identification:_identify(src/common_interfaces/std_srvs) by extension 'colcon_pkg'
[2.096s] Level 1:colcon.colcon_core.package_identification:_identify(src/common_interfaces/std_srvs) by extensions ['colcon_meta']
[2.096s] Level 1:colcon.colcon_core.package_identification:_identify(src/common_interfaces/std_srvs) by extension 'colcon_meta'
[2.097s] Level 1:colcon.colcon_core.package_identification:_identify(src/common_interfaces/std_srvs) by extensions ['ros']
[2.097s] Level 1:colcon.colcon_core.package_identification:_identify(src/common_interfaces/std_srvs) by extension 'ros'
[2.099s] DEBUG:colcon.colcon_core.package_identification:Package 'src/common_interfaces/std_srvs' with type 'ros.ament_cmake' and name 'std_srvs'
[2.100s] Level 1:colcon.colcon_core.package_identification:_identify(src/common_interfaces/stereo_msgs) by extensions ['ignore', 'ignore_ament_install']
[2.101s] Level 1:colcon.colcon_core.package_identification:_identify(src/common_interfaces/stereo_msgs) by extension 'ignore'
[2.101s] Level 1:colcon.colcon_core.package_identification:_identify(src/common_interfaces/stereo_msgs) by extension 'ignore_ament_install'
[2.101s] Level 1:colcon.colcon_core.package_identification:_identify(src/common_interfaces/stereo_msgs) by extensions ['colcon_pkg']
[2.101s] Level 1:colcon.colcon_core.package_identification:_identify(src/common_interfaces/stereo_msgs) by extension 'colcon_pkg'
[2.101s] Level 1:colcon.colcon_core.package_identification:_identify(src/common_interfaces/stereo_msgs) by extensions ['colcon_meta']
[2.101s] Level 1:colcon.colcon_core.package_identification:_identify(src/common_interfaces/stereo_msgs) by extension 'colcon_meta'
[2.102s] Level 1:colcon.colcon_core.package_identification:_identify(src/common_interfaces/stereo_msgs) by extensions ['ros']
[2.102s] Level 1:colcon.colcon_core.package_identification:_identify(src/common_interfaces/stereo_msgs) by extension 'ros'
[2.104s] DEBUG:colcon.colcon_core.package_identification:Package 'src/common_interfaces/stereo_msgs' with type 'ros.ament_cmake' and name 'stereo_msgs'
[2.105s] Level 1:colcon.colcon_core.package_identification:_identify(src/common_interfaces/trajectory_msgs) by extensions ['ignore', 'ignore_ament_install']
[2.106s] Level 1:colcon.colcon_core.package_identification:_identify(src/common_interfaces/trajectory_msgs) by extension 'ignore'
[2.106s] Level 1:colcon.colcon_core.package_identification:_identify(src/common_interfaces/trajectory_msgs) by extension 'ignore_ament_install'
[2.106s] Level 1:colcon.colcon_core.package_identification:_identify(src/common_interfaces/trajectory_msgs) by extensions ['colcon_pkg']
[2.106s] Level 1:colcon.colcon_core.package_identification:_identify(src/common_interfaces/trajectory_msgs) by extension 'colcon_pkg'
[2.106s] Level 1:colcon.colcon_core.package_identification:_identify(src/common_interfaces/trajectory_msgs) by extensions ['colcon_meta']
[2.107s] Level 1:colcon.colcon_core.package_identification:_identify(src/common_interfaces/trajectory_msgs) by extension 'colcon_meta'
[2.107s] Level 1:colcon.colcon_core.package_identification:_identify(src/common_interfaces/trajectory_msgs) by extensions ['ros']
[2.107s] Level 1:colcon.colcon_core.package_identification:_identify(src/common_interfaces/trajectory_msgs) by extension 'ros'
[2.110s] DEBUG:colcon.colcon_core.package_identification:Package 'src/common_interfaces/trajectory_msgs' with type 'ros.ament_cmake' and name 'trajectory_msgs'
[2.111s] Level 1:colcon.colcon_core.package_identification:_identify(src/common_interfaces/visualization_msgs) by extensions ['ignore', 'ignore_ament_install']
[2.111s] Level 1:colcon.colcon_core.package_identification:_identify(src/common_interfaces/visualization_msgs) by extension 'ignore'
[2.111s] Level 1:colcon.colcon_core.package_identification:_identify(src/common_interfaces/visualization_msgs) by extension 'ignore_ament_install'
[2.111s] Level 1:colcon.colcon_core.package_identification:_identify(src/common_interfaces/visualization_msgs) by extensions ['colcon_pkg']
[2.112s] Level 1:colcon.colcon_core.package_identification:_identify(src/common_interfaces/visualization_msgs) by extension 'colcon_pkg'
[2.112s] Level 1:colcon.colcon_core.package_identification:_identify(src/common_interfaces/visualization_msgs) by extensions ['colcon_meta']
[2.112s] Level 1:colcon.colcon_core.package_identification:_identify(src/common_interfaces/visualization_msgs) by extension 'colcon_meta'
[2.112s] Level 1:colcon.colcon_core.package_identification:_identify(src/common_interfaces/visualization_msgs) by extensions ['ros']
[2.112s] Level 1:colcon.colcon_core.package_identification:_identify(src/common_interfaces/visualization_msgs) by extension 'ros'
[2.115s] DEBUG:colcon.colcon_core.package_identification:Package 'src/common_interfaces/visualization_msgs' with type 'ros.ament_cmake' and name 'visualization_msgs'
[2.116s] Level 1:colcon.colcon_core.package_identification:_identify(src/depthai-ros) by extensions ['ignore', 'ignore_ament_install']
[2.117s] Level 1:colcon.colcon_core.package_identification:_identify(src/depthai-ros) by extension 'ignore'
[2.117s] Level 1:colcon.colcon_core.package_identification:_identify(src/depthai-ros) by extension 'ignore_ament_install'
[2.117s] Level 1:colcon.colcon_core.package_identification:_identify(src/depthai-ros) by extensions ['colcon_pkg']
[2.117s] Level 1:colcon.colcon_core.package_identification:_identify(src/depthai-ros) by extension 'colcon_pkg'
[2.118s] Level 1:colcon.colcon_core.package_identification:_identify(src/depthai-ros) by extensions ['colcon_meta']
[2.118s] Level 1:colcon.colcon_core.package_identification:_identify(src/depthai-ros) by extension 'colcon_meta'
[2.118s] Level 1:colcon.colcon_core.package_identification:_identify(src/depthai-ros) by extensions ['ros']
[2.118s] Level 1:colcon.colcon_core.package_identification:_identify(src/depthai-ros) by extension 'ros'
[2.118s] Level 1:colcon.colcon_core.package_identification:_identify(src/depthai-ros) by extensions ['cmake', 'python']
[2.119s] Level 1:colcon.colcon_core.package_identification:_identify(src/depthai-ros) by extension 'cmake'
[2.119s] Level 1:colcon.colcon_core.package_identification:_identify(src/depthai-ros) by extension 'python'
[2.119s] Level 1:colcon.colcon_core.package_identification:_identify(src/depthai-ros) by extensions ['python_setup_py']
[2.119s] Level 1:colcon.colcon_core.package_identification:_identify(src/depthai-ros) by extension 'python_setup_py'
[2.120s] Level 1:colcon.colcon_core.package_identification:_identify(src/depthai-ros/depthai-ros) by extensions ['ignore', 'ignore_ament_install']
[2.120s] Level 1:colcon.colcon_core.package_identification:_identify(src/depthai-ros/depthai-ros) by extension 'ignore'
[2.120s] Level 1:colcon.colcon_core.package_identification:_identify(src/depthai-ros/depthai-ros) by extension 'ignore_ament_install'
[2.121s] Level 1:colcon.colcon_core.package_identification:_identify(src/depthai-ros/depthai-ros) by extensions ['colcon_pkg']
[2.121s] Level 1:colcon.colcon_core.package_identification:_identify(src/depthai-ros/depthai-ros) by extension 'colcon_pkg'
[2.121s] Level 1:colcon.colcon_core.package_identification:_identify(src/depthai-ros/depthai-ros) by extensions ['colcon_meta']
[2.121s] Level 1:colcon.colcon_core.package_identification:_identify(src/depthai-ros/depthai-ros) by extension 'colcon_meta'
[2.121s] Level 1:colcon.colcon_core.package_identification:_identify(src/depthai-ros/depthai-ros) by extensions ['ros']
[2.122s] Level 1:colcon.colcon_core.package_identification:_identify(src/depthai-ros/depthai-ros) by extension 'ros'
[2.124s] DEBUG:colcon.colcon_core.package_identification:Package 'src/depthai-ros/depthai-ros' with type 'ros.ament_cmake' and name 'depthai-ros'
[2.125s] Level 1:colcon.colcon_core.package_identification:_identify(src/depthai-ros/depthai_bridge) by extensions ['ignore', 'ignore_ament_install']
[2.125s] Level 1:colcon.colcon_core.package_identification:_identify(src/depthai-ros/depthai_bridge) by extension 'ignore'
[2.126s] Level 1:colcon.colcon_core.package_identification:_identify(src/depthai-ros/depthai_bridge) by extension 'ignore_ament_install'
[2.126s] Level 1:colcon.colcon_core.package_identification:_identify(src/depthai-ros/depthai_bridge) by extensions ['colcon_pkg']
[2.126s] Level 1:colcon.colcon_core.package_identification:_identify(src/depthai-ros/depthai_bridge) by extension 'colcon_pkg'
[2.126s] Level 1:colcon.colcon_core.package_identification:_identify(src/depthai-ros/depthai_bridge) by extensions ['colcon_meta']
[2.126s] Level 1:colcon.colcon_core.package_identification:_identify(src/depthai-ros/depthai_bridge) by extension 'colcon_meta'
[2.127s] Level 1:colcon.colcon_core.package_identification:_identify(src/depthai-ros/depthai_bridge) by extensions ['ros']
[2.127s] Level 1:colcon.colcon_core.package_identification:_identify(src/depthai-ros/depthai_bridge) by extension 'ros'
[2.134s] DEBUG:colcon.colcon_core.package_identification:Package 'src/depthai-ros/depthai_bridge' with type 'ros.ament_cmake' and name 'depthai_bridge'
[2.135s] Level 1:colcon.colcon_core.package_identification:_identify(src/depthai-ros/depthai_descriptions) by extensions ['ignore', 'ignore_ament_install']
[2.135s] Level 1:colcon.colcon_core.package_identification:_identify(src/depthai-ros/depthai_descriptions) by extension 'ignore'
[2.136s] Level 1:colcon.colcon_core.package_identification:_identify(src/depthai-ros/depthai_descriptions) by extension 'ignore_ament_install'
[2.136s] Level 1:colcon.colcon_core.package_identification:_identify(src/depthai-ros/depthai_descriptions) by extensions ['colcon_pkg']
[2.136s] Level 1:colcon.colcon_core.package_identification:_identify(src/depthai-ros/depthai_descriptions) by extension 'colcon_pkg'
[2.136s] Level 1:colcon.colcon_core.package_identification:_identify(src/depthai-ros/depthai_descriptions) by extensions ['colcon_meta']
[2.136s] Level 1:colcon.colcon_core.package_identification:_identify(src/depthai-ros/depthai_descriptions) by extension 'colcon_meta'
[2.137s] Level 1:colcon.colcon_core.package_identification:_identify(src/depthai-ros/depthai_descriptions) by extensions ['ros']
[2.137s] Level 1:colcon.colcon_core.package_identification:_identify(src/depthai-ros/depthai_descriptions) by extension 'ros'
[2.139s] DEBUG:colcon.colcon_core.package_identification:Package 'src/depthai-ros/depthai_descriptions' with type 'ros.ament_cmake' and name 'depthai_descriptions'
[2.140s] Level 1:colcon.colcon_core.package_identification:_identify(src/depthai-ros/depthai_examples) by extensions ['ignore', 'ignore_ament_install']
[2.140s] Level 1:colcon.colcon_core.package_identification:_identify(src/depthai-ros/depthai_examples) by extension 'ignore'
[2.140s] Level 1:colcon.colcon_core.package_identification:_identify(src/depthai-ros/depthai_examples) by extension 'ignore_ament_install'
[2.141s] Level 1:colcon.colcon_core.package_identification:_identify(src/depthai-ros/depthai_examples) by extensions ['colcon_pkg']
[2.141s] Level 1:colcon.colcon_core.package_identification:_identify(src/depthai-ros/depthai_examples) by extension 'colcon_pkg'
[2.141s] Level 1:colcon.colcon_core.package_identification:_identify(src/depthai-ros/depthai_examples) by extensions ['colcon_meta']
[2.141s] Level 1:colcon.colcon_core.package_identification:_identify(src/depthai-ros/depthai_examples) by extension 'colcon_meta'
[2.141s] Level 1:colcon.colcon_core.package_identification:_identify(src/depthai-ros/depthai_examples) by extensions ['ros']
[2.142s] Level 1:colcon.colcon_core.package_identification:_identify(src/depthai-ros/depthai_examples) by extension 'ros'
[2.151s] DEBUG:colcon.colcon_core.package_identification:Package 'src/depthai-ros/depthai_examples' with type 'ros.ament_cmake' and name 'depthai_examples'
[2.152s] Level 1:colcon.colcon_core.package_identification:_identify(src/depthai-ros/depthai_filters) by extensions ['ignore', 'ignore_ament_install']
[2.152s] Level 1:colcon.colcon_core.package_identification:_identify(src/depthai-ros/depthai_filters) by extension 'ignore'
[2.152s] Level 1:colcon.colcon_core.package_identification:_identify(src/depthai-ros/depthai_filters) by extension 'ignore_ament_install'
[2.152s] Level 1:colcon.colcon_core.package_identification:_identify(src/depthai-ros/depthai_filters) by extensions ['colcon_pkg']
[2.153s] Level 1:colcon.colcon_core.package_identification:_identify(src/depthai-ros/depthai_filters) by extension 'colcon_pkg'
[2.153s] Level 1:colcon.colcon_core.package_identification:_identify(src/depthai-ros/depthai_filters) by extensions ['colcon_meta']
[2.153s] Level 1:colcon.colcon_core.package_identification:_identify(src/depthai-ros/depthai_filters) by extension 'colcon_meta'
[2.153s] Level 1:colcon.colcon_core.package_identification:_identify(src/depthai-ros/depthai_filters) by extensions ['ros']
[2.153s] Level 1:colcon.colcon_core.package_identification:_identify(src/depthai-ros/depthai_filters) by extension 'ros'
[2.158s] DEBUG:colcon.colcon_core.package_identification:Package 'src/depthai-ros/depthai_filters' with type 'ros.ament_cmake' and name 'depthai_filters'
[2.159s] Level 1:colcon.colcon_core.package_identification:_identify(src/depthai-ros/depthai_ros_driver) by extensions ['ignore', 'ignore_ament_install']
[2.160s] Level 1:colcon.colcon_core.package_identification:_identify(src/depthai-ros/depthai_ros_driver) by extension 'ignore'
[2.160s] Level 1:colcon.colcon_core.package_identification:_identify(src/depthai-ros/depthai_ros_driver) by extension 'ignore_ament_install'
[2.161s] Level 1:colcon.colcon_core.package_identification:_identify(src/depthai-ros/depthai_ros_driver) by extensions ['colcon_pkg']
[2.161s] Level 1:colcon.colcon_core.package_identification:_identify(src/depthai-ros/depthai_ros_driver) by extension 'colcon_pkg'
[2.161s] Level 1:colcon.colcon_core.package_identification:_identify(src/depthai-ros/depthai_ros_driver) by extensions ['colcon_meta']
[2.161s] Level 1:colcon.colcon_core.package_identification:_identify(src/depthai-ros/depthai_ros_driver) by extension 'colcon_meta'
[2.162s] Level 1:colcon.colcon_core.package_identification:_identify(src/depthai-ros/depthai_ros_driver) by extensions ['ros']
[2.162s] Level 1:colcon.colcon_core.package_identification:_identify(src/depthai-ros/depthai_ros_driver) by extension 'ros'
[2.170s] DEBUG:colcon.colcon_core.package_identification:Package 'src/depthai-ros/depthai_ros_driver' with type 'ros.ament_cmake' and name 'depthai_ros_driver'
[2.171s] Level 1:colcon.colcon_core.package_identification:_identify(src/depthai-ros/depthai_ros_msgs) by extensions ['ignore', 'ignore_ament_install']
[2.172s] Level 1:colcon.colcon_core.package_identification:_identify(src/depthai-ros/depthai_ros_msgs) by extension 'ignore'
[2.172s] Level 1:colcon.colcon_core.package_identification:_identify(src/depthai-ros/depthai_ros_msgs) by extension 'ignore_ament_install'
[2.172s] Level 1:colcon.colcon_core.package_identification:_identify(src/depthai-ros/depthai_ros_msgs) by extensions ['colcon_pkg']
[2.172s] Level 1:colcon.colcon_core.package_identification:_identify(src/depthai-ros/depthai_ros_msgs) by extension 'colcon_pkg'
[2.173s] Level 1:colcon.colcon_core.package_identification:_identify(src/depthai-ros/depthai_ros_msgs) by extensions ['colcon_meta']
[2.173s] Level 1:colcon.colcon_core.package_identification:_identify(src/depthai-ros/depthai_ros_msgs) by extension 'colcon_meta'
[2.173s] Level 1:colcon.colcon_core.package_identification:_identify(src/depthai-ros/depthai_ros_msgs) by extensions ['ros']
[2.173s] Level 1:colcon.colcon_core.package_identification:_identify(src/depthai-ros/depthai_ros_msgs) by extension 'ros'
[2.178s] DEBUG:colcon.colcon_core.package_identification:Package 'src/depthai-ros/depthai_ros_msgs' with type 'ros.ament_cmake' and name 'depthai_ros_msgs'
[2.179s] Level 1:colcon.colcon_core.package_identification:_identify(src/depthai-ros/docs) by extensions ['ignore', 'ignore_ament_install']
[2.179s] Level 1:colcon.colcon_core.package_identification:_identify(src/depthai-ros/docs) by extension 'ignore'
[2.179s] Level 1:colcon.colcon_core.package_identification:_identify(src/depthai-ros/docs) by extension 'ignore_ament_install'
[2.180s] Level 1:colcon.colcon_core.package_identification:_identify(src/depthai-ros/docs) by extensions ['colcon_pkg']
[2.180s] Level 1:colcon.colcon_core.package_identification:_identify(src/depthai-ros/docs) by extension 'colcon_pkg'
[2.180s] Level 1:colcon.colcon_core.package_identification:_identify(src/depthai-ros/docs) by extensions ['colcon_meta']
[2.180s] Level 1:colcon.colcon_core.package_identification:_identify(src/depthai-ros/docs) by extension 'colcon_meta'
[2.180s] Level 1:colcon.colcon_core.package_identification:_identify(src/depthai-ros/docs) by extensions ['ros']
[2.181s] Level 1:colcon.colcon_core.package_identification:_identify(src/depthai-ros/docs) by extension 'ros'
[2.181s] Level 1:colcon.colcon_core.package_identification:_identify(src/depthai-ros/docs) by extensions ['cmake', 'python']
[2.181s] Level 1:colcon.colcon_core.package_identification:_identify(src/depthai-ros/docs) by extension 'cmake'
[2.181s] Level 1:colcon.colcon_core.package_identification:_identify(src/depthai-ros/docs) by extension 'python'
[2.182s] Level 1:colcon.colcon_core.package_identification:_identify(src/depthai-ros/docs) by extensions ['python_setup_py']
[2.182s] Level 1:colcon.colcon_core.package_identification:_identify(src/depthai-ros/docs) by extension 'python_setup_py'
[2.183s] Level 1:colcon.colcon_core.package_identification:_identify(src/slam_toolbox) by extensions ['ignore', 'ignore_ament_install']
[2.183s] Level 1:colcon.colcon_core.package_identification:_identify(src/slam_toolbox) by extension 'ignore'
[2.183s] Level 1:colcon.colcon_core.package_identification:_identify(src/slam_toolbox) by extension 'ignore_ament_install'
[2.183s] Level 1:colcon.colcon_core.package_identification:_identify(src/slam_toolbox) by extensions ['colcon_pkg']
[2.184s] Level 1:colcon.colcon_core.package_identification:_identify(src/slam_toolbox) by extension 'colcon_pkg'
[2.184s] Level 1:colcon.colcon_core.package_identification:_identify(src/slam_toolbox) by extensions ['colcon_meta']
[2.184s] Level 1:colcon.colcon_core.package_identification:_identify(src/slam_toolbox) by extension 'colcon_meta'
[2.184s] Level 1:colcon.colcon_core.package_identification:_identify(src/slam_toolbox) by extensions ['ros']
[2.184s] Level 1:colcon.colcon_core.package_identification:_identify(src/slam_toolbox) by extension 'ros'
[2.193s] DEBUG:colcon.colcon_core.package_identification:Package 'src/slam_toolbox' with type 'ros.ament_cmake' and name 'slam_toolbox'
[2.194s] Level 1:colcon.colcon_core.package_identification:_identify(src/vision_msgs) by extensions ['ignore', 'ignore_ament_install']
[2.194s] Level 1:colcon.colcon_core.package_identification:_identify(src/vision_msgs) by extension 'ignore'
[2.194s] Level 1:colcon.colcon_core.package_identification:_identify(src/vision_msgs) by extension 'ignore_ament_install'
[2.195s] Level 1:colcon.colcon_core.package_identification:_identify(src/vision_msgs) by extensions ['colcon_pkg']
[2.195s] Level 1:colcon.colcon_core.package_identification:_identify(src/vision_msgs) by extension 'colcon_pkg'
[2.195s] Level 1:colcon.colcon_core.package_identification:_identify(src/vision_msgs) by extensions ['colcon_meta']
[2.195s] Level 1:colcon.colcon_core.package_identification:_identify(src/vision_msgs) by extension 'colcon_meta'
[2.195s] Level 1:colcon.colcon_core.package_identification:_identify(src/vision_msgs) by extensions ['ros']
[2.196s] Level 1:colcon.colcon_core.package_identification:_identify(src/vision_msgs) by extension 'ros'
[2.196s] Level 1:colcon.colcon_core.package_identification:_identify(src/vision_msgs) by extensions ['cmake', 'python']
[2.196s] Level 1:colcon.colcon_core.package_identification:_identify(src/vision_msgs) by extension 'cmake'
[2.196s] Level 1:colcon.colcon_core.package_identification:_identify(src/vision_msgs) by extension 'python'
[2.196s] Level 1:colcon.colcon_core.package_identification:_identify(src/vision_msgs) by extensions ['python_setup_py']
[2.197s] Level 1:colcon.colcon_core.package_identification:_identify(src/vision_msgs) by extension 'python_setup_py'
[2.197s] Level 1:colcon.colcon_core.package_identification:_identify(src/vision_msgs/vision_msgs) by extensions ['ignore', 'ignore_ament_install']
[2.198s] Level 1:colcon.colcon_core.package_identification:_identify(src/vision_msgs/vision_msgs) by extension 'ignore'
[2.198s] Level 1:colcon.colcon_core.package_identification:_identify(src/vision_msgs/vision_msgs) by extension 'ignore_ament_install'
[2.198s] Level 1:colcon.colcon_core.package_identification:_identify(src/vision_msgs/vision_msgs) by extensions ['colcon_pkg']
[2.198s] Level 1:colcon.colcon_core.package_identification:_identify(src/vision_msgs/vision_msgs) by extension 'colcon_pkg'
[2.199s] Level 1:colcon.colcon_core.package_identification:_identify(src/vision_msgs/vision_msgs) by extensions ['colcon_meta']
[2.199s] Level 1:colcon.colcon_core.package_identification:_identify(src/vision_msgs/vision_msgs) by extension 'colcon_meta'
[2.199s] Level 1:colcon.colcon_core.package_identification:_identify(src/vision_msgs/vision_msgs) by extensions ['ros']
[2.199s] Level 1:colcon.colcon_core.package_identification:_identify(src/vision_msgs/vision_msgs) by extension 'ros'
[2.202s] DEBUG:colcon.colcon_core.package_identification:Package 'src/vision_msgs/vision_msgs' with type 'ros.ament_cmake' and name 'vision_msgs'
[2.203s] Level 1:colcon.colcon_core.package_identification:_identify(src/vision_msgs/vision_msgs_rviz_plugins) by extensions ['ignore', 'ignore_ament_install']
[2.203s] Level 1:colcon.colcon_core.package_identification:_identify(src/vision_msgs/vision_msgs_rviz_plugins) by extension 'ignore'
[2.203s] Level 1:colcon.colcon_core.package_identification:_identify(src/vision_msgs/vision_msgs_rviz_plugins) by extension 'ignore_ament_install'
[2.204s] Level 1:colcon.colcon_core.package_identification:_identify(src/vision_msgs/vision_msgs_rviz_plugins) by extensions ['colcon_pkg']
[2.204s] Level 1:colcon.colcon_core.package_identification:_identify(src/vision_msgs/vision_msgs_rviz_plugins) by extension 'colcon_pkg'
[2.204s] Level 1:colcon.colcon_core.package_identification:_identify(src/vision_msgs/vision_msgs_rviz_plugins) by extensions ['colcon_meta']
[2.204s] Level 1:colcon.colcon_core.package_identification:_identify(src/vision_msgs/vision_msgs_rviz_plugins) by extension 'colcon_meta'
[2.204s] Level 1:colcon.colcon_core.package_identification:_identify(src/vision_msgs/vision_msgs_rviz_plugins) by extensions ['ros']
[2.205s] Level 1:colcon.colcon_core.package_identification:_identify(src/vision_msgs/vision_msgs_rviz_plugins) by extension 'ros'
[2.211s] DEBUG:colcon.colcon_core.package_identification:Package 'src/vision_msgs/vision_msgs_rviz_plugins' with type 'ros.ament_cmake' and name 'vision_msgs_rviz_plugins'
[2.211s] Level 1:colcon.colcon_core.package_discovery:discover_packages(recursive) using defaults
[2.211s] Level 1:colcon.colcon_core.package_discovery:discover_packages(ignore) discover
[2.212s] Level 1:colcon.colcon_core.package_discovery:discover_packages(ignore) using defaults
[2.212s] Level 1:colcon.colcon_core.package_discovery:discover_packages(path) discover
[2.212s] Level 1:colcon.colcon_core.package_discovery:discover_packages(path) using defaults
[2.388s] Level 5:colcon.colcon_core.verb:set package 'angles' build argument 'cmake_args' from command line to 'None'
[2.388s] Level 5:colcon.colcon_core.verb:set package 'angles' build argument 'cmake_target' from command line to 'None'
[2.388s] Level 5:colcon.colcon_core.verb:set package 'angles' build argument 'cmake_target_skip_unavailable' from command line to 'False'
[2.388s] Level 5:colcon.colcon_core.verb:set package 'angles' build argument 'cmake_clean_cache' from command line to 'False'
[2.389s] Level 5:colcon.colcon_core.verb:set package 'angles' build argument 'cmake_clean_first' from command line to 'False'
[2.389s] Level 5:colcon.colcon_core.verb:set package 'angles' build argument 'cmake_force_configure' from command line to 'False'
[2.389s] Level 5:colcon.colcon_core.verb:set package 'angles' build argument 'ament_cmake_args' from command line to 'None'
[2.389s] Level 5:colcon.colcon_core.verb:set package 'angles' build argument 'catkin_cmake_args' from command line to 'None'
[2.389s] Level 5:colcon.colcon_core.verb:set package 'angles' build argument 'catkin_skip_building_tests' from command line to 'False'
[2.389s] DEBUG:colcon.colcon_core.verb:Building package 'angles' with the following arguments: {'ament_cmake_args': None, 'build_base': '/ros2_ws/build/angles', 'catkin_cmake_args': None, 'catkin_skip_building_tests': False, 'cmake_args': None, 'cmake_clean_cache': False, 'cmake_clean_first': False, 'cmake_force_configure': False, 'cmake_target': None, 'cmake_target_skip_unavailable': False, 'install_base': '/ros2_ws/install/angles', 'merge_install': False, 'path': '/ros2_ws/src/angles/angles', 'symlink_install': False, 'test_result_base': None}
[2.391s] Level 5:colcon.colcon_core.verb:set package 'depthai_descriptions' build argument 'cmake_args' from command line to 'None'
[2.391s] Level 5:colcon.colcon_core.verb:set package 'depthai_descriptions' build argument 'cmake_target' from command line to 'None'
[2.391s] Level 5:colcon.colcon_core.verb:set package 'depthai_descriptions' build argument 'cmake_target_skip_unavailable' from command line to 'False'
[2.391s] Level 5:colcon.colcon_core.verb:set package 'depthai_descriptions' build argument 'cmake_clean_cache' from command line to 'False'
[2.391s] Level 5:colcon.colcon_core.verb:set package 'depthai_descriptions' build argument 'cmake_clean_first' from command line to 'False'
[2.392s] Level 5:colcon.colcon_core.verb:set package 'depthai_descriptions' build argument 'cmake_force_configure' from command line to 'False'
[2.392s] Level 5:colcon.colcon_core.verb:set package 'depthai_descriptions' build argument 'ament_cmake_args' from command line to 'None'
[2.392s] Level 5:colcon.colcon_core.verb:set package 'depthai_descriptions' build argument 'catkin_cmake_args' from command line to 'None'
[2.392s] Level 5:colcon.colcon_core.verb:set package 'depthai_descriptions' build argument 'catkin_skip_building_tests' from command line to 'False'
[2.392s] DEBUG:colcon.colcon_core.verb:Building package 'depthai_descriptions' with the following arguments: {'ament_cmake_args': None, 'build_base': '/ros2_ws/build/depthai_descriptions', 'catkin_cmake_args': None, 'catkin_skip_building_tests': False, 'cmake_args': None, 'cmake_clean_cache': False, 'cmake_clean_first': False, 'cmake_force_configure': False, 'cmake_target': None, 'cmake_target_skip_unavailable': False, 'install_base': '/ros2_ws/install/depthai_descriptions', 'merge_install': False, 'path': '/ros2_ws/src/depthai-ros/depthai_descriptions', 'symlink_install': False, 'test_result_base': None}
[2.394s] Level 5:colcon.colcon_core.verb:set package 'rosapi_msgs' build argument 'cmake_args' from command line to 'None'
[2.394s] Level 5:colcon.colcon_core.verb:set package 'rosapi_msgs' build argument 'cmake_target' from command line to 'None'
[2.394s] Level 5:colcon.colcon_core.verb:set package 'rosapi_msgs' build argument 'cmake_target_skip_unavailable' from command line to 'False'
[2.394s] Level 5:colcon.colcon_core.verb:set package 'rosapi_msgs' build argument 'cmake_clean_cache' from command line to 'False'
[2.394s] Level 5:colcon.colcon_core.verb:set package 'rosapi_msgs' build argument 'cmake_clean_first' from command line to 'False'
[2.394s] Level 5:colcon.colcon_core.verb:set package 'rosapi_msgs' build argument 'cmake_force_configure' from command line to 'False'
[2.394s] Level 5:colcon.colcon_core.verb:set package 'rosapi_msgs' build argument 'ament_cmake_args' from command line to 'None'
[2.395s] Level 5:colcon.colcon_core.verb:set package 'rosapi_msgs' build argument 'catkin_cmake_args' from command line to 'None'
[2.395s] Level 5:colcon.colcon_core.verb:set package 'rosapi_msgs' build argument 'catkin_skip_building_tests' from command line to 'False'
[2.395s] DEBUG:colcon.colcon_core.verb:Building package 'rosapi_msgs' with the following arguments: {'ament_cmake_args': None, 'build_base': '/ros2_ws/build/rosapi_msgs', 'catkin_cmake_args': None, 'catkin_skip_building_tests': False, 'cmake_args': None, 'cmake_clean_cache': False, 'cmake_clean_first': False, 'cmake_force_configure': False, 'cmake_target': None, 'cmake_target_skip_unavailable': False, 'install_base': '/ros2_ws/install/rosapi_msgs', 'merge_install': False, 'path': '/ros2_ws/rosapi_msgs', 'symlink_install': False, 'test_result_base': None}
[2.396s] Level 5:colcon.colcon_core.verb:set package 'rosbridge_msgs' build argument 'cmake_args' from command line to 'None'
[2.397s] Level 5:colcon.colcon_core.verb:set package 'rosbridge_msgs' build argument 'cmake_target' from command line to 'None'
[2.397s] Level 5:colcon.colcon_core.verb:set package 'rosbridge_msgs' build argument 'cmake_target_skip_unavailable' from command line to 'False'
[2.397s] Level 5:colcon.colcon_core.verb:set package 'rosbridge_msgs' build argument 'cmake_clean_cache' from command line to 'False'
[2.397s] Level 5:colcon.colcon_core.verb:set package 'rosbridge_msgs' build argument 'cmake_clean_first' from command line to 'False'
[2.397s] Level 5:colcon.colcon_core.verb:set package 'rosbridge_msgs' build argument 'cmake_force_configure' from command line to 'False'
[2.397s] Level 5:colcon.colcon_core.verb:set package 'rosbridge_msgs' build argument 'ament_cmake_args' from command line to 'None'
[2.397s] Level 5:colcon.colcon_core.verb:set package 'rosbridge_msgs' build argument 'catkin_cmake_args' from command line to 'None'
[2.398s] Level 5:colcon.colcon_core.verb:set package 'rosbridge_msgs' build argument 'catkin_skip_building_tests' from command line to 'False'
[2.398s] DEBUG:colcon.colcon_core.verb:Building package 'rosbridge_msgs' with the following arguments: {'ament_cmake_args': None, 'build_base': '/ros2_ws/build/rosbridge_msgs', 'catkin_cmake_args': None, 'catkin_skip_building_tests': False, 'cmake_args': None, 'cmake_clean_cache': False, 'cmake_clean_first': False, 'cmake_force_configure': False, 'cmake_target': None, 'cmake_target_skip_unavailable': False, 'install_base': '/ros2_ws/install/rosbridge_msgs', 'merge_install': False, 'path': '/ros2_ws/rosbridge_msgs', 'symlink_install': False, 'test_result_base': None}
[2.399s] Level 5:colcon.colcon_core.verb:set package 'std_msgs' build argument 'cmake_args' from command line to 'None'
[2.400s] Level 5:colcon.colcon_core.verb:set package 'std_msgs' build argument 'cmake_target' from command line to 'None'
[2.400s] Level 5:colcon.colcon_core.verb:set package 'std_msgs' build argument 'cmake_target_skip_unavailable' from command line to 'False'
[2.400s] Level 5:colcon.colcon_core.verb:set package 'std_msgs' build argument 'cmake_clean_cache' from command line to 'False'
[2.400s] Level 5:colcon.colcon_core.verb:set package 'std_msgs' build argument 'cmake_clean_first' from command line to 'False'
[2.400s] Level 5:colcon.colcon_core.verb:set package 'std_msgs' build argument 'cmake_force_configure' from command line to 'False'
[2.400s] Level 5:colcon.colcon_core.verb:set package 'std_msgs' build argument 'ament_cmake_args' from command line to 'None'
[2.400s] Level 5:colcon.colcon_core.verb:set package 'std_msgs' build argument 'catkin_cmake_args' from command line to 'None'
[2.400s] Level 5:colcon.colcon_core.verb:set package 'std_msgs' build argument 'catkin_skip_building_tests' from command line to 'False'
[2.401s] DEBUG:colcon.colcon_core.verb:Building package 'std_msgs' with the following arguments: {'ament_cmake_args': None, 'build_base': '/ros2_ws/build/std_msgs', 'catkin_cmake_args': None, 'catkin_skip_building_tests': False, 'cmake_args': None, 'cmake_clean_cache': False, 'cmake_clean_first': False, 'cmake_force_configure': False, 'cmake_target': None, 'cmake_target_skip_unavailable': False, 'install_base': '/ros2_ws/install/std_msgs', 'merge_install': False, 'path': '/ros2_ws/src/common_interfaces/std_msgs', 'symlink_install': False, 'test_result_base': None}
[2.402s] Level 5:colcon.colcon_core.verb:set package 'std_srvs' build argument 'cmake_args' from command line to 'None'
[2.402s] Level 5:colcon.colcon_core.verb:set package 'std_srvs' build argument 'cmake_target' from command line to 'None'
[2.402s] Level 5:colcon.colcon_core.verb:set package 'std_srvs' build argument 'cmake_target_skip_unavailable' from command line to 'False'
[2.403s] Level 5:colcon.colcon_core.verb:set package 'std_srvs' build argument 'cmake_clean_cache' from command line to 'False'
[2.403s] Level 5:colcon.colcon_core.verb:set package 'std_srvs' build argument 'cmake_clean_first' from command line to 'False'
[2.403s] Level 5:colcon.colcon_core.verb:set package 'std_srvs' build argument 'cmake_force_configure' from command line to 'False'
[2.403s] Level 5:colcon.colcon_core.verb:set package 'std_srvs' build argument 'ament_cmake_args' from command line to 'None'
[2.403s] Level 5:colcon.colcon_core.verb:set package 'std_srvs' build argument 'catkin_cmake_args' from command line to 'None'
[2.403s] Level 5:colcon.colcon_core.verb:set package 'std_srvs' build argument 'catkin_skip_building_tests' from command line to 'False'
[2.403s] DEBUG:colcon.colcon_core.verb:Building package 'std_srvs' with the following arguments: {'ament_cmake_args': None, 'build_base': '/ros2_ws/build/std_srvs', 'catkin_cmake_args': None, 'catkin_skip_building_tests': False, 'cmake_args': None, 'cmake_clean_cache': False, 'cmake_clean_first': False, 'cmake_force_configure': False, 'cmake_target': None, 'cmake_target_skip_unavailable': False, 'install_base': '/ros2_ws/install/std_srvs', 'merge_install': False, 'path': '/ros2_ws/src/common_interfaces/std_srvs', 'symlink_install': False, 'test_result_base': None}
[2.405s] Level 5:colcon.colcon_core.verb:set package 'actionlib_msgs' build argument 'cmake_args' from command line to 'None'
[2.405s] Level 5:colcon.colcon_core.verb:set package 'actionlib_msgs' build argument 'cmake_target' from command line to 'None'
[2.405s] Level 5:colcon.colcon_core.verb:set package 'actionlib_msgs' build argument 'cmake_target_skip_unavailable' from command line to 'False'
[2.405s] Level 5:colcon.colcon_core.verb:set package 'actionlib_msgs' build argument 'cmake_clean_cache' from command line to 'False'
[2.405s] Level 5:colcon.colcon_core.verb:set package 'actionlib_msgs' build argument 'cmake_clean_first' from command line to 'False'
[2.406s] Level 5:colcon.colcon_core.verb:set package 'actionlib_msgs' build argument 'cmake_force_configure' from command line to 'False'
[2.406s] Level 5:colcon.colcon_core.verb:set package 'actionlib_msgs' build argument 'ament_cmake_args' from command line to 'None'
[2.406s] Level 5:colcon.colcon_core.verb:set package 'actionlib_msgs' build argument 'catkin_cmake_args' from command line to 'None'
[2.406s] Level 5:colcon.colcon_core.verb:set package 'actionlib_msgs' build argument 'catkin_skip_building_tests' from command line to 'False'
[2.406s] DEBUG:colcon.colcon_core.verb:Building package 'actionlib_msgs' with the following arguments: {'ament_cmake_args': None, 'build_base': '/ros2_ws/build/actionlib_msgs', 'catkin_cmake_args': None, 'catkin_skip_building_tests': False, 'cmake_args': None, 'cmake_clean_cache': False, 'cmake_clean_first': False, 'cmake_force_configure': False, 'cmake_target': None, 'cmake_target_skip_unavailable': False, 'install_base': '/ros2_ws/install/actionlib_msgs', 'merge_install': False, 'path': '/ros2_ws/src/common_interfaces/actionlib_msgs', 'symlink_install': False, 'test_result_base': None}
[2.408s] Level 5:colcon.colcon_core.verb:set package 'geometry_msgs' build argument 'cmake_args' from command line to 'None'
[2.408s] Level 5:colcon.colcon_core.verb:set package 'geometry_msgs' build argument 'cmake_target' from command line to 'None'
[2.408s] Level 5:colcon.colcon_core.verb:set package 'geometry_msgs' build argument 'cmake_target_skip_unavailable' from command line to 'False'
[2.408s] Level 5:colcon.colcon_core.verb:set package 'geometry_msgs' build argument 'cmake_clean_cache' from command line to 'False'
[2.408s] Level 5:colcon.colcon_core.verb:set package 'geometry_msgs' build argument 'cmake_clean_first' from command line to 'False'
[2.408s] Level 5:colcon.colcon_core.verb:set package 'geometry_msgs' build argument 'cmake_force_configure' from command line to 'False'
[2.408s] Level 5:colcon.colcon_core.verb:set package 'geometry_msgs' build argument 'ament_cmake_args' from command line to 'None'
[2.409s] Level 5:colcon.colcon_core.verb:set package 'geometry_msgs' build argument 'catkin_cmake_args' from command line to 'None'
[2.409s] Level 5:colcon.colcon_core.verb:set package 'geometry_msgs' build argument 'catkin_skip_building_tests' from command line to 'False'
[2.409s] DEBUG:colcon.colcon_core.verb:Building package 'geometry_msgs' with the following arguments: {'ament_cmake_args': None, 'build_base': '/ros2_ws/build/geometry_msgs', 'catkin_cmake_args': None, 'catkin_skip_building_tests': False, 'cmake_args': None, 'cmake_clean_cache': False, 'cmake_clean_first': False, 'cmake_force_configure': False, 'cmake_target': None, 'cmake_target_skip_unavailable': False, 'install_base': '/ros2_ws/install/geometry_msgs', 'merge_install': False, 'path': '/ros2_ws/src/common_interfaces/geometry_msgs', 'symlink_install': False, 'test_result_base': None}
[2.410s] Level 5:colcon.colcon_core.verb:set package 'diagnostic_msgs' build argument 'cmake_args' from command line to 'None'
[2.411s] Level 5:colcon.colcon_core.verb:set package 'diagnostic_msgs' build argument 'cmake_target' from command line to 'None'
[2.411s] Level 5:colcon.colcon_core.verb:set package 'diagnostic_msgs' build argument 'cmake_target_skip_unavailable' from command line to 'False'
[2.411s] Level 5:colcon.colcon_core.verb:set package 'diagnostic_msgs' build argument 'cmake_clean_cache' from command line to 'False'
[2.411s] Level 5:colcon.colcon_core.verb:set package 'diagnostic_msgs' build argument 'cmake_clean_first' from command line to 'False'
[2.411s] Level 5:colcon.colcon_core.verb:set package 'diagnostic_msgs' build argument 'cmake_force_configure' from command line to 'False'
[2.411s] Level 5:colcon.colcon_core.verb:set package 'diagnostic_msgs' build argument 'ament_cmake_args' from command line to 'None'
[2.411s] Level 5:colcon.colcon_core.verb:set package 'diagnostic_msgs' build argument 'catkin_cmake_args' from command line to 'None'
[2.411s] Level 5:colcon.colcon_core.verb:set package 'diagnostic_msgs' build argument 'catkin_skip_building_tests' from command line to 'False'
[2.411s] DEBUG:colcon.colcon_core.verb:Building package 'diagnostic_msgs' with the following arguments: {'ament_cmake_args': None, 'build_base': '/ros2_ws/build/diagnostic_msgs', 'catkin_cmake_args': None, 'catkin_skip_building_tests': False, 'cmake_args': None, 'cmake_clean_cache': False, 'cmake_clean_first': False, 'cmake_force_configure': False, 'cmake_target': None, 'cmake_target_skip_unavailable': False, 'install_base': '/ros2_ws/install/diagnostic_msgs', 'merge_install': False, 'path': '/ros2_ws/src/common_interfaces/diagnostic_msgs', 'symlink_install': False, 'test_result_base': None}
[2.413s] Level 5:colcon.colcon_core.verb:set package 'nav_msgs' build argument 'cmake_args' from command line to 'None'
[2.413s] Level 5:colcon.colcon_core.verb:set package 'nav_msgs' build argument 'cmake_target' from command line to 'None'
[2.413s] Level 5:colcon.colcon_core.verb:set package 'nav_msgs' build argument 'cmake_target_skip_unavailable' from command line to 'False'
[2.413s] Level 5:colcon.colcon_core.verb:set package 'nav_msgs' build argument 'cmake_clean_cache' from command line to 'False'
[2.414s] Level 5:colcon.colcon_core.verb:set package 'nav_msgs' build argument 'cmake_clean_first' from command line to 'False'
[2.414s] Level 5:colcon.colcon_core.verb:set package 'nav_msgs' build argument 'cmake_force_configure' from command line to 'False'
[2.414s] Level 5:colcon.colcon_core.verb:set package 'nav_msgs' build argument 'ament_cmake_args' from command line to 'None'
[2.414s] Level 5:colcon.colcon_core.verb:set package 'nav_msgs' build argument 'catkin_cmake_args' from command line to 'None'
[2.414s] Level 5:colcon.colcon_core.verb:set package 'nav_msgs' build argument 'catkin_skip_building_tests' from command line to 'False'
[2.414s] DEBUG:colcon.colcon_core.verb:Building package 'nav_msgs' with the following arguments: {'ament_cmake_args': None, 'build_base': '/ros2_ws/build/nav_msgs', 'catkin_cmake_args': None, 'catkin_skip_building_tests': False, 'cmake_args': None, 'cmake_clean_cache': False, 'cmake_clean_first': False, 'cmake_force_configure': False, 'cmake_target': None, 'cmake_target_skip_unavailable': False, 'install_base': '/ros2_ws/install/nav_msgs', 'merge_install': False, 'path': '/ros2_ws/src/common_interfaces/nav_msgs', 'symlink_install': False, 'test_result_base': None}
[2.416s] Level 5:colcon.colcon_core.verb:set package 'sensor_msgs' build argument 'cmake_args' from command line to 'None'
[2.416s] Level 5:colcon.colcon_core.verb:set package 'sensor_msgs' build argument 'cmake_target' from command line to 'None'
[2.416s] Level 5:colcon.colcon_core.verb:set package 'sensor_msgs' build argument 'cmake_target_skip_unavailable' from command line to 'False'
[2.416s] Level 5:colcon.colcon_core.verb:set package 'sensor_msgs' build argument 'cmake_clean_cache' from command line to 'False'
[2.416s] Level 5:colcon.colcon_core.verb:set package 'sensor_msgs' build argument 'cmake_clean_first' from command line to 'False'
[2.416s] Level 5:colcon.colcon_core.verb:set package 'sensor_msgs' build argument 'cmake_force_configure' from command line to 'False'
[2.416s] Level 5:colcon.colcon_core.verb:set package 'sensor_msgs' build argument 'ament_cmake_args' from command line to 'None'
[2.417s] Level 5:colcon.colcon_core.verb:set package 'sensor_msgs' build argument 'catkin_cmake_args' from command line to 'None'
[2.417s] Level 5:colcon.colcon_core.verb:set package 'sensor_msgs' build argument 'catkin_skip_building_tests' from command line to 'False'
[2.417s] DEBUG:colcon.colcon_core.verb:Building package 'sensor_msgs' with the following arguments: {'ament_cmake_args': None, 'build_base': '/ros2_ws/build/sensor_msgs', 'catkin_cmake_args': None, 'catkin_skip_building_tests': False, 'cmake_args': None, 'cmake_clean_cache': False, 'cmake_clean_first': False, 'cmake_force_configure': False, 'cmake_target': None, 'cmake_target_skip_unavailable': False, 'install_base': '/ros2_ws/install/sensor_msgs', 'merge_install': False, 'path': '/ros2_ws/src/common_interfaces/sensor_msgs', 'symlink_install': False, 'test_result_base': None}
[2.418s] Level 5:colcon.colcon_core.verb:set package 'shape_msgs' build argument 'cmake_args' from command line to 'None'
[2.419s] Level 5:colcon.colcon_core.verb:set package 'shape_msgs' build argument 'cmake_target' from command line to 'None'
[2.419s] Level 5:colcon.colcon_core.verb:set package 'shape_msgs' build argument 'cmake_target_skip_unavailable' from command line to 'False'
[2.419s] Level 5:colcon.colcon_core.verb:set package 'shape_msgs' build argument 'cmake_clean_cache' from command line to 'False'
[2.419s] Level 5:colcon.colcon_core.verb:set package 'shape_msgs' build argument 'cmake_clean_first' from command line to 'False'
[2.419s] Level 5:colcon.colcon_core.verb:set package 'shape_msgs' build argument 'cmake_force_configure' from command line to 'False'
[2.419s] Level 5:colcon.colcon_core.verb:set package 'shape_msgs' build argument 'ament_cmake_args' from command line to 'None'
[2.419s] Level 5:colcon.colcon_core.verb:set package 'shape_msgs' build argument 'catkin_cmake_args' from command line to 'None'
[2.419s] Level 5:colcon.colcon_core.verb:set package 'shape_msgs' build argument 'catkin_skip_building_tests' from command line to 'False'
[2.420s] DEBUG:colcon.colcon_core.verb:Building package 'shape_msgs' with the following arguments: {'ament_cmake_args': None, 'build_base': '/ros2_ws/build/shape_msgs', 'catkin_cmake_args': None, 'catkin_skip_building_tests': False, 'cmake_args': None, 'cmake_clean_cache': False, 'cmake_clean_first': False, 'cmake_force_configure': False, 'cmake_target': None, 'cmake_target_skip_unavailable': False, 'install_base': '/ros2_ws/install/shape_msgs', 'merge_install': False, 'path': '/ros2_ws/src/common_interfaces/shape_msgs', 'symlink_install': False, 'test_result_base': None}
[2.421s] Level 5:colcon.colcon_core.verb:set package 'trajectory_msgs' build argument 'cmake_args' from command line to 'None'
[2.421s] Level 5:colcon.colcon_core.verb:set package 'trajectory_msgs' build argument 'cmake_target' from command line to 'None'
[2.421s] Level 5:colcon.colcon_core.verb:set package 'trajectory_msgs' build argument 'cmake_target_skip_unavailable' from command line to 'False'
[2.422s] Level 5:colcon.colcon_core.verb:set package 'trajectory_msgs' build argument 'cmake_clean_cache' from command line to 'False'
[2.422s] Level 5:colcon.colcon_core.verb:set package 'trajectory_msgs' build argument 'cmake_clean_first' from command line to 'False'
[2.422s] Level 5:colcon.colcon_core.verb:set package 'trajectory_msgs' build argument 'cmake_force_configure' from command line to 'False'
[2.422s] Level 5:colcon.colcon_core.verb:set package 'trajectory_msgs' build argument 'ament_cmake_args' from command line to 'None'
[2.422s] Level 5:colcon.colcon_core.verb:set package 'trajectory_msgs' build argument 'catkin_cmake_args' from command line to 'None'
[2.422s] Level 5:colcon.colcon_core.verb:set package 'trajectory_msgs' build argument 'catkin_skip_building_tests' from command line to 'False'
[2.422s] DEBUG:colcon.colcon_core.verb:Building package 'trajectory_msgs' with the following arguments: {'ament_cmake_args': None, 'build_base': '/ros2_ws/build/trajectory_msgs', 'catkin_cmake_args': None, 'catkin_skip_building_tests': False, 'cmake_args': None, 'cmake_clean_cache': False, 'cmake_clean_first': False, 'cmake_force_configure': False, 'cmake_target': None, 'cmake_target_skip_unavailable': False, 'install_base': '/ros2_ws/install/trajectory_msgs', 'merge_install': False, 'path': '/ros2_ws/src/common_interfaces/trajectory_msgs', 'symlink_install': False, 'test_result_base': None}
[2.424s] Level 5:colcon.colcon_core.verb:set package 'visualization_msgs' build argument 'cmake_args' from command line to 'None'
[2.424s] Level 5:colcon.colcon_core.verb:set package 'visualization_msgs' build argument 'cmake_target' from command line to 'None'
[2.424s] Level 5:colcon.colcon_core.verb:set package 'visualization_msgs' build argument 'cmake_target_skip_unavailable' from command line to 'False'
[2.424s] Level 5:colcon.colcon_core.verb:set package 'visualization_msgs' build argument 'cmake_clean_cache' from command line to 'False'
[2.424s] Level 5:colcon.colcon_core.verb:set package 'visualization_msgs' build argument 'cmake_clean_first' from command line to 'False'
[2.424s] Level 5:colcon.colcon_core.verb:set package 'visualization_msgs' build argument 'cmake_force_configure' from command line to 'False'
[2.425s] Level 5:colcon.colcon_core.verb:set package 'visualization_msgs' build argument 'ament_cmake_args' from command line to 'None'
[2.425s] Level 5:colcon.colcon_core.verb:set package 'visualization_msgs' build argument 'catkin_cmake_args' from command line to 'None'
[2.425s] Level 5:colcon.colcon_core.verb:set package 'visualization_msgs' build argument 'catkin_skip_building_tests' from command line to 'False'
[2.425s] DEBUG:colcon.colcon_core.verb:Building package 'visualization_msgs' with the following arguments: {'ament_cmake_args': None, 'build_base': '/ros2_ws/build/visualization_msgs', 'catkin_cmake_args': None, 'catkin_skip_building_tests': False, 'cmake_args': None, 'cmake_clean_cache': False, 'cmake_clean_first': False, 'cmake_force_configure': False, 'cmake_target': None, 'cmake_target_skip_unavailable': False, 'install_base': '/ros2_ws/install/visualization_msgs', 'merge_install': False, 'path': '/ros2_ws/src/common_interfaces/visualization_msgs', 'symlink_install': False, 'test_result_base': None}
[2.427s] Level 5:colcon.colcon_core.verb:set package 'sensor_msgs_py' build argument 'cmake_args' from command line to 'None'
[2.427s] Level 5:colcon.colcon_core.verb:set package 'sensor_msgs_py' build argument 'cmake_target' from command line to 'None'
[2.427s] Level 5:colcon.colcon_core.verb:set package 'sensor_msgs_py' build argument 'cmake_target_skip_unavailable' from command line to 'False'
[2.427s] Level 5:colcon.colcon_core.verb:set package 'sensor_msgs_py' build argument 'cmake_clean_cache' from command line to 'False'
[2.427s] Level 5:colcon.colcon_core.verb:set package 'sensor_msgs_py' build argument 'cmake_clean_first' from command line to 'False'
[2.427s] Level 5:colcon.colcon_core.verb:set package 'sensor_msgs_py' build argument 'cmake_force_configure' from command line to 'False'
[2.427s] Level 5:colcon.colcon_core.verb:set package 'sensor_msgs_py' build argument 'ament_cmake_args' from command line to 'None'
[2.427s] Level 5:colcon.colcon_core.verb:set package 'sensor_msgs_py' build argument 'catkin_cmake_args' from command line to 'None'
[2.427s] Level 5:colcon.colcon_core.verb:set package 'sensor_msgs_py' build argument 'catkin_skip_building_tests' from command line to 'False'
[2.428s] DEBUG:colcon.colcon_core.verb:Building package 'sensor_msgs_py' with the following arguments: {'ament_cmake_args': None, 'build_base': '/ros2_ws/build/sensor_msgs_py', 'catkin_cmake_args': None, 'catkin_skip_building_tests': False, 'cmake_args': None, 'cmake_clean_cache': False, 'cmake_clean_first': False, 'cmake_force_configure': False, 'cmake_target': None, 'cmake_target_skip_unavailable': False, 'install_base': '/ros2_ws/install/sensor_msgs_py', 'merge_install': False, 'path': '/ros2_ws/src/common_interfaces/sensor_msgs_py', 'symlink_install': False, 'test_result_base': None}
[2.429s] Level 5:colcon.colcon_core.verb:set package 'slam_toolbox' build argument 'cmake_args' from command line to 'None'
[2.429s] Level 5:colcon.colcon_core.verb:set package 'slam_toolbox' build argument 'cmake_target' from command line to 'None'
[2.430s] Level 5:colcon.colcon_core.verb:set package 'slam_toolbox' build argument 'cmake_target_skip_unavailable' from command line to 'False'
[2.430s] Level 5:colcon.colcon_core.verb:set package 'slam_toolbox' build argument 'cmake_clean_cache' from command line to 'False'
[2.430s] Level 5:colcon.colcon_core.verb:set package 'slam_toolbox' build argument 'cmake_clean_first' from command line to 'False'
[2.430s] Level 5:colcon.colcon_core.verb:set package 'slam_toolbox' build argument 'cmake_force_configure' from command line to 'False'
[2.430s] Level 5:colcon.colcon_core.verb:set package 'slam_toolbox' build argument 'ament_cmake_args' from command line to 'None'
[2.430s] Level 5:colcon.colcon_core.verb:set package 'slam_toolbox' build argument 'catkin_cmake_args' from command line to 'None'
[2.430s] Level 5:colcon.colcon_core.verb:set package 'slam_toolbox' build argument 'catkin_skip_building_tests' from command line to 'False'
[2.430s] DEBUG:colcon.colcon_core.verb:Building package 'slam_toolbox' with the following arguments: {'ament_cmake_args': None, 'build_base': '/ros2_ws/build/slam_toolbox', 'catkin_cmake_args': None, 'catkin_skip_building_tests': False, 'cmake_args': None, 'cmake_clean_cache': False, 'cmake_clean_first': False, 'cmake_force_configure': False, 'cmake_target': None, 'cmake_target_skip_unavailable': False, 'install_base': '/ros2_ws/install/slam_toolbox', 'merge_install': False, 'path': '/ros2_ws/src/slam_toolbox', 'symlink_install': False, 'test_result_base': None}
[2.432s] Level 5:colcon.colcon_core.verb:set package 'sllidar_ros2' build argument 'cmake_args' from command line to 'None'
[2.432s] Level 5:colcon.colcon_core.verb:set package 'sllidar_ros2' build argument 'cmake_target' from command line to 'None'
[2.432s] Level 5:colcon.colcon_core.verb:set package 'sllidar_ros2' build argument 'cmake_target_skip_unavailable' from command line to 'False'
[2.432s] Level 5:colcon.colcon_core.verb:set package 'sllidar_ros2' build argument 'cmake_clean_cache' from command line to 'False'
[2.432s] Level 5:colcon.colcon_core.verb:set package 'sllidar_ros2' build argument 'cmake_clean_first' from command line to 'False'
[2.433s] Level 5:colcon.colcon_core.verb:set package 'sllidar_ros2' build argument 'cmake_force_configure' from command line to 'False'
[2.433s] Level 5:colcon.colcon_core.verb:set package 'sllidar_ros2' build argument 'ament_cmake_args' from command line to 'None'
[2.433s] Level 5:colcon.colcon_core.verb:set package 'sllidar_ros2' build argument 'catkin_cmake_args' from command line to 'None'
[2.433s] Level 5:colcon.colcon_core.verb:set package 'sllidar_ros2' build argument 'catkin_skip_building_tests' from command line to 'False'
[2.433s] DEBUG:colcon.colcon_core.verb:Building package 'sllidar_ros2' with the following arguments: {'ament_cmake_args': None, 'build_base': '/ros2_ws/build/sllidar_ros2', 'catkin_cmake_args': None, 'catkin_skip_building_tests': False, 'cmake_args': None, 'cmake_clean_cache': False, 'cmake_clean_first': False, 'cmake_force_configure': False, 'cmake_target': None, 'cmake_target_skip_unavailable': False, 'install_base': '/ros2_ws/install/sllidar_ros2', 'merge_install': False, 'path': '/ros2_ws/sllidar_ros2', 'symlink_install': False, 'test_result_base': None}
[2.435s] Level 5:colcon.colcon_core.verb:set package 'stereo_msgs' build argument 'cmake_args' from command line to 'None'
[2.435s] Level 5:colcon.colcon_core.verb:set package 'stereo_msgs' build argument 'cmake_target' from command line to 'None'
[2.435s] Level 5:colcon.colcon_core.verb:set package 'stereo_msgs' build argument 'cmake_target_skip_unavailable' from command line to 'False'
[2.435s] Level 5:colcon.colcon_core.verb:set package 'stereo_msgs' build argument 'cmake_clean_cache' from command line to 'False'
[2.435s] Level 5:colcon.colcon_core.verb:set package 'stereo_msgs' build argument 'cmake_clean_first' from command line to 'False'
[2.435s] Level 5:colcon.colcon_core.verb:set package 'stereo_msgs' build argument 'cmake_force_configure' from command line to 'False'
[2.435s] Level 5:colcon.colcon_core.verb:set package 'stereo_msgs' build argument 'ament_cmake_args' from command line to 'None'
[2.435s] Level 5:colcon.colcon_core.verb:set package 'stereo_msgs' build argument 'catkin_cmake_args' from command line to 'None'
[2.436s] Level 5:colcon.colcon_core.verb:set package 'stereo_msgs' build argument 'catkin_skip_building_tests' from command line to 'False'
[2.436s] DEBUG:colcon.colcon_core.verb:Building package 'stereo_msgs' with the following arguments: {'ament_cmake_args': None, 'build_base': '/ros2_ws/build/stereo_msgs', 'catkin_cmake_args': None, 'catkin_skip_building_tests': False, 'cmake_args': None, 'cmake_clean_cache': False, 'cmake_clean_first': False, 'cmake_force_configure': False, 'cmake_target': None, 'cmake_target_skip_unavailable': False, 'install_base': '/ros2_ws/install/stereo_msgs', 'merge_install': False, 'path': '/ros2_ws/src/common_interfaces/stereo_msgs', 'symlink_install': False, 'test_result_base': None}
[2.437s] Level 5:colcon.colcon_core.verb:set package 'vision_msgs' build argument 'cmake_args' from command line to 'None'
[2.438s] Level 5:colcon.colcon_core.verb:set package 'vision_msgs' build argument 'cmake_target' from command line to 'None'
[2.438s] Level 5:colcon.colcon_core.verb:set package 'vision_msgs' build argument 'cmake_target_skip_unavailable' from command line to 'False'
[2.438s] Level 5:colcon.colcon_core.verb:set package 'vision_msgs' build argument 'cmake_clean_cache' from command line to 'False'
[2.438s] Level 5:colcon.colcon_core.verb:set package 'vision_msgs' build argument 'cmake_clean_first' from command line to 'False'
[2.438s] Level 5:colcon.colcon_core.verb:set package 'vision_msgs' build argument 'cmake_force_configure' from command line to 'False'
[2.438s] Level 5:colcon.colcon_core.verb:set package 'vision_msgs' build argument 'ament_cmake_args' from command line to 'None'
[2.438s] Level 5:colcon.colcon_core.verb:set package 'vision_msgs' build argument 'catkin_cmake_args' from command line to 'None'
[2.438s] Level 5:colcon.colcon_core.verb:set package 'vision_msgs' build argument 'catkin_skip_building_tests' from command line to 'False'
[2.438s] DEBUG:colcon.colcon_core.verb:Building package 'vision_msgs' with the following arguments: {'ament_cmake_args': None, 'build_base': '/ros2_ws/build/vision_msgs', 'catkin_cmake_args': None, 'catkin_skip_building_tests': False, 'cmake_args': None, 'cmake_clean_cache': False, 'cmake_clean_first': False, 'cmake_force_configure': False, 'cmake_target': None, 'cmake_target_skip_unavailable': False, 'install_base': '/ros2_ws/install/vision_msgs', 'merge_install': False, 'path': '/ros2_ws/src/vision_msgs/vision_msgs', 'symlink_install': False, 'test_result_base': None}
[2.440s] Level 5:colcon.colcon_core.verb:set package 'common_interfaces' build argument 'cmake_args' from command line to 'None'
[2.440s] Level 5:colcon.colcon_core.verb:set package 'common_interfaces' build argument 'cmake_target' from command line to 'None'
[2.440s] Level 5:colcon.colcon_core.verb:set package 'common_interfaces' build argument 'cmake_target_skip_unavailable' from command line to 'False'
[2.440s] Level 5:colcon.colcon_core.verb:set package 'common_interfaces' build argument 'cmake_clean_cache' from command line to 'False'
[2.441s] Level 5:colcon.colcon_core.verb:set package 'common_interfaces' build argument 'cmake_clean_first' from command line to 'False'
[2.441s] Level 5:colcon.colcon_core.verb:set package 'common_interfaces' build argument 'cmake_force_configure' from command line to 'False'
[2.441s] Level 5:colcon.colcon_core.verb:set package 'common_interfaces' build argument 'ament_cmake_args' from command line to 'None'
[2.441s] Level 5:colcon.colcon_core.verb:set package 'common_interfaces' build argument 'catkin_cmake_args' from command line to 'None'
[2.441s] Level 5:colcon.colcon_core.verb:set package 'common_interfaces' build argument 'catkin_skip_building_tests' from command line to 'False'
[2.441s] DEBUG:colcon.colcon_core.verb:Building package 'common_interfaces' with the following arguments: {'ament_cmake_args': None, 'build_base': '/ros2_ws/build/common_interfaces', 'catkin_cmake_args': None, 'catkin_skip_building_tests': False, 'cmake_args': None, 'cmake_clean_cache': False, 'cmake_clean_first': False, 'cmake_force_configure': False, 'cmake_target': None, 'cmake_target_skip_unavailable': False, 'install_base': '/ros2_ws/install/common_interfaces', 'merge_install': False, 'path': '/ros2_ws/src/common_interfaces/common_interfaces', 'symlink_install': False, 'test_result_base': None}
[2.443s] Level 5:colcon.colcon_core.verb:set package 'depthai_filters' build argument 'cmake_args' from command line to 'None'
[2.443s] Level 5:colcon.colcon_core.verb:set package 'depthai_filters' build argument 'cmake_target' from command line to 'None'
[2.443s] Level 5:colcon.colcon_core.verb:set package 'depthai_filters' build argument 'cmake_target_skip_unavailable' from command line to 'False'
[2.443s] Level 5:colcon.colcon_core.verb:set package 'depthai_filters' build argument 'cmake_clean_cache' from command line to 'False'
[2.443s] Level 5:colcon.colcon_core.verb:set package 'depthai_filters' build argument 'cmake_clean_first' from command line to 'False'
[2.443s] Level 5:colcon.colcon_core.verb:set package 'depthai_filters' build argument 'cmake_force_configure' from command line to 'False'
[2.444s] Level 5:colcon.colcon_core.verb:set package 'depthai_filters' build argument 'ament_cmake_args' from command line to 'None'
[2.444s] Level 5:colcon.colcon_core.verb:set package 'depthai_filters' build argument 'catkin_cmake_args' from command line to 'None'
[2.444s] Level 5:colcon.colcon_core.verb:set package 'depthai_filters' build argument 'catkin_skip_building_tests' from command line to 'False'
[2.444s] DEBUG:colcon.colcon_core.verb:Building package 'depthai_filters' with the following arguments: {'ament_cmake_args': None, 'build_base': '/ros2_ws/build/depthai_filters', 'catkin_cmake_args': None, 'catkin_skip_building_tests': False, 'cmake_args': None, 'cmake_clean_cache': False, 'cmake_clean_first': False, 'cmake_force_configure': False, 'cmake_target': None, 'cmake_target_skip_unavailable': False, 'install_base': '/ros2_ws/install/depthai_filters', 'merge_install': False, 'path': '/ros2_ws/src/depthai-ros/depthai_filters', 'symlink_install': False, 'test_result_base': None}
[2.445s] Level 5:colcon.colcon_core.verb:set package 'depthai_ros_msgs' build argument 'cmake_args' from command line to 'None'
[2.446s] Level 5:colcon.colcon_core.verb:set package 'depthai_ros_msgs' build argument 'cmake_target' from command line to 'None'
[2.446s] Level 5:colcon.colcon_core.verb:set package 'depthai_ros_msgs' build argument 'cmake_target_skip_unavailable' from command line to 'False'
[2.446s] Level 5:colcon.colcon_core.verb:set package 'depthai_ros_msgs' build argument 'cmake_clean_cache' from command line to 'False'
[2.446s] Level 5:colcon.colcon_core.verb:set package 'depthai_ros_msgs' build argument 'cmake_clean_first' from command line to 'False'
[2.446s] Level 5:colcon.colcon_core.verb:set package 'depthai_ros_msgs' build argument 'cmake_force_configure' from command line to 'False'
[2.446s] Level 5:colcon.colcon_core.verb:set package 'depthai_ros_msgs' build argument 'ament_cmake_args' from command line to 'None'
[2.446s] Level 5:colcon.colcon_core.verb:set package 'depthai_ros_msgs' build argument 'catkin_cmake_args' from command line to 'None'
[2.446s] Level 5:colcon.colcon_core.verb:set package 'depthai_ros_msgs' build argument 'catkin_skip_building_tests' from command line to 'False'
[2.447s] DEBUG:colcon.colcon_core.verb:Building package 'depthai_ros_msgs' with the following arguments: {'ament_cmake_args': None, 'build_base': '/ros2_ws/build/depthai_ros_msgs', 'catkin_cmake_args': None, 'catkin_skip_building_tests': False, 'cmake_args': None, 'cmake_clean_cache': False, 'cmake_clean_first': False, 'cmake_force_configure': False, 'cmake_target': None, 'cmake_target_skip_unavailable': False, 'install_base': '/ros2_ws/install/depthai_ros_msgs', 'merge_install': False, 'path': '/ros2_ws/src/depthai-ros/depthai_ros_msgs', 'symlink_install': False, 'test_result_base': None}
[2.448s] Level 5:colcon.colcon_core.verb:set package 'rosbridge_test_msgs' build argument 'cmake_args' from command line to 'None'
[2.448s] Level 5:colcon.colcon_core.verb:set package 'rosbridge_test_msgs' build argument 'cmake_target' from command line to 'None'
[2.448s] Level 5:colcon.colcon_core.verb:set package 'rosbridge_test_msgs' build argument 'cmake_target_skip_unavailable' from command line to 'False'
[2.449s] Level 5:colcon.colcon_core.verb:set package 'rosbridge_test_msgs' build argument 'cmake_clean_cache' from command line to 'False'
[2.449s] Level 5:colcon.colcon_core.verb:set package 'rosbridge_test_msgs' build argument 'cmake_clean_first' from command line to 'False'
[2.449s] Level 5:colcon.colcon_core.verb:set package 'rosbridge_test_msgs' build argument 'cmake_force_configure' from command line to 'False'
[2.449s] Level 5:colcon.colcon_core.verb:set package 'rosbridge_test_msgs' build argument 'ament_cmake_args' from command line to 'None'
[2.449s] Level 5:colcon.colcon_core.verb:set package 'rosbridge_test_msgs' build argument 'catkin_cmake_args' from command line to 'None'
[2.449s] Level 5:colcon.colcon_core.verb:set package 'rosbridge_test_msgs' build argument 'catkin_skip_building_tests' from command line to 'False'
[2.449s] DEBUG:colcon.colcon_core.verb:Building package 'rosbridge_test_msgs' with the following arguments: {'ament_cmake_args': None, 'build_base': '/ros2_ws/build/rosbridge_test_msgs', 'catkin_cmake_args': None, 'catkin_skip_building_tests': False, 'cmake_args': None, 'cmake_clean_cache': False, 'cmake_clean_first': False, 'cmake_force_configure': False, 'cmake_target': None, 'cmake_target_skip_unavailable': False, 'install_base': '/ros2_ws/install/rosbridge_test_msgs', 'merge_install': False, 'path': '/ros2_ws/rosbridge_test_msgs', 'symlink_install': False, 'test_result_base': None}
[2.451s] Level 5:colcon.colcon_core.verb:set package 'vision_msgs_rviz_plugins' build argument 'cmake_args' from command line to 'None'
[2.451s] Level 5:colcon.colcon_core.verb:set package 'vision_msgs_rviz_plugins' build argument 'cmake_target' from command line to 'None'
[2.451s] Level 5:colcon.colcon_core.verb:set package 'vision_msgs_rviz_plugins' build argument 'cmake_target_skip_unavailable' from command line to 'False'
[2.451s] Level 5:colcon.colcon_core.verb:set package 'vision_msgs_rviz_plugins' build argument 'cmake_clean_cache' from command line to 'False'
[2.451s] Level 5:colcon.colcon_core.verb:set package 'vision_msgs_rviz_plugins' build argument 'cmake_clean_first' from command line to 'False'
[2.452s] Level 5:colcon.colcon_core.verb:set package 'vision_msgs_rviz_plugins' build argument 'cmake_force_configure' from command line to 'False'
[2.452s] Level 5:colcon.colcon_core.verb:set package 'vision_msgs_rviz_plugins' build argument 'ament_cmake_args' from command line to 'None'
[2.452s] Level 5:colcon.colcon_core.verb:set package 'vision_msgs_rviz_plugins' build argument 'catkin_cmake_args' from command line to 'None'
[2.452s] Level 5:colcon.colcon_core.verb:set package 'vision_msgs_rviz_plugins' build argument 'catkin_skip_building_tests' from command line to 'False'
[2.452s] DEBUG:colcon.colcon_core.verb:Building package 'vision_msgs_rviz_plugins' with the following arguments: {'ament_cmake_args': None, 'build_base': '/ros2_ws/build/vision_msgs_rviz_plugins', 'catkin_cmake_args': None, 'catkin_skip_building_tests': False, 'cmake_args': None, 'cmake_clean_cache': False, 'cmake_clean_first': False, 'cmake_force_configure': False, 'cmake_target': None, 'cmake_target_skip_unavailable': False, 'install_base': '/ros2_ws/install/vision_msgs_rviz_plugins', 'merge_install': False, 'path': '/ros2_ws/src/vision_msgs/vision_msgs_rviz_plugins', 'symlink_install': False, 'test_result_base': None}
[2.454s] Level 5:colcon.colcon_core.verb:set package 'depthai_bridge' build argument 'cmake_args' from command line to 'None'
[2.454s] Level 5:colcon.colcon_core.verb:set package 'depthai_bridge' build argument 'cmake_target' from command line to 'None'
[2.454s] Level 5:colcon.colcon_core.verb:set package 'depthai_bridge' build argument 'cmake_target_skip_unavailable' from command line to 'False'
[2.454s] Level 5:colcon.colcon_core.verb:set package 'depthai_bridge' build argument 'cmake_clean_cache' from command line to 'False'
[2.454s] Level 5:colcon.colcon_core.verb:set package 'depthai_bridge' build argument 'cmake_clean_first' from command line to 'False'
[2.454s] Level 5:colcon.colcon_core.verb:set package 'depthai_bridge' build argument 'cmake_force_configure' from command line to 'False'
[2.455s] Level 5:colcon.colcon_core.verb:set package 'depthai_bridge' build argument 'ament_cmake_args' from command line to 'None'
[2.455s] Level 5:colcon.colcon_core.verb:set package 'depthai_bridge' build argument 'catkin_cmake_args' from command line to 'None'
[2.455s] Level 5:colcon.colcon_core.verb:set package 'depthai_bridge' build argument 'catkin_skip_building_tests' from command line to 'False'
[2.455s] DEBUG:colcon.colcon_core.verb:Building package 'depthai_bridge' with the following arguments: {'ament_cmake_args': None, 'build_base': '/ros2_ws/build/depthai_bridge', 'catkin_cmake_args': None, 'catkin_skip_building_tests': False, 'cmake_args': None, 'cmake_clean_cache': False, 'cmake_clean_first': False, 'cmake_force_configure': False, 'cmake_target': None, 'cmake_target_skip_unavailable': False, 'install_base': '/ros2_ws/install/depthai_bridge', 'merge_install': False, 'path': '/ros2_ws/src/depthai-ros/depthai_bridge', 'symlink_install': False, 'test_result_base': None}
[2.456s] Level 5:colcon.colcon_core.verb:set package 'rosbridge_library' build argument 'cmake_args' from command line to 'None'
[2.457s] Level 5:colcon.colcon_core.verb:set package 'rosbridge_library' build argument 'cmake_target' from command line to 'None'
[2.457s] Level 5:colcon.colcon_core.verb:set package 'rosbridge_library' build argument 'cmake_target_skip_unavailable' from command line to 'False'
[2.457s] Level 5:colcon.colcon_core.verb:set package 'rosbridge_library' build argument 'cmake_clean_cache' from command line to 'False'
[2.457s] Level 5:colcon.colcon_core.verb:set package 'rosbridge_library' build argument 'cmake_clean_first' from command line to 'False'
[2.457s] Level 5:colcon.colcon_core.verb:set package 'rosbridge_library' build argument 'cmake_force_configure' from command line to 'False'
[2.457s] Level 5:colcon.colcon_core.verb:set package 'rosbridge_library' build argument 'ament_cmake_args' from command line to 'None'
[2.457s] Level 5:colcon.colcon_core.verb:set package 'rosbridge_library' build argument 'catkin_cmake_args' from command line to 'None'
[2.457s] Level 5:colcon.colcon_core.verb:set package 'rosbridge_library' build argument 'catkin_skip_building_tests' from command line to 'False'
[2.458s] DEBUG:colcon.colcon_core.verb:Building package 'rosbridge_library' with the following arguments: {'ament_cmake_args': None, 'build_base': '/ros2_ws/build/rosbridge_library', 'catkin_cmake_args': None, 'catkin_skip_building_tests': False, 'cmake_args': None, 'cmake_clean_cache': False, 'cmake_clean_first': False, 'cmake_force_configure': False, 'cmake_target': None, 'cmake_target_skip_unavailable': False, 'install_base': '/ros2_ws/install/rosbridge_library', 'merge_install': False, 'path': '/ros2_ws/rosbridge_library', 'symlink_install': False, 'test_result_base': None}
[2.459s] Level 5:colcon.colcon_core.verb:set package 'depthai_examples' build argument 'cmake_args' from command line to 'None'
[2.459s] Level 5:colcon.colcon_core.verb:set package 'depthai_examples' build argument 'cmake_target' from command line to 'None'
[2.459s] Level 5:colcon.colcon_core.verb:set package 'depthai_examples' build argument 'cmake_target_skip_unavailable' from command line to 'False'
[2.460s] Level 5:colcon.colcon_core.verb:set package 'depthai_examples' build argument 'cmake_clean_cache' from command line to 'False'
[2.460s] Level 5:colcon.colcon_core.verb:set package 'depthai_examples' build argument 'cmake_clean_first' from command line to 'False'
[2.460s] Level 5:colcon.colcon_core.verb:set package 'depthai_examples' build argument 'cmake_force_configure' from command line to 'False'
[2.460s] Level 5:colcon.colcon_core.verb:set package 'depthai_examples' build argument 'ament_cmake_args' from command line to 'None'
[2.460s] Level 5:colcon.colcon_core.verb:set package 'depthai_examples' build argument 'catkin_cmake_args' from command line to 'None'
[2.460s] Level 5:colcon.colcon_core.verb:set package 'depthai_examples' build argument 'catkin_skip_building_tests' from command line to 'False'
[2.460s] DEBUG:colcon.colcon_core.verb:Building package 'depthai_examples' with the following arguments: {'ament_cmake_args': None, 'build_base': '/ros2_ws/build/depthai_examples', 'catkin_cmake_args': None, 'catkin_skip_building_tests': False, 'cmake_args': None, 'cmake_clean_cache': False, 'cmake_clean_first': False, 'cmake_force_configure': False, 'cmake_target': None, 'cmake_target_skip_unavailable': False, 'install_base': '/ros2_ws/install/depthai_examples', 'merge_install': False, 'path': '/ros2_ws/src/depthai-ros/depthai_examples', 'symlink_install': False, 'test_result_base': None}
[2.462s] Level 5:colcon.colcon_core.verb:set package 'depthai_ros_driver' build argument 'cmake_args' from command line to 'None'
[2.462s] Level 5:colcon.colcon_core.verb:set package 'depthai_ros_driver' build argument 'cmake_target' from command line to 'None'
[2.462s] Level 5:colcon.colcon_core.verb:set package 'depthai_ros_driver' build argument 'cmake_target_skip_unavailable' from command line to 'False'
[2.462s] Level 5:colcon.colcon_core.verb:set package 'depthai_ros_driver' build argument 'cmake_clean_cache' from command line to 'False'
[2.462s] Level 5:colcon.colcon_core.verb:set package 'depthai_ros_driver' build argument 'cmake_clean_first' from command line to 'False'
[2.462s] Level 5:colcon.colcon_core.verb:set package 'depthai_ros_driver' build argument 'cmake_force_configure' from command line to 'False'
[2.463s] Level 5:colcon.colcon_core.verb:set package 'depthai_ros_driver' build argument 'ament_cmake_args' from command line to 'None'
[2.463s] Level 5:colcon.colcon_core.verb:set package 'depthai_ros_driver' build argument 'catkin_cmake_args' from command line to 'None'
[2.463s] Level 5:colcon.colcon_core.verb:set package 'depthai_ros_driver' build argument 'catkin_skip_building_tests' from command line to 'False'
[2.463s] DEBUG:colcon.colcon_core.verb:Building package 'depthai_ros_driver' with the following arguments: {'ament_cmake_args': None, 'build_base': '/ros2_ws/build/depthai_ros_driver', 'catkin_cmake_args': None, 'catkin_skip_building_tests': False, 'cmake_args': None, 'cmake_clean_cache': False, 'cmake_clean_first': False, 'cmake_force_configure': False, 'cmake_target': None, 'cmake_target_skip_unavailable': False, 'install_base': '/ros2_ws/install/depthai_ros_driver', 'merge_install': False, 'path': '/ros2_ws/src/depthai-ros/depthai_ros_driver', 'symlink_install': False, 'test_result_base': None}
[2.465s] Level 5:colcon.colcon_core.verb:set package 'rosapi' build argument 'cmake_args' from command line to 'None'
[2.465s] Level 5:colcon.colcon_core.verb:set package 'rosapi' build argument 'cmake_target' from command line to 'None'
[2.465s] Level 5:colcon.colcon_core.verb:set package 'rosapi' build argument 'cmake_target_skip_unavailable' from command line to 'False'
[2.465s] Level 5:colcon.colcon_core.verb:set package 'rosapi' build argument 'cmake_clean_cache' from command line to 'False'
[2.465s] Level 5:colcon.colcon_core.verb:set package 'rosapi' build argument 'cmake_clean_first' from command line to 'False'
[2.465s] Level 5:colcon.colcon_core.verb:set package 'rosapi' build argument 'cmake_force_configure' from command line to 'False'
[2.465s] Level 5:colcon.colcon_core.verb:set package 'rosapi' build argument 'ament_cmake_args' from command line to 'None'
[2.465s] Level 5:colcon.colcon_core.verb:set package 'rosapi' build argument 'catkin_cmake_args' from command line to 'None'
[2.466s] Level 5:colcon.colcon_core.verb:set package 'rosapi' build argument 'catkin_skip_building_tests' from command line to 'False'
[2.466s] DEBUG:colcon.colcon_core.verb:Building package 'rosapi' with the following arguments: {'ament_cmake_args': None, 'build_base': '/ros2_ws/build/rosapi', 'catkin_cmake_args': None, 'catkin_skip_building_tests': False, 'cmake_args': None, 'cmake_clean_cache': False, 'cmake_clean_first': False, 'cmake_force_configure': False, 'cmake_target': None, 'cmake_target_skip_unavailable': False, 'install_base': '/ros2_ws/install/rosapi', 'merge_install': False, 'path': '/ros2_ws/rosapi', 'symlink_install': False, 'test_result_base': None}
[2.467s] Level 5:colcon.colcon_core.verb:set package 'depthai-ros' build argument 'cmake_args' from command line to 'None'
[2.467s] Level 5:colcon.colcon_core.verb:set package 'depthai-ros' build argument 'cmake_target' from command line to 'None'
[2.468s] Level 5:colcon.colcon_core.verb:set package 'depthai-ros' build argument 'cmake_target_skip_unavailable' from command line to 'False'
[2.468s] Level 5:colcon.colcon_core.verb:set package 'depthai-ros' build argument 'cmake_clean_cache' from command line to 'False'
[2.468s] Level 5:colcon.colcon_core.verb:set package 'depthai-ros' build argument 'cmake_clean_first' from command line to 'False'
[2.468s] Level 5:colcon.colcon_core.verb:set package 'depthai-ros' build argument 'cmake_force_configure' from command line to 'False'
[2.468s] Level 5:colcon.colcon_core.verb:set package 'depthai-ros' build argument 'ament_cmake_args' from command line to 'None'
[2.468s] Level 5:colcon.colcon_core.verb:set package 'depthai-ros' build argument 'catkin_cmake_args' from command line to 'None'
[2.468s] Level 5:colcon.colcon_core.verb:set package 'depthai-ros' build argument 'catkin_skip_building_tests' from command line to 'False'
[2.468s] DEBUG:colcon.colcon_core.verb:Building package 'depthai-ros' with the following arguments: {'ament_cmake_args': None, 'build_base': '/ros2_ws/build/depthai-ros', 'catkin_cmake_args': None, 'catkin_skip_building_tests': False, 'cmake_args': None, 'cmake_clean_cache': False, 'cmake_clean_first': False, 'cmake_force_configure': False, 'cmake_target': None, 'cmake_target_skip_unavailable': False, 'install_base': '/ros2_ws/install/depthai-ros', 'merge_install': False, 'path': '/ros2_ws/src/depthai-ros/depthai-ros', 'symlink_install': False, 'test_result_base': None}
[2.470s] Level 5:colcon.colcon_core.verb:set package 'rosbridge_server' build argument 'cmake_args' from command line to 'None'
[2.470s] Level 5:colcon.colcon_core.verb:set package 'rosbridge_server' build argument 'cmake_target' from command line to 'None'
[2.470s] Level 5:colcon.colcon_core.verb:set package 'rosbridge_server' build argument 'cmake_target_skip_unavailable' from command line to 'False'
[2.470s] Level 5:colcon.colcon_core.verb:set package 'rosbridge_server' build argument 'cmake_clean_cache' from command line to 'False'
[2.471s] Level 5:colcon.colcon_core.verb:set package 'rosbridge_server' build argument 'cmake_clean_first' from command line to 'False'
[2.471s] Level 5:colcon.colcon_core.verb:set package 'rosbridge_server' build argument 'cmake_force_configure' from command line to 'False'
[2.471s] Level 5:colcon.colcon_core.verb:set package 'rosbridge_server' build argument 'ament_cmake_args' from command line to 'None'
[2.471s] Level 5:colcon.colcon_core.verb:set package 'rosbridge_server' build argument 'catkin_cmake_args' from command line to 'None'
[2.471s] Level 5:colcon.colcon_core.verb:set package 'rosbridge_server' build argument 'catkin_skip_building_tests' from command line to 'False'
[2.471s] DEBUG:colcon.colcon_core.verb:Building package 'rosbridge_server' with the following arguments: {'ament_cmake_args': None, 'build_base': '/ros2_ws/build/rosbridge_server', 'catkin_cmake_args': None, 'catkin_skip_building_tests': False, 'cmake_args': None, 'cmake_clean_cache': False, 'cmake_clean_first': False, 'cmake_force_configure': False, 'cmake_target': None, 'cmake_target_skip_unavailable': False, 'install_base': '/ros2_ws/install/rosbridge_server', 'merge_install': False, 'path': '/ros2_ws/rosbridge_server', 'symlink_install': False, 'test_result_base': None}
[2.473s] Level 5:colcon.colcon_core.verb:set package 'rosbridge_suite' build argument 'cmake_args' from command line to 'None'
[2.473s] Level 5:colcon.colcon_core.verb:set package 'rosbridge_suite' build argument 'cmake_target' from command line to 'None'
[2.473s] Level 5:colcon.colcon_core.verb:set package 'rosbridge_suite' build argument 'cmake_target_skip_unavailable' from command line to 'False'
[2.473s] Level 5:colcon.colcon_core.verb:set package 'rosbridge_suite' build argument 'cmake_clean_cache' from command line to 'False'
[2.473s] Level 5:colcon.colcon_core.verb:set package 'rosbridge_suite' build argument 'cmake_clean_first' from command line to 'False'
[2.473s] Level 5:colcon.colcon_core.verb:set package 'rosbridge_suite' build argument 'cmake_force_configure' from command line to 'False'
[2.474s] Level 5:colcon.colcon_core.verb:set package 'rosbridge_suite' build argument 'ament_cmake_args' from command line to 'None'
[2.474s] Level 5:colcon.colcon_core.verb:set package 'rosbridge_suite' build argument 'catkin_cmake_args' from command line to 'None'
[2.474s] Level 5:colcon.colcon_core.verb:set package 'rosbridge_suite' build argument 'catkin_skip_building_tests' from command line to 'False'
[2.474s] DEBUG:colcon.colcon_core.verb:Building package 'rosbridge_suite' with the following arguments: {'ament_cmake_args': None, 'build_base': '/ros2_ws/build/rosbridge_suite', 'catkin_cmake_args': None, 'catkin_skip_building_tests': False, 'cmake_args': None, 'cmake_clean_cache': False, 'cmake_clean_first': False, 'cmake_force_configure': False, 'cmake_target': None, 'cmake_target_skip_unavailable': False, 'install_base': '/ros2_ws/install/rosbridge_suite', 'merge_install': False, 'path': '/ros2_ws/rosbridge_suite', 'symlink_install': False, 'test_result_base': None}
[2.474s] INFO:colcon.colcon_core.executor:Executing jobs using 'parallel' executor
[2.478s] DEBUG:colcon.colcon_parallel_executor.executor.parallel:run_until_complete
[2.480s] INFO:colcon.colcon_ros.task.ament_cmake.build:Building ROS package in '/ros2_ws/src/common_interfaces/std_msgs' with build type 'ament_cmake'
[2.480s] INFO:colcon.colcon_cmake.task.cmake.build:Building CMake package in '/ros2_ws/src/common_interfaces/std_msgs'
[2.499s] INFO:colcon.colcon_core.plugin_system:Skipping extension 'colcon_core.shell.bat': Not used on non-Windows systems
[2.500s] INFO:colcon.colcon_core.shell:Skip shell extension 'powershell' for command environment: Not usable outside of PowerShell
[2.500s] DEBUG:colcon.colcon_core.shell:Skip shell extension 'dsv' for command environment
[2.520s] INFO:colcon.colcon_ros.task.ament_cmake.build:Building ROS package in '/ros2_ws/src/common_interfaces/std_srvs' with build type 'ament_cmake'
[2.520s] INFO:colcon.colcon_cmake.task.cmake.build:Building CMake package in '/ros2_ws/src/common_interfaces/std_srvs'
[2.522s] INFO:colcon.colcon_core.shell:Skip shell extension 'powershell' for command environment: Not usable outside of PowerShell
[2.522s] DEBUG:colcon.colcon_core.shell:Skip shell extension 'dsv' for command environment
[2.532s] INFO:colcon.colcon_ros.task.ament_cmake.build:Building ROS package in '/ros2_ws/src/depthai-ros/depthai_descriptions' with build type 'ament_cmake'
[2.533s] INFO:colcon.colcon_cmake.task.cmake.build:Building CMake package in '/ros2_ws/src/depthai-ros/depthai_descriptions'
[2.534s] INFO:colcon.colcon_core.shell:Skip shell extension 'powershell' for command environment: Not usable outside of PowerShell
[2.535s] DEBUG:colcon.colcon_core.shell:Skip shell extension 'dsv' for command environment
[2.545s] INFO:colcon.colcon_ros.task.ament_cmake.build:Building ROS package in '/ros2_ws/rosapi_msgs' with build type 'ament_cmake'
[2.545s] INFO:colcon.colcon_cmake.task.cmake.build:Building CMake package in '/ros2_ws/rosapi_msgs'
[2.546s] INFO:colcon.colcon_core.shell:Skip shell extension 'powershell' for command environment: Not usable outside of PowerShell
[2.547s] DEBUG:colcon.colcon_core.shell:Skip shell extension 'dsv' for command environment
[2.575s] DEBUG:colcon.colcon_core.event_handler.log_command:Invoking command in '/ros2_ws/build/std_msgs': CMAKE_PREFIX_PATH=/opt/ros/humble /usr/bin/cmake --build /ros2_ws/build/std_msgs -- -j4 -l4
[2.640s] DEBUG:colcon.colcon_core.event_handler.log_command:Invoking command in '/ros2_ws/build/std_srvs': CMAKE_PREFIX_PATH=/opt/ros/humble /usr/bin/cmake --build /ros2_ws/build/std_srvs -- -j4 -l4
[2.659s] DEBUG:colcon.colcon_core.event_handler.log_command:Invoking command in '/ros2_ws/build/depthai_descriptions': CMAKE_PREFIX_PATH=/opt/ros/humble /usr/bin/cmake --build /ros2_ws/build/depthai_descriptions -- -j4 -l4
[2.700s] DEBUG:colcon.colcon_core.event_handler.log_command:Invoking command in '/ros2_ws/build/rosapi_msgs': CMAKE_PREFIX_PATH=/opt/ros/humble /usr/bin/cmake --build /ros2_ws/build/rosapi_msgs -- -j4 -l4
[3.159s] DEBUG:colcon.colcon_core.event_handler.log_command:Invoked command in '/ros2_ws/build/depthai_descriptions' returned '0': CMAKE_PREFIX_PATH=/opt/ros/humble /usr/bin/cmake --build /ros2_ws/build/depthai_descriptions -- -j4 -l4
[3.214s] DEBUG:colcon.colcon_core.event_handler.log_command:Invoking command in '/ros2_ws/build/depthai_descriptions': CMAKE_PREFIX_PATH=/opt/ros/humble /usr/bin/cmake --install /ros2_ws/build/depthai_descriptions
[3.350s] Level 1:colcon.colcon_core.environment:create_environment_scripts_only(depthai_descriptions)
[3.355s] DEBUG:colcon.colcon_core.event_handler.log_command:Invoked command in '/ros2_ws/build/depthai_descriptions' returned '0': CMAKE_PREFIX_PATH=/opt/ros/humble /usr/bin/cmake --install /ros2_ws/build/depthai_descriptions
[3.397s] Level 1:colcon.colcon_core.environment:checking '/ros2_ws/install/depthai_descriptions' for CMake module files
[3.405s] Level 1:colcon.colcon_core.environment:checking '/ros2_ws/install/depthai_descriptions' for CMake config files
[3.417s] Level 1:colcon.colcon_core.shell:create_environment_hook('depthai_descriptions', 'cmake_prefix_path')
[3.427s] INFO:colcon.colcon_core.shell:Creating environment hook '/ros2_ws/install/depthai_descriptions/share/depthai_descriptions/hook/cmake_prefix_path.ps1'
[3.437s] INFO:colcon.colcon_core.shell:Creating environment descriptor '/ros2_ws/install/depthai_descriptions/share/depthai_descriptions/hook/cmake_prefix_path.dsv'
[3.447s] INFO:colcon.colcon_core.shell:Creating environment hook '/ros2_ws/install/depthai_descriptions/share/depthai_descriptions/hook/cmake_prefix_path.sh'
[3.463s] Level 1:colcon.colcon_core.environment:checking '/ros2_ws/install/depthai_descriptions/bin'
[3.464s] Level 1:colcon.colcon_core.environment:checking '/ros2_ws/install/depthai_descriptions/lib/pkgconfig/depthai_descriptions.pc'
[3.481s] Level 1:colcon.colcon_core.environment:checking '/ros2_ws/install/depthai_descriptions/lib/python3.10/site-packages'
[3.486s] Level 1:colcon.colcon_core.environment:checking '/ros2_ws/install/depthai_descriptions/bin'
[3.489s] INFO:colcon.colcon_core.shell:Creating package script '/ros2_ws/install/depthai_descriptions/share/depthai_descriptions/package.ps1'
[3.505s] INFO:colcon.colcon_core.shell:Creating package descriptor '/ros2_ws/install/depthai_descriptions/share/depthai_descriptions/package.dsv'
[3.510s] INFO:colcon.colcon_core.shell:Creating package script '/ros2_ws/install/depthai_descriptions/share/depthai_descriptions/package.sh'
[3.522s] INFO:colcon.colcon_core.shell:Creating package script '/ros2_ws/install/depthai_descriptions/share/depthai_descriptions/package.bash'
[3.533s] INFO:colcon.colcon_core.shell:Creating package script '/ros2_ws/install/depthai_descriptions/share/depthai_descriptions/package.zsh'
[3.540s] Level 1:colcon.colcon_core.environment:create_file_with_runtime_dependencies(/ros2_ws/install/depthai_descriptions/share/colcon-core/packages/depthai_descriptions)
[3.544s] Level 1:colcon.colcon_core.environment:create_environment_scripts_only(depthai_descriptions)
[3.545s] Level 1:colcon.colcon_core.environment:checking '/ros2_ws/install/depthai_descriptions' for CMake module files
[3.548s] Level 1:colcon.colcon_core.environment:checking '/ros2_ws/install/depthai_descriptions' for CMake config files
[3.558s] Level 1:colcon.colcon_core.shell:create_environment_hook('depthai_descriptions', 'cmake_prefix_path')
[3.560s] INFO:colcon.colcon_core.shell:Creating environment hook '/ros2_ws/install/depthai_descriptions/share/depthai_descriptions/hook/cmake_prefix_path.ps1'
[3.562s] INFO:colcon.colcon_core.shell:Creating environment descriptor '/ros2_ws/install/depthai_descriptions/share/depthai_descriptions/hook/cmake_prefix_path.dsv'
[3.566s] INFO:colcon.colcon_core.shell:Creating environment hook '/ros2_ws/install/depthai_descriptions/share/depthai_descriptions/hook/cmake_prefix_path.sh'
[3.572s] Level 1:colcon.colcon_core.environment:checking '/ros2_ws/install/depthai_descriptions/bin'
[3.573s] Level 1:colcon.colcon_core.environment:checking '/ros2_ws/install/depthai_descriptions/lib/pkgconfig/depthai_descriptions.pc'
[3.575s] Level 1:colcon.colcon_core.environment:checking '/ros2_ws/install/depthai_descriptions/lib/python3.10/site-packages'
[3.578s] Level 1:colcon.colcon_core.environment:checking '/ros2_ws/install/depthai_descriptions/bin'
[3.580s] INFO:colcon.colcon_core.shell:Creating package script '/ros2_ws/install/depthai_descriptions/share/depthai_descriptions/package.ps1'
[3.590s] INFO:colcon.colcon_core.shell:Creating package descriptor '/ros2_ws/install/depthai_descriptions/share/depthai_descriptions/package.dsv'
[3.594s] INFO:colcon.colcon_core.shell:Creating package script '/ros2_ws/install/depthai_descriptions/share/depthai_descriptions/package.sh'
[3.602s] INFO:colcon.colcon_core.shell:Creating package script '/ros2_ws/install/depthai_descriptions/share/depthai_descriptions/package.bash'
[3.607s] INFO:colcon.colcon_core.shell:Creating package script '/ros2_ws/install/depthai_descriptions/share/depthai_descriptions/package.zsh'
[3.610s] Level 1:colcon.colcon_core.environment:create_file_with_runtime_dependencies(/ros2_ws/install/depthai_descriptions/share/colcon-core/packages/depthai_descriptions)
[3.616s] INFO:colcon.colcon_ros.task.ament_cmake.build:Building ROS package in '/ros2_ws/rosbridge_msgs' with build type 'ament_cmake'
[3.619s] INFO:colcon.colcon_cmake.task.cmake.build:Building CMake package in '/ros2_ws/rosbridge_msgs'
[3.621s] INFO:colcon.colcon_core.shell:Skip shell extension 'powershell' for command environment: Not usable outside of PowerShell
[3.621s] DEBUG:colcon.colcon_core.shell:Skip shell extension 'dsv' for command environment
[3.700s] DEBUG:colcon.colcon_core.event_handler.log_command:Invoking command in '/ros2_ws/build/rosbridge_msgs': CMAKE_PREFIX_PATH=/opt/ros/humble /usr/bin/cmake --build /ros2_ws/build/rosbridge_msgs -- -j4 -l4
[5.603s] DEBUG:colcon.colcon_core.event_handler.log_command:Invoked command in '/ros2_ws/build/std_srvs' returned '0': CMAKE_PREFIX_PATH=/opt/ros/humble /usr/bin/cmake --build /ros2_ws/build/std_srvs -- -j4 -l4
[5.617s] DEBUG:colcon.colcon_core.event_handler.log_command:Invoking command in '/ros2_ws/build/std_srvs': CMAKE_PREFIX_PATH=/opt/ros/humble /usr/bin/cmake --install /ros2_ws/build/std_srvs
[6.294s] DEBUG:colcon.colcon_core.event_handler.log_command:Invoked command in '/ros2_ws/build/rosapi_msgs' returned '0': CMAKE_PREFIX_PATH=/opt/ros/humble /usr/bin/cmake --build /ros2_ws/build/rosapi_msgs -- -j4 -l4
[6.315s] DEBUG:colcon.colcon_core.event_handler.log_command:Invoking command in '/ros2_ws/build/rosapi_msgs': CMAKE_PREFIX_PATH=/opt/ros/humble /usr/bin/cmake --install /ros2_ws/build/rosapi_msgs
[6.378s] DEBUG:colcon.colcon_core.event_handler.log_command:Invoked command in '/ros2_ws/build/std_msgs' returned '0': CMAKE_PREFIX_PATH=/opt/ros/humble /usr/bin/cmake --build /ros2_ws/build/std_msgs -- -j4 -l4
[6.384s] Level 1:colcon.colcon_core.environment:create_environment_scripts_only(std_srvs)
[6.386s] Level 1:colcon.colcon_core.environment:checking '/ros2_ws/install/std_srvs' for CMake module files
[6.391s] DEBUG:colcon.colcon_core.event_handler.log_command:Invoking command in '/ros2_ws/build/std_msgs': CMAKE_PREFIX_PATH=/opt/ros/humble /usr/bin/cmake --install /ros2_ws/build/std_msgs
[6.408s] Level 1:colcon.colcon_core.environment:checking '/ros2_ws/install/std_srvs' for CMake config files
[6.443s] Level 1:colcon.colcon_core.shell:create_environment_hook('std_srvs', 'cmake_prefix_path')
[6.444s] INFO:colcon.colcon_core.shell:Creating environment hook '/ros2_ws/install/std_srvs/share/std_srvs/hook/cmake_prefix_path.ps1'
[6.450s] INFO:colcon.colcon_core.shell:Creating environment descriptor '/ros2_ws/install/std_srvs/share/std_srvs/hook/cmake_prefix_path.dsv'
[6.455s] INFO:colcon.colcon_core.shell:Creating environment hook '/ros2_ws/install/std_srvs/share/std_srvs/hook/cmake_prefix_path.sh'
[6.463s] Level 1:colcon.colcon_core.environment:checking '/ros2_ws/install/std_srvs/lib'
[6.465s] Level 1:colcon.colcon_core.shell:create_environment_hook('std_srvs', 'ld_library_path_lib')
[6.466s] INFO:colcon.colcon_core.shell:Creating environment hook '/ros2_ws/install/std_srvs/share/std_srvs/hook/ld_library_path_lib.ps1'
[6.472s] INFO:colcon.colcon_core.shell:Creating environment descriptor '/ros2_ws/install/std_srvs/share/std_srvs/hook/ld_library_path_lib.dsv'
[6.480s] INFO:colcon.colcon_core.shell:Creating environment hook '/ros2_ws/install/std_srvs/share/std_srvs/hook/ld_library_path_lib.sh'
[6.486s] Level 1:colcon.colcon_core.environment:checking '/ros2_ws/install/std_srvs/bin'
[6.487s] Level 1:colcon.colcon_core.environment:checking '/ros2_ws/install/std_srvs/lib/pkgconfig/std_srvs.pc'
[6.488s] Level 1:colcon.colcon_core.environment:checking '/ros2_ws/install/std_srvs/lib/python3.10/site-packages'
[6.491s] Level 1:colcon.colcon_core.environment:checking '/ros2_ws/install/std_srvs/bin'
[6.493s] INFO:colcon.colcon_core.shell:Creating package script '/ros2_ws/install/std_srvs/share/std_srvs/package.ps1'
[6.498s] INFO:colcon.colcon_core.shell:Creating package descriptor '/ros2_ws/install/std_srvs/share/std_srvs/package.dsv'
[6.501s] INFO:colcon.colcon_core.shell:Creating package script '/ros2_ws/install/std_srvs/share/std_srvs/package.sh'
[6.506s] INFO:colcon.colcon_core.shell:Creating package script '/ros2_ws/install/std_srvs/share/std_srvs/package.bash'
[6.509s] INFO:colcon.colcon_core.shell:Creating package script '/ros2_ws/install/std_srvs/share/std_srvs/package.zsh'
[6.514s] Level 1:colcon.colcon_core.environment:create_file_with_runtime_dependencies(/ros2_ws/install/std_srvs/share/colcon-core/packages/std_srvs)
[6.523s] Level 1:colcon.colcon_core.environment:create_environment_scripts_only(std_srvs)
[6.524s] Level 1:colcon.colcon_core.environment:checking '/ros2_ws/install/std_srvs' for CMake module files
[6.528s] Level 1:colcon.colcon_core.environment:checking '/ros2_ws/install/std_srvs' for CMake config files
[6.531s] Level 1:colcon.colcon_core.shell:create_environment_hook('std_srvs', 'cmake_prefix_path')
[6.532s] INFO:colcon.colcon_core.shell:Creating environment hook '/ros2_ws/install/std_srvs/share/std_srvs/hook/cmake_prefix_path.ps1'
[6.536s] INFO:colcon.colcon_core.shell:Creating environment descriptor '/ros2_ws/install/std_srvs/share/std_srvs/hook/cmake_prefix_path.dsv'
[6.543s] INFO:colcon.colcon_core.shell:Creating environment hook '/ros2_ws/install/std_srvs/share/std_srvs/hook/cmake_prefix_path.sh'
[6.548s] Level 1:colcon.colcon_core.environment:checking '/ros2_ws/install/std_srvs/lib'
[6.549s] Level 1:colcon.colcon_core.shell:create_environment_hook('std_srvs', 'ld_library_path_lib')
[6.551s] INFO:colcon.colcon_core.shell:Creating environment hook '/ros2_ws/install/std_srvs/share/std_srvs/hook/ld_library_path_lib.ps1'
[6.555s] INFO:colcon.colcon_core.shell:Creating environment descriptor '/ros2_ws/install/std_srvs/share/std_srvs/hook/ld_library_path_lib.dsv'
[6.559s] INFO:colcon.colcon_core.shell:Creating environment hook '/ros2_ws/install/std_srvs/share/std_srvs/hook/ld_library_path_lib.sh'
[6.562s] Level 1:colcon.colcon_core.environment:checking '/ros2_ws/install/std_srvs/bin'
[6.563s] Level 1:colcon.colcon_core.environment:checking '/ros2_ws/install/std_srvs/lib/pkgconfig/std_srvs.pc'
[6.564s] Level 1:colcon.colcon_core.environment:checking '/ros2_ws/install/std_srvs/lib/python3.10/site-packages'
[6.566s] Level 1:colcon.colcon_core.environment:checking '/ros2_ws/install/std_srvs/bin'
[6.569s] INFO:colcon.colcon_core.shell:Creating package script '/ros2_ws/install/std_srvs/share/std_srvs/package.ps1'
[6.582s] INFO:colcon.colcon_core.shell:Creating package descriptor '/ros2_ws/install/std_srvs/share/std_srvs/package.dsv'
[6.586s] INFO:colcon.colcon_core.shell:Creating package script '/ros2_ws/install/std_srvs/share/std_srvs/package.sh'
[6.589s] DEBUG:colcon.colcon_core.event_handler.log_command:Invoked command in '/ros2_ws/build/std_srvs' returned '0': CMAKE_PREFIX_PATH=/opt/ros/humble /usr/bin/cmake --install /ros2_ws/build/std_srvs
[6.591s] INFO:colcon.colcon_core.shell:Creating package script '/ros2_ws/install/std_srvs/share/std_srvs/package.bash'
[6.596s] INFO:colcon.colcon_core.shell:Creating package script '/ros2_ws/install/std_srvs/share/std_srvs/package.zsh'
[6.601s] Level 1:colcon.colcon_core.environment:create_file_with_runtime_dependencies(/ros2_ws/install/std_srvs/share/colcon-core/packages/std_srvs)
[6.605s] INFO:colcon.colcon_ros.task.ament_cmake.build:Building ROS package in '/ros2_ws/src/angles/angles' with build type 'ament_cmake'
[6.605s] INFO:colcon.colcon_cmake.task.cmake.build:Building CMake package in '/ros2_ws/src/angles/angles'
[6.606s] INFO:colcon.colcon_core.shell:Skip shell extension 'powershell' for command environment: Not usable outside of PowerShell
[6.607s] DEBUG:colcon.colcon_core.shell:Skip shell extension 'dsv' for command environment
[6.791s] Level 1:colcon.colcon_core.environment:create_environment_scripts_only(rosapi_msgs)
[6.792s] Level 1:colcon.colcon_core.environment:checking '/ros2_ws/install/rosapi_msgs' for CMake module files
[6.799s] Level 1:colcon.colcon_core.environment:checking '/ros2_ws/install/rosapi_msgs' for CMake config files
[6.850s] Level 1:colcon.colcon_core.shell:create_environment_hook('rosapi_msgs', 'cmake_prefix_path')
[6.851s] INFO:colcon.colcon_core.shell:Creating environment hook '/ros2_ws/install/rosapi_msgs/share/rosapi_msgs/hook/cmake_prefix_path.ps1'
[6.853s] INFO:colcon.colcon_core.shell:Creating environment descriptor '/ros2_ws/install/rosapi_msgs/share/rosapi_msgs/hook/cmake_prefix_path.dsv'
[6.855s] INFO:colcon.colcon_core.shell:Creating environment hook '/ros2_ws/install/rosapi_msgs/share/rosapi_msgs/hook/cmake_prefix_path.sh'
[6.858s] Level 1:colcon.colcon_core.environment:checking '/ros2_ws/install/rosapi_msgs/lib'
[6.859s] Level 1:colcon.colcon_core.shell:create_environment_hook('rosapi_msgs', 'ld_library_path_lib')
[6.861s] INFO:colcon.colcon_core.shell:Creating environment hook '/ros2_ws/install/rosapi_msgs/share/rosapi_msgs/hook/ld_library_path_lib.ps1'
[6.874s] INFO:colcon.colcon_core.shell:Creating environment descriptor '/ros2_ws/install/rosapi_msgs/share/rosapi_msgs/hook/ld_library_path_lib.dsv'
[6.876s] INFO:colcon.colcon_core.shell:Creating environment hook '/ros2_ws/install/rosapi_msgs/share/rosapi_msgs/hook/ld_library_path_lib.sh'
[6.878s] Level 1:colcon.colcon_core.environment:checking '/ros2_ws/install/rosapi_msgs/bin'
[6.878s] Level 1:colcon.colcon_core.environment:checking '/ros2_ws/install/rosapi_msgs/lib/pkgconfig/rosapi_msgs.pc'
[6.880s] Level 1:colcon.colcon_core.environment:checking '/ros2_ws/install/rosapi_msgs/lib/python3.10/site-packages'
[6.882s] Level 1:colcon.colcon_core.environment:checking '/ros2_ws/install/rosapi_msgs/bin'
[6.895s] INFO:colcon.colcon_core.shell:Creating package script '/ros2_ws/install/rosapi_msgs/share/rosapi_msgs/package.ps1'
[6.920s] INFO:colcon.colcon_core.shell:Creating package descriptor '/ros2_ws/install/rosapi_msgs/share/rosapi_msgs/package.dsv'
[6.923s] INFO:colcon.colcon_core.shell:Creating package script '/ros2_ws/install/rosapi_msgs/share/rosapi_msgs/package.sh'
[6.925s] INFO:colcon.colcon_core.shell:Creating package script '/ros2_ws/install/rosapi_msgs/share/rosapi_msgs/package.bash'
[6.939s] INFO:colcon.colcon_core.shell:Creating package script '/ros2_ws/install/rosapi_msgs/share/rosapi_msgs/package.zsh'
[6.941s] Level 1:colcon.colcon_core.environment:create_file_with_runtime_dependencies(/ros2_ws/install/rosapi_msgs/share/colcon-core/packages/rosapi_msgs)
[6.950s] Level 1:colcon.colcon_core.environment:create_environment_scripts_only(rosapi_msgs)
[6.952s] Level 1:colcon.colcon_core.environment:checking '/ros2_ws/install/rosapi_msgs' for CMake module files
[6.986s] Level 1:colcon.colcon_core.environment:checking '/ros2_ws/install/rosapi_msgs' for CMake config files
[7.036s] Level 1:colcon.colcon_core.shell:create_environment_hook('rosapi_msgs', 'cmake_prefix_path')
[7.038s] INFO:colcon.colcon_core.shell:Creating environment hook '/ros2_ws/install/rosapi_msgs/share/rosapi_msgs/hook/cmake_prefix_path.ps1'
[7.041s] INFO:colcon.colcon_core.shell:Creating environment descriptor '/ros2_ws/install/rosapi_msgs/share/rosapi_msgs/hook/cmake_prefix_path.dsv'
[7.045s] INFO:colcon.colcon_core.shell:Creating environment hook '/ros2_ws/install/rosapi_msgs/share/rosapi_msgs/hook/cmake_prefix_path.sh'
[7.049s] Level 1:colcon.colcon_core.environment:checking '/ros2_ws/install/rosapi_msgs/lib'
[7.051s] Level 1:colcon.colcon_core.shell:create_environment_hook('rosapi_msgs', 'ld_library_path_lib')
[7.052s] INFO:colcon.colcon_core.shell:Creating environment hook '/ros2_ws/install/rosapi_msgs/share/rosapi_msgs/hook/ld_library_path_lib.ps1'
[7.056s] INFO:colcon.colcon_core.shell:Creating environment descriptor '/ros2_ws/install/rosapi_msgs/share/rosapi_msgs/hook/ld_library_path_lib.dsv'
[7.059s] INFO:colcon.colcon_core.shell:Creating environment hook '/ros2_ws/install/rosapi_msgs/share/rosapi_msgs/hook/ld_library_path_lib.sh'
[7.062s] Level 1:colcon.colcon_core.environment:checking '/ros2_ws/install/rosapi_msgs/bin'
[7.063s] Level 1:colcon.colcon_core.environment:checking '/ros2_ws/install/rosapi_msgs/lib/pkgconfig/rosapi_msgs.pc'
[7.065s] Level 1:colcon.colcon_core.environment:checking '/ros2_ws/install/rosapi_msgs/lib/python3.10/site-packages'
[7.067s] Level 1:colcon.colcon_core.environment:checking '/ros2_ws/install/rosapi_msgs/bin'
[7.068s] INFO:colcon.colcon_core.shell:Creating package script '/ros2_ws/install/rosapi_msgs/share/rosapi_msgs/package.ps1'
[7.073s] INFO:colcon.colcon_core.shell:Creating package descriptor '/ros2_ws/install/rosapi_msgs/share/rosapi_msgs/package.dsv'
[7.078s] INFO:colcon.colcon_core.shell:Creating package script '/ros2_ws/install/rosapi_msgs/share/rosapi_msgs/package.sh'
[7.081s] INFO:colcon.colcon_core.shell:Creating package script '/ros2_ws/install/rosapi_msgs/share/rosapi_msgs/package.bash'
[7.085s] INFO:colcon.colcon_core.shell:Creating package script '/ros2_ws/install/rosapi_msgs/share/rosapi_msgs/package.zsh'
[7.088s] Level 1:colcon.colcon_core.environment:create_file_with_runtime_dependencies(/ros2_ws/install/rosapi_msgs/share/colcon-core/packages/rosapi_msgs)
[7.094s] Level 1:colcon.colcon_core.environment:create_environment_scripts_only(std_msgs)
[7.095s] Level 1:colcon.colcon_core.environment:checking '/ros2_ws/install/std_msgs' for CMake module files
[7.106s] Level 1:colcon.colcon_core.environment:checking '/ros2_ws/install/std_msgs' for CMake config files
[7.141s] Level 1:colcon.colcon_core.shell:create_environment_hook('std_msgs', 'cmake_prefix_path')
[7.142s] INFO:colcon.colcon_core.shell:Creating environment hook '/ros2_ws/install/std_msgs/share/std_msgs/hook/cmake_prefix_path.ps1'
[7.145s] INFO:colcon.colcon_core.shell:Creating environment descriptor '/ros2_ws/install/std_msgs/share/std_msgs/hook/cmake_prefix_path.dsv'
[7.148s] INFO:colcon.colcon_core.shell:Creating environment hook '/ros2_ws/install/std_msgs/share/std_msgs/hook/cmake_prefix_path.sh'
[7.152s] Level 1:colcon.colcon_core.environment:checking '/ros2_ws/install/std_msgs/lib'
[7.153s] Level 1:colcon.colcon_core.shell:create_environment_hook('std_msgs', 'ld_library_path_lib')
[7.155s] INFO:colcon.colcon_core.shell:Creating environment hook '/ros2_ws/install/std_msgs/share/std_msgs/hook/ld_library_path_lib.ps1'
[7.158s] INFO:colcon.colcon_core.shell:Creating environment descriptor '/ros2_ws/install/std_msgs/share/std_msgs/hook/ld_library_path_lib.dsv'
[7.161s] INFO:colcon.colcon_core.shell:Creating environment hook '/ros2_ws/install/std_msgs/share/std_msgs/hook/ld_library_path_lib.sh'
[7.164s] Level 1:colcon.colcon_core.environment:checking '/ros2_ws/install/std_msgs/bin'
[7.165s] Level 1:colcon.colcon_core.environment:checking '/ros2_ws/install/std_msgs/lib/pkgconfig/std_msgs.pc'
[7.166s] Level 1:colcon.colcon_core.environment:checking '/ros2_ws/install/std_msgs/lib/python3.10/site-packages'
[7.168s] Level 1:colcon.colcon_core.environment:checking '/ros2_ws/install/std_msgs/bin'
[7.170s] INFO:colcon.colcon_core.shell:Creating package script '/ros2_ws/install/std_msgs/share/std_msgs/package.ps1'
[7.174s] INFO:colcon.colcon_core.shell:Creating package descriptor '/ros2_ws/install/std_msgs/share/std_msgs/package.dsv'
[7.178s] INFO:colcon.colcon_core.shell:Creating package script '/ros2_ws/install/std_msgs/share/std_msgs/package.sh'
[7.181s] INFO:colcon.colcon_core.shell:Creating package script '/ros2_ws/install/std_msgs/share/std_msgs/package.bash'
[7.184s] INFO:colcon.colcon_core.shell:Creating package script '/ros2_ws/install/std_msgs/share/std_msgs/package.zsh'
[7.186s] Level 1:colcon.colcon_core.environment:create_file_with_runtime_dependencies(/ros2_ws/install/std_msgs/share/colcon-core/packages/std_msgs)
[7.191s] Level 1:colcon.colcon_core.environment:create_environment_scripts_only(std_msgs)
[7.193s] Level 1:colcon.colcon_core.environment:checking '/ros2_ws/install/std_msgs' for CMake module files
[7.203s] Level 1:colcon.colcon_core.environment:checking '/ros2_ws/install/std_msgs' for CMake config files
[7.235s] Level 1:colcon.colcon_core.shell:create_environment_hook('std_msgs', 'cmake_prefix_path')
[7.236s] INFO:colcon.colcon_core.shell:Creating environment hook '/ros2_ws/install/std_msgs/share/std_msgs/hook/cmake_prefix_path.ps1'
[7.239s] INFO:colcon.colcon_core.shell:Creating environment descriptor '/ros2_ws/install/std_msgs/share/std_msgs/hook/cmake_prefix_path.dsv'
[7.243s] INFO:colcon.colcon_core.shell:Creating environment hook '/ros2_ws/install/std_msgs/share/std_msgs/hook/cmake_prefix_path.sh'
[7.247s] Level 1:colcon.colcon_core.environment:checking '/ros2_ws/install/std_msgs/lib'
[7.248s] Level 1:colcon.colcon_core.shell:create_environment_hook('std_msgs', 'ld_library_path_lib')
[7.250s] INFO:colcon.colcon_core.shell:Creating environment hook '/ros2_ws/install/std_msgs/share/std_msgs/hook/ld_library_path_lib.ps1'
[7.253s] INFO:colcon.colcon_core.shell:Creating environment descriptor '/ros2_ws/install/std_msgs/share/std_msgs/hook/ld_library_path_lib.dsv'
[7.256s] INFO:colcon.colcon_core.shell:Creating environment hook '/ros2_ws/install/std_msgs/share/std_msgs/hook/ld_library_path_lib.sh'
[7.259s] Level 1:colcon.colcon_core.environment:checking '/ros2_ws/install/std_msgs/bin'
[7.260s] Level 1:colcon.colcon_core.environment:checking '/ros2_ws/install/std_msgs/lib/pkgconfig/std_msgs.pc'
[7.261s] Level 1:colcon.colcon_core.environment:checking '/ros2_ws/install/std_msgs/lib/python3.10/site-packages'
[7.263s] Level 1:colcon.colcon_core.environment:checking '/ros2_ws/install/std_msgs/bin'
[7.264s] INFO:colcon.colcon_core.shell:Creating package script '/ros2_ws/install/std_msgs/share/std_msgs/package.ps1'
[7.269s] INFO:colcon.colcon_core.shell:Creating package descriptor '/ros2_ws/install/std_msgs/share/std_msgs/package.dsv'
[7.273s] INFO:colcon.colcon_core.shell:Creating package script '/ros2_ws/install/std_msgs/share/std_msgs/package.sh'
[7.278s] INFO:colcon.colcon_core.shell:Creating package script '/ros2_ws/install/std_msgs/share/std_msgs/package.bash'
[7.281s] INFO:colcon.colcon_core.shell:Creating package script '/ros2_ws/install/std_msgs/share/std_msgs/package.zsh'
[7.284s] Level 1:colcon.colcon_core.environment:create_file_with_runtime_dependencies(/ros2_ws/install/std_msgs/share/colcon-core/packages/std_msgs)
[7.286s] Level 1:colcon.colcon_core.environment:create_environment_scripts_only(rosbridge_msgs)
[7.288s] Level 1:colcon.colcon_core.environment:checking '/ros2_ws/install/rosbridge_msgs' for CMake module files
[7.297s] Level 1:colcon.colcon_core.environment:checking '/ros2_ws/install/rosbridge_msgs' for CMake config files
[7.313s] Level 1:colcon.colcon_core.shell:create_environment_hook('rosbridge_msgs', 'cmake_prefix_path')
[7.314s] INFO:colcon.colcon_core.shell:Creating environment hook '/ros2_ws/install/rosbridge_msgs/share/rosbridge_msgs/hook/cmake_prefix_path.ps1'
[7.317s] INFO:colcon.colcon_core.shell:Creating environment descriptor '/ros2_ws/install/rosbridge_msgs/share/rosbridge_msgs/hook/cmake_prefix_path.dsv'
[7.320s] INFO:colcon.colcon_core.shell:Creating environment hook '/ros2_ws/install/rosbridge_msgs/share/rosbridge_msgs/hook/cmake_prefix_path.sh'
[7.324s] Level 1:colcon.colcon_core.environment:checking '/ros2_ws/install/rosbridge_msgs/lib'
[7.325s] Level 1:colcon.colcon_core.shell:create_environment_hook('rosbridge_msgs', 'ld_library_path_lib')
[7.326s] INFO:colcon.colcon_core.shell:Creating environment hook '/ros2_ws/install/rosbridge_msgs/share/rosbridge_msgs/hook/ld_library_path_lib.ps1'
[7.329s] INFO:colcon.colcon_core.shell:Creating environment descriptor '/ros2_ws/install/rosbridge_msgs/share/rosbridge_msgs/hook/ld_library_path_lib.dsv'
[7.332s] INFO:colcon.colcon_core.shell:Creating environment hook '/ros2_ws/install/rosbridge_msgs/share/rosbridge_msgs/hook/ld_library_path_lib.sh'
[7.335s] Level 1:colcon.colcon_core.environment:checking '/ros2_ws/install/rosbridge_msgs/bin'
[7.336s] Level 1:colcon.colcon_core.environment:checking '/ros2_ws/install/rosbridge_msgs/lib/pkgconfig/rosbridge_msgs.pc'
[7.337s] Level 1:colcon.colcon_core.environment:checking '/ros2_ws/install/rosbridge_msgs/lib/python3.10/site-packages'
[7.339s] Level 1:colcon.colcon_core.environment:checking '/ros2_ws/install/rosbridge_msgs/bin'
[7.341s] INFO:colcon.colcon_core.shell:Creating package script '/ros2_ws/install/rosbridge_msgs/share/rosbridge_msgs/package.ps1'
[7.345s] INFO:colcon.colcon_core.shell:Creating package descriptor '/ros2_ws/install/rosbridge_msgs/share/rosbridge_msgs/package.dsv'
[7.349s] INFO:colcon.colcon_core.shell:Creating package script '/ros2_ws/install/rosbridge_msgs/share/rosbridge_msgs/package.sh'
[7.353s] INFO:colcon.colcon_core.shell:Creating package script '/ros2_ws/install/rosbridge_msgs/share/rosbridge_msgs/package.bash'
[7.356s] INFO:colcon.colcon_core.shell:Creating package script '/ros2_ws/install/rosbridge_msgs/share/rosbridge_msgs/package.zsh'
[7.359s] Level 1:colcon.colcon_core.environment:create_file_with_runtime_dependencies(/ros2_ws/install/rosbridge_msgs/share/colcon-core/packages/rosbridge_msgs)
[7.365s] Level 1:colcon.colcon_core.environment:create_environment_scripts_only(rosbridge_msgs)
[7.366s] Level 1:colcon.colcon_core.environment:checking '/ros2_ws/install/rosbridge_msgs' for CMake module files
[7.370s] DEBUG:colcon.colcon_core.event_handler.log_command:Invoked command in '/ros2_ws/build/rosbridge_msgs' returned '0': CMAKE_PREFIX_PATH=/opt/ros/humble /usr/bin/cmake --build /ros2_ws/build/rosbridge_msgs -- -j4 -l4
[7.371s] DEBUG:colcon.colcon_core.event_handler.log_command:Invoking command in '/ros2_ws/build/rosbridge_msgs': CMAKE_PREFIX_PATH=/opt/ros/humble /usr/bin/cmake --install /ros2_ws/build/rosbridge_msgs
[7.376s] DEBUG:colcon.colcon_core.event_handler.log_command:Invoking command in '/ros2_ws/build/angles': CMAKE_PREFIX_PATH=/opt/ros/humble /usr/bin/cmake --build /ros2_ws/build/angles -- -j4 -l4
[7.378s] Level 1:colcon.colcon_core.environment:checking '/ros2_ws/install/rosbridge_msgs' for CMake config files
[7.391s] Level 1:colcon.colcon_core.shell:create_environment_hook('rosbridge_msgs', 'cmake_prefix_path')
[7.393s] INFO:colcon.colcon_core.shell:Creating environment hook '/ros2_ws/install/rosbridge_msgs/share/rosbridge_msgs/hook/cmake_prefix_path.ps1'
[7.396s] INFO:colcon.colcon_core.shell:Creating environment descriptor '/ros2_ws/install/rosbridge_msgs/share/rosbridge_msgs/hook/cmake_prefix_path.dsv'
[7.400s] INFO:colcon.colcon_core.shell:Creating environment hook '/ros2_ws/install/rosbridge_msgs/share/rosbridge_msgs/hook/cmake_prefix_path.sh'
[7.404s] Level 1:colcon.colcon_core.environment:checking '/ros2_ws/install/rosbridge_msgs/lib'
[7.405s] Level 1:colcon.colcon_core.shell:create_environment_hook('rosbridge_msgs', 'ld_library_path_lib')
[7.406s] INFO:colcon.colcon_core.shell:Creating environment hook '/ros2_ws/install/rosbridge_msgs/share/rosbridge_msgs/hook/ld_library_path_lib.ps1'
[7.409s] INFO:colcon.colcon_core.shell:Creating environment descriptor '/ros2_ws/install/rosbridge_msgs/share/rosbridge_msgs/hook/ld_library_path_lib.dsv'
[7.411s] INFO:colcon.colcon_core.shell:Creating environment hook '/ros2_ws/install/rosbridge_msgs/share/rosbridge_msgs/hook/ld_library_path_lib.sh'
[7.414s] Level 1:colcon.colcon_core.environment:checking '/ros2_ws/install/rosbridge_msgs/bin'
[7.415s] Level 1:colcon.colcon_core.environment:checking '/ros2_ws/install/rosbridge_msgs/lib/pkgconfig/rosbridge_msgs.pc'
[7.416s] Level 1:colcon.colcon_core.environment:checking '/ros2_ws/install/rosbridge_msgs/lib/python3.10/site-packages'
[7.418s] Level 1:colcon.colcon_core.environment:checking '/ros2_ws/install/rosbridge_msgs/bin'
[7.420s] INFO:colcon.colcon_core.shell:Creating package script '/ros2_ws/install/rosbridge_msgs/share/rosbridge_msgs/package.ps1'
[7.425s] INFO:colcon.colcon_core.shell:Creating package descriptor '/ros2_ws/install/rosbridge_msgs/share/rosbridge_msgs/package.dsv'
[7.428s] INFO:colcon.colcon_core.shell:Creating package script '/ros2_ws/install/rosbridge_msgs/share/rosbridge_msgs/package.sh'
[7.432s] INFO:colcon.colcon_core.shell:Creating package script '/ros2_ws/install/rosbridge_msgs/share/rosbridge_msgs/package.bash'
[7.435s] INFO:colcon.colcon_core.shell:Creating package script '/ros2_ws/install/rosbridge_msgs/share/rosbridge_msgs/package.zsh'
[7.438s] Level 1:colcon.colcon_core.environment:create_file_with_runtime_dependencies(/ros2_ws/install/rosbridge_msgs/share/colcon-core/packages/rosbridge_msgs)
[7.441s] INFO:colcon.colcon_ros.task.ament_cmake.build:Building ROS package in '/ros2_ws/src/common_interfaces/geometry_msgs' with build type 'ament_cmake'
[7.441s] INFO:colcon.colcon_cmake.task.cmake.build:Building CMake package in '/ros2_ws/src/common_interfaces/geometry_msgs'
[7.442s] INFO:colcon.colcon_core.shell:Skip shell extension 'powershell' for command environment: Not usable outside of PowerShell
[7.442s] DEBUG:colcon.colcon_core.shell:Skip shell extension 'dsv' for command environment
[7.479s] INFO:colcon.colcon_ros.task.ament_cmake.build:Building ROS package in '/ros2_ws/src/common_interfaces/actionlib_msgs' with build type 'ament_cmake'
[7.479s] INFO:colcon.colcon_cmake.task.cmake.build:Building CMake package in '/ros2_ws/src/common_interfaces/actionlib_msgs'
[7.481s] INFO:colcon.colcon_core.shell:Skip shell extension 'powershell' for command environment: Not usable outside of PowerShell
[7.481s] DEBUG:colcon.colcon_core.shell:Skip shell extension 'dsv' for command environment
[7.582s] DEBUG:colcon.colcon_core.event_handler.log_command:Invoked command in '/ros2_ws/build/rosapi_msgs' returned '0': CMAKE_PREFIX_PATH=/opt/ros/humble /usr/bin/cmake --install /ros2_ws/build/rosapi_msgs
[7.622s] DEBUG:colcon.colcon_core.event_handler.log_command:Invoked command in '/ros2_ws/build/std_msgs' returned '0': CMAKE_PREFIX_PATH=/opt/ros/humble /usr/bin/cmake --install /ros2_ws/build/std_msgs
[7.625s] DEBUG:colcon.colcon_core.event_handler.log_command:Invoked command in '/ros2_ws/build/rosbridge_msgs' returned '0': CMAKE_PREFIX_PATH=/opt/ros/humble /usr/bin/cmake --install /ros2_ws/build/rosbridge_msgs
[7.632s] DEBUG:colcon.colcon_core.event_handler.log_command:Invoking command in '/ros2_ws/build/geometry_msgs': AMENT_PREFIX_PATH=/ros2_ws/install/std_msgs:${AMENT_PREFIX_PATH} CMAKE_PREFIX_PATH=/ros2_ws/install/std_msgs:/opt/ros/humble LD_LIBRARY_PATH=/ros2_ws/install/std_msgs/lib:${LD_LIBRARY_PATH} PYTHONPATH=/ros2_ws/install/std_msgs/local/lib/python3.10/dist-packages:${PYTHONPATH} /usr/bin/cmake --build /ros2_ws/build/geometry_msgs -- -j4 -l4
[7.634s] DEBUG:colcon.colcon_core.event_handler.log_command:Invoking command in '/ros2_ws/build/actionlib_msgs': AMENT_PREFIX_PATH=/ros2_ws/install/std_msgs:${AMENT_PREFIX_PATH} CMAKE_PREFIX_PATH=/ros2_ws/install/std_msgs:/opt/ros/humble LD_LIBRARY_PATH=/ros2_ws/install/std_msgs/lib:${LD_LIBRARY_PATH} PYTHONPATH=/ros2_ws/install/std_msgs/local/lib/python3.10/dist-packages:${PYTHONPATH} /usr/bin/cmake --build /ros2_ws/build/actionlib_msgs -- -j4 -l4
[8.207s] DEBUG:colcon.colcon_core.event_handler.log_command:Invoked command in '/ros2_ws/build/angles' returned '0': CMAKE_PREFIX_PATH=/opt/ros/humble /usr/bin/cmake --build /ros2_ws/build/angles -- -j4 -l4
[8.228s] DEBUG:colcon.colcon_core.event_handler.log_command:Invoking command in '/ros2_ws/build/angles': CMAKE_PREFIX_PATH=/opt/ros/humble /usr/bin/cmake --install /ros2_ws/build/angles
[8.561s] Level 1:colcon.colcon_core.environment:create_environment_scripts_only(angles)
[8.562s] Level 1:colcon.colcon_core.environment:checking '/ros2_ws/install/angles' for CMake module files
[8.565s] Level 1:colcon.colcon_core.environment:checking '/ros2_ws/install/angles' for CMake config files
[8.568s] DEBUG:colcon.colcon_core.event_handler.log_command:Invoked command in '/ros2_ws/build/angles' returned '0': CMAKE_PREFIX_PATH=/opt/ros/humble /usr/bin/cmake --install /ros2_ws/build/angles
[8.573s] Level 1:colcon.colcon_core.shell:create_environment_hook('angles', 'cmake_prefix_path')
[8.574s] INFO:colcon.colcon_core.shell:Creating environment hook '/ros2_ws/install/angles/share/angles/hook/cmake_prefix_path.ps1'
[8.581s] INFO:colcon.colcon_core.shell:Creating environment descriptor '/ros2_ws/install/angles/share/angles/hook/cmake_prefix_path.dsv'
[8.590s] INFO:colcon.colcon_core.shell:Creating environment hook '/ros2_ws/install/angles/share/angles/hook/cmake_prefix_path.sh'
[8.594s] Level 1:colcon.colcon_core.environment:checking '/ros2_ws/install/angles/bin'
[8.595s] Level 1:colcon.colcon_core.environment:checking '/ros2_ws/install/angles/lib/pkgconfig/angles.pc'
[8.598s] Level 1:colcon.colcon_core.environment:checking '/ros2_ws/install/angles/lib/python3.10/site-packages'
[8.600s] Level 1:colcon.colcon_core.environment:checking '/ros2_ws/install/angles/bin'
[8.602s] INFO:colcon.colcon_core.shell:Creating package script '/ros2_ws/install/angles/share/angles/package.ps1'
[8.617s] INFO:colcon.colcon_core.shell:Creating package descriptor '/ros2_ws/install/angles/share/angles/package.dsv'
[8.632s] INFO:colcon.colcon_core.shell:Creating package script '/ros2_ws/install/angles/share/angles/package.sh'
[8.639s] INFO:colcon.colcon_core.shell:Creating package script '/ros2_ws/install/angles/share/angles/package.bash'
[8.641s] INFO:colcon.colcon_core.shell:Creating package script '/ros2_ws/install/angles/share/angles/package.zsh'
[8.642s] Level 1:colcon.colcon_core.environment:create_file_with_runtime_dependencies(/ros2_ws/install/angles/share/colcon-core/packages/angles)
[8.645s] Level 1:colcon.colcon_core.environment:create_environment_scripts_only(angles)
[8.646s] Level 1:colcon.colcon_core.environment:checking '/ros2_ws/install/angles' for CMake module files
[8.649s] Level 1:colcon.colcon_core.environment:checking '/ros2_ws/install/angles' for CMake config files
[8.651s] Level 1:colcon.colcon_core.shell:create_environment_hook('angles', 'cmake_prefix_path')
[8.664s] INFO:colcon.colcon_core.shell:Creating environment hook '/ros2_ws/install/angles/share/angles/hook/cmake_prefix_path.ps1'
[8.666s] INFO:colcon.colcon_core.shell:Creating environment descriptor '/ros2_ws/install/angles/share/angles/hook/cmake_prefix_path.dsv'
[8.675s] INFO:colcon.colcon_core.shell:Creating environment hook '/ros2_ws/install/angles/share/angles/hook/cmake_prefix_path.sh'
[8.678s] Level 1:colcon.colcon_core.environment:checking '/ros2_ws/install/angles/bin'
[8.678s] Level 1:colcon.colcon_core.environment:checking '/ros2_ws/install/angles/lib/pkgconfig/angles.pc'
[8.679s] Level 1:colcon.colcon_core.environment:checking '/ros2_ws/install/angles/lib/python3.10/site-packages'
[8.681s] Level 1:colcon.colcon_core.environment:checking '/ros2_ws/install/angles/bin'
[8.683s] INFO:colcon.colcon_core.shell:Creating package script '/ros2_ws/install/angles/share/angles/package.ps1'
[8.695s] INFO:colcon.colcon_core.shell:Creating package descriptor '/ros2_ws/install/angles/share/angles/package.dsv'
[8.697s] INFO:colcon.colcon_core.shell:Creating package script '/ros2_ws/install/angles/share/angles/package.sh'
[8.699s] INFO:colcon.colcon_core.shell:Creating package script '/ros2_ws/install/angles/share/angles/package.bash'
[8.702s] INFO:colcon.colcon_core.shell:Creating package script '/ros2_ws/install/angles/share/angles/package.zsh'
[8.704s] Level 1:colcon.colcon_core.environment:create_file_with_runtime_dependencies(/ros2_ws/install/angles/share/colcon-core/packages/angles)
[9.275s] DEBUG:colcon.colcon_core.event_handler.log_command:Invoked command in '/ros2_ws/build/actionlib_msgs' returned '0': AMENT_PREFIX_PATH=/ros2_ws/install/std_msgs:${AMENT_PREFIX_PATH} CMAKE_PREFIX_PATH=/ros2_ws/install/std_msgs:/opt/ros/humble LD_LIBRARY_PATH=/ros2_ws/install/std_msgs/lib:${LD_LIBRARY_PATH} PYTHONPATH=/ros2_ws/install/std_msgs/local/lib/python3.10/dist-packages:${PYTHONPATH} /usr/bin/cmake --build /ros2_ws/build/actionlib_msgs -- -j4 -l4
[9.282s] DEBUG:colcon.colcon_core.event_handler.log_command:Invoking command in '/ros2_ws/build/actionlib_msgs': AMENT_PREFIX_PATH=/ros2_ws/install/std_msgs:${AMENT_PREFIX_PATH} CMAKE_PREFIX_PATH=/ros2_ws/install/std_msgs:/opt/ros/humble LD_LIBRARY_PATH=/ros2_ws/install/std_msgs/lib:${LD_LIBRARY_PATH} PYTHONPATH=/ros2_ws/install/std_msgs/local/lib/python3.10/dist-packages:${PYTHONPATH} /usr/bin/cmake --install /ros2_ws/build/actionlib_msgs
[9.567s] Level 1:colcon.colcon_core.environment:create_environment_scripts_only(actionlib_msgs)
[9.569s] Level 1:colcon.colcon_core.environment:checking '/ros2_ws/install/actionlib_msgs' for CMake module files
[9.571s] DEBUG:colcon.colcon_core.event_handler.log_command:Invoked command in '/ros2_ws/build/actionlib_msgs' returned '0': AMENT_PREFIX_PATH=/ros2_ws/install/std_msgs:${AMENT_PREFIX_PATH} CMAKE_PREFIX_PATH=/ros2_ws/install/std_msgs:/opt/ros/humble LD_LIBRARY_PATH=/ros2_ws/install/std_msgs/lib:${LD_LIBRARY_PATH} PYTHONPATH=/ros2_ws/install/std_msgs/local/lib/python3.10/dist-packages:${PYTHONPATH} /usr/bin/cmake --install /ros2_ws/build/actionlib_msgs
[9.574s] Level 1:colcon.colcon_core.environment:checking '/ros2_ws/install/actionlib_msgs' for CMake config files
[9.581s] Level 1:colcon.colcon_core.shell:create_environment_hook('actionlib_msgs', 'cmake_prefix_path')
[9.583s] INFO:colcon.colcon_core.shell:Creating environment hook '/ros2_ws/install/actionlib_msgs/share/actionlib_msgs/hook/cmake_prefix_path.ps1'
[9.585s] INFO:colcon.colcon_core.shell:Creating environment descriptor '/ros2_ws/install/actionlib_msgs/share/actionlib_msgs/hook/cmake_prefix_path.dsv'
[9.586s] INFO:colcon.colcon_core.shell:Creating environment hook '/ros2_ws/install/actionlib_msgs/share/actionlib_msgs/hook/cmake_prefix_path.sh'
[9.589s] Level 1:colcon.colcon_core.environment:checking '/ros2_ws/install/actionlib_msgs/lib'
[9.589s] Level 1:colcon.colcon_core.shell:create_environment_hook('actionlib_msgs', 'ld_library_path_lib')
[9.590s] INFO:colcon.colcon_core.shell:Creating environment hook '/ros2_ws/install/actionlib_msgs/share/actionlib_msgs/hook/ld_library_path_lib.ps1'
[9.592s] INFO:colcon.colcon_core.shell:Creating environment descriptor '/ros2_ws/install/actionlib_msgs/share/actionlib_msgs/hook/ld_library_path_lib.dsv'
[9.594s] INFO:colcon.colcon_core.shell:Creating environment hook '/ros2_ws/install/actionlib_msgs/share/actionlib_msgs/hook/ld_library_path_lib.sh'
[9.597s] Level 1:colcon.colcon_core.environment:checking '/ros2_ws/install/actionlib_msgs/bin'
[9.597s] Level 1:colcon.colcon_core.environment:checking '/ros2_ws/install/actionlib_msgs/lib/pkgconfig/actionlib_msgs.pc'
[9.598s] Level 1:colcon.colcon_core.environment:checking '/ros2_ws/install/actionlib_msgs/lib/python3.10/site-packages'
[9.601s] Level 1:colcon.colcon_core.environment:checking '/ros2_ws/install/actionlib_msgs/bin'
[9.602s] INFO:colcon.colcon_core.shell:Creating package script '/ros2_ws/install/actionlib_msgs/share/actionlib_msgs/package.ps1'
[9.606s] INFO:colcon.colcon_core.shell:Creating package descriptor '/ros2_ws/install/actionlib_msgs/share/actionlib_msgs/package.dsv'
[9.608s] INFO:colcon.colcon_core.shell:Creating package script '/ros2_ws/install/actionlib_msgs/share/actionlib_msgs/package.sh'
[9.610s] INFO:colcon.colcon_core.shell:Creating package script '/ros2_ws/install/actionlib_msgs/share/actionlib_msgs/package.bash'
[9.613s] INFO:colcon.colcon_core.shell:Creating package script '/ros2_ws/install/actionlib_msgs/share/actionlib_msgs/package.zsh'
[9.615s] Level 1:colcon.colcon_core.environment:create_file_with_runtime_dependencies(/ros2_ws/install/actionlib_msgs/share/colcon-core/packages/actionlib_msgs)
[9.618s] Level 1:colcon.colcon_core.environment:create_environment_scripts_only(actionlib_msgs)
[9.619s] Level 1:colcon.colcon_core.environment:checking '/ros2_ws/install/actionlib_msgs' for CMake module files
[9.623s] Level 1:colcon.colcon_core.environment:checking '/ros2_ws/install/actionlib_msgs' for CMake config files
[9.627s] Level 1:colcon.colcon_core.shell:create_environment_hook('actionlib_msgs', 'cmake_prefix_path')
[9.628s] INFO:colcon.colcon_core.shell:Creating environment hook '/ros2_ws/install/actionlib_msgs/share/actionlib_msgs/hook/cmake_prefix_path.ps1'
[9.631s] INFO:colcon.colcon_core.shell:Creating environment descriptor '/ros2_ws/install/actionlib_msgs/share/actionlib_msgs/hook/cmake_prefix_path.dsv'
[9.632s] INFO:colcon.colcon_core.shell:Creating environment hook '/ros2_ws/install/actionlib_msgs/share/actionlib_msgs/hook/cmake_prefix_path.sh'
[9.635s] Level 1:colcon.colcon_core.environment:checking '/ros2_ws/install/actionlib_msgs/lib'
[9.635s] Level 1:colcon.colcon_core.shell:create_environment_hook('actionlib_msgs', 'ld_library_path_lib')
[9.637s] INFO:colcon.colcon_core.shell:Creating environment hook '/ros2_ws/install/actionlib_msgs/share/actionlib_msgs/hook/ld_library_path_lib.ps1'
[9.639s] INFO:colcon.colcon_core.shell:Creating environment descriptor '/ros2_ws/install/actionlib_msgs/share/actionlib_msgs/hook/ld_library_path_lib.dsv'
[9.640s] INFO:colcon.colcon_core.shell:Creating environment hook '/ros2_ws/install/actionlib_msgs/share/actionlib_msgs/hook/ld_library_path_lib.sh'
[9.642s] Level 1:colcon.colcon_core.environment:checking '/ros2_ws/install/actionlib_msgs/bin'
[9.643s] Level 1:colcon.colcon_core.environment:checking '/ros2_ws/install/actionlib_msgs/lib/pkgconfig/actionlib_msgs.pc'
[9.644s] Level 1:colcon.colcon_core.environment:checking '/ros2_ws/install/actionlib_msgs/lib/python3.10/site-packages'
[9.646s] Level 1:colcon.colcon_core.environment:checking '/ros2_ws/install/actionlib_msgs/bin'
[9.647s] INFO:colcon.colcon_core.shell:Creating package script '/ros2_ws/install/actionlib_msgs/share/actionlib_msgs/package.ps1'
[9.653s] INFO:colcon.colcon_core.shell:Creating package descriptor '/ros2_ws/install/actionlib_msgs/share/actionlib_msgs/package.dsv'
[9.656s] INFO:colcon.colcon_core.shell:Creating package script '/ros2_ws/install/actionlib_msgs/share/actionlib_msgs/package.sh'
[9.658s] INFO:colcon.colcon_core.shell:Creating package script '/ros2_ws/install/actionlib_msgs/share/actionlib_msgs/package.bash'
[9.660s] INFO:colcon.colcon_core.shell:Creating package script '/ros2_ws/install/actionlib_msgs/share/actionlib_msgs/package.zsh'
[9.663s] Level 1:colcon.colcon_core.environment:create_file_with_runtime_dependencies(/ros2_ws/install/actionlib_msgs/share/colcon-core/packages/actionlib_msgs)
[9.803s] DEBUG:colcon.colcon_core.event_handler.log_command:Invoked command in '/ros2_ws/build/geometry_msgs' returned '0': AMENT_PREFIX_PATH=/ros2_ws/install/std_msgs:${AMENT_PREFIX_PATH} CMAKE_PREFIX_PATH=/ros2_ws/install/std_msgs:/opt/ros/humble LD_LIBRARY_PATH=/ros2_ws/install/std_msgs/lib:${LD_LIBRARY_PATH} PYTHONPATH=/ros2_ws/install/std_msgs/local/lib/python3.10/dist-packages:${PYTHONPATH} /usr/bin/cmake --build /ros2_ws/build/geometry_msgs -- -j4 -l4
[9.810s] DEBUG:colcon.colcon_core.event_handler.log_command:Invoking command in '/ros2_ws/build/geometry_msgs': AMENT_PREFIX_PATH=/ros2_ws/install/std_msgs:${AMENT_PREFIX_PATH} CMAKE_PREFIX_PATH=/ros2_ws/install/std_msgs:/opt/ros/humble LD_LIBRARY_PATH=/ros2_ws/install/std_msgs/lib:${LD_LIBRARY_PATH} PYTHONPATH=/ros2_ws/install/std_msgs/local/lib/python3.10/dist-packages:${PYTHONPATH} /usr/bin/cmake --install /ros2_ws/build/geometry_msgs
[10.169s] Level 1:colcon.colcon_core.environment:create_environment_scripts_only(geometry_msgs)
[10.170s] Level 1:colcon.colcon_core.environment:checking '/ros2_ws/install/geometry_msgs' for CMake module files
[10.172s] DEBUG:colcon.colcon_core.event_handler.log_command:Invoked command in '/ros2_ws/build/geometry_msgs' returned '0': AMENT_PREFIX_PATH=/ros2_ws/install/std_msgs:${AMENT_PREFIX_PATH} CMAKE_PREFIX_PATH=/ros2_ws/install/std_msgs:/opt/ros/humble LD_LIBRARY_PATH=/ros2_ws/install/std_msgs/lib:${LD_LIBRARY_PATH} PYTHONPATH=/ros2_ws/install/std_msgs/local/lib/python3.10/dist-packages:${PYTHONPATH} /usr/bin/cmake --install /ros2_ws/build/geometry_msgs
[10.174s] Level 1:colcon.colcon_core.environment:checking '/ros2_ws/install/geometry_msgs' for CMake config files
[10.183s] Level 1:colcon.colcon_core.shell:create_environment_hook('geometry_msgs', 'cmake_prefix_path')
[10.185s] INFO:colcon.colcon_core.shell:Creating environment hook '/ros2_ws/install/geometry_msgs/share/geometry_msgs/hook/cmake_prefix_path.ps1'
[10.187s] INFO:colcon.colcon_core.shell:Creating environment descriptor '/ros2_ws/install/geometry_msgs/share/geometry_msgs/hook/cmake_prefix_path.dsv'
[10.188s] INFO:colcon.colcon_core.shell:Creating environment hook '/ros2_ws/install/geometry_msgs/share/geometry_msgs/hook/cmake_prefix_path.sh'
[10.190s] Level 1:colcon.colcon_core.environment:checking '/ros2_ws/install/geometry_msgs/lib'
[10.191s] Level 1:colcon.colcon_core.shell:create_environment_hook('geometry_msgs', 'ld_library_path_lib')
[10.192s] INFO:colcon.colcon_core.shell:Creating environment hook '/ros2_ws/install/geometry_msgs/share/geometry_msgs/hook/ld_library_path_lib.ps1'
[10.193s] INFO:colcon.colcon_core.shell:Creating environment descriptor '/ros2_ws/install/geometry_msgs/share/geometry_msgs/hook/ld_library_path_lib.dsv'
[10.194s] INFO:colcon.colcon_core.shell:Creating environment hook '/ros2_ws/install/geometry_msgs/share/geometry_msgs/hook/ld_library_path_lib.sh'
[10.196s] Level 1:colcon.colcon_core.environment:checking '/ros2_ws/install/geometry_msgs/bin'
[10.196s] Level 1:colcon.colcon_core.environment:checking '/ros2_ws/install/geometry_msgs/lib/pkgconfig/geometry_msgs.pc'
[10.197s] Level 1:colcon.colcon_core.environment:checking '/ros2_ws/install/geometry_msgs/lib/python3.10/site-packages'
[10.199s] Level 1:colcon.colcon_core.environment:checking '/ros2_ws/install/geometry_msgs/bin'
[10.200s] INFO:colcon.colcon_core.shell:Creating package script '/ros2_ws/install/geometry_msgs/share/geometry_msgs/package.ps1'
[10.203s] INFO:colcon.colcon_core.shell:Creating package descriptor '/ros2_ws/install/geometry_msgs/share/geometry_msgs/package.dsv'
[10.205s] INFO:colcon.colcon_core.shell:Creating package script '/ros2_ws/install/geometry_msgs/share/geometry_msgs/package.sh'
[10.206s] INFO:colcon.colcon_core.shell:Creating package script '/ros2_ws/install/geometry_msgs/share/geometry_msgs/package.bash'
[10.207s] INFO:colcon.colcon_core.shell:Creating package script '/ros2_ws/install/geometry_msgs/share/geometry_msgs/package.zsh'
[10.209s] Level 1:colcon.colcon_core.environment:create_file_with_runtime_dependencies(/ros2_ws/install/geometry_msgs/share/colcon-core/packages/geometry_msgs)
[10.211s] Level 1:colcon.colcon_core.environment:create_environment_scripts_only(geometry_msgs)
[10.212s] Level 1:colcon.colcon_core.environment:checking '/ros2_ws/install/geometry_msgs' for CMake module files
[10.215s] Level 1:colcon.colcon_core.environment:checking '/ros2_ws/install/geometry_msgs' for CMake config files
[10.223s] Level 1:colcon.colcon_core.shell:create_environment_hook('geometry_msgs', 'cmake_prefix_path')
[10.224s] INFO:colcon.colcon_core.shell:Creating environment hook '/ros2_ws/install/geometry_msgs/share/geometry_msgs/hook/cmake_prefix_path.ps1'
[10.225s] INFO:colcon.colcon_core.shell:Creating environment descriptor '/ros2_ws/install/geometry_msgs/share/geometry_msgs/hook/cmake_prefix_path.dsv'
[10.227s] INFO:colcon.colcon_core.shell:Creating environment hook '/ros2_ws/install/geometry_msgs/share/geometry_msgs/hook/cmake_prefix_path.sh'
[10.228s] Level 1:colcon.colcon_core.environment:checking '/ros2_ws/install/geometry_msgs/lib'
[10.229s] Level 1:colcon.colcon_core.shell:create_environment_hook('geometry_msgs', 'ld_library_path_lib')
[10.230s] INFO:colcon.colcon_core.shell:Creating environment hook '/ros2_ws/install/geometry_msgs/share/geometry_msgs/hook/ld_library_path_lib.ps1'
[10.231s] INFO:colcon.colcon_core.shell:Creating environment descriptor '/ros2_ws/install/geometry_msgs/share/geometry_msgs/hook/ld_library_path_lib.dsv'
[10.233s] INFO:colcon.colcon_core.shell:Creating environment hook '/ros2_ws/install/geometry_msgs/share/geometry_msgs/hook/ld_library_path_lib.sh'
[10.234s] Level 1:colcon.colcon_core.environment:checking '/ros2_ws/install/geometry_msgs/bin'
[10.234s] Level 1:colcon.colcon_core.environment:checking '/ros2_ws/install/geometry_msgs/lib/pkgconfig/geometry_msgs.pc'
[10.235s] Level 1:colcon.colcon_core.environment:checking '/ros2_ws/install/geometry_msgs/lib/python3.10/site-packages'
[10.237s] Level 1:colcon.colcon_core.environment:checking '/ros2_ws/install/geometry_msgs/bin'
[10.238s] INFO:colcon.colcon_core.shell:Creating package script '/ros2_ws/install/geometry_msgs/share/geometry_msgs/package.ps1'
[10.241s] INFO:colcon.colcon_core.shell:Creating package descriptor '/ros2_ws/install/geometry_msgs/share/geometry_msgs/package.dsv'
[10.243s] INFO:colcon.colcon_core.shell:Creating package script '/ros2_ws/install/geometry_msgs/share/geometry_msgs/package.sh'
[10.245s] INFO:colcon.colcon_core.shell:Creating package script '/ros2_ws/install/geometry_msgs/share/geometry_msgs/package.bash'
[10.246s] INFO:colcon.colcon_core.shell:Creating package script '/ros2_ws/install/geometry_msgs/share/geometry_msgs/package.zsh'
[10.248s] Level 1:colcon.colcon_core.environment:create_file_with_runtime_dependencies(/ros2_ws/install/geometry_msgs/share/colcon-core/packages/geometry_msgs)
[10.250s] INFO:colcon.colcon_ros.task.ament_cmake.build:Building ROS package in '/ros2_ws/src/common_interfaces/sensor_msgs' with build type 'ament_cmake'
[10.250s] INFO:colcon.colcon_cmake.task.cmake.build:Building CMake package in '/ros2_ws/src/common_interfaces/sensor_msgs'
[10.251s] INFO:colcon.colcon_core.shell:Skip shell extension 'powershell' for command environment: Not usable outside of PowerShell
[10.252s] DEBUG:colcon.colcon_core.shell:Skip shell extension 'dsv' for command environment
[10.263s] INFO:colcon.colcon_ros.task.ament_cmake.build:Building ROS package in '/ros2_ws/src/common_interfaces/diagnostic_msgs' with build type 'ament_cmake'
[10.264s] INFO:colcon.colcon_cmake.task.cmake.build:Building CMake package in '/ros2_ws/src/common_interfaces/diagnostic_msgs'
[10.265s] INFO:colcon.colcon_core.shell:Skip shell extension 'powershell' for command environment: Not usable outside of PowerShell
[10.265s] DEBUG:colcon.colcon_core.shell:Skip shell extension 'dsv' for command environment
[10.277s] INFO:colcon.colcon_ros.task.ament_cmake.build:Building ROS package in '/ros2_ws/src/common_interfaces/nav_msgs' with build type 'ament_cmake'
[10.278s] INFO:colcon.colcon_cmake.task.cmake.build:Building CMake package in '/ros2_ws/src/common_interfaces/nav_msgs'
[10.279s] INFO:colcon.colcon_core.shell:Skip shell extension 'powershell' for command environment: Not usable outside of PowerShell
[10.279s] DEBUG:colcon.colcon_core.shell:Skip shell extension 'dsv' for command environment
[10.290s] INFO:colcon.colcon_ros.task.ament_cmake.build:Building ROS package in '/ros2_ws/src/common_interfaces/visualization_msgs' with build type 'ament_cmake'
[10.290s] INFO:colcon.colcon_cmake.task.cmake.build:Building CMake package in '/ros2_ws/src/common_interfaces/visualization_msgs'
[10.292s] INFO:colcon.colcon_core.shell:Skip shell extension 'powershell' for command environment: Not usable outside of PowerShell
[10.292s] DEBUG:colcon.colcon_core.shell:Skip shell extension 'dsv' for command environment
[10.325s] DEBUG:colcon.colcon_core.event_handler.log_command:Invoking command in '/ros2_ws/build/sensor_msgs': AMENT_PREFIX_PATH=/ros2_ws/install/geometry_msgs:/ros2_ws/install/std_msgs:${AMENT_PREFIX_PATH} CMAKE_PREFIX_PATH=/ros2_ws/install/geometry_msgs:/ros2_ws/install/std_msgs:/opt/ros/humble LD_LIBRARY_PATH=/ros2_ws/install/geometry_msgs/lib:/ros2_ws/install/std_msgs/lib:${LD_LIBRARY_PATH} PYTHONPATH=/ros2_ws/install/geometry_msgs/local/lib/python3.10/dist-packages:/ros2_ws/install/std_msgs/local/lib/python3.10/dist-packages:${PYTHONPATH} /usr/bin/cmake --build /ros2_ws/build/sensor_msgs -- -j4 -l4
[10.336s] DEBUG:colcon.colcon_core.event_handler.log_command:Invoking command in '/ros2_ws/build/diagnostic_msgs': AMENT_PREFIX_PATH=/ros2_ws/install/geometry_msgs:/ros2_ws/install/std_msgs:${AMENT_PREFIX_PATH} CMAKE_PREFIX_PATH=/ros2_ws/install/geometry_msgs:/ros2_ws/install/std_msgs:/opt/ros/humble LD_LIBRARY_PATH=/ros2_ws/install/geometry_msgs/lib:/ros2_ws/install/std_msgs/lib:${LD_LIBRARY_PATH} PYTHONPATH=/ros2_ws/install/geometry_msgs/local/lib/python3.10/dist-packages:/ros2_ws/install/std_msgs/local/lib/python3.10/dist-packages:${PYTHONPATH} /usr/bin/cmake --build /ros2_ws/build/diagnostic_msgs -- -j4 -l4
[10.349s] DEBUG:colcon.colcon_core.event_handler.log_command:Invoking command in '/ros2_ws/build/nav_msgs': AMENT_PREFIX_PATH=/ros2_ws/install/geometry_msgs:/ros2_ws/install/std_msgs:${AMENT_PREFIX_PATH} CMAKE_PREFIX_PATH=/ros2_ws/install/geometry_msgs:/ros2_ws/install/std_msgs:/opt/ros/humble LD_LIBRARY_PATH=/ros2_ws/install/geometry_msgs/lib:/ros2_ws/install/std_msgs/lib:${LD_LIBRARY_PATH} PYTHONPATH=/ros2_ws/install/geometry_msgs/local/lib/python3.10/dist-packages:/ros2_ws/install/std_msgs/local/lib/python3.10/dist-packages:${PYTHONPATH} /usr/bin/cmake --build /ros2_ws/build/nav_msgs -- -j4 -l4
[10.372s] DEBUG:colcon.colcon_core.event_handler.log_command:Invoking command in '/ros2_ws/build/visualization_msgs': AMENT_PREFIX_PATH=/ros2_ws/install/geometry_msgs:/ros2_ws/install/std_msgs:${AMENT_PREFIX_PATH} CMAKE_PREFIX_PATH=/ros2_ws/install/geometry_msgs:/ros2_ws/install/std_msgs:/opt/ros/humble LD_LIBRARY_PATH=/ros2_ws/install/geometry_msgs/lib:/ros2_ws/install/std_msgs/lib:${LD_LIBRARY_PATH} PYTHONPATH=/ros2_ws/install/geometry_msgs/local/lib/python3.10/dist-packages:/ros2_ws/install/std_msgs/local/lib/python3.10/dist-packages:${PYTHONPATH} /usr/bin/cmake --build /ros2_ws/build/visualization_msgs -- -j4 -l4
[13.338s] DEBUG:colcon.colcon_core.event_handler.log_command:Invoked command in '/ros2_ws/build/diagnostic_msgs' returned '0': AMENT_PREFIX_PATH=/ros2_ws/install/geometry_msgs:/ros2_ws/install/std_msgs:${AMENT_PREFIX_PATH} CMAKE_PREFIX_PATH=/ros2_ws/install/geometry_msgs:/ros2_ws/install/std_msgs:/opt/ros/humble LD_LIBRARY_PATH=/ros2_ws/install/geometry_msgs/lib:/ros2_ws/install/std_msgs/lib:${LD_LIBRARY_PATH} PYTHONPATH=/ros2_ws/install/geometry_msgs/local/lib/python3.10/dist-packages:/ros2_ws/install/std_msgs/local/lib/python3.10/dist-packages:${PYTHONPATH} /usr/bin/cmake --build /ros2_ws/build/diagnostic_msgs -- -j4 -l4
[13.354s] DEBUG:colcon.colcon_core.event_handler.log_command:Invoking command in '/ros2_ws/build/diagnostic_msgs': AMENT_PREFIX_PATH=/ros2_ws/install/geometry_msgs:/ros2_ws/install/std_msgs:${AMENT_PREFIX_PATH} CMAKE_PREFIX_PATH=/ros2_ws/install/geometry_msgs:/ros2_ws/install/std_msgs:/opt/ros/humble LD_LIBRARY_PATH=/ros2_ws/install/geometry_msgs/lib:/ros2_ws/install/std_msgs/lib:${LD_LIBRARY_PATH} PYTHONPATH=/ros2_ws/install/geometry_msgs/local/lib/python3.10/dist-packages:/ros2_ws/install/std_msgs/local/lib/python3.10/dist-packages:${PYTHONPATH} /usr/bin/cmake --install /ros2_ws/build/diagnostic_msgs
[13.389s] DEBUG:colcon.colcon_core.event_handler.log_command:Invoked command in '/ros2_ws/build/nav_msgs' returned '0': AMENT_PREFIX_PATH=/ros2_ws/install/geometry_msgs:/ros2_ws/install/std_msgs:${AMENT_PREFIX_PATH} CMAKE_PREFIX_PATH=/ros2_ws/install/geometry_msgs:/ros2_ws/install/std_msgs:/opt/ros/humble LD_LIBRARY_PATH=/ros2_ws/install/geometry_msgs/lib:/ros2_ws/install/std_msgs/lib:${LD_LIBRARY_PATH} PYTHONPATH=/ros2_ws/install/geometry_msgs/local/lib/python3.10/dist-packages:/ros2_ws/install/std_msgs/local/lib/python3.10/dist-packages:${PYTHONPATH} /usr/bin/cmake --build /ros2_ws/build/nav_msgs -- -j4 -l4
[13.403s] DEBUG:colcon.colcon_core.event_handler.log_command:Invoking command in '/ros2_ws/build/nav_msgs': AMENT_PREFIX_PATH=/ros2_ws/install/geometry_msgs:/ros2_ws/install/std_msgs:${AMENT_PREFIX_PATH} CMAKE_PREFIX_PATH=/ros2_ws/install/geometry_msgs:/ros2_ws/install/std_msgs:/opt/ros/humble LD_LIBRARY_PATH=/ros2_ws/install/geometry_msgs/lib:/ros2_ws/install/std_msgs/lib:${LD_LIBRARY_PATH} PYTHONPATH=/ros2_ws/install/geometry_msgs/local/lib/python3.10/dist-packages:/ros2_ws/install/std_msgs/local/lib/python3.10/dist-packages:${PYTHONPATH} /usr/bin/cmake --install /ros2_ws/build/nav_msgs
[13.740s] DEBUG:colcon.colcon_core.event_handler.log_command:Invoked command in '/ros2_ws/build/visualization_msgs' returned '0': AMENT_PREFIX_PATH=/ros2_ws/install/geometry_msgs:/ros2_ws/install/std_msgs:${AMENT_PREFIX_PATH} CMAKE_PREFIX_PATH=/ros2_ws/install/geometry_msgs:/ros2_ws/install/std_msgs:/opt/ros/humble LD_LIBRARY_PATH=/ros2_ws/install/geometry_msgs/lib:/ros2_ws/install/std_msgs/lib:${LD_LIBRARY_PATH} PYTHONPATH=/ros2_ws/install/geometry_msgs/local/lib/python3.10/dist-packages:/ros2_ws/install/std_msgs/local/lib/python3.10/dist-packages:${PYTHONPATH} /usr/bin/cmake --build /ros2_ws/build/visualization_msgs -- -j4 -l4
[13.758s] DEBUG:colcon.colcon_core.event_handler.log_command:Invoking command in '/ros2_ws/build/visualization_msgs': AMENT_PREFIX_PATH=/ros2_ws/install/geometry_msgs:/ros2_ws/install/std_msgs:${AMENT_PREFIX_PATH} CMAKE_PREFIX_PATH=/ros2_ws/install/geometry_msgs:/ros2_ws/install/std_msgs:/opt/ros/humble LD_LIBRARY_PATH=/ros2_ws/install/geometry_msgs/lib:/ros2_ws/install/std_msgs/lib:${LD_LIBRARY_PATH} PYTHONPATH=/ros2_ws/install/geometry_msgs/local/lib/python3.10/dist-packages:/ros2_ws/install/std_msgs/local/lib/python3.10/dist-packages:${PYTHONPATH} /usr/bin/cmake --install /ros2_ws/build/visualization_msgs
[13.823s] DEBUG:colcon.colcon_core.event_handler.log_command:Invoked command in '/ros2_ws/build/sensor_msgs' returned '0': AMENT_PREFIX_PATH=/ros2_ws/install/geometry_msgs:/ros2_ws/install/std_msgs:${AMENT_PREFIX_PATH} CMAKE_PREFIX_PATH=/ros2_ws/install/geometry_msgs:/ros2_ws/install/std_msgs:/opt/ros/humble LD_LIBRARY_PATH=/ros2_ws/install/geometry_msgs/lib:/ros2_ws/install/std_msgs/lib:${LD_LIBRARY_PATH} PYTHONPATH=/ros2_ws/install/geometry_msgs/local/lib/python3.10/dist-packages:/ros2_ws/install/std_msgs/local/lib/python3.10/dist-packages:${PYTHONPATH} /usr/bin/cmake --build /ros2_ws/build/sensor_msgs -- -j4 -l4
[13.879s] DEBUG:colcon.colcon_core.event_handler.log_command:Invoking command in '/ros2_ws/build/sensor_msgs': AMENT_PREFIX_PATH=/ros2_ws/install/geometry_msgs:/ros2_ws/install/std_msgs:${AMENT_PREFIX_PATH} CMAKE_PREFIX_PATH=/ros2_ws/install/geometry_msgs:/ros2_ws/install/std_msgs:/opt/ros/humble LD_LIBRARY_PATH=/ros2_ws/install/geometry_msgs/lib:/ros2_ws/install/std_msgs/lib:${LD_LIBRARY_PATH} PYTHONPATH=/ros2_ws/install/geometry_msgs/local/lib/python3.10/dist-packages:/ros2_ws/install/std_msgs/local/lib/python3.10/dist-packages:${PYTHONPATH} /usr/bin/cmake --install /ros2_ws/build/sensor_msgs
[13.899s] Level 1:colcon.colcon_core.environment:create_environment_scripts_only(diagnostic_msgs)
[13.901s] Level 1:colcon.colcon_core.environment:checking '/ros2_ws/install/diagnostic_msgs' for CMake module files
[13.915s] Level 1:colcon.colcon_core.environment:checking '/ros2_ws/install/diagnostic_msgs' for CMake config files
[13.954s] Level 1:colcon.colcon_core.shell:create_environment_hook('diagnostic_msgs', 'cmake_prefix_path')
[13.956s] INFO:colcon.colcon_core.shell:Creating environment hook '/ros2_ws/install/diagnostic_msgs/share/diagnostic_msgs/hook/cmake_prefix_path.ps1'
[13.961s] INFO:colcon.colcon_core.shell:Creating environment descriptor '/ros2_ws/install/diagnostic_msgs/share/diagnostic_msgs/hook/cmake_prefix_path.dsv'
[13.964s] INFO:colcon.colcon_core.shell:Creating environment hook '/ros2_ws/install/diagnostic_msgs/share/diagnostic_msgs/hook/cmake_prefix_path.sh'
[13.969s] Level 1:colcon.colcon_core.environment:checking '/ros2_ws/install/diagnostic_msgs/lib'
[13.971s] Level 1:colcon.colcon_core.shell:create_environment_hook('diagnostic_msgs', 'ld_library_path_lib')
[13.973s] INFO:colcon.colcon_core.shell:Creating environment hook '/ros2_ws/install/diagnostic_msgs/share/diagnostic_msgs/hook/ld_library_path_lib.ps1'
[13.977s] INFO:colcon.colcon_core.shell:Creating environment descriptor '/ros2_ws/install/diagnostic_msgs/share/diagnostic_msgs/hook/ld_library_path_lib.dsv'
[13.981s] INFO:colcon.colcon_core.shell:Creating environment hook '/ros2_ws/install/diagnostic_msgs/share/diagnostic_msgs/hook/ld_library_path_lib.sh'
[13.985s] Level 1:colcon.colcon_core.environment:checking '/ros2_ws/install/diagnostic_msgs/bin'
[13.986s] Level 1:colcon.colcon_core.environment:checking '/ros2_ws/install/diagnostic_msgs/lib/pkgconfig/diagnostic_msgs.pc'
[13.987s] Level 1:colcon.colcon_core.environment:checking '/ros2_ws/install/diagnostic_msgs/lib/python3.10/site-packages'
[13.990s] Level 1:colcon.colcon_core.environment:checking '/ros2_ws/install/diagnostic_msgs/bin'
[13.992s] INFO:colcon.colcon_core.shell:Creating package script '/ros2_ws/install/diagnostic_msgs/share/diagnostic_msgs/package.ps1'
[13.999s] INFO:colcon.colcon_core.shell:Creating package descriptor '/ros2_ws/install/diagnostic_msgs/share/diagnostic_msgs/package.dsv'
[14.003s] INFO:colcon.colcon_core.shell:Creating package script '/ros2_ws/install/diagnostic_msgs/share/diagnostic_msgs/package.sh'
[14.007s] INFO:colcon.colcon_core.shell:Creating package script '/ros2_ws/install/diagnostic_msgs/share/diagnostic_msgs/package.bash'
[14.011s] INFO:colcon.colcon_core.shell:Creating package script '/ros2_ws/install/diagnostic_msgs/share/diagnostic_msgs/package.zsh'
[14.014s] Level 1:colcon.colcon_core.environment:create_file_with_runtime_dependencies(/ros2_ws/install/diagnostic_msgs/share/colcon-core/packages/diagnostic_msgs)
[14.019s] Level 1:colcon.colcon_core.environment:create_environment_scripts_only(diagnostic_msgs)
[14.021s] Level 1:colcon.colcon_core.environment:checking '/ros2_ws/install/diagnostic_msgs' for CMake module files
[14.032s] Level 1:colcon.colcon_core.environment:checking '/ros2_ws/install/diagnostic_msgs' for CMake config files
[14.055s] Level 1:colcon.colcon_core.shell:create_environment_hook('diagnostic_msgs', 'cmake_prefix_path')
[14.057s] INFO:colcon.colcon_core.shell:Creating environment hook '/ros2_ws/install/diagnostic_msgs/share/diagnostic_msgs/hook/cmake_prefix_path.ps1'
[14.062s] INFO:colcon.colcon_core.shell:Creating environment descriptor '/ros2_ws/install/diagnostic_msgs/share/diagnostic_msgs/hook/cmake_prefix_path.dsv'
[14.068s] INFO:colcon.colcon_core.shell:Creating environment hook '/ros2_ws/install/diagnostic_msgs/share/diagnostic_msgs/hook/cmake_prefix_path.sh'
[14.073s] Level 1:colcon.colcon_core.environment:checking '/ros2_ws/install/diagnostic_msgs/lib'
[14.074s] Level 1:colcon.colcon_core.shell:create_environment_hook('diagnostic_msgs', 'ld_library_path_lib')
[14.075s] INFO:colcon.colcon_core.shell:Creating environment hook '/ros2_ws/install/diagnostic_msgs/share/diagnostic_msgs/hook/ld_library_path_lib.ps1'
[14.080s] INFO:colcon.colcon_core.shell:Creating environment descriptor '/ros2_ws/install/diagnostic_msgs/share/diagnostic_msgs/hook/ld_library_path_lib.dsv'
[14.083s] INFO:colcon.colcon_core.shell:Creating environment hook '/ros2_ws/install/diagnostic_msgs/share/diagnostic_msgs/hook/ld_library_path_lib.sh'
[14.087s] Level 1:colcon.colcon_core.environment:checking '/ros2_ws/install/diagnostic_msgs/bin'
[14.088s] Level 1:colcon.colcon_core.environment:checking '/ros2_ws/install/diagnostic_msgs/lib/pkgconfig/diagnostic_msgs.pc'
[14.089s] Level 1:colcon.colcon_core.environment:checking '/ros2_ws/install/diagnostic_msgs/lib/python3.10/site-packages'
[14.092s] Level 1:colcon.colcon_core.environment:checking '/ros2_ws/install/diagnostic_msgs/bin'
[14.094s] INFO:colcon.colcon_core.shell:Creating package script '/ros2_ws/install/diagnostic_msgs/share/diagnostic_msgs/package.ps1'
[14.101s] INFO:colcon.colcon_core.shell:Creating package descriptor '/ros2_ws/install/diagnostic_msgs/share/diagnostic_msgs/package.dsv'
[14.105s] INFO:colcon.colcon_core.shell:Creating package script '/ros2_ws/install/diagnostic_msgs/share/diagnostic_msgs/package.sh'
[14.109s] INFO:colcon.colcon_core.shell:Creating package script '/ros2_ws/install/diagnostic_msgs/share/diagnostic_msgs/package.bash'
[14.114s] INFO:colcon.colcon_core.shell:Creating package script '/ros2_ws/install/diagnostic_msgs/share/diagnostic_msgs/package.zsh'
[14.118s] Level 1:colcon.colcon_core.environment:create_file_with_runtime_dependencies(/ros2_ws/install/diagnostic_msgs/share/colcon-core/packages/diagnostic_msgs)
[14.121s] INFO:colcon.colcon_ros.task.ament_cmake.build:Building ROS package in '/ros2_ws/src/common_interfaces/trajectory_msgs' with build type 'ament_cmake'
[14.122s] INFO:colcon.colcon_cmake.task.cmake.build:Building CMake package in '/ros2_ws/src/common_interfaces/trajectory_msgs'
[14.123s] INFO:colcon.colcon_core.shell:Skip shell extension 'powershell' for command environment: Not usable outside of PowerShell
[14.124s] DEBUG:colcon.colcon_core.shell:Skip shell extension 'dsv' for command environment
[14.173s] Level 1:colcon.colcon_core.environment:create_environment_scripts_only(nav_msgs)
[14.174s] Level 1:colcon.colcon_core.environment:checking '/ros2_ws/install/nav_msgs' for CMake module files
[14.190s] Level 1:colcon.colcon_core.environment:checking '/ros2_ws/install/nav_msgs' for CMake config files
[14.201s] DEBUG:colcon.colcon_core.event_handler.log_command:Invoked command in '/ros2_ws/build/diagnostic_msgs' returned '0': AMENT_PREFIX_PATH=/ros2_ws/install/geometry_msgs:/ros2_ws/install/std_msgs:${AMENT_PREFIX_PATH} CMAKE_PREFIX_PATH=/ros2_ws/install/geometry_msgs:/ros2_ws/install/std_msgs:/opt/ros/humble LD_LIBRARY_PATH=/ros2_ws/install/geometry_msgs/lib:/ros2_ws/install/std_msgs/lib:${LD_LIBRARY_PATH} PYTHONPATH=/ros2_ws/install/geometry_msgs/local/lib/python3.10/dist-packages:/ros2_ws/install/std_msgs/local/lib/python3.10/dist-packages:${PYTHONPATH} /usr/bin/cmake --install /ros2_ws/build/diagnostic_msgs
[14.222s] Level 1:colcon.colcon_core.shell:create_environment_hook('nav_msgs', 'cmake_prefix_path')
[14.223s] INFO:colcon.colcon_core.shell:Creating environment hook '/ros2_ws/install/nav_msgs/share/nav_msgs/hook/cmake_prefix_path.ps1'
[14.228s] INFO:colcon.colcon_core.shell:Creating environment descriptor '/ros2_ws/install/nav_msgs/share/nav_msgs/hook/cmake_prefix_path.dsv'
[14.232s] INFO:colcon.colcon_core.shell:Creating environment hook '/ros2_ws/install/nav_msgs/share/nav_msgs/hook/cmake_prefix_path.sh'
[14.238s] Level 1:colcon.colcon_core.environment:checking '/ros2_ws/install/nav_msgs/lib'
[14.239s] Level 1:colcon.colcon_core.shell:create_environment_hook('nav_msgs', 'ld_library_path_lib')
[14.240s] INFO:colcon.colcon_core.shell:Creating environment hook '/ros2_ws/install/nav_msgs/share/nav_msgs/hook/ld_library_path_lib.ps1'
[14.244s] INFO:colcon.colcon_core.shell:Creating environment descriptor '/ros2_ws/install/nav_msgs/share/nav_msgs/hook/ld_library_path_lib.dsv'
[14.248s] INFO:colcon.colcon_core.shell:Creating environment hook '/ros2_ws/install/nav_msgs/share/nav_msgs/hook/ld_library_path_lib.sh'
[14.251s] Level 1:colcon.colcon_core.environment:checking '/ros2_ws/install/nav_msgs/bin'
[14.252s] Level 1:colcon.colcon_core.environment:checking '/ros2_ws/install/nav_msgs/lib/pkgconfig/nav_msgs.pc'
[14.253s] Level 1:colcon.colcon_core.environment:checking '/ros2_ws/install/nav_msgs/lib/python3.10/site-packages'
[14.255s] Level 1:colcon.colcon_core.environment:checking '/ros2_ws/install/nav_msgs/bin'
[14.257s] INFO:colcon.colcon_core.shell:Creating package script '/ros2_ws/install/nav_msgs/share/nav_msgs/package.ps1'
[14.262s] INFO:colcon.colcon_core.shell:Creating package descriptor '/ros2_ws/install/nav_msgs/share/nav_msgs/package.dsv'
[14.266s] INFO:colcon.colcon_core.shell:Creating package script '/ros2_ws/install/nav_msgs/share/nav_msgs/package.sh'
[14.269s] INFO:colcon.colcon_core.shell:Creating package script '/ros2_ws/install/nav_msgs/share/nav_msgs/package.bash'
[14.273s] INFO:colcon.colcon_core.shell:Creating package script '/ros2_ws/install/nav_msgs/share/nav_msgs/package.zsh'
[14.276s] Level 1:colcon.colcon_core.environment:create_file_with_runtime_dependencies(/ros2_ws/install/nav_msgs/share/colcon-core/packages/nav_msgs)
[14.281s] Level 1:colcon.colcon_core.environment:create_environment_scripts_only(nav_msgs)
[14.282s] Level 1:colcon.colcon_core.environment:checking '/ros2_ws/install/nav_msgs' for CMake module files
[14.291s] Level 1:colcon.colcon_core.environment:checking '/ros2_ws/install/nav_msgs' for CMake config files
[14.312s] Level 1:colcon.colcon_core.shell:create_environment_hook('nav_msgs', 'cmake_prefix_path')
[14.314s] INFO:colcon.colcon_core.shell:Creating environment hook '/ros2_ws/install/nav_msgs/share/nav_msgs/hook/cmake_prefix_path.ps1'
[14.317s] INFO:colcon.colcon_core.shell:Creating environment descriptor '/ros2_ws/install/nav_msgs/share/nav_msgs/hook/cmake_prefix_path.dsv'
[14.320s] INFO:colcon.colcon_core.shell:Creating environment hook '/ros2_ws/install/nav_msgs/share/nav_msgs/hook/cmake_prefix_path.sh'
[14.323s] Level 1:colcon.colcon_core.environment:checking '/ros2_ws/install/nav_msgs/lib'
[14.324s] Level 1:colcon.colcon_core.shell:create_environment_hook('nav_msgs', 'ld_library_path_lib')
[14.325s] INFO:colcon.colcon_core.shell:Creating environment hook '/ros2_ws/install/nav_msgs/share/nav_msgs/hook/ld_library_path_lib.ps1'
[14.328s] INFO:colcon.colcon_core.shell:Creating environment descriptor '/ros2_ws/install/nav_msgs/share/nav_msgs/hook/ld_library_path_lib.dsv'
[14.331s] INFO:colcon.colcon_core.shell:Creating environment hook '/ros2_ws/install/nav_msgs/share/nav_msgs/hook/ld_library_path_lib.sh'
[14.334s] Level 1:colcon.colcon_core.environment:checking '/ros2_ws/install/nav_msgs/bin'
[14.334s] Level 1:colcon.colcon_core.environment:checking '/ros2_ws/install/nav_msgs/lib/pkgconfig/nav_msgs.pc'
[14.335s] Level 1:colcon.colcon_core.environment:checking '/ros2_ws/install/nav_msgs/lib/python3.10/site-packages'
[14.337s] Level 1:colcon.colcon_core.environment:checking '/ros2_ws/install/nav_msgs/bin'
[14.339s] INFO:colcon.colcon_core.shell:Creating package script '/ros2_ws/install/nav_msgs/share/nav_msgs/package.ps1'
[14.343s] INFO:colcon.colcon_core.shell:Creating package descriptor '/ros2_ws/install/nav_msgs/share/nav_msgs/package.dsv'
[14.347s] INFO:colcon.colcon_core.shell:Creating package script '/ros2_ws/install/nav_msgs/share/nav_msgs/package.sh'
[14.351s] INFO:colcon.colcon_core.shell:Creating package script '/ros2_ws/install/nav_msgs/share/nav_msgs/package.bash'
[14.354s] INFO:colcon.colcon_core.shell:Creating package script '/ros2_ws/install/nav_msgs/share/nav_msgs/package.zsh'
[14.357s] Level 1:colcon.colcon_core.environment:create_file_with_runtime_dependencies(/ros2_ws/install/nav_msgs/share/colcon-core/packages/nav_msgs)
[14.361s] INFO:colcon.colcon_ros.task.ament_cmake.build:Building ROS package in '/ros2_ws/src/common_interfaces/shape_msgs' with build type 'ament_cmake'
[14.362s] INFO:colcon.colcon_cmake.task.cmake.build:Building CMake package in '/ros2_ws/src/common_interfaces/shape_msgs'
[14.363s] INFO:colcon.colcon_core.shell:Skip shell extension 'powershell' for command environment: Not usable outside of PowerShell
[14.363s] DEBUG:colcon.colcon_core.shell:Skip shell extension 'dsv' for command environment
[14.396s] Level 1:colcon.colcon_core.environment:create_environment_scripts_only(visualization_msgs)
[14.398s] Level 1:colcon.colcon_core.environment:checking '/ros2_ws/install/visualization_msgs' for CMake module files
[14.408s] Level 1:colcon.colcon_core.environment:checking '/ros2_ws/install/visualization_msgs' for CMake config files
[14.434s] Level 1:colcon.colcon_core.shell:create_environment_hook('visualization_msgs', 'cmake_prefix_path')
[14.435s] INFO:colcon.colcon_core.shell:Creating environment hook '/ros2_ws/install/visualization_msgs/share/visualization_msgs/hook/cmake_prefix_path.ps1'
[14.438s] INFO:colcon.colcon_core.shell:Creating environment descriptor '/ros2_ws/install/visualization_msgs/share/visualization_msgs/hook/cmake_prefix_path.dsv'
[14.441s] INFO:colcon.colcon_core.shell:Creating environment hook '/ros2_ws/install/visualization_msgs/share/visualization_msgs/hook/cmake_prefix_path.sh'
[14.445s] Level 1:colcon.colcon_core.environment:checking '/ros2_ws/install/visualization_msgs/lib'
[14.446s] Level 1:colcon.colcon_core.shell:create_environment_hook('visualization_msgs', 'ld_library_path_lib')
[14.447s] INFO:colcon.colcon_core.shell:Creating environment hook '/ros2_ws/install/visualization_msgs/share/visualization_msgs/hook/ld_library_path_lib.ps1'
[14.450s] INFO:colcon.colcon_core.shell:Creating environment descriptor '/ros2_ws/install/visualization_msgs/share/visualization_msgs/hook/ld_library_path_lib.dsv'
[14.453s] INFO:colcon.colcon_core.shell:Creating environment hook '/ros2_ws/install/visualization_msgs/share/visualization_msgs/hook/ld_library_path_lib.sh'
[14.455s] Level 1:colcon.colcon_core.environment:checking '/ros2_ws/install/visualization_msgs/bin'
[14.456s] Level 1:colcon.colcon_core.environment:checking '/ros2_ws/install/visualization_msgs/lib/pkgconfig/visualization_msgs.pc'
[14.457s] Level 1:colcon.colcon_core.environment:checking '/ros2_ws/install/visualization_msgs/lib/python3.10/site-packages'
[14.459s] Level 1:colcon.colcon_core.environment:checking '/ros2_ws/install/visualization_msgs/bin'
[14.461s] INFO:colcon.colcon_core.shell:Creating package script '/ros2_ws/install/visualization_msgs/share/visualization_msgs/package.ps1'
[14.464s] INFO:colcon.colcon_core.shell:Creating package descriptor '/ros2_ws/install/visualization_msgs/share/visualization_msgs/package.dsv'
[14.467s] INFO:colcon.colcon_core.shell:Creating package script '/ros2_ws/install/visualization_msgs/share/visualization_msgs/package.sh'
[14.470s] INFO:colcon.colcon_core.shell:Creating package script '/ros2_ws/install/visualization_msgs/share/visualization_msgs/package.bash'
[14.473s] INFO:colcon.colcon_core.shell:Creating package script '/ros2_ws/install/visualization_msgs/share/visualization_msgs/package.zsh'
[14.475s] Level 1:colcon.colcon_core.environment:create_file_with_runtime_dependencies(/ros2_ws/install/visualization_msgs/share/colcon-core/packages/visualization_msgs)
[14.480s] Level 1:colcon.colcon_core.environment:create_environment_scripts_only(visualization_msgs)
[14.481s] Level 1:colcon.colcon_core.environment:checking '/ros2_ws/install/visualization_msgs' for CMake module files
[14.491s] Level 1:colcon.colcon_core.environment:checking '/ros2_ws/install/visualization_msgs' for CMake config files
[14.515s] Level 1:colcon.colcon_core.shell:create_environment_hook('visualization_msgs', 'cmake_prefix_path')
[14.516s] INFO:colcon.colcon_core.shell:Creating environment hook '/ros2_ws/install/visualization_msgs/share/visualization_msgs/hook/cmake_prefix_path.ps1'
[14.519s] INFO:colcon.colcon_core.shell:Creating environment descriptor '/ros2_ws/install/visualization_msgs/share/visualization_msgs/hook/cmake_prefix_path.dsv'
[14.522s] INFO:colcon.colcon_core.shell:Creating environment hook '/ros2_ws/install/visualization_msgs/share/visualization_msgs/hook/cmake_prefix_path.sh'
[14.526s] Level 1:colcon.colcon_core.environment:checking '/ros2_ws/install/visualization_msgs/lib'
[14.526s] Level 1:colcon.colcon_core.shell:create_environment_hook('visualization_msgs', 'ld_library_path_lib')
[14.528s] INFO:colcon.colcon_core.shell:Creating environment hook '/ros2_ws/install/visualization_msgs/share/visualization_msgs/hook/ld_library_path_lib.ps1'
[14.531s] INFO:colcon.colcon_core.shell:Creating environment descriptor '/ros2_ws/install/visualization_msgs/share/visualization_msgs/hook/ld_library_path_lib.dsv'
[14.533s] INFO:colcon.colcon_core.shell:Creating environment hook '/ros2_ws/install/visualization_msgs/share/visualization_msgs/hook/ld_library_path_lib.sh'
[14.536s] Level 1:colcon.colcon_core.environment:checking '/ros2_ws/install/visualization_msgs/bin'
[14.536s] Level 1:colcon.colcon_core.environment:checking '/ros2_ws/install/visualization_msgs/lib/pkgconfig/visualization_msgs.pc'
[14.538s] Level 1:colcon.colcon_core.environment:checking '/ros2_ws/install/visualization_msgs/lib/python3.10/site-packages'
[14.539s] Level 1:colcon.colcon_core.environment:checking '/ros2_ws/install/visualization_msgs/bin'
[14.541s] INFO:colcon.colcon_core.shell:Creating package script '/ros2_ws/install/visualization_msgs/share/visualization_msgs/package.ps1'
[14.545s] INFO:colcon.colcon_core.shell:Creating package descriptor '/ros2_ws/install/visualization_msgs/share/visualization_msgs/package.dsv'
[14.550s] INFO:colcon.colcon_core.shell:Creating package script '/ros2_ws/install/visualization_msgs/share/visualization_msgs/package.sh'
[14.553s] INFO:colcon.colcon_core.shell:Creating package script '/ros2_ws/install/visualization_msgs/share/visualization_msgs/package.bash'
[14.556s] INFO:colcon.colcon_core.shell:Creating package script '/ros2_ws/install/visualization_msgs/share/visualization_msgs/package.zsh'
[14.558s] Level 1:colcon.colcon_core.environment:create_file_with_runtime_dependencies(/ros2_ws/install/visualization_msgs/share/colcon-core/packages/visualization_msgs)
[14.564s] Level 1:colcon.colcon_core.environment:create_environment_scripts_only(sensor_msgs)
[14.565s] Level 1:colcon.colcon_core.environment:checking '/ros2_ws/install/sensor_msgs' for CMake module files
[14.574s] Level 1:colcon.colcon_core.environment:checking '/ros2_ws/install/sensor_msgs' for CMake config files
[14.604s] DEBUG:colcon.colcon_core.event_handler.log_command:Invoked command in '/ros2_ws/build/nav_msgs' returned '0': AMENT_PREFIX_PATH=/ros2_ws/install/geometry_msgs:/ros2_ws/install/std_msgs:${AMENT_PREFIX_PATH} CMAKE_PREFIX_PATH=/ros2_ws/install/geometry_msgs:/ros2_ws/install/std_msgs:/opt/ros/humble LD_LIBRARY_PATH=/ros2_ws/install/geometry_msgs/lib:/ros2_ws/install/std_msgs/lib:${LD_LIBRARY_PATH} PYTHONPATH=/ros2_ws/install/geometry_msgs/local/lib/python3.10/dist-packages:/ros2_ws/install/std_msgs/local/lib/python3.10/dist-packages:${PYTHONPATH} /usr/bin/cmake --install /ros2_ws/build/nav_msgs
[14.606s] Level 1:colcon.colcon_core.shell:create_environment_hook('sensor_msgs', 'cmake_prefix_path')
[14.608s] INFO:colcon.colcon_core.shell:Creating environment hook '/ros2_ws/install/sensor_msgs/share/sensor_msgs/hook/cmake_prefix_path.ps1'
[14.611s] INFO:colcon.colcon_core.shell:Creating environment descriptor '/ros2_ws/install/sensor_msgs/share/sensor_msgs/hook/cmake_prefix_path.dsv'
[14.614s] INFO:colcon.colcon_core.shell:Creating environment hook '/ros2_ws/install/sensor_msgs/share/sensor_msgs/hook/cmake_prefix_path.sh'
[14.617s] Level 1:colcon.colcon_core.environment:checking '/ros2_ws/install/sensor_msgs/lib'
[14.618s] Level 1:colcon.colcon_core.shell:create_environment_hook('sensor_msgs', 'ld_library_path_lib')
[14.619s] INFO:colcon.colcon_core.shell:Creating environment hook '/ros2_ws/install/sensor_msgs/share/sensor_msgs/hook/ld_library_path_lib.ps1'
[14.622s] INFO:colcon.colcon_core.shell:Creating environment descriptor '/ros2_ws/install/sensor_msgs/share/sensor_msgs/hook/ld_library_path_lib.dsv'
[14.625s] INFO:colcon.colcon_core.shell:Creating environment hook '/ros2_ws/install/sensor_msgs/share/sensor_msgs/hook/ld_library_path_lib.sh'
[14.628s] Level 1:colcon.colcon_core.environment:checking '/ros2_ws/install/sensor_msgs/bin'
[14.628s] Level 1:colcon.colcon_core.environment:checking '/ros2_ws/install/sensor_msgs/lib/pkgconfig/sensor_msgs.pc'
[14.629s] Level 1:colcon.colcon_core.environment:checking '/ros2_ws/install/sensor_msgs/lib/python3.10/site-packages'
[14.631s] Level 1:colcon.colcon_core.environment:checking '/ros2_ws/install/sensor_msgs/bin'
[14.632s] INFO:colcon.colcon_core.shell:Creating package script '/ros2_ws/install/sensor_msgs/share/sensor_msgs/package.ps1'
[14.635s] INFO:colcon.colcon_core.shell:Creating package descriptor '/ros2_ws/install/sensor_msgs/share/sensor_msgs/package.dsv'
[14.638s] INFO:colcon.colcon_core.shell:Creating package script '/ros2_ws/install/sensor_msgs/share/sensor_msgs/package.sh'
[14.641s] INFO:colcon.colcon_core.shell:Creating package script '/ros2_ws/install/sensor_msgs/share/sensor_msgs/package.bash'
[14.644s] INFO:colcon.colcon_core.shell:Creating package script '/ros2_ws/install/sensor_msgs/share/sensor_msgs/package.zsh'
[14.646s] Level 1:colcon.colcon_core.environment:create_file_with_runtime_dependencies(/ros2_ws/install/sensor_msgs/share/colcon-core/packages/sensor_msgs)
[14.652s] Level 1:colcon.colcon_core.environment:create_environment_scripts_only(sensor_msgs)
[14.653s] Level 1:colcon.colcon_core.environment:checking '/ros2_ws/install/sensor_msgs' for CMake module files
[14.662s] Level 1:colcon.colcon_core.environment:checking '/ros2_ws/install/sensor_msgs' for CMake config files
[14.686s] DEBUG:colcon.colcon_core.event_handler.log_command:Invoked command in '/ros2_ws/build/visualization_msgs' returned '0': AMENT_PREFIX_PATH=/ros2_ws/install/geometry_msgs:/ros2_ws/install/std_msgs:${AMENT_PREFIX_PATH} CMAKE_PREFIX_PATH=/ros2_ws/install/geometry_msgs:/ros2_ws/install/std_msgs:/opt/ros/humble LD_LIBRARY_PATH=/ros2_ws/install/geometry_msgs/lib:/ros2_ws/install/std_msgs/lib:${LD_LIBRARY_PATH} PYTHONPATH=/ros2_ws/install/geometry_msgs/local/lib/python3.10/dist-packages:/ros2_ws/install/std_msgs/local/lib/python3.10/dist-packages:${PYTHONPATH} /usr/bin/cmake --install /ros2_ws/build/visualization_msgs
[14.689s] DEBUG:colcon.colcon_core.event_handler.log_command:Invoked command in '/ros2_ws/build/sensor_msgs' returned '0': AMENT_PREFIX_PATH=/ros2_ws/install/geometry_msgs:/ros2_ws/install/std_msgs:${AMENT_PREFIX_PATH} CMAKE_PREFIX_PATH=/ros2_ws/install/geometry_msgs:/ros2_ws/install/std_msgs:/opt/ros/humble LD_LIBRARY_PATH=/ros2_ws/install/geometry_msgs/lib:/ros2_ws/install/std_msgs/lib:${LD_LIBRARY_PATH} PYTHONPATH=/ros2_ws/install/geometry_msgs/local/lib/python3.10/dist-packages:/ros2_ws/install/std_msgs/local/lib/python3.10/dist-packages:${PYTHONPATH} /usr/bin/cmake --install /ros2_ws/build/sensor_msgs
[14.689s] Level 1:colcon.colcon_core.shell:create_environment_hook('sensor_msgs', 'cmake_prefix_path')
[14.691s] INFO:colcon.colcon_core.shell:Creating environment hook '/ros2_ws/install/sensor_msgs/share/sensor_msgs/hook/cmake_prefix_path.ps1'
[14.692s] INFO:colcon.colcon_core.shell:Creating environment descriptor '/ros2_ws/install/sensor_msgs/share/sensor_msgs/hook/cmake_prefix_path.dsv'
[14.694s] INFO:colcon.colcon_core.shell:Creating environment hook '/ros2_ws/install/sensor_msgs/share/sensor_msgs/hook/cmake_prefix_path.sh'
[14.696s] Level 1:colcon.colcon_core.environment:checking '/ros2_ws/install/sensor_msgs/lib'
[14.696s] Level 1:colcon.colcon_core.shell:create_environment_hook('sensor_msgs', 'ld_library_path_lib')
[14.697s] INFO:colcon.colcon_core.shell:Creating environment hook '/ros2_ws/install/sensor_msgs/share/sensor_msgs/hook/ld_library_path_lib.ps1'
[14.699s] INFO:colcon.colcon_core.shell:Creating environment descriptor '/ros2_ws/install/sensor_msgs/share/sensor_msgs/hook/ld_library_path_lib.dsv'
[14.700s] INFO:colcon.colcon_core.shell:Creating environment hook '/ros2_ws/install/sensor_msgs/share/sensor_msgs/hook/ld_library_path_lib.sh'
[14.701s] Level 1:colcon.colcon_core.environment:checking '/ros2_ws/install/sensor_msgs/bin'
[14.702s] Level 1:colcon.colcon_core.environment:checking '/ros2_ws/install/sensor_msgs/lib/pkgconfig/sensor_msgs.pc'
[14.703s] Level 1:colcon.colcon_core.environment:checking '/ros2_ws/install/sensor_msgs/lib/python3.10/site-packages'
[14.704s] Level 1:colcon.colcon_core.environment:checking '/ros2_ws/install/sensor_msgs/bin'
[14.706s] INFO:colcon.colcon_core.shell:Creating package script '/ros2_ws/install/sensor_msgs/share/sensor_msgs/package.ps1'
[14.709s] INFO:colcon.colcon_core.shell:Creating package descriptor '/ros2_ws/install/sensor_msgs/share/sensor_msgs/package.dsv'
[14.711s] INFO:colcon.colcon_core.shell:Creating package script '/ros2_ws/install/sensor_msgs/share/sensor_msgs/package.sh'
[14.712s] INFO:colcon.colcon_core.shell:Creating package script '/ros2_ws/install/sensor_msgs/share/sensor_msgs/package.bash'
[14.714s] INFO:colcon.colcon_core.shell:Creating package script '/ros2_ws/install/sensor_msgs/share/sensor_msgs/package.zsh'
[14.715s] Level 1:colcon.colcon_core.environment:create_file_with_runtime_dependencies(/ros2_ws/install/sensor_msgs/share/colcon-core/packages/sensor_msgs)
[14.741s] INFO:colcon.colcon_ros.task.ament_cmake.build:Building ROS package in '/ros2_ws/src/common_interfaces/stereo_msgs' with build type 'ament_cmake'
[14.747s] INFO:colcon.colcon_cmake.task.cmake.build:Building CMake package in '/ros2_ws/src/common_interfaces/stereo_msgs'
[14.749s] INFO:colcon.colcon_core.shell:Skip shell extension 'powershell' for command environment: Not usable outside of PowerShell
[14.749s] DEBUG:colcon.colcon_core.shell:Skip shell extension 'dsv' for command environment
[14.769s] DEBUG:colcon.colcon_core.event_handler.log_command:Invoking command in '/ros2_ws/build/trajectory_msgs': AMENT_PREFIX_PATH=/ros2_ws/install/geometry_msgs:/ros2_ws/install/std_msgs:${AMENT_PREFIX_PATH} CMAKE_PREFIX_PATH=/ros2_ws/install/geometry_msgs:/ros2_ws/install/std_msgs:/opt/ros/humble LD_LIBRARY_PATH=/ros2_ws/install/geometry_msgs/lib:/ros2_ws/install/std_msgs/lib:${LD_LIBRARY_PATH} PYTHONPATH=/ros2_ws/install/geometry_msgs/local/lib/python3.10/dist-packages:/ros2_ws/install/std_msgs/local/lib/python3.10/dist-packages:${PYTHONPATH} /usr/bin/cmake --build /ros2_ws/build/trajectory_msgs -- -j4 -l4
[14.774s] INFO:colcon.colcon_ros.task.ament_cmake.build:Building ROS package in '/ros2_ws/src/vision_msgs/vision_msgs' with build type 'ament_cmake'
[14.775s] INFO:colcon.colcon_cmake.task.cmake.build:Building CMake package in '/ros2_ws/src/vision_msgs/vision_msgs'
[14.776s] INFO:colcon.colcon_core.shell:Skip shell extension 'powershell' for command environment: Not usable outside of PowerShell
[14.776s] DEBUG:colcon.colcon_core.shell:Skip shell extension 'dsv' for command environment
[14.807s] DEBUG:colcon.colcon_core.event_handler.log_command:Invoking command in '/ros2_ws/build/shape_msgs': AMENT_PREFIX_PATH=/ros2_ws/install/geometry_msgs:/ros2_ws/install/std_msgs:${AMENT_PREFIX_PATH} CMAKE_PREFIX_PATH=/ros2_ws/install/geometry_msgs:/ros2_ws/install/std_msgs:/opt/ros/humble LD_LIBRARY_PATH=/ros2_ws/install/geometry_msgs/lib:/ros2_ws/install/std_msgs/lib:${LD_LIBRARY_PATH} PYTHONPATH=/ros2_ws/install/geometry_msgs/local/lib/python3.10/dist-packages:/ros2_ws/install/std_msgs/local/lib/python3.10/dist-packages:${PYTHONPATH} /usr/bin/cmake --build /ros2_ws/build/shape_msgs -- -j4 -l4
[14.825s] DEBUG:colcon.colcon_core.event_handler.log_command:Invoking command in '/ros2_ws/build/stereo_msgs': AMENT_PREFIX_PATH=/ros2_ws/install/sensor_msgs:/ros2_ws/install/geometry_msgs:/ros2_ws/install/std_msgs:${AMENT_PREFIX_PATH} CMAKE_PREFIX_PATH=/ros2_ws/install/sensor_msgs:/ros2_ws/install/geometry_msgs:/ros2_ws/install/std_msgs:/opt/ros/humble LD_LIBRARY_PATH=/ros2_ws/install/sensor_msgs/lib:/ros2_ws/install/geometry_msgs/lib:/ros2_ws/install/std_msgs/lib:${LD_LIBRARY_PATH} PYTHONPATH=/ros2_ws/install/sensor_msgs/local/lib/python3.10/dist-packages:/ros2_ws/install/geometry_msgs/local/lib/python3.10/dist-packages:/ros2_ws/install/std_msgs/local/lib/python3.10/dist-packages:${PYTHONPATH} /usr/bin/cmake --build /ros2_ws/build/stereo_msgs -- -j4 -l4
[14.849s] DEBUG:colcon.colcon_core.event_handler.log_command:Invoking command in '/ros2_ws/build/vision_msgs': AMENT_PREFIX_PATH=/ros2_ws/install/sensor_msgs:/ros2_ws/install/geometry_msgs:/ros2_ws/install/std_msgs:${AMENT_PREFIX_PATH} CMAKE_PREFIX_PATH=/ros2_ws/install/sensor_msgs:/ros2_ws/install/geometry_msgs:/ros2_ws/install/std_msgs:/opt/ros/humble LD_LIBRARY_PATH=/ros2_ws/install/sensor_msgs/lib:/ros2_ws/install/geometry_msgs/lib:/ros2_ws/install/std_msgs/lib:${LD_LIBRARY_PATH} PYTHONPATH=/ros2_ws/install/sensor_msgs/local/lib/python3.10/dist-packages:/ros2_ws/install/geometry_msgs/local/lib/python3.10/dist-packages:/ros2_ws/install/std_msgs/local/lib/python3.10/dist-packages:${PYTHONPATH} /usr/bin/cmake --build /ros2_ws/build/vision_msgs -- -j4 -l4
[17.444s] DEBUG:colcon.colcon_core.event_handler.log_command:Invoked command in '/ros2_ws/build/shape_msgs' returned '0': AMENT_PREFIX_PATH=/ros2_ws/install/geometry_msgs:/ros2_ws/install/std_msgs:${AMENT_PREFIX_PATH} CMAKE_PREFIX_PATH=/ros2_ws/install/geometry_msgs:/ros2_ws/install/std_msgs:/opt/ros/humble LD_LIBRARY_PATH=/ros2_ws/install/geometry_msgs/lib:/ros2_ws/install/std_msgs/lib:${LD_LIBRARY_PATH} PYTHONPATH=/ros2_ws/install/geometry_msgs/local/lib/python3.10/dist-packages:/ros2_ws/install/std_msgs/local/lib/python3.10/dist-packages:${PYTHONPATH} /usr/bin/cmake --build /ros2_ws/build/shape_msgs -- -j4 -l4
[17.461s] DEBUG:colcon.colcon_core.event_handler.log_command:Invoking command in '/ros2_ws/build/shape_msgs': AMENT_PREFIX_PATH=/ros2_ws/install/geometry_msgs:/ros2_ws/install/std_msgs:${AMENT_PREFIX_PATH} CMAKE_PREFIX_PATH=/ros2_ws/install/geometry_msgs:/ros2_ws/install/std_msgs:/opt/ros/humble LD_LIBRARY_PATH=/ros2_ws/install/geometry_msgs/lib:/ros2_ws/install/std_msgs/lib:${LD_LIBRARY_PATH} PYTHONPATH=/ros2_ws/install/geometry_msgs/local/lib/python3.10/dist-packages:/ros2_ws/install/std_msgs/local/lib/python3.10/dist-packages:${PYTHONPATH} /usr/bin/cmake --install /ros2_ws/build/shape_msgs
[17.598s] DEBUG:colcon.colcon_core.event_handler.log_command:Invoked command in '/ros2_ws/build/stereo_msgs' returned '0': AMENT_PREFIX_PATH=/ros2_ws/install/sensor_msgs:/ros2_ws/install/geometry_msgs:/ros2_ws/install/std_msgs:${AMENT_PREFIX_PATH} CMAKE_PREFIX_PATH=/ros2_ws/install/sensor_msgs:/ros2_ws/install/geometry_msgs:/ros2_ws/install/std_msgs:/opt/ros/humble LD_LIBRARY_PATH=/ros2_ws/install/sensor_msgs/lib:/ros2_ws/install/geometry_msgs/lib:/ros2_ws/install/std_msgs/lib:${LD_LIBRARY_PATH} PYTHONPATH=/ros2_ws/install/sensor_msgs/local/lib/python3.10/dist-packages:/ros2_ws/install/geometry_msgs/local/lib/python3.10/dist-packages:/ros2_ws/install/std_msgs/local/lib/python3.10/dist-packages:${PYTHONPATH} /usr/bin/cmake --build /ros2_ws/build/stereo_msgs -- -j4 -l4
[17.604s] DEBUG:colcon.colcon_core.event_handler.log_command:Invoking command in '/ros2_ws/build/stereo_msgs': AMENT_PREFIX_PATH=/ros2_ws/install/sensor_msgs:/ros2_ws/install/geometry_msgs:/ros2_ws/install/std_msgs:${AMENT_PREFIX_PATH} CMAKE_PREFIX_PATH=/ros2_ws/install/sensor_msgs:/ros2_ws/install/geometry_msgs:/ros2_ws/install/std_msgs:/opt/ros/humble LD_LIBRARY_PATH=/ros2_ws/install/sensor_msgs/lib:/ros2_ws/install/geometry_msgs/lib:/ros2_ws/install/std_msgs/lib:${LD_LIBRARY_PATH} PYTHONPATH=/ros2_ws/install/sensor_msgs/local/lib/python3.10/dist-packages:/ros2_ws/install/geometry_msgs/local/lib/python3.10/dist-packages:/ros2_ws/install/std_msgs/local/lib/python3.10/dist-packages:${PYTHONPATH} /usr/bin/cmake --install /ros2_ws/build/stereo_msgs
[17.612s] DEBUG:colcon.colcon_core.event_handler.log_command:Invoked command in '/ros2_ws/build/trajectory_msgs' returned '0': AMENT_PREFIX_PATH=/ros2_ws/install/geometry_msgs:/ros2_ws/install/std_msgs:${AMENT_PREFIX_PATH} CMAKE_PREFIX_PATH=/ros2_ws/install/geometry_msgs:/ros2_ws/install/std_msgs:/opt/ros/humble LD_LIBRARY_PATH=/ros2_ws/install/geometry_msgs/lib:/ros2_ws/install/std_msgs/lib:${LD_LIBRARY_PATH} PYTHONPATH=/ros2_ws/install/geometry_msgs/local/lib/python3.10/dist-packages:/ros2_ws/install/std_msgs/local/lib/python3.10/dist-packages:${PYTHONPATH} /usr/bin/cmake --build /ros2_ws/build/trajectory_msgs -- -j4 -l4
[17.614s] DEBUG:colcon.colcon_core.event_handler.log_command:Invoking command in '/ros2_ws/build/trajectory_msgs': AMENT_PREFIX_PATH=/ros2_ws/install/geometry_msgs:/ros2_ws/install/std_msgs:${AMENT_PREFIX_PATH} CMAKE_PREFIX_PATH=/ros2_ws/install/geometry_msgs:/ros2_ws/install/std_msgs:/opt/ros/humble LD_LIBRARY_PATH=/ros2_ws/install/geometry_msgs/lib:/ros2_ws/install/std_msgs/lib:${LD_LIBRARY_PATH} PYTHONPATH=/ros2_ws/install/geometry_msgs/local/lib/python3.10/dist-packages:/ros2_ws/install/std_msgs/local/lib/python3.10/dist-packages:${PYTHONPATH} /usr/bin/cmake --install /ros2_ws/build/trajectory_msgs
[17.880s] Level 1:colcon.colcon_core.environment:create_environment_scripts_only(shape_msgs)
[17.882s] Level 1:colcon.colcon_core.environment:checking '/ros2_ws/install/shape_msgs' for CMake module files
[17.886s] Level 1:colcon.colcon_core.environment:checking '/ros2_ws/install/shape_msgs' for CMake config files
[17.888s] DEBUG:colcon.colcon_core.event_handler.log_command:Invoked command in '/ros2_ws/build/shape_msgs' returned '0': AMENT_PREFIX_PATH=/ros2_ws/install/geometry_msgs:/ros2_ws/install/std_msgs:${AMENT_PREFIX_PATH} CMAKE_PREFIX_PATH=/ros2_ws/install/geometry_msgs:/ros2_ws/install/std_msgs:/opt/ros/humble LD_LIBRARY_PATH=/ros2_ws/install/geometry_msgs/lib:/ros2_ws/install/std_msgs/lib:${LD_LIBRARY_PATH} PYTHONPATH=/ros2_ws/install/geometry_msgs/local/lib/python3.10/dist-packages:/ros2_ws/install/std_msgs/local/lib/python3.10/dist-packages:${PYTHONPATH} /usr/bin/cmake --install /ros2_ws/build/shape_msgs
[17.893s] Level 1:colcon.colcon_core.shell:create_environment_hook('shape_msgs', 'cmake_prefix_path')
[17.894s] INFO:colcon.colcon_core.shell:Creating environment hook '/ros2_ws/install/shape_msgs/share/shape_msgs/hook/cmake_prefix_path.ps1'
[17.896s] INFO:colcon.colcon_core.shell:Creating environment descriptor '/ros2_ws/install/shape_msgs/share/shape_msgs/hook/cmake_prefix_path.dsv'
[17.898s] INFO:colcon.colcon_core.shell:Creating environment hook '/ros2_ws/install/shape_msgs/share/shape_msgs/hook/cmake_prefix_path.sh'
[17.900s] Level 1:colcon.colcon_core.environment:checking '/ros2_ws/install/shape_msgs/lib'
[17.901s] Level 1:colcon.colcon_core.shell:create_environment_hook('shape_msgs', 'ld_library_path_lib')
[17.902s] INFO:colcon.colcon_core.shell:Creating environment hook '/ros2_ws/install/shape_msgs/share/shape_msgs/hook/ld_library_path_lib.ps1'
[17.904s] INFO:colcon.colcon_core.shell:Creating environment descriptor '/ros2_ws/install/shape_msgs/share/shape_msgs/hook/ld_library_path_lib.dsv'
[17.906s] INFO:colcon.colcon_core.shell:Creating environment hook '/ros2_ws/install/shape_msgs/share/shape_msgs/hook/ld_library_path_lib.sh'
[17.907s] Level 1:colcon.colcon_core.environment:checking '/ros2_ws/install/shape_msgs/bin'
[17.908s] Level 1:colcon.colcon_core.environment:checking '/ros2_ws/install/shape_msgs/lib/pkgconfig/shape_msgs.pc'
[17.909s] Level 1:colcon.colcon_core.environment:checking '/ros2_ws/install/shape_msgs/lib/python3.10/site-packages'
[17.911s] Level 1:colcon.colcon_core.environment:checking '/ros2_ws/install/shape_msgs/bin'
[17.913s] INFO:colcon.colcon_core.shell:Creating package script '/ros2_ws/install/shape_msgs/share/shape_msgs/package.ps1'
[17.916s] INFO:colcon.colcon_core.shell:Creating package descriptor '/ros2_ws/install/shape_msgs/share/shape_msgs/package.dsv'
[17.918s] INFO:colcon.colcon_core.shell:Creating package script '/ros2_ws/install/shape_msgs/share/shape_msgs/package.sh'
[17.920s] INFO:colcon.colcon_core.shell:Creating package script '/ros2_ws/install/shape_msgs/share/shape_msgs/package.bash'
[17.922s] INFO:colcon.colcon_core.shell:Creating package script '/ros2_ws/install/shape_msgs/share/shape_msgs/package.zsh'
[17.923s] Level 1:colcon.colcon_core.environment:create_file_with_runtime_dependencies(/ros2_ws/install/shape_msgs/share/colcon-core/packages/shape_msgs)
[17.926s] Level 1:colcon.colcon_core.environment:create_environment_scripts_only(shape_msgs)
[17.927s] Level 1:colcon.colcon_core.environment:checking '/ros2_ws/install/shape_msgs' for CMake module files
[17.931s] Level 1:colcon.colcon_core.environment:checking '/ros2_ws/install/shape_msgs' for CMake config files
[17.935s] Level 1:colcon.colcon_core.shell:create_environment_hook('shape_msgs', 'cmake_prefix_path')
[17.936s] INFO:colcon.colcon_core.shell:Creating environment hook '/ros2_ws/install/shape_msgs/share/shape_msgs/hook/cmake_prefix_path.ps1'
[17.938s] INFO:colcon.colcon_core.shell:Creating environment descriptor '/ros2_ws/install/shape_msgs/share/shape_msgs/hook/cmake_prefix_path.dsv'
[17.940s] INFO:colcon.colcon_core.shell:Creating environment hook '/ros2_ws/install/shape_msgs/share/shape_msgs/hook/cmake_prefix_path.sh'
[17.943s] Level 1:colcon.colcon_core.environment:checking '/ros2_ws/install/shape_msgs/lib'
[17.943s] Level 1:colcon.colcon_core.shell:create_environment_hook('shape_msgs', 'ld_library_path_lib')
[17.944s] INFO:colcon.colcon_core.shell:Creating environment hook '/ros2_ws/install/shape_msgs/share/shape_msgs/hook/ld_library_path_lib.ps1'
[17.946s] INFO:colcon.colcon_core.shell:Creating environment descriptor '/ros2_ws/install/shape_msgs/share/shape_msgs/hook/ld_library_path_lib.dsv'
[17.948s] INFO:colcon.colcon_core.shell:Creating environment hook '/ros2_ws/install/shape_msgs/share/shape_msgs/hook/ld_library_path_lib.sh'
[17.950s] Level 1:colcon.colcon_core.environment:checking '/ros2_ws/install/shape_msgs/bin'
[17.950s] Level 1:colcon.colcon_core.environment:checking '/ros2_ws/install/shape_msgs/lib/pkgconfig/shape_msgs.pc'
[17.951s] Level 1:colcon.colcon_core.environment:checking '/ros2_ws/install/shape_msgs/lib/python3.10/site-packages'
[17.953s] Level 1:colcon.colcon_core.environment:checking '/ros2_ws/install/shape_msgs/bin'
[17.955s] INFO:colcon.colcon_core.shell:Creating package script '/ros2_ws/install/shape_msgs/share/shape_msgs/package.ps1'
[17.958s] INFO:colcon.colcon_core.shell:Creating package descriptor '/ros2_ws/install/shape_msgs/share/shape_msgs/package.dsv'
[17.961s] INFO:colcon.colcon_core.shell:Creating package script '/ros2_ws/install/shape_msgs/share/shape_msgs/package.sh'
[17.963s] INFO:colcon.colcon_core.shell:Creating package script '/ros2_ws/install/shape_msgs/share/shape_msgs/package.bash'
[17.966s] INFO:colcon.colcon_core.shell:Creating package script '/ros2_ws/install/shape_msgs/share/shape_msgs/package.zsh'
[17.968s] Level 1:colcon.colcon_core.environment:create_file_with_runtime_dependencies(/ros2_ws/install/shape_msgs/share/colcon-core/packages/shape_msgs)
[17.969s] INFO:colcon.colcon_ros.task.ament_python.build:Building ROS package in '/ros2_ws/src/common_interfaces/sensor_msgs_py' with build type 'ament_python'
[17.970s] Level 1:colcon.colcon_core.shell:create_environment_hook('sensor_msgs_py', 'ament_prefix_path')
[17.971s] INFO:colcon.colcon_core.shell:Creating environment hook '/ros2_ws/install/sensor_msgs_py/share/sensor_msgs_py/hook/ament_prefix_path.ps1'
[17.979s] INFO:colcon.colcon_core.shell:Creating environment descriptor '/ros2_ws/install/sensor_msgs_py/share/sensor_msgs_py/hook/ament_prefix_path.dsv'
[17.983s] INFO:colcon.colcon_core.shell:Creating environment hook '/ros2_ws/install/sensor_msgs_py/share/sensor_msgs_py/hook/ament_prefix_path.sh'
[17.986s] INFO:colcon.colcon_core.shell:Skip shell extension 'powershell' for command environment: Not usable outside of PowerShell
[17.986s] DEBUG:colcon.colcon_core.shell:Skip shell extension 'dsv' for command environment
[19.032s] INFO:colcon.colcon_core.task.python.build:Building Python package in '/ros2_ws/src/common_interfaces/sensor_msgs_py'
[19.034s] INFO:colcon.colcon_core.shell:Skip shell extension 'powershell' for command environment: Not usable outside of PowerShell
[19.034s] DEBUG:colcon.colcon_core.shell:Skip shell extension 'dsv' for command environment
[19.048s] Level 1:colcon.colcon_core.environment:create_environment_scripts_only(trajectory_msgs)
[19.049s] Level 1:colcon.colcon_core.environment:checking '/ros2_ws/install/trajectory_msgs' for CMake module files
[19.051s] DEBUG:colcon.colcon_core.event_handler.log_command:Invoked command in '/ros2_ws/build/trajectory_msgs' returned '0': AMENT_PREFIX_PATH=/ros2_ws/install/geometry_msgs:/ros2_ws/install/std_msgs:${AMENT_PREFIX_PATH} CMAKE_PREFIX_PATH=/ros2_ws/install/geometry_msgs:/ros2_ws/install/std_msgs:/opt/ros/humble LD_LIBRARY_PATH=/ros2_ws/install/geometry_msgs/lib:/ros2_ws/install/std_msgs/lib:${LD_LIBRARY_PATH} PYTHONPATH=/ros2_ws/install/geometry_msgs/local/lib/python3.10/dist-packages:/ros2_ws/install/std_msgs/local/lib/python3.10/dist-packages:${PYTHONPATH} /usr/bin/cmake --install /ros2_ws/build/trajectory_msgs
[19.054s] Level 1:colcon.colcon_core.environment:checking '/ros2_ws/install/trajectory_msgs' for CMake config files
[19.058s] Level 1:colcon.colcon_core.shell:create_environment_hook('trajectory_msgs', 'cmake_prefix_path')
[19.059s] INFO:colcon.colcon_core.shell:Creating environment hook '/ros2_ws/install/trajectory_msgs/share/trajectory_msgs/hook/cmake_prefix_path.ps1'
[19.061s] INFO:colcon.colcon_core.shell:Creating environment descriptor '/ros2_ws/install/trajectory_msgs/share/trajectory_msgs/hook/cmake_prefix_path.dsv'
[19.062s] INFO:colcon.colcon_core.shell:Creating environment hook '/ros2_ws/install/trajectory_msgs/share/trajectory_msgs/hook/cmake_prefix_path.sh'
[19.065s] Level 1:colcon.colcon_core.environment:checking '/ros2_ws/install/trajectory_msgs/lib'
[19.065s] Level 1:colcon.colcon_core.shell:create_environment_hook('trajectory_msgs', 'ld_library_path_lib')
[19.066s] INFO:colcon.colcon_core.shell:Creating environment hook '/ros2_ws/install/trajectory_msgs/share/trajectory_msgs/hook/ld_library_path_lib.ps1'
[19.068s] INFO:colcon.colcon_core.shell:Creating environment descriptor '/ros2_ws/install/trajectory_msgs/share/trajectory_msgs/hook/ld_library_path_lib.dsv'
[19.069s] INFO:colcon.colcon_core.shell:Creating environment hook '/ros2_ws/install/trajectory_msgs/share/trajectory_msgs/hook/ld_library_path_lib.sh'
[19.071s] Level 1:colcon.colcon_core.environment:checking '/ros2_ws/install/trajectory_msgs/bin'
[19.071s] Level 1:colcon.colcon_core.environment:checking '/ros2_ws/install/trajectory_msgs/lib/pkgconfig/trajectory_msgs.pc'
[19.072s] Level 1:colcon.colcon_core.environment:checking '/ros2_ws/install/trajectory_msgs/lib/python3.10/site-packages'
[19.074s] Level 1:colcon.colcon_core.environment:checking '/ros2_ws/install/trajectory_msgs/bin'
[19.075s] INFO:colcon.colcon_core.shell:Creating package script '/ros2_ws/install/trajectory_msgs/share/trajectory_msgs/package.ps1'
[19.078s] INFO:colcon.colcon_core.shell:Creating package descriptor '/ros2_ws/install/trajectory_msgs/share/trajectory_msgs/package.dsv'
[19.079s] INFO:colcon.colcon_core.shell:Creating package script '/ros2_ws/install/trajectory_msgs/share/trajectory_msgs/package.sh'
[19.081s] INFO:colcon.colcon_core.shell:Creating package script '/ros2_ws/install/trajectory_msgs/share/trajectory_msgs/package.bash'
[19.083s] INFO:colcon.colcon_core.shell:Creating package script '/ros2_ws/install/trajectory_msgs/share/trajectory_msgs/package.zsh'
[19.085s] Level 1:colcon.colcon_core.environment:create_file_with_runtime_dependencies(/ros2_ws/install/trajectory_msgs/share/colcon-core/packages/trajectory_msgs)
[19.088s] Level 1:colcon.colcon_core.environment:create_environment_scripts_only(trajectory_msgs)
[19.089s] Level 1:colcon.colcon_core.environment:checking '/ros2_ws/install/trajectory_msgs' for CMake module files
[19.092s] Level 1:colcon.colcon_core.environment:checking '/ros2_ws/install/trajectory_msgs' for CMake config files
[19.095s] Level 1:colcon.colcon_core.shell:create_environment_hook('trajectory_msgs', 'cmake_prefix_path')
[19.096s] INFO:colcon.colcon_core.shell:Creating environment hook '/ros2_ws/install/trajectory_msgs/share/trajectory_msgs/hook/cmake_prefix_path.ps1'
[19.098s] INFO:colcon.colcon_core.shell:Creating environment descriptor '/ros2_ws/install/trajectory_msgs/share/trajectory_msgs/hook/cmake_prefix_path.dsv'
[19.099s] INFO:colcon.colcon_core.shell:Creating environment hook '/ros2_ws/install/trajectory_msgs/share/trajectory_msgs/hook/cmake_prefix_path.sh'
[19.101s] Level 1:colcon.colcon_core.environment:checking '/ros2_ws/install/trajectory_msgs/lib'
[19.101s] Level 1:colcon.colcon_core.shell:create_environment_hook('trajectory_msgs', 'ld_library_path_lib')
[19.102s] INFO:colcon.colcon_core.shell:Creating environment hook '/ros2_ws/install/trajectory_msgs/share/trajectory_msgs/hook/ld_library_path_lib.ps1'
[19.104s] INFO:colcon.colcon_core.shell:Creating environment descriptor '/ros2_ws/install/trajectory_msgs/share/trajectory_msgs/hook/ld_library_path_lib.dsv'
[19.105s] INFO:colcon.colcon_core.shell:Creating environment hook '/ros2_ws/install/trajectory_msgs/share/trajectory_msgs/hook/ld_library_path_lib.sh'
[19.106s] Level 1:colcon.colcon_core.environment:checking '/ros2_ws/install/trajectory_msgs/bin'
[19.106s] Level 1:colcon.colcon_core.environment:checking '/ros2_ws/install/trajectory_msgs/lib/pkgconfig/trajectory_msgs.pc'
[19.107s] Level 1:colcon.colcon_core.environment:checking '/ros2_ws/install/trajectory_msgs/lib/python3.10/site-packages'
[19.109s] Level 1:colcon.colcon_core.environment:checking '/ros2_ws/install/trajectory_msgs/bin'
[19.110s] INFO:colcon.colcon_core.shell:Creating package script '/ros2_ws/install/trajectory_msgs/share/trajectory_msgs/package.ps1'
[19.113s] INFO:colcon.colcon_core.shell:Creating package descriptor '/ros2_ws/install/trajectory_msgs/share/trajectory_msgs/package.dsv'
[19.115s] INFO:colcon.colcon_core.shell:Creating package script '/ros2_ws/install/trajectory_msgs/share/trajectory_msgs/package.sh'
[19.117s] INFO:colcon.colcon_core.shell:Creating package script '/ros2_ws/install/trajectory_msgs/share/trajectory_msgs/package.bash'
[19.119s] INFO:colcon.colcon_core.shell:Creating package script '/ros2_ws/install/trajectory_msgs/share/trajectory_msgs/package.zsh'
[19.120s] Level 1:colcon.colcon_core.environment:create_file_with_runtime_dependencies(/ros2_ws/install/trajectory_msgs/share/colcon-core/packages/trajectory_msgs)
[19.121s] Level 1:colcon.colcon_core.environment:create_environment_scripts_only(stereo_msgs)
[19.122s] Level 1:colcon.colcon_core.environment:checking '/ros2_ws/install/stereo_msgs' for CMake module files
[19.126s] DEBUG:colcon.colcon_core.event_handler.log_command:Invoked command in '/ros2_ws/build/stereo_msgs' returned '0': AMENT_PREFIX_PATH=/ros2_ws/install/sensor_msgs:/ros2_ws/install/geometry_msgs:/ros2_ws/install/std_msgs:${AMENT_PREFIX_PATH} CMAKE_PREFIX_PATH=/ros2_ws/install/sensor_msgs:/ros2_ws/install/geometry_msgs:/ros2_ws/install/std_msgs:/opt/ros/humble LD_LIBRARY_PATH=/ros2_ws/install/sensor_msgs/lib:/ros2_ws/install/geometry_msgs/lib:/ros2_ws/install/std_msgs/lib:${LD_LIBRARY_PATH} PYTHONPATH=/ros2_ws/install/sensor_msgs/local/lib/python3.10/dist-packages:/ros2_ws/install/geometry_msgs/local/lib/python3.10/dist-packages:/ros2_ws/install/std_msgs/local/lib/python3.10/dist-packages:${PYTHONPATH} /usr/bin/cmake --install /ros2_ws/build/stereo_msgs
[19.127s] Level 1:colcon.colcon_core.environment:checking '/ros2_ws/install/stereo_msgs' for CMake config files
[19.130s] Level 1:colcon.colcon_core.shell:create_environment_hook('stereo_msgs', 'cmake_prefix_path')
[19.131s] INFO:colcon.colcon_core.shell:Creating environment hook '/ros2_ws/install/stereo_msgs/share/stereo_msgs/hook/cmake_prefix_path.ps1'
[19.132s] INFO:colcon.colcon_core.shell:Creating environment descriptor '/ros2_ws/install/stereo_msgs/share/stereo_msgs/hook/cmake_prefix_path.dsv'
[19.134s] INFO:colcon.colcon_core.shell:Creating environment hook '/ros2_ws/install/stereo_msgs/share/stereo_msgs/hook/cmake_prefix_path.sh'
[19.135s] Level 1:colcon.colcon_core.environment:checking '/ros2_ws/install/stereo_msgs/lib'
[19.136s] Level 1:colcon.colcon_core.shell:create_environment_hook('stereo_msgs', 'ld_library_path_lib')
[19.137s] INFO:colcon.colcon_core.shell:Creating environment hook '/ros2_ws/install/stereo_msgs/share/stereo_msgs/hook/ld_library_path_lib.ps1'
[19.138s] INFO:colcon.colcon_core.shell:Creating environment descriptor '/ros2_ws/install/stereo_msgs/share/stereo_msgs/hook/ld_library_path_lib.dsv'
[19.139s] INFO:colcon.colcon_core.shell:Creating environment hook '/ros2_ws/install/stereo_msgs/share/stereo_msgs/hook/ld_library_path_lib.sh'
[19.141s] Level 1:colcon.colcon_core.environment:checking '/ros2_ws/install/stereo_msgs/bin'
[19.141s] Level 1:colcon.colcon_core.environment:checking '/ros2_ws/install/stereo_msgs/lib/pkgconfig/stereo_msgs.pc'
[19.142s] Level 1:colcon.colcon_core.environment:checking '/ros2_ws/install/stereo_msgs/lib/python3.10/site-packages'
[19.143s] Level 1:colcon.colcon_core.environment:checking '/ros2_ws/install/stereo_msgs/bin'
[19.145s] INFO:colcon.colcon_core.shell:Creating package script '/ros2_ws/install/stereo_msgs/share/stereo_msgs/package.ps1'
[19.148s] INFO:colcon.colcon_core.shell:Creating package descriptor '/ros2_ws/install/stereo_msgs/share/stereo_msgs/package.dsv'
[19.149s] INFO:colcon.colcon_core.shell:Creating package script '/ros2_ws/install/stereo_msgs/share/stereo_msgs/package.sh'
[19.151s] INFO:colcon.colcon_core.shell:Creating package script '/ros2_ws/install/stereo_msgs/share/stereo_msgs/package.bash'
[19.152s] INFO:colcon.colcon_core.shell:Creating package script '/ros2_ws/install/stereo_msgs/share/stereo_msgs/package.zsh'
[19.154s] Level 1:colcon.colcon_core.environment:create_file_with_runtime_dependencies(/ros2_ws/install/stereo_msgs/share/colcon-core/packages/stereo_msgs)
[19.156s] Level 1:colcon.colcon_core.environment:create_environment_scripts_only(stereo_msgs)
[19.157s] Level 1:colcon.colcon_core.environment:checking '/ros2_ws/install/stereo_msgs' for CMake module files
[19.160s] Level 1:colcon.colcon_core.environment:checking '/ros2_ws/install/stereo_msgs' for CMake config files
[19.162s] Level 1:colcon.colcon_core.shell:create_environment_hook('stereo_msgs', 'cmake_prefix_path')
[19.163s] INFO:colcon.colcon_core.shell:Creating environment hook '/ros2_ws/install/stereo_msgs/share/stereo_msgs/hook/cmake_prefix_path.ps1'
[19.165s] INFO:colcon.colcon_core.shell:Creating environment descriptor '/ros2_ws/install/stereo_msgs/share/stereo_msgs/hook/cmake_prefix_path.dsv'
[19.166s] INFO:colcon.colcon_core.shell:Creating environment hook '/ros2_ws/install/stereo_msgs/share/stereo_msgs/hook/cmake_prefix_path.sh'
[19.168s] Level 1:colcon.colcon_core.environment:checking '/ros2_ws/install/stereo_msgs/lib'
[19.168s] Level 1:colcon.colcon_core.shell:create_environment_hook('stereo_msgs', 'ld_library_path_lib')
[19.169s] INFO:colcon.colcon_core.shell:Creating environment hook '/ros2_ws/install/stereo_msgs/share/stereo_msgs/hook/ld_library_path_lib.ps1'
[19.171s] INFO:colcon.colcon_core.shell:Creating environment descriptor '/ros2_ws/install/stereo_msgs/share/stereo_msgs/hook/ld_library_path_lib.dsv'
[19.172s] INFO:colcon.colcon_core.shell:Creating environment hook '/ros2_ws/install/stereo_msgs/share/stereo_msgs/hook/ld_library_path_lib.sh'
[19.173s] Level 1:colcon.colcon_core.environment:checking '/ros2_ws/install/stereo_msgs/bin'
[19.174s] Level 1:colcon.colcon_core.environment:checking '/ros2_ws/install/stereo_msgs/lib/pkgconfig/stereo_msgs.pc'
[19.175s] Level 1:colcon.colcon_core.environment:checking '/ros2_ws/install/stereo_msgs/lib/python3.10/site-packages'
[19.176s] Level 1:colcon.colcon_core.environment:checking '/ros2_ws/install/stereo_msgs/bin'
[19.178s] INFO:colcon.colcon_core.shell:Creating package script '/ros2_ws/install/stereo_msgs/share/stereo_msgs/package.ps1'
[19.180s] INFO:colcon.colcon_core.shell:Creating package descriptor '/ros2_ws/install/stereo_msgs/share/stereo_msgs/package.dsv'
[19.183s] INFO:colcon.colcon_core.shell:Creating package script '/ros2_ws/install/stereo_msgs/share/stereo_msgs/package.sh'
[19.185s] INFO:colcon.colcon_core.shell:Creating package script '/ros2_ws/install/stereo_msgs/share/stereo_msgs/package.bash'
[19.187s] INFO:colcon.colcon_core.shell:Creating package script '/ros2_ws/install/stereo_msgs/share/stereo_msgs/package.zsh'
[19.188s] Level 1:colcon.colcon_core.environment:create_file_with_runtime_dependencies(/ros2_ws/install/stereo_msgs/share/colcon-core/packages/stereo_msgs)
[19.191s] DEBUG:colcon.colcon_core.event_handler.log_command:Invoked command in '/ros2_ws/build/vision_msgs' returned '0': AMENT_PREFIX_PATH=/ros2_ws/install/sensor_msgs:/ros2_ws/install/geometry_msgs:/ros2_ws/install/std_msgs:${AMENT_PREFIX_PATH} CMAKE_PREFIX_PATH=/ros2_ws/install/sensor_msgs:/ros2_ws/install/geometry_msgs:/ros2_ws/install/std_msgs:/opt/ros/humble LD_LIBRARY_PATH=/ros2_ws/install/sensor_msgs/lib:/ros2_ws/install/geometry_msgs/lib:/ros2_ws/install/std_msgs/lib:${LD_LIBRARY_PATH} PYTHONPATH=/ros2_ws/install/sensor_msgs/local/lib/python3.10/dist-packages:/ros2_ws/install/geometry_msgs/local/lib/python3.10/dist-packages:/ros2_ws/install/std_msgs/local/lib/python3.10/dist-packages:${PYTHONPATH} /usr/bin/cmake --build /ros2_ws/build/vision_msgs -- -j4 -l4
[19.198s] DEBUG:colcon.colcon_core.event_handler.log_command:Invoking command in '/ros2_ws/build/vision_msgs': AMENT_PREFIX_PATH=/ros2_ws/install/sensor_msgs:/ros2_ws/install/geometry_msgs:/ros2_ws/install/std_msgs:${AMENT_PREFIX_PATH} CMAKE_PREFIX_PATH=/ros2_ws/install/sensor_msgs:/ros2_ws/install/geometry_msgs:/ros2_ws/install/std_msgs:/opt/ros/humble LD_LIBRARY_PATH=/ros2_ws/install/sensor_msgs/lib:/ros2_ws/install/geometry_msgs/lib:/ros2_ws/install/std_msgs/lib:${LD_LIBRARY_PATH} PYTHONPATH=/ros2_ws/install/sensor_msgs/local/lib/python3.10/dist-packages:/ros2_ws/install/geometry_msgs/local/lib/python3.10/dist-packages:/ros2_ws/install/std_msgs/local/lib/python3.10/dist-packages:${PYTHONPATH} /usr/bin/cmake --install /ros2_ws/build/vision_msgs
[19.200s] INFO:colcon.colcon_ros.task.ament_cmake.build:Building ROS package in '/ros2_ws/rosbridge_test_msgs' with build type 'ament_cmake'
[19.200s] INFO:colcon.colcon_cmake.task.cmake.build:Building CMake package in '/ros2_ws/rosbridge_test_msgs'
[19.202s] INFO:colcon.colcon_core.shell:Skip shell extension 'powershell' for command environment: Not usable outside of PowerShell
[19.202s] DEBUG:colcon.colcon_core.shell:Skip shell extension 'dsv' for command environment
[19.216s] INFO:colcon.colcon_ros.task.ament_cmake.build:Building ROS package in '/ros2_ws/src/slam_toolbox' with build type 'ament_cmake'
[19.217s] INFO:colcon.colcon_cmake.task.cmake.build:Building CMake package in '/ros2_ws/src/slam_toolbox'
[19.219s] INFO:colcon.colcon_core.shell:Skip shell extension 'powershell' for command environment: Not usable outside of PowerShell
[19.220s] DEBUG:colcon.colcon_core.shell:Skip shell extension 'dsv' for command environment
[19.319s] DEBUG:colcon.colcon_core.event_handler.log_command:Invoking command in '/ros2_ws/build/slam_toolbox': AMENT_PREFIX_PATH=/ros2_ws/install/visualization_msgs:/ros2_ws/install/sensor_msgs:/ros2_ws/install/nav_msgs:/ros2_ws/install/geometry_msgs:/ros2_ws/install/std_srvs:/ros2_ws/install/std_msgs:${AMENT_PREFIX_PATH} CMAKE_PREFIX_PATH=/ros2_ws/install/visualization_msgs:/ros2_ws/install/sensor_msgs:/ros2_ws/install/nav_msgs:/ros2_ws/install/geometry_msgs:/ros2_ws/install/std_srvs:/ros2_ws/install/std_msgs:/opt/ros/humble LD_LIBRARY_PATH=/ros2_ws/install/visualization_msgs/lib:/ros2_ws/install/sensor_msgs/lib:/ros2_ws/install/nav_msgs/lib:/ros2_ws/install/geometry_msgs/lib:/ros2_ws/install/std_srvs/lib:/ros2_ws/install/std_msgs/lib:${LD_LIBRARY_PATH} PYTHONPATH=/ros2_ws/install/visualization_msgs/local/lib/python3.10/dist-packages:/ros2_ws/install/sensor_msgs/local/lib/python3.10/dist-packages:/ros2_ws/install/nav_msgs/local/lib/python3.10/dist-packages:/ros2_ws/install/geometry_msgs/local/lib/python3.10/dist-packages:/ros2_ws/install/std_srvs/local/lib/python3.10/dist-packages:/ros2_ws/install/std_msgs/local/lib/python3.10/dist-packages:${PYTHONPATH} /usr/bin/cmake /ros2_ws/src/slam_toolbox -DCMAKE_INSTALL_PREFIX=/ros2_ws/install/slam_toolbox
[19.365s] DEBUG:colcon.colcon_core.event_handler.log_command:Invoking command in '/ros2_ws/build/rosbridge_test_msgs': AMENT_PREFIX_PATH=/ros2_ws/install/stereo_msgs:/ros2_ws/install/visualization_msgs:/ros2_ws/install/trajectory_msgs:/ros2_ws/install/sensor_msgs:/ros2_ws/install/nav_msgs:/ros2_ws/install/diagnostic_msgs:/ros2_ws/install/geometry_msgs:/ros2_ws/install/actionlib_msgs:/ros2_ws/install/std_srvs:/ros2_ws/install/std_msgs:${AMENT_PREFIX_PATH} CMAKE_PREFIX_PATH=/ros2_ws/install/stereo_msgs:/ros2_ws/install/visualization_msgs:/ros2_ws/install/trajectory_msgs:/ros2_ws/install/sensor_msgs:/ros2_ws/install/nav_msgs:/ros2_ws/install/diagnostic_msgs:/ros2_ws/install/geometry_msgs:/ros2_ws/install/actionlib_msgs:/ros2_ws/install/std_srvs:/ros2_ws/install/std_msgs:/opt/ros/humble LD_LIBRARY_PATH=/ros2_ws/install/stereo_msgs/lib:/ros2_ws/install/visualization_msgs/lib:/ros2_ws/install/trajectory_msgs/lib:/ros2_ws/install/sensor_msgs/lib:/ros2_ws/install/nav_msgs/lib:/ros2_ws/install/diagnostic_msgs/lib:/ros2_ws/install/geometry_msgs/lib:/ros2_ws/install/actionlib_msgs/lib:/ros2_ws/install/std_srvs/lib:/ros2_ws/install/std_msgs/lib:${LD_LIBRARY_PATH} PYTHONPATH=/ros2_ws/install/stereo_msgs/local/lib/python3.10/dist-packages:/ros2_ws/install/visualization_msgs/local/lib/python3.10/dist-packages:/ros2_ws/install/trajectory_msgs/local/lib/python3.10/dist-packages:/ros2_ws/install/sensor_msgs/local/lib/python3.10/dist-packages:/ros2_ws/install/nav_msgs/local/lib/python3.10/dist-packages:/ros2_ws/install/diagnostic_msgs/local/lib/python3.10/dist-packages:/ros2_ws/install/geometry_msgs/local/lib/python3.10/dist-packages:/ros2_ws/install/actionlib_msgs/local/lib/python3.10/dist-packages:/ros2_ws/install/std_srvs/local/lib/python3.10/dist-packages:/ros2_ws/install/std_msgs/local/lib/python3.10/dist-packages:${PYTHONPATH} /usr/bin/cmake /ros2_ws/rosbridge_test_msgs -DCMAKE_INSTALL_PREFIX=/ros2_ws/install/rosbridge_test_msgs
[20.575s] Level 1:colcon.colcon_core.environment:create_environment_scripts_only(vision_msgs)
[20.576s] Level 1:colcon.colcon_core.environment:checking '/ros2_ws/install/vision_msgs' for CMake module files
[20.580s] Level 1:colcon.colcon_core.environment:checking '/ros2_ws/install/vision_msgs' for CMake config files
[20.585s] DEBUG:colcon.colcon_core.event_handler.log_command:Invoked command in '/ros2_ws/build/vision_msgs' returned '0': AMENT_PREFIX_PATH=/ros2_ws/install/sensor_msgs:/ros2_ws/install/geometry_msgs:/ros2_ws/install/std_msgs:${AMENT_PREFIX_PATH} CMAKE_PREFIX_PATH=/ros2_ws/install/sensor_msgs:/ros2_ws/install/geometry_msgs:/ros2_ws/install/std_msgs:/opt/ros/humble LD_LIBRARY_PATH=/ros2_ws/install/sensor_msgs/lib:/ros2_ws/install/geometry_msgs/lib:/ros2_ws/install/std_msgs/lib:${LD_LIBRARY_PATH} PYTHONPATH=/ros2_ws/install/sensor_msgs/local/lib/python3.10/dist-packages:/ros2_ws/install/geometry_msgs/local/lib/python3.10/dist-packages:/ros2_ws/install/std_msgs/local/lib/python3.10/dist-packages:${PYTHONPATH} /usr/bin/cmake --install /ros2_ws/build/vision_msgs
[20.587s] Level 1:colcon.colcon_core.shell:create_environment_hook('vision_msgs', 'cmake_prefix_path')
[20.589s] INFO:colcon.colcon_core.shell:Creating environment hook '/ros2_ws/install/vision_msgs/share/vision_msgs/hook/cmake_prefix_path.ps1'
[20.591s] INFO:colcon.colcon_core.shell:Creating environment descriptor '/ros2_ws/install/vision_msgs/share/vision_msgs/hook/cmake_prefix_path.dsv'
[20.593s] INFO:colcon.colcon_core.shell:Creating environment hook '/ros2_ws/install/vision_msgs/share/vision_msgs/hook/cmake_prefix_path.sh'
[20.598s] Level 1:colcon.colcon_core.environment:checking '/ros2_ws/install/vision_msgs/lib'
[20.598s] Level 1:colcon.colcon_core.shell:create_environment_hook('vision_msgs', 'ld_library_path_lib')
[20.599s] INFO:colcon.colcon_core.shell:Creating environment hook '/ros2_ws/install/vision_msgs/share/vision_msgs/hook/ld_library_path_lib.ps1'
[20.601s] INFO:colcon.colcon_core.shell:Creating environment descriptor '/ros2_ws/install/vision_msgs/share/vision_msgs/hook/ld_library_path_lib.dsv'
[20.603s] INFO:colcon.colcon_core.shell:Creating environment hook '/ros2_ws/install/vision_msgs/share/vision_msgs/hook/ld_library_path_lib.sh'
[20.604s] Level 1:colcon.colcon_core.environment:checking '/ros2_ws/install/vision_msgs/bin'
[20.605s] Level 1:colcon.colcon_core.environment:checking '/ros2_ws/install/vision_msgs/lib/pkgconfig/vision_msgs.pc'
[20.606s] Level 1:colcon.colcon_core.environment:checking '/ros2_ws/install/vision_msgs/lib/python3.10/site-packages'
[20.607s] Level 1:colcon.colcon_core.environment:checking '/ros2_ws/install/vision_msgs/bin'
[20.610s] INFO:colcon.colcon_core.shell:Creating package script '/ros2_ws/install/vision_msgs/share/vision_msgs/package.ps1'
[20.613s] INFO:colcon.colcon_core.shell:Creating package descriptor '/ros2_ws/install/vision_msgs/share/vision_msgs/package.dsv'
[20.615s] INFO:colcon.colcon_core.shell:Creating package script '/ros2_ws/install/vision_msgs/share/vision_msgs/package.sh'
[20.618s] INFO:colcon.colcon_core.shell:Creating package script '/ros2_ws/install/vision_msgs/share/vision_msgs/package.bash'
[20.619s] INFO:colcon.colcon_core.shell:Creating package script '/ros2_ws/install/vision_msgs/share/vision_msgs/package.zsh'
[20.621s] Level 1:colcon.colcon_core.environment:create_file_with_runtime_dependencies(/ros2_ws/install/vision_msgs/share/colcon-core/packages/vision_msgs)
[20.624s] Level 1:colcon.colcon_core.environment:create_environment_scripts_only(vision_msgs)
[20.625s] Level 1:colcon.colcon_core.environment:checking '/ros2_ws/install/vision_msgs' for CMake module files
[20.629s] Level 1:colcon.colcon_core.environment:checking '/ros2_ws/install/vision_msgs' for CMake config files
[20.634s] Level 1:colcon.colcon_core.shell:create_environment_hook('vision_msgs', 'cmake_prefix_path')
[20.635s] INFO:colcon.colcon_core.shell:Creating environment hook '/ros2_ws/install/vision_msgs/share/vision_msgs/hook/cmake_prefix_path.ps1'
[20.637s] INFO:colcon.colcon_core.shell:Creating environment descriptor '/ros2_ws/install/vision_msgs/share/vision_msgs/hook/cmake_prefix_path.dsv'
[20.640s] INFO:colcon.colcon_core.shell:Creating environment hook '/ros2_ws/install/vision_msgs/share/vision_msgs/hook/cmake_prefix_path.sh'
[20.642s] Level 1:colcon.colcon_core.environment:checking '/ros2_ws/install/vision_msgs/lib'
[20.643s] Level 1:colcon.colcon_core.shell:create_environment_hook('vision_msgs', 'ld_library_path_lib')
[20.644s] INFO:colcon.colcon_core.shell:Creating environment hook '/ros2_ws/install/vision_msgs/share/vision_msgs/hook/ld_library_path_lib.ps1'
[20.646s] INFO:colcon.colcon_core.shell:Creating environment descriptor '/ros2_ws/install/vision_msgs/share/vision_msgs/hook/ld_library_path_lib.dsv'
[20.647s] INFO:colcon.colcon_core.shell:Creating environment hook '/ros2_ws/install/vision_msgs/share/vision_msgs/hook/ld_library_path_lib.sh'
[20.649s] Level 1:colcon.colcon_core.environment:checking '/ros2_ws/install/vision_msgs/bin'
[20.650s] Level 1:colcon.colcon_core.environment:checking '/ros2_ws/install/vision_msgs/lib/pkgconfig/vision_msgs.pc'
[20.651s] Level 1:colcon.colcon_core.environment:checking '/ros2_ws/install/vision_msgs/lib/python3.10/site-packages'
[20.653s] Level 1:colcon.colcon_core.environment:checking '/ros2_ws/install/vision_msgs/bin'
[20.655s] INFO:colcon.colcon_core.shell:Creating package script '/ros2_ws/install/vision_msgs/share/vision_msgs/package.ps1'
[20.658s] INFO:colcon.colcon_core.shell:Creating package descriptor '/ros2_ws/install/vision_msgs/share/vision_msgs/package.dsv'
[20.661s] INFO:colcon.colcon_core.shell:Creating package script '/ros2_ws/install/vision_msgs/share/vision_msgs/package.sh'
[20.663s] INFO:colcon.colcon_core.shell:Creating package script '/ros2_ws/install/vision_msgs/share/vision_msgs/package.bash'
[20.666s] INFO:colcon.colcon_core.shell:Creating package script '/ros2_ws/install/vision_msgs/share/vision_msgs/package.zsh'
[20.667s] Level 1:colcon.colcon_core.environment:create_file_with_runtime_dependencies(/ros2_ws/install/vision_msgs/share/colcon-core/packages/vision_msgs)
[20.669s] INFO:colcon.colcon_ros.task.ament_cmake.build:Building ROS package in '/ros2_ws/src/depthai-ros/depthai_ros_msgs' with build type 'ament_cmake'
[20.669s] INFO:colcon.colcon_cmake.task.cmake.build:Building CMake package in '/ros2_ws/src/depthai-ros/depthai_ros_msgs'
[20.671s] INFO:colcon.colcon_core.shell:Skip shell extension 'powershell' for command environment: Not usable outside of PowerShell
[20.671s] DEBUG:colcon.colcon_core.shell:Skip shell extension 'dsv' for command environment
[20.735s] DEBUG:colcon.colcon_core.event_handler.log_command:Invoking command in '/ros2_ws/build/depthai_ros_msgs': AMENT_PREFIX_PATH=/ros2_ws/install/vision_msgs:/ros2_ws/install/sensor_msgs:/ros2_ws/install/geometry_msgs:/ros2_ws/install/std_msgs:${AMENT_PREFIX_PATH} CMAKE_PREFIX_PATH=/ros2_ws/install/vision_msgs:/ros2_ws/install/sensor_msgs:/ros2_ws/install/geometry_msgs:/ros2_ws/install/std_msgs:/opt/ros/humble LD_LIBRARY_PATH=/ros2_ws/install/vision_msgs/lib:/ros2_ws/install/sensor_msgs/lib:/ros2_ws/install/geometry_msgs/lib:/ros2_ws/install/std_msgs/lib:${LD_LIBRARY_PATH} PYTHONPATH=/ros2_ws/install/vision_msgs/local/lib/python3.10/dist-packages:/ros2_ws/install/sensor_msgs/local/lib/python3.10/dist-packages:/ros2_ws/install/geometry_msgs/local/lib/python3.10/dist-packages:/ros2_ws/install/std_msgs/local/lib/python3.10/dist-packages:${PYTHONPATH} /usr/bin/cmake /ros2_ws/src/depthai-ros/depthai_ros_msgs -DCMAKE_INSTALL_PREFIX=/ros2_ws/install/depthai_ros_msgs
[21.046s] DEBUG:colcon.colcon_core.event_handler.log_command:Invoking command in '/ros2_ws/src/common_interfaces/sensor_msgs_py': AMENT_PREFIX_PATH=/ros2_ws/install/sensor_msgs:/ros2_ws/install/geometry_msgs:/ros2_ws/install/std_msgs:${AMENT_PREFIX_PATH} CMAKE_PREFIX_PATH=/ros2_ws/install/sensor_msgs:/ros2_ws/install/geometry_msgs:/ros2_ws/install/std_msgs LD_LIBRARY_PATH=/ros2_ws/install/sensor_msgs/lib:/ros2_ws/install/geometry_msgs/lib:/ros2_ws/install/std_msgs/lib:${LD_LIBRARY_PATH} PYTHONPATH=/ros2_ws/build/sensor_msgs_py/prefix_override:/usr/lib/python3/dist-packages/colcon_core/task/python/colcon_distutils_commands:/ros2_ws/install/sensor_msgs_py/lib/python3.10/site-packages:/ros2_ws/install/sensor_msgs/local/lib/python3.10/dist-packages:/ros2_ws/install/geometry_msgs/local/lib/python3.10/dist-packages:/ros2_ws/install/std_msgs/local/lib/python3.10/dist-packages:${PYTHONPATH} /usr/bin/python3 -W ignore:setup.py install is deprecated -W ignore:easy_install command is deprecated setup.py egg_info --egg-base ../../../build/sensor_msgs_py build --build-base /ros2_ws/build/sensor_msgs_py/build install --record /ros2_ws/build/sensor_msgs_py/install.log --install-scripts $base/lib/sensor_msgs_py --single-version-externally-managed install_data
[22.508s] Level 1:colcon.colcon_core.environment:checking '/ros2_ws/install/sensor_msgs_py' for CMake module files
[22.511s] DEBUG:colcon.colcon_core.event_handler.log_command:Invoked command in '/ros2_ws/src/common_interfaces/sensor_msgs_py' returned '0': AMENT_PREFIX_PATH=/ros2_ws/install/sensor_msgs:/ros2_ws/install/geometry_msgs:/ros2_ws/install/std_msgs:${AMENT_PREFIX_PATH} CMAKE_PREFIX_PATH=/ros2_ws/install/sensor_msgs:/ros2_ws/install/geometry_msgs:/ros2_ws/install/std_msgs LD_LIBRARY_PATH=/ros2_ws/install/sensor_msgs/lib:/ros2_ws/install/geometry_msgs/lib:/ros2_ws/install/std_msgs/lib:${LD_LIBRARY_PATH} PYTHONPATH=/ros2_ws/build/sensor_msgs_py/prefix_override:/usr/lib/python3/dist-packages/colcon_core/task/python/colcon_distutils_commands:/ros2_ws/install/sensor_msgs_py/lib/python3.10/site-packages:/ros2_ws/install/sensor_msgs/local/lib/python3.10/dist-packages:/ros2_ws/install/geometry_msgs/local/lib/python3.10/dist-packages:/ros2_ws/install/std_msgs/local/lib/python3.10/dist-packages:${PYTHONPATH} /usr/bin/python3 -W ignore:setup.py install is deprecated -W ignore:easy_install command is deprecated setup.py egg_info --egg-base ../../../build/sensor_msgs_py build --build-base /ros2_ws/build/sensor_msgs_py/build install --record /ros2_ws/build/sensor_msgs_py/install.log --install-scripts $base/lib/sensor_msgs_py --single-version-externally-managed install_data
[22.512s] Level 1:colcon.colcon_core.environment:checking '/ros2_ws/install/sensor_msgs_py' for CMake config files
[22.516s] Level 1:colcon.colcon_core.environment:checking '/ros2_ws/install/sensor_msgs_py/lib'
[22.516s] Level 1:colcon.colcon_core.environment:checking '/ros2_ws/install/sensor_msgs_py/bin'
[22.517s] Level 1:colcon.colcon_core.environment:checking '/ros2_ws/install/sensor_msgs_py/lib/pkgconfig/sensor_msgs_py.pc'
[22.518s] Level 1:colcon.colcon_core.environment:checking '/ros2_ws/install/sensor_msgs_py/lib/python3.10/site-packages'
[22.518s] Level 1:colcon.colcon_core.shell:create_environment_hook('sensor_msgs_py', 'pythonpath')
[22.520s] INFO:colcon.colcon_core.shell:Creating environment hook '/ros2_ws/install/sensor_msgs_py/share/sensor_msgs_py/hook/pythonpath.ps1'
[22.522s] INFO:colcon.colcon_core.shell:Creating environment descriptor '/ros2_ws/install/sensor_msgs_py/share/sensor_msgs_py/hook/pythonpath.dsv'
[22.525s] INFO:colcon.colcon_core.shell:Creating environment hook '/ros2_ws/install/sensor_msgs_py/share/sensor_msgs_py/hook/pythonpath.sh'
[22.529s] Level 1:colcon.colcon_core.environment:checking '/ros2_ws/install/sensor_msgs_py/bin'
[22.529s] Level 1:colcon.colcon_core.environment:create_environment_scripts_only(sensor_msgs_py)
[22.531s] INFO:colcon.colcon_core.shell:Creating package script '/ros2_ws/install/sensor_msgs_py/share/sensor_msgs_py/package.ps1'
[22.535s] INFO:colcon.colcon_core.shell:Creating package descriptor '/ros2_ws/install/sensor_msgs_py/share/sensor_msgs_py/package.dsv'
[22.537s] INFO:colcon.colcon_core.shell:Creating package script '/ros2_ws/install/sensor_msgs_py/share/sensor_msgs_py/package.sh'
[22.540s] INFO:colcon.colcon_core.shell:Creating package script '/ros2_ws/install/sensor_msgs_py/share/sensor_msgs_py/package.bash'
[22.542s] INFO:colcon.colcon_core.shell:Creating package script '/ros2_ws/install/sensor_msgs_py/share/sensor_msgs_py/package.zsh'
[22.544s] Level 1:colcon.colcon_core.environment:create_file_with_runtime_dependencies(/ros2_ws/install/sensor_msgs_py/share/colcon-core/packages/sensor_msgs_py)
[22.553s] INFO:colcon.colcon_ros.task.ament_cmake.build:Building ROS package in '/ros2_ws/sllidar_ros2' with build type 'ament_cmake'
[22.554s] INFO:colcon.colcon_cmake.task.cmake.build:Building CMake package in '/ros2_ws/sllidar_ros2'
[22.555s] INFO:colcon.colcon_core.shell:Skip shell extension 'powershell' for command environment: Not usable outside of PowerShell
[22.555s] DEBUG:colcon.colcon_core.shell:Skip shell extension 'dsv' for command environment
[22.623s] DEBUG:colcon.colcon_core.event_handler.log_command:Invoking command in '/ros2_ws/build/sllidar_ros2': AMENT_PREFIX_PATH=/ros2_ws/install/sensor_msgs:/ros2_ws/install/geometry_msgs:/ros2_ws/install/std_srvs:/ros2_ws/install/std_msgs:${AMENT_PREFIX_PATH} CMAKE_PREFIX_PATH=/ros2_ws/install/sensor_msgs:/ros2_ws/install/geometry_msgs:/ros2_ws/install/std_srvs:/ros2_ws/install/std_msgs:/opt/ros/humble LD_LIBRARY_PATH=/ros2_ws/install/sensor_msgs/lib:/ros2_ws/install/geometry_msgs/lib:/ros2_ws/install/std_srvs/lib:/ros2_ws/install/std_msgs/lib:${LD_LIBRARY_PATH} PYTHONPATH=/ros2_ws/install/sensor_msgs/local/lib/python3.10/dist-packages:/ros2_ws/install/geometry_msgs/local/lib/python3.10/dist-packages:/ros2_ws/install/std_srvs/local/lib/python3.10/dist-packages:/ros2_ws/install/std_msgs/local/lib/python3.10/dist-packages:${PYTHONPATH} /usr/bin/cmake --build /ros2_ws/build/sllidar_ros2 -- -j4 -l4
[23.046s] DEBUG:colcon.colcon_core.event_handler.log_command:Invoked command in '/ros2_ws/build/sllidar_ros2' returned '0': AMENT_PREFIX_PATH=/ros2_ws/install/sensor_msgs:/ros2_ws/install/geometry_msgs:/ros2_ws/install/std_srvs:/ros2_ws/install/std_msgs:${AMENT_PREFIX_PATH} CMAKE_PREFIX_PATH=/ros2_ws/install/sensor_msgs:/ros2_ws/install/geometry_msgs:/ros2_ws/install/std_srvs:/ros2_ws/install/std_msgs:/opt/ros/humble LD_LIBRARY_PATH=/ros2_ws/install/sensor_msgs/lib:/ros2_ws/install/geometry_msgs/lib:/ros2_ws/install/std_srvs/lib:/ros2_ws/install/std_msgs/lib:${LD_LIBRARY_PATH} PYTHONPATH=/ros2_ws/install/sensor_msgs/local/lib/python3.10/dist-packages:/ros2_ws/install/geometry_msgs/local/lib/python3.10/dist-packages:/ros2_ws/install/std_srvs/local/lib/python3.10/dist-packages:/ros2_ws/install/std_msgs/local/lib/python3.10/dist-packages:${PYTHONPATH} /usr/bin/cmake --build /ros2_ws/build/sllidar_ros2 -- -j4 -l4
[23.054s] DEBUG:colcon.colcon_core.event_handler.log_command:Invoking command in '/ros2_ws/build/sllidar_ros2': AMENT_PREFIX_PATH=/ros2_ws/install/sensor_msgs:/ros2_ws/install/geometry_msgs:/ros2_ws/install/std_srvs:/ros2_ws/install/std_msgs:${AMENT_PREFIX_PATH} CMAKE_PREFIX_PATH=/ros2_ws/install/sensor_msgs:/ros2_ws/install/geometry_msgs:/ros2_ws/install/std_srvs:/ros2_ws/install/std_msgs:/opt/ros/humble LD_LIBRARY_PATH=/ros2_ws/install/sensor_msgs/lib:/ros2_ws/install/geometry_msgs/lib:/ros2_ws/install/std_srvs/lib:/ros2_ws/install/std_msgs/lib:${LD_LIBRARY_PATH} PYTHONPATH=/ros2_ws/install/sensor_msgs/local/lib/python3.10/dist-packages:/ros2_ws/install/geometry_msgs/local/lib/python3.10/dist-packages:/ros2_ws/install/std_srvs/local/lib/python3.10/dist-packages:/ros2_ws/install/std_msgs/local/lib/python3.10/dist-packages:${PYTHONPATH} /usr/bin/cmake --install /ros2_ws/build/sllidar_ros2
[23.200s] Level 1:colcon.colcon_core.environment:create_environment_scripts_only(sllidar_ros2)
[23.202s] Level 1:colcon.colcon_core.environment:checking '/ros2_ws/install/sllidar_ros2' for CMake module files
[23.204s] Level 1:colcon.colcon_core.environment:checking '/ros2_ws/install/sllidar_ros2' for CMake config files
[23.206s] Level 1:colcon.colcon_core.shell:create_environment_hook('sllidar_ros2', 'cmake_prefix_path')
[23.207s] INFO:colcon.colcon_core.shell:Creating environment hook '/ros2_ws/install/sllidar_ros2/share/sllidar_ros2/hook/cmake_prefix_path.ps1'
[23.211s] DEBUG:colcon.colcon_core.event_handler.log_command:Invoked command in '/ros2_ws/build/sllidar_ros2' returned '0': AMENT_PREFIX_PATH=/ros2_ws/install/sensor_msgs:/ros2_ws/install/geometry_msgs:/ros2_ws/install/std_srvs:/ros2_ws/install/std_msgs:${AMENT_PREFIX_PATH} CMAKE_PREFIX_PATH=/ros2_ws/install/sensor_msgs:/ros2_ws/install/geometry_msgs:/ros2_ws/install/std_srvs:/ros2_ws/install/std_msgs:/opt/ros/humble LD_LIBRARY_PATH=/ros2_ws/install/sensor_msgs/lib:/ros2_ws/install/geometry_msgs/lib:/ros2_ws/install/std_srvs/lib:/ros2_ws/install/std_msgs/lib:${LD_LIBRARY_PATH} PYTHONPATH=/ros2_ws/install/sensor_msgs/local/lib/python3.10/dist-packages:/ros2_ws/install/geometry_msgs/local/lib/python3.10/dist-packages:/ros2_ws/install/std_srvs/local/lib/python3.10/dist-packages:/ros2_ws/install/std_msgs/local/lib/python3.10/dist-packages:${PYTHONPATH} /usr/bin/cmake --install /ros2_ws/build/sllidar_ros2
[23.211s] INFO:colcon.colcon_core.shell:Creating environment descriptor '/ros2_ws/install/sllidar_ros2/share/sllidar_ros2/hook/cmake_prefix_path.dsv'
[23.213s] INFO:colcon.colcon_core.shell:Creating environment hook '/ros2_ws/install/sllidar_ros2/share/sllidar_ros2/hook/cmake_prefix_path.sh'
[23.217s] Level 1:colcon.colcon_core.environment:checking '/ros2_ws/install/sllidar_ros2/lib'
[23.217s] Level 1:colcon.colcon_core.environment:checking '/ros2_ws/install/sllidar_ros2/bin'
[23.218s] Level 1:colcon.colcon_core.environment:checking '/ros2_ws/install/sllidar_ros2/lib/pkgconfig/sllidar_ros2.pc'
[23.219s] Level 1:colcon.colcon_core.environment:checking '/ros2_ws/install/sllidar_ros2/lib/python3.10/site-packages'
[23.220s] Level 1:colcon.colcon_core.environment:checking '/ros2_ws/install/sllidar_ros2/bin'
[23.222s] INFO:colcon.colcon_core.shell:Creating package script '/ros2_ws/install/sllidar_ros2/share/sllidar_ros2/package.ps1'
[23.225s] INFO:colcon.colcon_core.shell:Creating package descriptor '/ros2_ws/install/sllidar_ros2/share/sllidar_ros2/package.dsv'
[23.227s] INFO:colcon.colcon_core.shell:Creating package script '/ros2_ws/install/sllidar_ros2/share/sllidar_ros2/package.sh'
[23.229s] INFO:colcon.colcon_core.shell:Creating package script '/ros2_ws/install/sllidar_ros2/share/sllidar_ros2/package.bash'
[23.230s] INFO:colcon.colcon_core.shell:Creating package script '/ros2_ws/install/sllidar_ros2/share/sllidar_ros2/package.zsh'
[23.232s] Level 1:colcon.colcon_core.environment:create_file_with_runtime_dependencies(/ros2_ws/install/sllidar_ros2/share/colcon-core/packages/sllidar_ros2)
[23.234s] Level 1:colcon.colcon_core.environment:create_environment_scripts_only(sllidar_ros2)
[23.235s] Level 1:colcon.colcon_core.environment:checking '/ros2_ws/install/sllidar_ros2' for CMake module files
[23.238s] Level 1:colcon.colcon_core.environment:checking '/ros2_ws/install/sllidar_ros2' for CMake config files
[23.240s] Level 1:colcon.colcon_core.shell:create_environment_hook('sllidar_ros2', 'cmake_prefix_path')
[23.241s] INFO:colcon.colcon_core.shell:Creating environment hook '/ros2_ws/install/sllidar_ros2/share/sllidar_ros2/hook/cmake_prefix_path.ps1'
[23.243s] INFO:colcon.colcon_core.shell:Creating environment descriptor '/ros2_ws/install/sllidar_ros2/share/sllidar_ros2/hook/cmake_prefix_path.dsv'
[23.245s] INFO:colcon.colcon_core.shell:Creating environment hook '/ros2_ws/install/sllidar_ros2/share/sllidar_ros2/hook/cmake_prefix_path.sh'
[23.248s] Level 1:colcon.colcon_core.environment:checking '/ros2_ws/install/sllidar_ros2/lib'
[23.248s] Level 1:colcon.colcon_core.environment:checking '/ros2_ws/install/sllidar_ros2/bin'
[23.249s] Level 1:colcon.colcon_core.environment:checking '/ros2_ws/install/sllidar_ros2/lib/pkgconfig/sllidar_ros2.pc'
[23.250s] Level 1:colcon.colcon_core.environment:checking '/ros2_ws/install/sllidar_ros2/lib/python3.10/site-packages'
[23.251s] Level 1:colcon.colcon_core.environment:checking '/ros2_ws/install/sllidar_ros2/bin'
[23.253s] INFO:colcon.colcon_core.shell:Creating package script '/ros2_ws/install/sllidar_ros2/share/sllidar_ros2/package.ps1'
[23.256s] INFO:colcon.colcon_core.shell:Creating package descriptor '/ros2_ws/install/sllidar_ros2/share/sllidar_ros2/package.dsv'
[23.258s] INFO:colcon.colcon_core.shell:Creating package script '/ros2_ws/install/sllidar_ros2/share/sllidar_ros2/package.sh'
[23.260s] INFO:colcon.colcon_core.shell:Creating package script '/ros2_ws/install/sllidar_ros2/share/sllidar_ros2/package.bash'
[23.262s] INFO:colcon.colcon_core.shell:Creating package script '/ros2_ws/install/sllidar_ros2/share/sllidar_ros2/package.zsh'
[23.264s] Level 1:colcon.colcon_core.environment:create_file_with_runtime_dependencies(/ros2_ws/install/sllidar_ros2/share/colcon-core/packages/sllidar_ros2)
[23.269s] INFO:colcon.colcon_ros.task.ament_cmake.build:Building ROS package in '/ros2_ws/src/common_interfaces/common_interfaces' with build type 'ament_cmake'
[23.271s] INFO:colcon.colcon_cmake.task.cmake.build:Building CMake package in '/ros2_ws/src/common_interfaces/common_interfaces'
[23.272s] INFO:colcon.colcon_core.shell:Skip shell extension 'powershell' for command environment: Not usable outside of PowerShell
[23.272s] DEBUG:colcon.colcon_core.shell:Skip shell extension 'dsv' for command environment
[23.389s] DEBUG:colcon.colcon_core.event_handler.log_command:Invoking command in '/ros2_ws/build/common_interfaces': AMENT_PREFIX_PATH=/ros2_ws/install/stereo_msgs:/ros2_ws/install/visualization_msgs:/ros2_ws/install/trajectory_msgs:/ros2_ws/install/shape_msgs:/ros2_ws/install/sensor_msgs:/ros2_ws/install/nav_msgs:/ros2_ws/install/diagnostic_msgs:/ros2_ws/install/geometry_msgs:/ros2_ws/install/actionlib_msgs:/ros2_ws/install/std_srvs:/ros2_ws/install/std_msgs:${AMENT_PREFIX_PATH} CMAKE_PREFIX_PATH=/ros2_ws/install/stereo_msgs:/ros2_ws/install/visualization_msgs:/ros2_ws/install/trajectory_msgs:/ros2_ws/install/shape_msgs:/ros2_ws/install/sensor_msgs:/ros2_ws/install/nav_msgs:/ros2_ws/install/diagnostic_msgs:/ros2_ws/install/geometry_msgs:/ros2_ws/install/actionlib_msgs:/ros2_ws/install/std_srvs:/ros2_ws/install/std_msgs:/opt/ros/humble LD_LIBRARY_PATH=/ros2_ws/install/stereo_msgs/lib:/ros2_ws/install/visualization_msgs/lib:/ros2_ws/install/trajectory_msgs/lib:/ros2_ws/install/shape_msgs/lib:/ros2_ws/install/sensor_msgs/lib:/ros2_ws/install/nav_msgs/lib:/ros2_ws/install/diagnostic_msgs/lib:/ros2_ws/install/geometry_msgs/lib:/ros2_ws/install/actionlib_msgs/lib:/ros2_ws/install/std_srvs/lib:/ros2_ws/install/std_msgs/lib:${LD_LIBRARY_PATH} PYTHONPATH=/ros2_ws/install/stereo_msgs/local/lib/python3.10/dist-packages:/ros2_ws/install/visualization_msgs/local/lib/python3.10/dist-packages:/ros2_ws/install/trajectory_msgs/local/lib/python3.10/dist-packages:/ros2_ws/install/shape_msgs/local/lib/python3.10/dist-packages:/ros2_ws/install/sensor_msgs/local/lib/python3.10/dist-packages:/ros2_ws/install/nav_msgs/local/lib/python3.10/dist-packages:/ros2_ws/install/diagnostic_msgs/local/lib/python3.10/dist-packages:/ros2_ws/install/geometry_msgs/local/lib/python3.10/dist-packages:/ros2_ws/install/actionlib_msgs/local/lib/python3.10/dist-packages:/ros2_ws/install/std_srvs/local/lib/python3.10/dist-packages:/ros2_ws/install/std_msgs/local/lib/python3.10/dist-packages:${PYTHONPATH} /usr/bin/cmake /ros2_ws/src/common_interfaces/common_interfaces -DCMAKE_INSTALL_PREFIX=/ros2_ws/install/common_interfaces
[25.570s] DEBUG:colcon.colcon_core.event_handler.log_command:Invoked command in '/ros2_ws/build/common_interfaces' returned '0': AMENT_PREFIX_PATH=/ros2_ws/install/stereo_msgs:/ros2_ws/install/visualization_msgs:/ros2_ws/install/trajectory_msgs:/ros2_ws/install/shape_msgs:/ros2_ws/install/sensor_msgs:/ros2_ws/install/nav_msgs:/ros2_ws/install/diagnostic_msgs:/ros2_ws/install/geometry_msgs:/ros2_ws/install/actionlib_msgs:/ros2_ws/install/std_srvs:/ros2_ws/install/std_msgs:${AMENT_PREFIX_PATH} CMAKE_PREFIX_PATH=/ros2_ws/install/stereo_msgs:/ros2_ws/install/visualization_msgs:/ros2_ws/install/trajectory_msgs:/ros2_ws/install/shape_msgs:/ros2_ws/install/sensor_msgs:/ros2_ws/install/nav_msgs:/ros2_ws/install/diagnostic_msgs:/ros2_ws/install/geometry_msgs:/ros2_ws/install/actionlib_msgs:/ros2_ws/install/std_srvs:/ros2_ws/install/std_msgs:/opt/ros/humble LD_LIBRARY_PATH=/ros2_ws/install/stereo_msgs/lib:/ros2_ws/install/visualization_msgs/lib:/ros2_ws/install/trajectory_msgs/lib:/ros2_ws/install/shape_msgs/lib:/ros2_ws/install/sensor_msgs/lib:/ros2_ws/install/nav_msgs/lib:/ros2_ws/install/diagnostic_msgs/lib:/ros2_ws/install/geometry_msgs/lib:/ros2_ws/install/actionlib_msgs/lib:/ros2_ws/install/std_srvs/lib:/ros2_ws/install/std_msgs/lib:${LD_LIBRARY_PATH} PYTHONPATH=/ros2_ws/install/stereo_msgs/local/lib/python3.10/dist-packages:/ros2_ws/install/visualization_msgs/local/lib/python3.10/dist-packages:/ros2_ws/install/trajectory_msgs/local/lib/python3.10/dist-packages:/ros2_ws/install/shape_msgs/local/lib/python3.10/dist-packages:/ros2_ws/install/sensor_msgs/local/lib/python3.10/dist-packages:/ros2_ws/install/nav_msgs/local/lib/python3.10/dist-packages:/ros2_ws/install/diagnostic_msgs/local/lib/python3.10/dist-packages:/ros2_ws/install/geometry_msgs/local/lib/python3.10/dist-packages:/ros2_ws/install/actionlib_msgs/local/lib/python3.10/dist-packages:/ros2_ws/install/std_srvs/local/lib/python3.10/dist-packages:/ros2_ws/install/std_msgs/local/lib/python3.10/dist-packages:${PYTHONPATH} /usr/bin/cmake /ros2_ws/src/common_interfaces/common_interfaces -DCMAKE_INSTALL_PREFIX=/ros2_ws/install/common_interfaces
[25.574s] DEBUG:colcon.colcon_core.event_handler.log_command:Invoking command in '/ros2_ws/build/common_interfaces': AMENT_PREFIX_PATH=/ros2_ws/install/stereo_msgs:/ros2_ws/install/visualization_msgs:/ros2_ws/install/trajectory_msgs:/ros2_ws/install/shape_msgs:/ros2_ws/install/sensor_msgs:/ros2_ws/install/nav_msgs:/ros2_ws/install/diagnostic_msgs:/ros2_ws/install/geometry_msgs:/ros2_ws/install/actionlib_msgs:/ros2_ws/install/std_srvs:/ros2_ws/install/std_msgs:${AMENT_PREFIX_PATH} CMAKE_PREFIX_PATH=/ros2_ws/install/stereo_msgs:/ros2_ws/install/visualization_msgs:/ros2_ws/install/trajectory_msgs:/ros2_ws/install/shape_msgs:/ros2_ws/install/sensor_msgs:/ros2_ws/install/nav_msgs:/ros2_ws/install/diagnostic_msgs:/ros2_ws/install/geometry_msgs:/ros2_ws/install/actionlib_msgs:/ros2_ws/install/std_srvs:/ros2_ws/install/std_msgs:/opt/ros/humble LD_LIBRARY_PATH=/ros2_ws/install/stereo_msgs/lib:/ros2_ws/install/visualization_msgs/lib:/ros2_ws/install/trajectory_msgs/lib:/ros2_ws/install/shape_msgs/lib:/ros2_ws/install/sensor_msgs/lib:/ros2_ws/install/nav_msgs/lib:/ros2_ws/install/diagnostic_msgs/lib:/ros2_ws/install/geometry_msgs/lib:/ros2_ws/install/actionlib_msgs/lib:/ros2_ws/install/std_srvs/lib:/ros2_ws/install/std_msgs/lib:${LD_LIBRARY_PATH} PYTHONPATH=/ros2_ws/install/stereo_msgs/local/lib/python3.10/dist-packages:/ros2_ws/install/visualization_msgs/local/lib/python3.10/dist-packages:/ros2_ws/install/trajectory_msgs/local/lib/python3.10/dist-packages:/ros2_ws/install/shape_msgs/local/lib/python3.10/dist-packages:/ros2_ws/install/sensor_msgs/local/lib/python3.10/dist-packages:/ros2_ws/install/nav_msgs/local/lib/python3.10/dist-packages:/ros2_ws/install/diagnostic_msgs/local/lib/python3.10/dist-packages:/ros2_ws/install/geometry_msgs/local/lib/python3.10/dist-packages:/ros2_ws/install/actionlib_msgs/local/lib/python3.10/dist-packages:/ros2_ws/install/std_srvs/local/lib/python3.10/dist-packages:/ros2_ws/install/std_msgs/local/lib/python3.10/dist-packages:${PYTHONPATH} /usr/bin/cmake --build /ros2_ws/build/common_interfaces -- -j4 -l4
[25.744s] DEBUG:colcon.colcon_core.event_handler.log_command:Invoked command in '/ros2_ws/build/common_interfaces' returned '0': AMENT_PREFIX_PATH=/ros2_ws/install/stereo_msgs:/ros2_ws/install/visualization_msgs:/ros2_ws/install/trajectory_msgs:/ros2_ws/install/shape_msgs:/ros2_ws/install/sensor_msgs:/ros2_ws/install/nav_msgs:/ros2_ws/install/diagnostic_msgs:/ros2_ws/install/geometry_msgs:/ros2_ws/install/actionlib_msgs:/ros2_ws/install/std_srvs:/ros2_ws/install/std_msgs:${AMENT_PREFIX_PATH} CMAKE_PREFIX_PATH=/ros2_ws/install/stereo_msgs:/ros2_ws/install/visualization_msgs:/ros2_ws/install/trajectory_msgs:/ros2_ws/install/shape_msgs:/ros2_ws/install/sensor_msgs:/ros2_ws/install/nav_msgs:/ros2_ws/install/diagnostic_msgs:/ros2_ws/install/geometry_msgs:/ros2_ws/install/actionlib_msgs:/ros2_ws/install/std_srvs:/ros2_ws/install/std_msgs:/opt/ros/humble LD_LIBRARY_PATH=/ros2_ws/install/stereo_msgs/lib:/ros2_ws/install/visualization_msgs/lib:/ros2_ws/install/trajectory_msgs/lib:/ros2_ws/install/shape_msgs/lib:/ros2_ws/install/sensor_msgs/lib:/ros2_ws/install/nav_msgs/lib:/ros2_ws/install/diagnostic_msgs/lib:/ros2_ws/install/geometry_msgs/lib:/ros2_ws/install/actionlib_msgs/lib:/ros2_ws/install/std_srvs/lib:/ros2_ws/install/std_msgs/lib:${LD_LIBRARY_PATH} PYTHONPATH=/ros2_ws/install/stereo_msgs/local/lib/python3.10/dist-packages:/ros2_ws/install/visualization_msgs/local/lib/python3.10/dist-packages:/ros2_ws/install/trajectory_msgs/local/lib/python3.10/dist-packages:/ros2_ws/install/shape_msgs/local/lib/python3.10/dist-packages:/ros2_ws/install/sensor_msgs/local/lib/python3.10/dist-packages:/ros2_ws/install/nav_msgs/local/lib/python3.10/dist-packages:/ros2_ws/install/diagnostic_msgs/local/lib/python3.10/dist-packages:/ros2_ws/install/geometry_msgs/local/lib/python3.10/dist-packages:/ros2_ws/install/actionlib_msgs/local/lib/python3.10/dist-packages:/ros2_ws/install/std_srvs/local/lib/python3.10/dist-packages:/ros2_ws/install/std_msgs/local/lib/python3.10/dist-packages:${PYTHONPATH} /usr/bin/cmake --build /ros2_ws/build/common_interfaces -- -j4 -l4
[25.749s] DEBUG:colcon.colcon_core.event_handler.log_command:Invoking command in '/ros2_ws/build/common_interfaces': AMENT_PREFIX_PATH=/ros2_ws/install/stereo_msgs:/ros2_ws/install/visualization_msgs:/ros2_ws/install/trajectory_msgs:/ros2_ws/install/shape_msgs:/ros2_ws/install/sensor_msgs:/ros2_ws/install/nav_msgs:/ros2_ws/install/diagnostic_msgs:/ros2_ws/install/geometry_msgs:/ros2_ws/install/actionlib_msgs:/ros2_ws/install/std_srvs:/ros2_ws/install/std_msgs:${AMENT_PREFIX_PATH} CMAKE_PREFIX_PATH=/ros2_ws/install/stereo_msgs:/ros2_ws/install/visualization_msgs:/ros2_ws/install/trajectory_msgs:/ros2_ws/install/shape_msgs:/ros2_ws/install/sensor_msgs:/ros2_ws/install/nav_msgs:/ros2_ws/install/diagnostic_msgs:/ros2_ws/install/geometry_msgs:/ros2_ws/install/actionlib_msgs:/ros2_ws/install/std_srvs:/ros2_ws/install/std_msgs:/opt/ros/humble LD_LIBRARY_PATH=/ros2_ws/install/stereo_msgs/lib:/ros2_ws/install/visualization_msgs/lib:/ros2_ws/install/trajectory_msgs/lib:/ros2_ws/install/shape_msgs/lib:/ros2_ws/install/sensor_msgs/lib:/ros2_ws/install/nav_msgs/lib:/ros2_ws/install/diagnostic_msgs/lib:/ros2_ws/install/geometry_msgs/lib:/ros2_ws/install/actionlib_msgs/lib:/ros2_ws/install/std_srvs/lib:/ros2_ws/install/std_msgs/lib:${LD_LIBRARY_PATH} PYTHONPATH=/ros2_ws/install/stereo_msgs/local/lib/python3.10/dist-packages:/ros2_ws/install/visualization_msgs/local/lib/python3.10/dist-packages:/ros2_ws/install/trajectory_msgs/local/lib/python3.10/dist-packages:/ros2_ws/install/shape_msgs/local/lib/python3.10/dist-packages:/ros2_ws/install/sensor_msgs/local/lib/python3.10/dist-packages:/ros2_ws/install/nav_msgs/local/lib/python3.10/dist-packages:/ros2_ws/install/diagnostic_msgs/local/lib/python3.10/dist-packages:/ros2_ws/install/geometry_msgs/local/lib/python3.10/dist-packages:/ros2_ws/install/actionlib_msgs/local/lib/python3.10/dist-packages:/ros2_ws/install/std_srvs/local/lib/python3.10/dist-packages:/ros2_ws/install/std_msgs/local/lib/python3.10/dist-packages:${PYTHONPATH} /usr/bin/cmake --install /ros2_ws/build/common_interfaces
[25.798s] Level 1:colcon.colcon_core.environment:create_environment_scripts_only(common_interfaces)
[25.799s] Level 1:colcon.colcon_core.environment:checking '/ros2_ws/install/common_interfaces' for CMake module files
[25.802s] Level 1:colcon.colcon_core.environment:checking '/ros2_ws/install/common_interfaces' for CMake config files
[25.802s] Level 1:colcon.colcon_core.shell:create_environment_hook('common_interfaces', 'cmake_prefix_path')
[25.803s] INFO:colcon.colcon_core.shell:Creating environment hook '/ros2_ws/install/common_interfaces/share/common_interfaces/hook/cmake_prefix_path.ps1'
[25.806s] DEBUG:colcon.colcon_core.event_handler.log_command:Invoked command in '/ros2_ws/build/common_interfaces' returned '0': AMENT_PREFIX_PATH=/ros2_ws/install/stereo_msgs:/ros2_ws/install/visualization_msgs:/ros2_ws/install/trajectory_msgs:/ros2_ws/install/shape_msgs:/ros2_ws/install/sensor_msgs:/ros2_ws/install/nav_msgs:/ros2_ws/install/diagnostic_msgs:/ros2_ws/install/geometry_msgs:/ros2_ws/install/actionlib_msgs:/ros2_ws/install/std_srvs:/ros2_ws/install/std_msgs:${AMENT_PREFIX_PATH} CMAKE_PREFIX_PATH=/ros2_ws/install/stereo_msgs:/ros2_ws/install/visualization_msgs:/ros2_ws/install/trajectory_msgs:/ros2_ws/install/shape_msgs:/ros2_ws/install/sensor_msgs:/ros2_ws/install/nav_msgs:/ros2_ws/install/diagnostic_msgs:/ros2_ws/install/geometry_msgs:/ros2_ws/install/actionlib_msgs:/ros2_ws/install/std_srvs:/ros2_ws/install/std_msgs:/opt/ros/humble LD_LIBRARY_PATH=/ros2_ws/install/stereo_msgs/lib:/ros2_ws/install/visualization_msgs/lib:/ros2_ws/install/trajectory_msgs/lib:/ros2_ws/install/shape_msgs/lib:/ros2_ws/install/sensor_msgs/lib:/ros2_ws/install/nav_msgs/lib:/ros2_ws/install/diagnostic_msgs/lib:/ros2_ws/install/geometry_msgs/lib:/ros2_ws/install/actionlib_msgs/lib:/ros2_ws/install/std_srvs/lib:/ros2_ws/install/std_msgs/lib:${LD_LIBRARY_PATH} PYTHONPATH=/ros2_ws/install/stereo_msgs/local/lib/python3.10/dist-packages:/ros2_ws/install/visualization_msgs/local/lib/python3.10/dist-packages:/ros2_ws/install/trajectory_msgs/local/lib/python3.10/dist-packages:/ros2_ws/install/shape_msgs/local/lib/python3.10/dist-packages:/ros2_ws/install/sensor_msgs/local/lib/python3.10/dist-packages:/ros2_ws/install/nav_msgs/local/lib/python3.10/dist-packages:/ros2_ws/install/diagnostic_msgs/local/lib/python3.10/dist-packages:/ros2_ws/install/geometry_msgs/local/lib/python3.10/dist-packages:/ros2_ws/install/actionlib_msgs/local/lib/python3.10/dist-packages:/ros2_ws/install/std_srvs/local/lib/python3.10/dist-packages:/ros2_ws/install/std_msgs/local/lib/python3.10/dist-packages:${PYTHONPATH} /usr/bin/cmake --install /ros2_ws/build/common_interfaces
[25.807s] INFO:colcon.colcon_core.shell:Creating environment descriptor '/ros2_ws/install/common_interfaces/share/common_interfaces/hook/cmake_prefix_path.dsv'
[25.810s] INFO:colcon.colcon_core.shell:Creating environment hook '/ros2_ws/install/common_interfaces/share/common_interfaces/hook/cmake_prefix_path.sh'
[25.812s] Level 1:colcon.colcon_core.environment:checking '/ros2_ws/install/common_interfaces/bin'
[25.812s] Level 1:colcon.colcon_core.environment:checking '/ros2_ws/install/common_interfaces/lib/pkgconfig/common_interfaces.pc'
[25.814s] Level 1:colcon.colcon_core.environment:checking '/ros2_ws/install/common_interfaces/lib/python3.10/site-packages'
[25.816s] Level 1:colcon.colcon_core.environment:checking '/ros2_ws/install/common_interfaces/bin'
[25.817s] INFO:colcon.colcon_core.shell:Creating package script '/ros2_ws/install/common_interfaces/share/common_interfaces/package.ps1'
[25.821s] INFO:colcon.colcon_core.shell:Creating package descriptor '/ros2_ws/install/common_interfaces/share/common_interfaces/package.dsv'
[25.823s] INFO:colcon.colcon_core.shell:Creating package script '/ros2_ws/install/common_interfaces/share/common_interfaces/package.sh'
[25.825s] INFO:colcon.colcon_core.shell:Creating package script '/ros2_ws/install/common_interfaces/share/common_interfaces/package.bash'
[25.827s] INFO:colcon.colcon_core.shell:Creating package script '/ros2_ws/install/common_interfaces/share/common_interfaces/package.zsh'
[25.829s] Level 1:colcon.colcon_core.environment:create_file_with_runtime_dependencies(/ros2_ws/install/common_interfaces/share/colcon-core/packages/common_interfaces)
[25.832s] Level 1:colcon.colcon_core.environment:create_environment_scripts_only(common_interfaces)
[25.833s] Level 1:colcon.colcon_core.environment:checking '/ros2_ws/install/common_interfaces' for CMake module files
[25.837s] Level 1:colcon.colcon_core.environment:checking '/ros2_ws/install/common_interfaces' for CMake config files
[25.838s] Level 1:colcon.colcon_core.shell:create_environment_hook('common_interfaces', 'cmake_prefix_path')
[25.840s] INFO:colcon.colcon_core.shell:Creating environment hook '/ros2_ws/install/common_interfaces/share/common_interfaces/hook/cmake_prefix_path.ps1'
[25.842s] INFO:colcon.colcon_core.shell:Creating environment descriptor '/ros2_ws/install/common_interfaces/share/common_interfaces/hook/cmake_prefix_path.dsv'
[25.844s] INFO:colcon.colcon_core.shell:Creating environment hook '/ros2_ws/install/common_interfaces/share/common_interfaces/hook/cmake_prefix_path.sh'
[25.847s] Level 1:colcon.colcon_core.environment:checking '/ros2_ws/install/common_interfaces/bin'
[25.847s] Level 1:colcon.colcon_core.environment:checking '/ros2_ws/install/common_interfaces/lib/pkgconfig/common_interfaces.pc'
[25.848s] Level 1:colcon.colcon_core.environment:checking '/ros2_ws/install/common_interfaces/lib/python3.10/site-packages'
[25.851s] Level 1:colcon.colcon_core.environment:checking '/ros2_ws/install/common_interfaces/bin'
[25.852s] INFO:colcon.colcon_core.shell:Creating package script '/ros2_ws/install/common_interfaces/share/common_interfaces/package.ps1'
[25.857s] INFO:colcon.colcon_core.shell:Creating package descriptor '/ros2_ws/install/common_interfaces/share/common_interfaces/package.dsv'
[25.860s] INFO:colcon.colcon_core.shell:Creating package script '/ros2_ws/install/common_interfaces/share/common_interfaces/package.sh'
[25.862s] INFO:colcon.colcon_core.shell:Creating package script '/ros2_ws/install/common_interfaces/share/common_interfaces/package.bash'
[25.865s] INFO:colcon.colcon_core.shell:Creating package script '/ros2_ws/install/common_interfaces/share/common_interfaces/package.zsh'
[25.867s] Level 1:colcon.colcon_core.environment:create_file_with_runtime_dependencies(/ros2_ws/install/common_interfaces/share/colcon-core/packages/common_interfaces)
[25.871s] INFO:colcon.colcon_ros.task.ament_cmake.build:Building ROS package in '/ros2_ws/src/depthai-ros/depthai_filters' with build type 'ament_cmake'
[25.872s] INFO:colcon.colcon_cmake.task.cmake.build:Building CMake package in '/ros2_ws/src/depthai-ros/depthai_filters'
[25.874s] INFO:colcon.colcon_core.shell:Skip shell extension 'powershell' for command environment: Not usable outside of PowerShell
[25.874s] DEBUG:colcon.colcon_core.shell:Skip shell extension 'dsv' for command environment
[25.959s] DEBUG:colcon.colcon_core.event_handler.log_command:Invoking command in '/ros2_ws/build/depthai_filters': AMENT_PREFIX_PATH=/ros2_ws/install/vision_msgs:/ros2_ws/install/sensor_msgs:/ros2_ws/install/geometry_msgs:/ros2_ws/install/std_msgs:${AMENT_PREFIX_PATH} CMAKE_PREFIX_PATH=/ros2_ws/install/vision_msgs:/ros2_ws/install/sensor_msgs:/ros2_ws/install/geometry_msgs:/ros2_ws/install/std_msgs:/opt/ros/humble LD_LIBRARY_PATH=/ros2_ws/install/vision_msgs/lib:/ros2_ws/install/sensor_msgs/lib:/ros2_ws/install/geometry_msgs/lib:/ros2_ws/install/std_msgs/lib:${LD_LIBRARY_PATH} PYTHONPATH=/ros2_ws/install/vision_msgs/local/lib/python3.10/dist-packages:/ros2_ws/install/sensor_msgs/local/lib/python3.10/dist-packages:/ros2_ws/install/geometry_msgs/local/lib/python3.10/dist-packages:/ros2_ws/install/std_msgs/local/lib/python3.10/dist-packages:${PYTHONPATH} /usr/bin/cmake /ros2_ws/src/depthai-ros/depthai_filters -DCMAKE_INSTALL_PREFIX=/ros2_ws/install/depthai_filters
[26.958s] DEBUG:colcon.colcon_core.event_handler.log_command:Invoked command in '/ros2_ws/build/slam_toolbox' returned '1': AMENT_PREFIX_PATH=/ros2_ws/install/visualization_msgs:/ros2_ws/install/sensor_msgs:/ros2_ws/install/nav_msgs:/ros2_ws/install/geometry_msgs:/ros2_ws/install/std_srvs:/ros2_ws/install/std_msgs:${AMENT_PREFIX_PATH} CMAKE_PREFIX_PATH=/ros2_ws/install/visualization_msgs:/ros2_ws/install/sensor_msgs:/ros2_ws/install/nav_msgs:/ros2_ws/install/geometry_msgs:/ros2_ws/install/std_srvs:/ros2_ws/install/std_msgs:/opt/ros/humble LD_LIBRARY_PATH=/ros2_ws/install/visualization_msgs/lib:/ros2_ws/install/sensor_msgs/lib:/ros2_ws/install/nav_msgs/lib:/ros2_ws/install/geometry_msgs/lib:/ros2_ws/install/std_srvs/lib:/ros2_ws/install/std_msgs/lib:${LD_LIBRARY_PATH} PYTHONPATH=/ros2_ws/install/visualization_msgs/local/lib/python3.10/dist-packages:/ros2_ws/install/sensor_msgs/local/lib/python3.10/dist-packages:/ros2_ws/install/nav_msgs/local/lib/python3.10/dist-packages:/ros2_ws/install/geometry_msgs/local/lib/python3.10/dist-packages:/ros2_ws/install/std_srvs/local/lib/python3.10/dist-packages:/ros2_ws/install/std_msgs/local/lib/python3.10/dist-packages:${PYTHONPATH} /usr/bin/cmake /ros2_ws/src/slam_toolbox -DCMAKE_INSTALL_PREFIX=/ros2_ws/install/slam_toolbox
[26.997s] Level 1:colcon.colcon_core.environment:create_environment_scripts_only(slam_toolbox)
[26.999s] Level 1:colcon.colcon_core.environment:checking '/ros2_ws/install/slam_toolbox' for CMake module files
[27.001s] Level 1:colcon.colcon_core.environment:checking '/ros2_ws/install/slam_toolbox' for CMake config files
[27.003s] Level 1:colcon.colcon_core.environment:checking '/ros2_ws/install/slam_toolbox/bin'
[27.004s] Level 1:colcon.colcon_core.environment:checking '/ros2_ws/install/slam_toolbox/lib/pkgconfig/slam_toolbox.pc'
[27.005s] Level 1:colcon.colcon_core.environment:checking '/ros2_ws/install/slam_toolbox/lib/python3.10/site-packages'
[27.007s] Level 1:colcon.colcon_core.environment:checking '/ros2_ws/install/slam_toolbox/bin'
[27.008s] INFO:colcon.colcon_core.shell:Creating package script '/ros2_ws/install/slam_toolbox/share/slam_toolbox/package.ps1'
[27.011s] INFO:colcon.colcon_core.shell:Creating package descriptor '/ros2_ws/install/slam_toolbox/share/slam_toolbox/package.dsv'
[27.012s] INFO:colcon.colcon_core.shell:Creating package script '/ros2_ws/install/slam_toolbox/share/slam_toolbox/package.sh'
[27.014s] INFO:colcon.colcon_core.shell:Creating package script '/ros2_ws/install/slam_toolbox/share/slam_toolbox/package.bash'
[27.016s] INFO:colcon.colcon_core.shell:Creating package script '/ros2_ws/install/slam_toolbox/share/slam_toolbox/package.zsh'
[27.018s] Level 1:colcon.colcon_core.environment:create_file_with_runtime_dependencies(/ros2_ws/install/slam_toolbox/share/colcon-core/packages/slam_toolbox)
[30.268s] DEBUG:colcon.colcon_parallel_executor.executor.parallel:closing loop
[30.269s] DEBUG:colcon.colcon_parallel_executor.executor.parallel:loop closed
[30.269s] DEBUG:colcon.colcon_parallel_executor.executor.parallel:run_until_complete finished with '1'
[30.270s] DEBUG:colcon.colcon_core.event_reactor:joining thread
[30.337s] INFO:colcon.colcon_core.plugin_system:Skipping extension 'colcon_notification.desktop_notification.notify_send': Could not find 'notify-send'
[30.337s] INFO:colcon.colcon_core.plugin_system:Skipping extension 'colcon_notification.desktop_notification.terminal_notifier': Not used on non-Darwin systems
[30.338s] INFO:colcon.colcon_core.plugin_system:Skipping extension 'colcon_notification.desktop_notification.win32': Not used on non-Windows systems
[30.338s] INFO:colcon.colcon_notification.desktop_notification:Sending desktop notification using 'notify2'
[30.338s] DEBUG:colcon.colcon_notification.desktop_notification.notify2:Failed to initialize notify2: org.freedesktop.DBus.Error.NotSupported: Unable to autolaunch a dbus-daemon without a $DISPLAY for X11
[30.338s] DEBUG:colcon.colcon_core.event_reactor:joined thread
[30.339s] INFO:colcon.colcon_core.shell:Creating prefix script '/ros2_ws/install/local_setup.ps1'
[30.344s] INFO:colcon.colcon_core.shell:Creating prefix util module '/ros2_ws/install/_local_setup_util_ps1.py'
[30.353s] INFO:colcon.colcon_core.shell:Creating prefix chain script '/ros2_ws/install/setup.ps1'
[30.358s] INFO:colcon.colcon_core.shell:Creating prefix script '/ros2_ws/install/local_setup.sh'
[30.361s] INFO:colcon.colcon_core.shell:Creating prefix util module '/ros2_ws/install/_local_setup_util_sh.py'
[30.363s] INFO:colcon.colcon_core.shell:Creating prefix chain script '/ros2_ws/install/setup.sh'
[30.368s] INFO:colcon.colcon_core.shell:Creating prefix script '/ros2_ws/install/local_setup.bash'
[30.371s] INFO:colcon.colcon_core.shell:Creating prefix chain script '/ros2_ws/install/setup.bash'
[30.375s] INFO:colcon.colcon_core.shell:Creating prefix script '/ros2_ws/install/local_setup.zsh'
[30.378s] INFO:colcon.colcon_core.shell:Creating prefix chain script '/ros2_ws/install/setup.zsh'
