[0.068s] Invoking command in '/ros2_ws/build/std_msgs': CMAKE_PREFIX_PATH=/opt/ros/humble /usr/bin/cmake /ros2_ws/src/common_interfaces/std_msgs -DCMAKE_INSTALL_PREFIX=/ros2_ws/install/std_msgs
[1.075s] -- The C compiler identification is GNU 11.4.0
[1.596s] -- The CXX compiler identification is GNU 11.4.0
[1.629s] -- Detecting C compiler ABI info
[1.909s] -- Detecting C compiler ABI info - done
[1.945s] -- Check for working C compiler: /usr/bin/cc - skipped
[1.946s] -- Detecting C compile features
[1.948s] -- Detecting C compile features - done
[1.961s] -- Detecting CXX compiler ABI info
[2.294s] -- Detecting CXX compiler ABI info - done
[2.333s] -- Check for working CXX compiler: /usr/bin/c++ - skipped
[2.334s] -- Detecting CXX compile features
[2.336s] -- Detecting CXX compile features - done
[2.352s] -- Found ament_cmake: 1.3.14 (/opt/ros/humble/share/ament_cmake/cmake)
[2.960s] -- Found Python3: /usr/bin/python3 (found version "3.10.12") found components: Interpreter 
[3.463s] -- Found builtin_interfaces: 1.2.2 (/opt/ros/humble/share/builtin_interfaces/cmake)
[3.648s] -- Found rosidl_generator_c: 3.1.8 (/opt/ros/humble/share/rosidl_generator_c/cmake)
[3.675s] -- Found rosidl_adapter: 3.1.8 (/opt/ros/humble/share/rosidl_adapter/cmake)
[3.723s] -- Found rosidl_generator_cpp: 3.1.8 (/opt/ros/humble/share/rosidl_generator_cpp/cmake)
[3.798s] -- Using all available rosidl_typesupport_c: rosidl_typesupport_fastrtps_c;rosidl_typesupport_introspection_c
[3.883s] -- Using all available rosidl_typesupport_cpp: rosidl_typesupport_fastrtps_cpp;rosidl_typesupport_introspection_cpp
[3.963s] -- Found rosidl_default_generators: 1.2.1 (/opt/ros/humble/share/rosidl_default_generators/cmake)
[6.214s] -- Found ament_cmake_cppcheck: 0.12.15 (/opt/ros/humble/share/ament_cmake_cppcheck/cmake)
[6.224s] -- Found ament_cmake_cpplint: 0.12.15 (/opt/ros/humble/share/ament_cmake_cpplint/cmake)
[6.236s] -- Found ament_cmake_uncrustify: 0.12.15 (/opt/ros/humble/share/ament_cmake_uncrustify/cmake)
[6.249s] -- Found ament_cmake_ros: 0.10.0 (/opt/ros/humble/share/ament_cmake_ros/cmake)
[7.567s] -- Using all available rosidl_typesupport_c: rosidl_typesupport_fastrtps_c;rosidl_typesupport_introspection_c
[8.071s] -- Using all available rosidl_typesupport_cpp: rosidl_typesupport_fastrtps_cpp;rosidl_typesupport_introspection_cpp
[8.156s] -- Found PythonInterp: /usr/bin/python3 (found suitable version "3.10.12", minimum required is "3.6") 
[8.164s] -- Found python_cmake_module: 0.10.0 (/opt/ros/humble/share/python_cmake_module/cmake)
[8.259s] -- Found PythonLibs: /usr/lib/aarch64-linux-gnu/libpython3.10.so (found suitable version "3.10.12", minimum required is "3.5") 
[8.259s] -- Using PYTHON_EXECUTABLE: /usr/bin/python3
[8.260s] -- Using PYTHON_INCLUDE_DIRS: /usr/include/python3.10
[8.260s] -- Using PYTHON_LIBRARIES: /usr/lib/aarch64-linux-gnu/libpython3.10.so
[8.338s] -- Found PythonExtra: .so  
[8.593s] -- Found ament_cmake_flake8: 0.12.15 (/opt/ros/humble/share/ament_cmake_flake8/cmake)
[8.619s] -- Found ament_cmake_pep257: 0.12.15 (/opt/ros/humble/share/ament_cmake_pep257/cmake)
[9.015s] -- Configuring done
[9.449s] -- Generating done
[9.515s] -- Build files have been written to: /ros2_ws/build/std_msgs
[9.554s] Invoked command in '/ros2_ws/build/std_msgs' returned '0': CMAKE_PREFIX_PATH=/opt/ros/humble /usr/bin/cmake /ros2_ws/src/common_interfaces/std_msgs -DCMAKE_INSTALL_PREFIX=/ros2_ws/install/std_msgs
[9.555s] Invoking command in '/ros2_ws/build/std_msgs': CMAKE_PREFIX_PATH=/opt/ros/humble /usr/bin/cmake --build /ros2_ws/build/std_msgs -- -j4 -l4
[10.042s] [  1%] [34m[1mGenerating C code for ROS interfaces[0m
[10.154s] [  2%] [34m[1mGenerating Rust code for ROS interfaces[0m
[10.181s] [  2%] [34m[1mGenerating C++ code for ROS interfaces[0m
[10.271s] [  2%] Built target ament_cmake_python_copy_std_msgs
[12.925s] running egg_info
[12.929s] creating std_msgs.egg-info
[12.938s] writing std_msgs.egg-info/PKG-INFO
[12.938s] writing dependency_links to std_msgs.egg-info/dependency_links.txt
[12.939s] writing top-level names to std_msgs.egg-info/top_level.txt
[12.940s] writing manifest file 'std_msgs.egg-info/SOURCES.txt'
[12.968s] reading manifest file 'std_msgs.egg-info/SOURCES.txt'
[12.983s] writing manifest file 'std_msgs.egg-info/SOURCES.txt'
[13.395s] [  2%] Built target ament_cmake_python_build_std_msgs_egg
[27.579s] [  2%] Built target std_msgs__rs
[43.466s] [  2%] Built target std_msgs__cpp
[43.874s] [  2%] [32mBuilding C object CMakeFiles/std_msgs__rosidl_generator_c.dir/rosidl_generator_c/std_msgs/msg/detail/bool__functions.c.o[0m
[44.057s] [  2%] [32mBuilding C object CMakeFiles/std_msgs__rosidl_generator_c.dir/rosidl_generator_c/std_msgs/msg/detail/byte__functions.c.o[0m
[44.250s] [  3%] [32mBuilding C object CMakeFiles/std_msgs__rosidl_generator_c.dir/rosidl_generator_c/std_msgs/msg/detail/byte_multi_array__functions.c.o[0m
[44.458s] [  3%] [32mBuilding C object CMakeFiles/std_msgs__rosidl_generator_c.dir/rosidl_generator_c/std_msgs/msg/detail/char__functions.c.o[0m
[44.639s] [  4%] [32mBuilding C object CMakeFiles/std_msgs__rosidl_generator_c.dir/rosidl_generator_c/std_msgs/msg/detail/color_rgba__functions.c.o[0m
[44.830s] [  4%] [32mBuilding C object CMakeFiles/std_msgs__rosidl_generator_c.dir/rosidl_generator_c/std_msgs/msg/detail/empty__functions.c.o[0m
[45.017s] [  4%] [32mBuilding C object CMakeFiles/std_msgs__rosidl_generator_c.dir/rosidl_generator_c/std_msgs/msg/detail/float32__functions.c.o[0m
[45.224s] [  5%] [32mBuilding C object CMakeFiles/std_msgs__rosidl_generator_c.dir/rosidl_generator_c/std_msgs/msg/detail/float32_multi_array__functions.c.o[0m
[45.436s] [  5%] [32mBuilding C object CMakeFiles/std_msgs__rosidl_generator_c.dir/rosidl_generator_c/std_msgs/msg/detail/float64__functions.c.o[0m
[45.626s] [  5%] [32mBuilding C object CMakeFiles/std_msgs__rosidl_generator_c.dir/rosidl_generator_c/std_msgs/msg/detail/float64_multi_array__functions.c.o[0m
[45.831s] [  6%] [32mBuilding C object CMakeFiles/std_msgs__rosidl_generator_c.dir/rosidl_generator_c/std_msgs/msg/detail/header__functions.c.o[0m
[46.031s] [  6%] [32mBuilding C object CMakeFiles/std_msgs__rosidl_generator_c.dir/rosidl_generator_c/std_msgs/msg/detail/int16__functions.c.o[0m
[46.236s] [  7%] [32mBuilding C object CMakeFiles/std_msgs__rosidl_generator_c.dir/rosidl_generator_c/std_msgs/msg/detail/int16_multi_array__functions.c.o[0m
[46.445s] [  7%] [32mBuilding C object CMakeFiles/std_msgs__rosidl_generator_c.dir/rosidl_generator_c/std_msgs/msg/detail/int32__functions.c.o[0m
[46.628s] [  7%] [32mBuilding C object CMakeFiles/std_msgs__rosidl_generator_c.dir/rosidl_generator_c/std_msgs/msg/detail/int32_multi_array__functions.c.o[0m
[46.838s] [  8%] [32mBuilding C object CMakeFiles/std_msgs__rosidl_generator_c.dir/rosidl_generator_c/std_msgs/msg/detail/int64__functions.c.o[0m
[47.028s] [  8%] [32mBuilding C object CMakeFiles/std_msgs__rosidl_generator_c.dir/rosidl_generator_c/std_msgs/msg/detail/int64_multi_array__functions.c.o[0m
[47.238s] [  8%] [32mBuilding C object CMakeFiles/std_msgs__rosidl_generator_c.dir/rosidl_generator_c/std_msgs/msg/detail/int8__functions.c.o[0m
[47.427s] [  9%] [32mBuilding C object CMakeFiles/std_msgs__rosidl_generator_c.dir/rosidl_generator_c/std_msgs/msg/detail/int8_multi_array__functions.c.o[0m
[47.633s] [  9%] [32mBuilding C object CMakeFiles/std_msgs__rosidl_generator_c.dir/rosidl_generator_c/std_msgs/msg/detail/multi_array_dimension__functions.c.o[0m
[47.846s] [ 10%] [32mBuilding C object CMakeFiles/std_msgs__rosidl_generator_c.dir/rosidl_generator_c/std_msgs/msg/detail/multi_array_layout__functions.c.o[0m
[48.043s] [ 10%] [32mBuilding C object CMakeFiles/std_msgs__rosidl_generator_c.dir/rosidl_generator_c/std_msgs/msg/detail/string__functions.c.o[0m
[48.248s] [ 10%] [32mBuilding C object CMakeFiles/std_msgs__rosidl_generator_c.dir/rosidl_generator_c/std_msgs/msg/detail/u_int16__functions.c.o[0m
[48.458s] [ 11%] [32mBuilding C object CMakeFiles/std_msgs__rosidl_generator_c.dir/rosidl_generator_c/std_msgs/msg/detail/u_int16_multi_array__functions.c.o[0m
[48.676s] [ 11%] [32mBuilding C object CMakeFiles/std_msgs__rosidl_generator_c.dir/rosidl_generator_c/std_msgs/msg/detail/u_int32__functions.c.o[0m
[48.879s] [ 11%] [32mBuilding C object CMakeFiles/std_msgs__rosidl_generator_c.dir/rosidl_generator_c/std_msgs/msg/detail/u_int32_multi_array__functions.c.o[0m
[49.086s] [ 12%] [32mBuilding C object CMakeFiles/std_msgs__rosidl_generator_c.dir/rosidl_generator_c/std_msgs/msg/detail/u_int64__functions.c.o[0m
[49.268s] [ 12%] [32mBuilding C object CMakeFiles/std_msgs__rosidl_generator_c.dir/rosidl_generator_c/std_msgs/msg/detail/u_int64_multi_array__functions.c.o[0m
[49.465s] [ 13%] [32mBuilding C object CMakeFiles/std_msgs__rosidl_generator_c.dir/rosidl_generator_c/std_msgs/msg/detail/u_int8__functions.c.o[0m
[49.640s] [ 13%] [32mBuilding C object CMakeFiles/std_msgs__rosidl_generator_c.dir/rosidl_generator_c/std_msgs/msg/detail/u_int8_multi_array__functions.c.o[0m
[49.843s] [ 13%] [32m[1mLinking C shared library libstd_msgs__rosidl_generator_c.so[0m
[49.999s] [ 13%] Built target std_msgs__rosidl_generator_c
[50.035s] [ 13%] [34m[1mGenerating C++ type support dispatch for ROS interfaces[0m
[59.005s] [ 14%] [32mBuilding CXX object CMakeFiles/std_msgs__rosidl_typesupport_cpp.dir/rosidl_typesupport_cpp/std_msgs/msg/bool__type_support.cpp.o[0m
[60.277s] [ 14%] [32mBuilding CXX object CMakeFiles/std_msgs__rosidl_typesupport_cpp.dir/rosidl_typesupport_cpp/std_msgs/msg/byte__type_support.cpp.o[0m
[61.452s] [ 15%] [32mBuilding CXX object CMakeFiles/std_msgs__rosidl_typesupport_cpp.dir/rosidl_typesupport_cpp/std_msgs/msg/byte_multi_array__type_support.cpp.o[0m
[62.640s] [ 15%] [32mBuilding CXX object CMakeFiles/std_msgs__rosidl_typesupport_cpp.dir/rosidl_typesupport_cpp/std_msgs/msg/char__type_support.cpp.o[0m
[63.767s] [ 15%] [32mBuilding CXX object CMakeFiles/std_msgs__rosidl_typesupport_cpp.dir/rosidl_typesupport_cpp/std_msgs/msg/color_rgba__type_support.cpp.o[0m
[64.906s] [ 16%] [32mBuilding CXX object CMakeFiles/std_msgs__rosidl_typesupport_cpp.dir/rosidl_typesupport_cpp/std_msgs/msg/empty__type_support.cpp.o[0m
[66.041s] [ 16%] [32mBuilding CXX object CMakeFiles/std_msgs__rosidl_typesupport_cpp.dir/rosidl_typesupport_cpp/std_msgs/msg/float32__type_support.cpp.o[0m
[67.339s] [ 16%] [32mBuilding CXX object CMakeFiles/std_msgs__rosidl_typesupport_cpp.dir/rosidl_typesupport_cpp/std_msgs/msg/float32_multi_array__type_support.cpp.o[0m
[68.458s] [ 17%] [32mBuilding CXX object CMakeFiles/std_msgs__rosidl_typesupport_cpp.dir/rosidl_typesupport_cpp/std_msgs/msg/float64__type_support.cpp.o[0m
[69.587s] [ 17%] [32mBuilding CXX object CMakeFiles/std_msgs__rosidl_typesupport_cpp.dir/rosidl_typesupport_cpp/std_msgs/msg/float64_multi_array__type_support.cpp.o[0m
[70.720s] [ 18%] [32mBuilding CXX object CMakeFiles/std_msgs__rosidl_typesupport_cpp.dir/rosidl_typesupport_cpp/std_msgs/msg/header__type_support.cpp.o[0m
[71.864s] [ 18%] [32mBuilding CXX object CMakeFiles/std_msgs__rosidl_typesupport_cpp.dir/rosidl_typesupport_cpp/std_msgs/msg/int16__type_support.cpp.o[0m
[73.027s] [ 18%] [32mBuilding CXX object CMakeFiles/std_msgs__rosidl_typesupport_cpp.dir/rosidl_typesupport_cpp/std_msgs/msg/int16_multi_array__type_support.cpp.o[0m
[74.186s] [ 19%] [32mBuilding CXX object CMakeFiles/std_msgs__rosidl_typesupport_cpp.dir/rosidl_typesupport_cpp/std_msgs/msg/int32__type_support.cpp.o[0m
[75.357s] [ 19%] [32mBuilding CXX object CMakeFiles/std_msgs__rosidl_typesupport_cpp.dir/rosidl_typesupport_cpp/std_msgs/msg/int32_multi_array__type_support.cpp.o[0m
[76.547s] [ 19%] [32mBuilding CXX object CMakeFiles/std_msgs__rosidl_typesupport_cpp.dir/rosidl_typesupport_cpp/std_msgs/msg/int64__type_support.cpp.o[0m
[77.754s] [ 20%] [32mBuilding CXX object CMakeFiles/std_msgs__rosidl_typesupport_cpp.dir/rosidl_typesupport_cpp/std_msgs/msg/int64_multi_array__type_support.cpp.o[0m
[78.856s] [ 20%] [32mBuilding CXX object CMakeFiles/std_msgs__rosidl_typesupport_cpp.dir/rosidl_typesupport_cpp/std_msgs/msg/int8__type_support.cpp.o[0m
[80.010s] [ 21%] [32mBuilding CXX object CMakeFiles/std_msgs__rosidl_typesupport_cpp.dir/rosidl_typesupport_cpp/std_msgs/msg/int8_multi_array__type_support.cpp.o[0m
[81.159s] [ 21%] [32mBuilding CXX object CMakeFiles/std_msgs__rosidl_typesupport_cpp.dir/rosidl_typesupport_cpp/std_msgs/msg/multi_array_dimension__type_support.cpp.o[0m
[82.271s] [ 21%] [32mBuilding CXX object CMakeFiles/std_msgs__rosidl_typesupport_cpp.dir/rosidl_typesupport_cpp/std_msgs/msg/multi_array_layout__type_support.cpp.o[0m
[83.397s] [ 22%] [32mBuilding CXX object CMakeFiles/std_msgs__rosidl_typesupport_cpp.dir/rosidl_typesupport_cpp/std_msgs/msg/string__type_support.cpp.o[0m
[84.549s] [ 22%] [32mBuilding CXX object CMakeFiles/std_msgs__rosidl_typesupport_cpp.dir/rosidl_typesupport_cpp/std_msgs/msg/u_int16__type_support.cpp.o[0m
[85.747s] [ 22%] [32mBuilding CXX object CMakeFiles/std_msgs__rosidl_typesupport_cpp.dir/rosidl_typesupport_cpp/std_msgs/msg/u_int16_multi_array__type_support.cpp.o[0m
[86.840s] [ 23%] [32mBuilding CXX object CMakeFiles/std_msgs__rosidl_typesupport_cpp.dir/rosidl_typesupport_cpp/std_msgs/msg/u_int32__type_support.cpp.o[0m
[87.883s] [ 23%] [32mBuilding CXX object CMakeFiles/std_msgs__rosidl_typesupport_cpp.dir/rosidl_typesupport_cpp/std_msgs/msg/u_int32_multi_array__type_support.cpp.o[0m
[88.937s] [ 24%] [32mBuilding CXX object CMakeFiles/std_msgs__rosidl_typesupport_cpp.dir/rosidl_typesupport_cpp/std_msgs/msg/u_int64__type_support.cpp.o[0m
[89.983s] [ 24%] [32mBuilding CXX object CMakeFiles/std_msgs__rosidl_typesupport_cpp.dir/rosidl_typesupport_cpp/std_msgs/msg/u_int64_multi_array__type_support.cpp.o[0m
[91.028s] [ 24%] [32mBuilding CXX object CMakeFiles/std_msgs__rosidl_typesupport_cpp.dir/rosidl_typesupport_cpp/std_msgs/msg/u_int8__type_support.cpp.o[0m
[92.068s] [ 25%] [32mBuilding CXX object CMakeFiles/std_msgs__rosidl_typesupport_cpp.dir/rosidl_typesupport_cpp/std_msgs/msg/u_int8_multi_array__type_support.cpp.o[0m
[93.130s] [ 25%] [32m[1mLinking CXX shared library libstd_msgs__rosidl_typesupport_cpp.so[0m
[93.275s] [ 25%] Built target std_msgs__rosidl_typesupport_cpp
[93.308s] [ 26%] [34m[1mGenerating C type support for eProsima Fast-RTPS[0m
[102.320s] [ 27%] [34m[1mGenerating C introspection for ROS interfaces[0m
[103.355s] [ 27%] [34m[1mGenerating C++ introspection for ROS interfaces[0m
[104.400s] [ 27%] [34m[1mGenerating C++ type support for eProsima Fast-RTPS[0m
[106.407s] [ 27%] [32mBuilding CXX object CMakeFiles/std_msgs__rosidl_typesupport_fastrtps_c.dir/rosidl_typesupport_fastrtps_c/std_msgs/msg/detail/bool__type_support_c.cpp.o[0m
[109.259s] [ 27%] [32mBuilding CXX object CMakeFiles/std_msgs__rosidl_typesupport_fastrtps_c.dir/rosidl_typesupport_fastrtps_c/std_msgs/msg/detail/byte__type_support_c.cpp.o[0m
[112.270s] [ 28%] [32mBuilding CXX object CMakeFiles/std_msgs__rosidl_typesupport_fastrtps_c.dir/rosidl_typesupport_fastrtps_c/std_msgs/msg/detail/byte_multi_array__type_support_c.cpp.o[0m
[115.391s] [ 28%] [32mBuilding CXX object CMakeFiles/std_msgs__rosidl_typesupport_fastrtps_c.dir/rosidl_typesupport_fastrtps_c/std_msgs/msg/detail/char__type_support_c.cpp.o[0m
[118.362s] [ 28%] [32mBuilding CXX object CMakeFiles/std_msgs__rosidl_typesupport_fastrtps_c.dir/rosidl_typesupport_fastrtps_c/std_msgs/msg/detail/color_rgba__type_support_c.cpp.o[0m
[121.138s] [ 29%] [32mBuilding CXX object CMakeFiles/std_msgs__rosidl_typesupport_fastrtps_c.dir/rosidl_typesupport_fastrtps_c/std_msgs/msg/detail/empty__type_support_c.cpp.o[0m
[123.993s] [ 29%] [32mBuilding CXX object CMakeFiles/std_msgs__rosidl_typesupport_fastrtps_c.dir/rosidl_typesupport_fastrtps_c/std_msgs/msg/detail/float32__type_support_c.cpp.o[0m
[125.232s] [ 29%] [32mBuilding C object CMakeFiles/std_msgs__rosidl_typesupport_introspection_c.dir/rosidl_typesupport_introspection_c/std_msgs/msg/detail/bool__type_support.c.o[0m
[125.445s] [ 29%] [32mBuilding C object CMakeFiles/std_msgs__rosidl_typesupport_introspection_c.dir/rosidl_typesupport_introspection_c/std_msgs/msg/detail/byte__type_support.c.o[0m
[125.899s] [ 30%] [32mBuilding C object CMakeFiles/std_msgs__rosidl_typesupport_introspection_c.dir/rosidl_typesupport_introspection_c/std_msgs/msg/detail/byte_multi_array__type_support.c.o[0m
[126.006s] [ 31%] [32mBuilding CXX object CMakeFiles/std_msgs__rosidl_typesupport_fastrtps_c.dir/rosidl_typesupport_fastrtps_c/std_msgs/msg/detail/float32_multi_array__type_support_c.cpp.o[0m
[126.388s] [ 31%] [32mBuilding C object CMakeFiles/std_msgs__rosidl_typesupport_introspection_c.dir/rosidl_typesupport_introspection_c/std_msgs/msg/detail/char__type_support.c.o[0m
[126.744s] [ 32%] [32mBuilding CXX object CMakeFiles/std_msgs__rosidl_typesupport_introspection_cpp.dir/rosidl_typesupport_introspection_cpp/std_msgs/msg/detail/bool__type_support.cpp.o[0m
[127.030s] [ 32%] [32mBuilding C object CMakeFiles/std_msgs__rosidl_typesupport_introspection_c.dir/rosidl_typesupport_introspection_c/std_msgs/msg/detail/color_rgba__type_support.c.o[0m
[127.283s] [ 33%] [32mBuilding C object CMakeFiles/std_msgs__rosidl_typesupport_introspection_c.dir/rosidl_typesupport_introspection_c/std_msgs/msg/detail/empty__type_support.c.o[0m
[127.498s] [ 33%] [32mBuilding C object CMakeFiles/std_msgs__rosidl_typesupport_introspection_c.dir/rosidl_typesupport_introspection_c/std_msgs/msg/detail/float32__type_support.c.o[0m
[127.861s] [ 34%] [32mBuilding C object CMakeFiles/std_msgs__rosidl_typesupport_introspection_c.dir/rosidl_typesupport_introspection_c/std_msgs/msg/detail/float32_multi_array__type_support.c.o[0m
[127.915s] [ 34%] [32mBuilding CXX object CMakeFiles/std_msgs__rosidl_typesupport_fastrtps_c.dir/rosidl_typesupport_fastrtps_c/std_msgs/msg/detail/float64__type_support_c.cpp.o[0m
[128.245s] [ 34%] [32mBuilding C object CMakeFiles/std_msgs__rosidl_typesupport_introspection_c.dir/rosidl_typesupport_introspection_c/std_msgs/msg/detail/float64__type_support.c.o[0m
[128.558s] [ 34%] [32mBuilding C object CMakeFiles/std_msgs__rosidl_typesupport_introspection_c.dir/rosidl_typesupport_introspection_c/std_msgs/msg/detail/float64_multi_array__type_support.c.o[0m
[128.760s] [ 35%] [32mBuilding C object CMakeFiles/std_msgs__rosidl_typesupport_introspection_c.dir/rosidl_typesupport_introspection_c/std_msgs/msg/detail/header__type_support.c.o[0m
[129.126s] [ 35%] [32mBuilding C object CMakeFiles/std_msgs__rosidl_typesupport_introspection_c.dir/rosidl_typesupport_introspection_c/std_msgs/msg/detail/int16__type_support.c.o[0m
[129.244s] [ 36%] [32mBuilding CXX object CMakeFiles/std_msgs__rosidl_typesupport_fastrtps_cpp.dir/rosidl_typesupport_fastrtps_cpp/std_msgs/msg/detail/dds_fastrtps/bool__type_support.cpp.o[0m
[129.422s] [ 36%] [32mBuilding C object CMakeFiles/std_msgs__rosidl_typesupport_introspection_c.dir/rosidl_typesupport_introspection_c/std_msgs/msg/detail/int16_multi_array__type_support.c.o[0m
[129.783s] [ 37%] [32mBuilding C object CMakeFiles/std_msgs__rosidl_typesupport_introspection_c.dir/rosidl_typesupport_introspection_c/std_msgs/msg/detail/int32__type_support.c.o[0m
[130.052s] [ 37%] [32mBuilding C object CMakeFiles/std_msgs__rosidl_typesupport_introspection_c.dir/rosidl_typesupport_introspection_c/std_msgs/msg/detail/int32_multi_array__type_support.c.o[0m
[130.362s] [ 37%] [32mBuilding CXX object CMakeFiles/std_msgs__rosidl_typesupport_introspection_cpp.dir/rosidl_typesupport_introspection_cpp/std_msgs/msg/detail/byte__type_support.cpp.o[0m
[130.626s] [ 38%] [32mBuilding C object CMakeFiles/std_msgs__rosidl_typesupport_introspection_c.dir/rosidl_typesupport_introspection_c/std_msgs/msg/detail/int64__type_support.c.o[0m
[130.929s] [ 38%] [32mBuilding C object CMakeFiles/std_msgs__rosidl_typesupport_introspection_c.dir/rosidl_typesupport_introspection_c/std_msgs/msg/detail/int64_multi_array__type_support.c.o[0m
[131.151s] [ 38%] [32mBuilding C object CMakeFiles/std_msgs__rosidl_typesupport_introspection_c.dir/rosidl_typesupport_introspection_c/std_msgs/msg/detail/int8__type_support.c.o[0m
[131.356s] [ 38%] [32mBuilding CXX object CMakeFiles/std_msgs__rosidl_typesupport_fastrtps_c.dir/rosidl_typesupport_fastrtps_c/std_msgs/msg/detail/float64_multi_array__type_support_c.cpp.o[0m
[131.464s] [ 39%] [32mBuilding C object CMakeFiles/std_msgs__rosidl_typesupport_introspection_c.dir/rosidl_typesupport_introspection_c/std_msgs/msg/detail/int8_multi_array__type_support.c.o[0m
[131.818s] [ 39%] [32mBuilding C object CMakeFiles/std_msgs__rosidl_typesupport_introspection_c.dir/rosidl_typesupport_introspection_c/std_msgs/msg/detail/multi_array_dimension__type_support.c.o[0m
[132.156s] [ 39%] [32mBuilding C object CMakeFiles/std_msgs__rosidl_typesupport_introspection_c.dir/rosidl_typesupport_introspection_c/std_msgs/msg/detail/multi_array_layout__type_support.c.o[0m
[132.328s] [ 39%] [32mBuilding CXX object CMakeFiles/std_msgs__rosidl_typesupport_fastrtps_cpp.dir/rosidl_typesupport_fastrtps_cpp/std_msgs/msg/detail/dds_fastrtps/byte__type_support.cpp.o[0m
[132.549s] [ 40%] [32mBuilding C object CMakeFiles/std_msgs__rosidl_typesupport_introspection_c.dir/rosidl_typesupport_introspection_c/std_msgs/msg/detail/string__type_support.c.o[0m
[132.884s] [ 40%] [32mBuilding C object CMakeFiles/std_msgs__rosidl_typesupport_introspection_c.dir/rosidl_typesupport_introspection_c/std_msgs/msg/detail/u_int16__type_support.c.o[0m
[133.162s] [ 41%] [32mBuilding C object CMakeFiles/std_msgs__rosidl_typesupport_introspection_c.dir/rosidl_typesupport_introspection_c/std_msgs/msg/detail/u_int16_multi_array__type_support.c.o[0m
[133.412s] [ 41%] [32mBuilding C object CMakeFiles/std_msgs__rosidl_typesupport_introspection_c.dir/rosidl_typesupport_introspection_c/std_msgs/msg/detail/u_int32__type_support.c.o[0m
[133.649s] [ 41%] [32mBuilding C object CMakeFiles/std_msgs__rosidl_typesupport_introspection_c.dir/rosidl_typesupport_introspection_c/std_msgs/msg/detail/u_int32_multi_array__type_support.c.o[0m
[134.003s] [ 42%] [32mBuilding C object CMakeFiles/std_msgs__rosidl_typesupport_introspection_c.dir/rosidl_typesupport_introspection_c/std_msgs/msg/detail/u_int64__type_support.c.o[0m
[134.187s] [ 43%] [32mBuilding CXX object CMakeFiles/std_msgs__rosidl_typesupport_fastrtps_c.dir/rosidl_typesupport_fastrtps_c/std_msgs/msg/detail/header__type_support_c.cpp.o[0m
[134.208s] [ 44%] [32mBuilding CXX object CMakeFiles/std_msgs__rosidl_typesupport_introspection_cpp.dir/rosidl_typesupport_introspection_cpp/std_msgs/msg/detail/byte_multi_array__type_support.cpp.o[0m
[134.220s] [ 44%] [32mBuilding C object CMakeFiles/std_msgs__rosidl_typesupport_introspection_c.dir/rosidl_typesupport_introspection_c/std_msgs/msg/detail/u_int64_multi_array__type_support.c.o[0m
[134.455s] [ 44%] [32mBuilding C object CMakeFiles/std_msgs__rosidl_typesupport_introspection_c.dir/rosidl_typesupport_introspection_c/std_msgs/msg/detail/u_int8__type_support.c.o[0m
[134.796s] [ 45%] [32mBuilding C object CMakeFiles/std_msgs__rosidl_typesupport_introspection_c.dir/rosidl_typesupport_introspection_c/std_msgs/msg/detail/u_int8_multi_array__type_support.c.o[0m
[135.104s] [ 45%] [32m[1mLinking C shared library libstd_msgs__rosidl_typesupport_introspection_c.so[0m
[135.384s] [ 45%] Built target std_msgs__rosidl_typesupport_introspection_c
[135.636s] [ 46%] [32mBuilding CXX object CMakeFiles/std_msgs__rosidl_typesupport_fastrtps_cpp.dir/rosidl_typesupport_fastrtps_cpp/std_msgs/msg/detail/dds_fastrtps/byte_multi_array__type_support.cpp.o[0m
[136.634s] [ 46%] [32mBuilding CXX object CMakeFiles/std_msgs__rosidl_typesupport_fastrtps_c.dir/rosidl_typesupport_fastrtps_c/std_msgs/msg/detail/int16__type_support_c.cpp.o[0m
[136.965s] [ 46%] [32mBuilding CXX object CMakeFiles/std_msgs__rosidl_typesupport_introspection_cpp.dir/rosidl_typesupport_introspection_cpp/std_msgs/msg/detail/char__type_support.cpp.o[0m
[138.469s] [ 46%] [32mBuilding CXX object CMakeFiles/std_msgs__rosidl_typesupport_fastrtps_cpp.dir/rosidl_typesupport_fastrtps_cpp/std_msgs/msg/detail/dds_fastrtps/char__type_support.cpp.o[0m
[138.858s] [ 46%] [32mBuilding CXX object CMakeFiles/std_msgs__rosidl_typesupport_fastrtps_c.dir/rosidl_typesupport_fastrtps_c/std_msgs/msg/detail/int16_multi_array__type_support_c.cpp.o[0m
[139.888s] [ 46%] [32mBuilding CXX object CMakeFiles/std_msgs__rosidl_typesupport_introspection_cpp.dir/rosidl_typesupport_introspection_cpp/std_msgs/msg/detail/color_rgba__type_support.cpp.o[0m
[140.825s] [ 46%] [32mBuilding CXX object CMakeFiles/std_msgs__rosidl_typesupport_fastrtps_cpp.dir/rosidl_typesupport_fastrtps_cpp/std_msgs/msg/detail/dds_fastrtps/color_rgba__type_support.cpp.o[0m
[141.489s] [ 47%] [32mBuilding CXX object CMakeFiles/std_msgs__rosidl_typesupport_fastrtps_c.dir/rosidl_typesupport_fastrtps_c/std_msgs/msg/detail/int32__type_support_c.cpp.o[0m
[142.696s] [ 48%] [32mBuilding CXX object CMakeFiles/std_msgs__rosidl_typesupport_introspection_cpp.dir/rosidl_typesupport_introspection_cpp/std_msgs/msg/detail/empty__type_support.cpp.o[0m
[143.682s] [ 49%] [32mBuilding CXX object CMakeFiles/std_msgs__rosidl_typesupport_fastrtps_cpp.dir/rosidl_typesupport_fastrtps_cpp/std_msgs/msg/detail/dds_fastrtps/empty__type_support.cpp.o[0m
[143.776s] [ 49%] [32mBuilding CXX object CMakeFiles/std_msgs__rosidl_typesupport_fastrtps_c.dir/rosidl_typesupport_fastrtps_c/std_msgs/msg/detail/int32_multi_array__type_support_c.cpp.o[0m
[144.978s] [ 49%] [32mBuilding CXX object CMakeFiles/std_msgs__rosidl_typesupport_introspection_cpp.dir/rosidl_typesupport_introspection_cpp/std_msgs/msg/detail/float32__type_support.cpp.o[0m
[146.062s] [ 50%] [32mBuilding CXX object CMakeFiles/std_msgs__rosidl_typesupport_fastrtps_c.dir/rosidl_typesupport_fastrtps_c/std_msgs/msg/detail/int64__type_support_c.cpp.o[0m
[146.718s] [ 50%] [32mBuilding CXX object CMakeFiles/std_msgs__rosidl_typesupport_fastrtps_cpp.dir/rosidl_typesupport_fastrtps_cpp/std_msgs/msg/detail/dds_fastrtps/float32__type_support.cpp.o[0m
[147.819s] [ 50%] [32mBuilding CXX object CMakeFiles/std_msgs__rosidl_typesupport_introspection_cpp.dir/rosidl_typesupport_introspection_cpp/std_msgs/msg/detail/float32_multi_array__type_support.cpp.o[0m
[148.450s] [ 50%] [32mBuilding CXX object CMakeFiles/std_msgs__rosidl_typesupport_fastrtps_c.dir/rosidl_typesupport_fastrtps_c/std_msgs/msg/detail/int64_multi_array__type_support_c.cpp.o[0m
[149.236s] [ 50%] [32mBuilding CXX object CMakeFiles/std_msgs__rosidl_typesupport_fastrtps_cpp.dir/rosidl_typesupport_fastrtps_cpp/std_msgs/msg/detail/dds_fastrtps/float32_multi_array__type_support.cpp.o[0m
[150.343s] [ 51%] [32mBuilding CXX object CMakeFiles/std_msgs__rosidl_typesupport_introspection_cpp.dir/rosidl_typesupport_introspection_cpp/std_msgs/msg/detail/float64__type_support.cpp.o[0m
[150.866s] [ 51%] [32mBuilding CXX object CMakeFiles/std_msgs__rosidl_typesupport_fastrtps_c.dir/rosidl_typesupport_fastrtps_c/std_msgs/msg/detail/int8__type_support_c.cpp.o[0m
[151.938s] [ 52%] [32mBuilding CXX object CMakeFiles/std_msgs__rosidl_typesupport_fastrtps_cpp.dir/rosidl_typesupport_fastrtps_cpp/std_msgs/msg/detail/dds_fastrtps/float64__type_support.cpp.o[0m
[152.715s] [ 52%] [32mBuilding CXX object CMakeFiles/std_msgs__rosidl_typesupport_introspection_cpp.dir/rosidl_typesupport_introspection_cpp/std_msgs/msg/detail/float64_multi_array__type_support.cpp.o[0m
[153.300s] [ 53%] [32mBuilding CXX object CMakeFiles/std_msgs__rosidl_typesupport_fastrtps_c.dir/rosidl_typesupport_fastrtps_c/std_msgs/msg/detail/int8_multi_array__type_support_c.cpp.o[0m
[154.489s] [ 53%] [32mBuilding CXX object CMakeFiles/std_msgs__rosidl_typesupport_fastrtps_cpp.dir/rosidl_typesupport_fastrtps_cpp/std_msgs/msg/detail/dds_fastrtps/float64_multi_array__type_support.cpp.o[0m
[155.116s] [ 53%] [32mBuilding CXX object CMakeFiles/std_msgs__rosidl_typesupport_fastrtps_c.dir/rosidl_typesupport_fastrtps_c/std_msgs/msg/detail/multi_array_dimension__type_support_c.cpp.o[0m
[155.133s] [ 54%] [32mBuilding CXX object CMakeFiles/std_msgs__rosidl_typesupport_introspection_cpp.dir/rosidl_typesupport_introspection_cpp/std_msgs/msg/detail/header__type_support.cpp.o[0m
[157.123s] [ 54%] [32mBuilding CXX object CMakeFiles/std_msgs__rosidl_typesupport_fastrtps_c.dir/rosidl_typesupport_fastrtps_c/std_msgs/msg/detail/multi_array_layout__type_support_c.cpp.o[0m
[157.153s] [ 55%] [32mBuilding CXX object CMakeFiles/std_msgs__rosidl_typesupport_fastrtps_cpp.dir/rosidl_typesupport_fastrtps_cpp/std_msgs/msg/detail/dds_fastrtps/header__type_support.cpp.o[0m
[157.519s] [ 55%] [32mBuilding CXX object CMakeFiles/std_msgs__rosidl_typesupport_introspection_cpp.dir/rosidl_typesupport_introspection_cpp/std_msgs/msg/detail/int16__type_support.cpp.o[0m
[158.910s] [ 56%] [32mBuilding CXX object CMakeFiles/std_msgs__rosidl_typesupport_fastrtps_c.dir/rosidl_typesupport_fastrtps_c/std_msgs/msg/detail/string__type_support_c.cpp.o[0m
[159.410s] [ 56%] [32mBuilding CXX object CMakeFiles/std_msgs__rosidl_typesupport_fastrtps_cpp.dir/rosidl_typesupport_fastrtps_cpp/std_msgs/msg/detail/dds_fastrtps/int16__type_support.cpp.o[0m
[159.554s] [ 56%] [32mBuilding CXX object CMakeFiles/std_msgs__rosidl_typesupport_introspection_cpp.dir/rosidl_typesupport_introspection_cpp/std_msgs/msg/detail/int16_multi_array__type_support.cpp.o[0m
[161.052s] [ 56%] [32mBuilding CXX object CMakeFiles/std_msgs__rosidl_typesupport_fastrtps_c.dir/rosidl_typesupport_fastrtps_c/std_msgs/msg/detail/u_int16__type_support_c.cpp.o[0m
[161.625s] [ 56%] [32mBuilding CXX object CMakeFiles/std_msgs__rosidl_typesupport_fastrtps_cpp.dir/rosidl_typesupport_fastrtps_cpp/std_msgs/msg/detail/dds_fastrtps/int16_multi_array__type_support.cpp.o[0m
[162.009s] [ 57%] [32mBuilding CXX object CMakeFiles/std_msgs__rosidl_typesupport_introspection_cpp.dir/rosidl_typesupport_introspection_cpp/std_msgs/msg/detail/int32__type_support.cpp.o[0m
[163.038s] [ 58%] [32mBuilding CXX object CMakeFiles/std_msgs__rosidl_typesupport_fastrtps_c.dir/rosidl_typesupport_fastrtps_c/std_msgs/msg/detail/u_int16_multi_array__type_support_c.cpp.o[0m
[164.136s] [ 59%] [32mBuilding CXX object CMakeFiles/std_msgs__rosidl_typesupport_fastrtps_cpp.dir/rosidl_typesupport_fastrtps_cpp/std_msgs/msg/detail/dds_fastrtps/int32__type_support.cpp.o[0m
[164.265s] [ 59%] [32mBuilding CXX object CMakeFiles/std_msgs__rosidl_typesupport_introspection_cpp.dir/rosidl_typesupport_introspection_cpp/std_msgs/msg/detail/int32_multi_array__type_support.cpp.o[0m
[165.433s] [ 59%] [32mBuilding CXX object CMakeFiles/std_msgs__rosidl_typesupport_fastrtps_c.dir/rosidl_typesupport_fastrtps_c/std_msgs/msg/detail/u_int32__type_support_c.cpp.o[0m
[166.160s] [ 59%] [32mBuilding CXX object CMakeFiles/std_msgs__rosidl_typesupport_fastrtps_cpp.dir/rosidl_typesupport_fastrtps_cpp/std_msgs/msg/detail/dds_fastrtps/int32_multi_array__type_support.cpp.o[0m
[166.615s] [ 59%] [32mBuilding CXX object CMakeFiles/std_msgs__rosidl_typesupport_introspection_cpp.dir/rosidl_typesupport_introspection_cpp/std_msgs/msg/detail/int64__type_support.cpp.o[0m
[167.430s] [ 59%] [32mBuilding CXX object CMakeFiles/std_msgs__rosidl_typesupport_fastrtps_c.dir/rosidl_typesupport_fastrtps_c/std_msgs/msg/detail/u_int32_multi_array__type_support_c.cpp.o[0m
[168.364s] [ 59%] [32mBuilding CXX object CMakeFiles/std_msgs__rosidl_typesupport_fastrtps_cpp.dir/rosidl_typesupport_fastrtps_cpp/std_msgs/msg/detail/dds_fastrtps/int64__type_support.cpp.o[0m
[168.788s] [ 60%] [32mBuilding CXX object CMakeFiles/std_msgs__rosidl_typesupport_introspection_cpp.dir/rosidl_typesupport_introspection_cpp/std_msgs/msg/detail/int64_multi_array__type_support.cpp.o[0m
[169.360s] [ 61%] [32mBuilding CXX object CMakeFiles/std_msgs__rosidl_typesupport_fastrtps_c.dir/rosidl_typesupport_fastrtps_c/std_msgs/msg/detail/u_int64__type_support_c.cpp.o[0m
[170.610s] [ 62%] [32mBuilding CXX object CMakeFiles/std_msgs__rosidl_typesupport_fastrtps_cpp.dir/rosidl_typesupport_fastrtps_cpp/std_msgs/msg/detail/dds_fastrtps/int64_multi_array__type_support.cpp.o[0m
[171.306s] [ 62%] [32mBuilding CXX object CMakeFiles/std_msgs__rosidl_typesupport_fastrtps_c.dir/rosidl_typesupport_fastrtps_c/std_msgs/msg/detail/u_int64_multi_array__type_support_c.cpp.o[0m
[171.412s] [ 62%] [32mBuilding CXX object CMakeFiles/std_msgs__rosidl_typesupport_introspection_cpp.dir/rosidl_typesupport_introspection_cpp/std_msgs/msg/detail/int8__type_support.cpp.o[0m
[173.129s] [ 62%] [32mBuilding CXX object CMakeFiles/std_msgs__rosidl_typesupport_fastrtps_c.dir/rosidl_typesupport_fastrtps_c/std_msgs/msg/detail/u_int8__type_support_c.cpp.o[0m
[173.177s] [ 62%] [32mBuilding CXX object CMakeFiles/std_msgs__rosidl_typesupport_fastrtps_cpp.dir/rosidl_typesupport_fastrtps_cpp/std_msgs/msg/detail/dds_fastrtps/int8__type_support.cpp.o[0m
[173.636s] [ 63%] [32mBuilding CXX object CMakeFiles/std_msgs__rosidl_typesupport_introspection_cpp.dir/rosidl_typesupport_introspection_cpp/std_msgs/msg/detail/int8_multi_array__type_support.cpp.o[0m
[175.040s] [ 64%] [32mBuilding CXX object CMakeFiles/std_msgs__rosidl_typesupport_fastrtps_c.dir/rosidl_typesupport_fastrtps_c/std_msgs/msg/detail/u_int8_multi_array__type_support_c.cpp.o[0m
[175.468s] [ 65%] [32mBuilding CXX object CMakeFiles/std_msgs__rosidl_typesupport_fastrtps_cpp.dir/rosidl_typesupport_fastrtps_cpp/std_msgs/msg/detail/dds_fastrtps/int8_multi_array__type_support.cpp.o[0m
[175.902s] [ 65%] [32mBuilding CXX object CMakeFiles/std_msgs__rosidl_typesupport_introspection_cpp.dir/rosidl_typesupport_introspection_cpp/std_msgs/msg/detail/multi_array_dimension__type_support.cpp.o[0m
[176.704s] [ 65%] [32m[1mLinking CXX shared library libstd_msgs__rosidl_typesupport_fastrtps_c.so[0m
[177.254s] [ 65%] Built target std_msgs__rosidl_typesupport_fastrtps_c
[178.002s] [ 65%] [32mBuilding CXX object CMakeFiles/std_msgs__rosidl_typesupport_introspection_cpp.dir/rosidl_typesupport_introspection_cpp/std_msgs/msg/detail/multi_array_layout__type_support.cpp.o[0m
[178.122s] [ 65%] [32mBuilding CXX object CMakeFiles/std_msgs__rosidl_typesupport_fastrtps_cpp.dir/rosidl_typesupport_fastrtps_cpp/std_msgs/msg/detail/dds_fastrtps/multi_array_dimension__type_support.cpp.o[0m
[179.934s] [ 65%] [32mBuilding CXX object CMakeFiles/std_msgs__rosidl_typesupport_fastrtps_cpp.dir/rosidl_typesupport_fastrtps_cpp/std_msgs/msg/detail/dds_fastrtps/multi_array_layout__type_support.cpp.o[0m
[179.950s] [ 66%] [32mBuilding CXX object CMakeFiles/std_msgs__rosidl_typesupport_introspection_cpp.dir/rosidl_typesupport_introspection_cpp/std_msgs/msg/detail/string__type_support.cpp.o[0m
[181.685s] [ 66%] [32mBuilding CXX object CMakeFiles/std_msgs__rosidl_typesupport_introspection_cpp.dir/rosidl_typesupport_introspection_cpp/std_msgs/msg/detail/u_int16__type_support.cpp.o[0m
[181.939s] [ 67%] [32mBuilding CXX object CMakeFiles/std_msgs__rosidl_typesupport_fastrtps_cpp.dir/rosidl_typesupport_fastrtps_cpp/std_msgs/msg/detail/dds_fastrtps/string__type_support.cpp.o[0m
[183.398s] [ 67%] [32mBuilding CXX object CMakeFiles/std_msgs__rosidl_typesupport_introspection_cpp.dir/rosidl_typesupport_introspection_cpp/std_msgs/msg/detail/u_int16_multi_array__type_support.cpp.o[0m
[183.783s] [ 67%] [32mBuilding CXX object CMakeFiles/std_msgs__rosidl_typesupport_fastrtps_cpp.dir/rosidl_typesupport_fastrtps_cpp/std_msgs/msg/detail/dds_fastrtps/u_int16__type_support.cpp.o[0m
[185.360s] [ 68%] [32mBuilding CXX object CMakeFiles/std_msgs__rosidl_typesupport_introspection_cpp.dir/rosidl_typesupport_introspection_cpp/std_msgs/msg/detail/u_int32__type_support.cpp.o[0m
[185.614s] [ 68%] [32mBuilding CXX object CMakeFiles/std_msgs__rosidl_typesupport_fastrtps_cpp.dir/rosidl_typesupport_fastrtps_cpp/std_msgs/msg/detail/dds_fastrtps/u_int16_multi_array__type_support.cpp.o[0m
[187.120s] [ 68%] [32mBuilding CXX object CMakeFiles/std_msgs__rosidl_typesupport_introspection_cpp.dir/rosidl_typesupport_introspection_cpp/std_msgs/msg/detail/u_int32_multi_array__type_support.cpp.o[0m
[187.633s] [ 69%] [32mBuilding CXX object CMakeFiles/std_msgs__rosidl_typesupport_fastrtps_cpp.dir/rosidl_typesupport_fastrtps_cpp/std_msgs/msg/detail/dds_fastrtps/u_int32__type_support.cpp.o[0m
[188.946s] [ 70%] [32mBuilding CXX object CMakeFiles/std_msgs__rosidl_typesupport_introspection_cpp.dir/rosidl_typesupport_introspection_cpp/std_msgs/msg/detail/u_int64__type_support.cpp.o[0m
[189.302s] [ 70%] [32mBuilding CXX object CMakeFiles/std_msgs__rosidl_typesupport_fastrtps_cpp.dir/rosidl_typesupport_fastrtps_cpp/std_msgs/msg/detail/dds_fastrtps/u_int32_multi_array__type_support.cpp.o[0m
[190.571s] [ 70%] [32mBuilding CXX object CMakeFiles/std_msgs__rosidl_typesupport_introspection_cpp.dir/rosidl_typesupport_introspection_cpp/std_msgs/msg/detail/u_int64_multi_array__type_support.cpp.o[0m
[191.211s] [ 71%] [32mBuilding CXX object CMakeFiles/std_msgs__rosidl_typesupport_fastrtps_cpp.dir/rosidl_typesupport_fastrtps_cpp/std_msgs/msg/detail/dds_fastrtps/u_int64__type_support.cpp.o[0m
[192.390s] [ 71%] [32mBuilding CXX object CMakeFiles/std_msgs__rosidl_typesupport_introspection_cpp.dir/rosidl_typesupport_introspection_cpp/std_msgs/msg/detail/u_int8__type_support.cpp.o[0m
[192.880s] [ 71%] [32mBuilding CXX object CMakeFiles/std_msgs__rosidl_typesupport_fastrtps_cpp.dir/rosidl_typesupport_fastrtps_cpp/std_msgs/msg/detail/dds_fastrtps/u_int64_multi_array__type_support.cpp.o[0m
[194.046s] [ 72%] [32mBuilding CXX object CMakeFiles/std_msgs__rosidl_typesupport_introspection_cpp.dir/rosidl_typesupport_introspection_cpp/std_msgs/msg/detail/u_int8_multi_array__type_support.cpp.o[0m
[194.804s] [ 72%] [32mBuilding CXX object CMakeFiles/std_msgs__rosidl_typesupport_fastrtps_cpp.dir/rosidl_typesupport_fastrtps_cpp/std_msgs/msg/detail/dds_fastrtps/u_int8__type_support.cpp.o[0m
[195.843s] [ 72%] [32m[1mLinking CXX shared library libstd_msgs__rosidl_typesupport_introspection_cpp.so[0m
[196.207s] [ 72%] Built target std_msgs__rosidl_typesupport_introspection_cpp
[196.450s] [ 73%] [32mBuilding CXX object CMakeFiles/std_msgs__rosidl_typesupport_fastrtps_cpp.dir/rosidl_typesupport_fastrtps_cpp/std_msgs/msg/detail/dds_fastrtps/u_int8_multi_array__type_support.cpp.o[0m
[198.185s] [ 73%] [32m[1mLinking CXX shared library libstd_msgs__rosidl_typesupport_fastrtps_cpp.so[0m
[198.532s] [ 73%] Built target std_msgs__rosidl_typesupport_fastrtps_cpp
[198.564s] [ 74%] [34m[1mGenerating C type support dispatch for ROS interfaces[0m
[206.328s] [ 74%] [32mBuilding CXX object CMakeFiles/std_msgs__rosidl_typesupport_c.dir/rosidl_typesupport_c/std_msgs/msg/bool__type_support.cpp.o[0m
[206.430s] [ 74%] [32mBuilding CXX object CMakeFiles/std_msgs__rosidl_typesupport_c.dir/rosidl_typesupport_c/std_msgs/msg/char__type_support.cpp.o[0m
[206.530s] [ 74%] [32mBuilding CXX object CMakeFiles/std_msgs__rosidl_typesupport_c.dir/rosidl_typesupport_c/std_msgs/msg/color_rgba__type_support.cpp.o[0m
[206.631s] [ 75%] [32mBuilding CXX object CMakeFiles/std_msgs__rosidl_typesupport_c.dir/rosidl_typesupport_c/std_msgs/msg/empty__type_support.cpp.o[0m
[206.731s] [ 75%] [32mBuilding CXX object CMakeFiles/std_msgs__rosidl_typesupport_c.dir/rosidl_typesupport_c/std_msgs/msg/float32__type_support.cpp.o[0m
[206.832s] [ 76%] [32mBuilding CXX object CMakeFiles/std_msgs__rosidl_typesupport_c.dir/rosidl_typesupport_c/std_msgs/msg/float32_multi_array__type_support.cpp.o[0m
[206.938s] [ 76%] [32mBuilding CXX object CMakeFiles/std_msgs__rosidl_typesupport_c.dir/rosidl_typesupport_c/std_msgs/msg/float64__type_support.cpp.o[0m
[207.038s] [ 76%] [32mBuilding CXX object CMakeFiles/std_msgs__rosidl_typesupport_c.dir/rosidl_typesupport_c/std_msgs/msg/float64_multi_array__type_support.cpp.o[0m
[207.142s] [ 77%] [32mBuilding CXX object CMakeFiles/std_msgs__rosidl_typesupport_c.dir/rosidl_typesupport_c/std_msgs/msg/header__type_support.cpp.o[0m
[207.246s] [ 77%] [32mBuilding CXX object CMakeFiles/std_msgs__rosidl_typesupport_c.dir/rosidl_typesupport_c/std_msgs/msg/int16__type_support.cpp.o[0m
[207.347s] [ 77%] [32mBuilding CXX object CMakeFiles/std_msgs__rosidl_typesupport_c.dir/rosidl_typesupport_c/std_msgs/msg/int16_multi_array__type_support.cpp.o[0m
[207.452s] [ 78%] [32mBuilding CXX object CMakeFiles/std_msgs__rosidl_typesupport_c.dir/rosidl_typesupport_c/std_msgs/msg/int32__type_support.cpp.o[0m
[207.555s] [ 78%] [32mBuilding CXX object CMakeFiles/std_msgs__rosidl_typesupport_c.dir/rosidl_typesupport_c/std_msgs/msg/int32_multi_array__type_support.cpp.o[0m
[207.660s] [ 79%] [32mBuilding CXX object CMakeFiles/std_msgs__rosidl_typesupport_c.dir/rosidl_typesupport_c/std_msgs/msg/int64__type_support.cpp.o[0m
[207.760s] [ 79%] [32mBuilding CXX object CMakeFiles/std_msgs__rosidl_typesupport_c.dir/rosidl_typesupport_c/std_msgs/msg/int64_multi_array__type_support.cpp.o[0m
[207.865s] [ 79%] [32mBuilding CXX object CMakeFiles/std_msgs__rosidl_typesupport_c.dir/rosidl_typesupport_c/std_msgs/msg/int8__type_support.cpp.o[0m
[207.966s] [ 80%] [32mBuilding CXX object CMakeFiles/std_msgs__rosidl_typesupport_c.dir/rosidl_typesupport_c/std_msgs/msg/int8_multi_array__type_support.cpp.o[0m
[208.070s] [ 80%] [32mBuilding CXX object CMakeFiles/std_msgs__rosidl_typesupport_c.dir/rosidl_typesupport_c/std_msgs/msg/multi_array_dimension__type_support.cpp.o[0m
[208.174s] [ 80%] [32mBuilding CXX object CMakeFiles/std_msgs__rosidl_typesupport_c.dir/rosidl_typesupport_c/std_msgs/msg/multi_array_layout__type_support.cpp.o[0m
[208.277s] [ 81%] [32mBuilding CXX object CMakeFiles/std_msgs__rosidl_typesupport_c.dir/rosidl_typesupport_c/std_msgs/msg/string__type_support.cpp.o[0m
[208.381s] [ 81%] [32mBuilding CXX object CMakeFiles/std_msgs__rosidl_typesupport_c.dir/rosidl_typesupport_c/std_msgs/msg/u_int16__type_support.cpp.o[0m
[208.483s] [ 82%] [32mBuilding CXX object CMakeFiles/std_msgs__rosidl_typesupport_c.dir/rosidl_typesupport_c/std_msgs/msg/u_int16_multi_array__type_support.cpp.o[0m
[208.588s] [ 82%] [32mBuilding CXX object CMakeFiles/std_msgs__rosidl_typesupport_c.dir/rosidl_typesupport_c/std_msgs/msg/u_int32__type_support.cpp.o[0m
[208.688s] [ 82%] [32mBuilding CXX object CMakeFiles/std_msgs__rosidl_typesupport_c.dir/rosidl_typesupport_c/std_msgs/msg/u_int32_multi_array__type_support.cpp.o[0m
[208.792s] [ 83%] [32mBuilding CXX object CMakeFiles/std_msgs__rosidl_typesupport_c.dir/rosidl_typesupport_c/std_msgs/msg/u_int64__type_support.cpp.o[0m
[208.893s] [ 83%] [32mBuilding CXX object CMakeFiles/std_msgs__rosidl_typesupport_c.dir/rosidl_typesupport_c/std_msgs/msg/u_int64_multi_array__type_support.cpp.o[0m
[208.997s] [ 83%] [32mBuilding CXX object CMakeFiles/std_msgs__rosidl_typesupport_c.dir/rosidl_typesupport_c/std_msgs/msg/u_int8__type_support.cpp.o[0m
[209.098s] [ 84%] [32mBuilding CXX object CMakeFiles/std_msgs__rosidl_typesupport_c.dir/rosidl_typesupport_c/std_msgs/msg/u_int8_multi_array__type_support.cpp.o[0m
[209.203s] [ 85%] [32mBuilding CXX object CMakeFiles/std_msgs__rosidl_typesupport_c.dir/rosidl_typesupport_c/std_msgs/msg/byte_multi_array__type_support.cpp.o[0m
[209.311s] [ 85%] [32mBuilding CXX object CMakeFiles/std_msgs__rosidl_typesupport_c.dir/rosidl_typesupport_c/std_msgs/msg/byte__type_support.cpp.o[0m
[209.407s] [ 85%] [32m[1mLinking CXX shared library libstd_msgs__rosidl_typesupport_c.so[0m
[209.550s] [ 85%] Built target std_msgs__rosidl_typesupport_c
[209.607s] [ 85%] Built target std_msgs
[209.668s] [ 85%] [34m[1mGenerating Python code for ROS interfaces[0m
[231.330s] [ 85%] Built target std_msgs__py
[231.396s] [ 85%] [32mBuilding C object CMakeFiles/std_msgs__rosidl_generator_py.dir/rosidl_generator_py/std_msgs/msg/_byte_s.c.o[0m
[231.398s] [ 86%] [32mBuilding C object CMakeFiles/std_msgs__rosidl_generator_py.dir/rosidl_generator_py/std_msgs/msg/_bool_s.c.o[0m
[231.811s] [ 86%] [32mBuilding C object CMakeFiles/std_msgs__rosidl_generator_py.dir/rosidl_generator_py/std_msgs/msg/_color_rgba_s.c.o[0m
[231.811s] [ 86%] [32mBuilding C object CMakeFiles/std_msgs__rosidl_generator_py.dir/rosidl_generator_py/std_msgs/msg/_char_s.c.o[0m
[232.236s] [ 87%] [32mBuilding C object CMakeFiles/std_msgs__rosidl_generator_py.dir/rosidl_generator_py/std_msgs/msg/_empty_s.c.o[0m
[232.247s] [ 87%] [32mBuilding C object CMakeFiles/std_msgs__rosidl_generator_py.dir/rosidl_generator_py/std_msgs/msg/_float32_s.c.o[0m
[232.670s] [ 87%] [32mBuilding C object CMakeFiles/std_msgs__rosidl_generator_py.dir/rosidl_generator_py/std_msgs/msg/_float32_multi_array_s.c.o[0m
[232.689s] [ 88%] [32mBuilding C object CMakeFiles/std_msgs__rosidl_generator_py.dir/rosidl_generator_py/std_msgs/msg/_float64_s.c.o[0m
[233.091s] [ 88%] [32mBuilding C object CMakeFiles/std_msgs__rosidl_generator_py.dir/rosidl_generator_py/std_msgs/msg/_float64_multi_array_s.c.o[0m
[233.112s] [ 89%] [32mBuilding C object CMakeFiles/std_msgs__rosidl_generator_py.dir/rosidl_generator_py/std_msgs/msg/_header_s.c.o[0m
[233.517s] [ 89%] [32mBuilding C object CMakeFiles/std_msgs__rosidl_generator_py.dir/rosidl_generator_py/std_msgs/msg/_int16_s.c.o[0m
[233.527s] [ 89%] [32mBuilding C object CMakeFiles/std_msgs__rosidl_generator_py.dir/rosidl_generator_py/std_msgs/msg/_int16_multi_array_s.c.o[0m
[233.913s] [ 90%] [32mBuilding C object CMakeFiles/std_msgs__rosidl_generator_py.dir/rosidl_generator_py/std_msgs/msg/_int32_s.c.o[0m
[233.963s] [ 90%] [32mBuilding C object CMakeFiles/std_msgs__rosidl_generator_py.dir/rosidl_generator_py/std_msgs/msg/_int32_multi_array_s.c.o[0m
[234.310s] [ 90%] [32mBuilding C object CMakeFiles/std_msgs__rosidl_generator_py.dir/rosidl_generator_py/std_msgs/msg/_int64_s.c.o[0m
[234.401s] [ 91%] [32mBuilding C object CMakeFiles/std_msgs__rosidl_generator_py.dir/rosidl_generator_py/std_msgs/msg/_int64_multi_array_s.c.o[0m
[234.707s] [ 91%] [32mBuilding C object CMakeFiles/std_msgs__rosidl_generator_py.dir/rosidl_generator_py/std_msgs/msg/_int8_s.c.o[0m
[234.843s] [ 92%] [32mBuilding C object CMakeFiles/std_msgs__rosidl_generator_py.dir/rosidl_generator_py/std_msgs/msg/_int8_multi_array_s.c.o[0m
[235.104s] [ 92%] [32mBuilding C object CMakeFiles/std_msgs__rosidl_generator_py.dir/rosidl_generator_py/std_msgs/msg/_multi_array_dimension_s.c.o[0m
[235.282s] [ 92%] [32mBuilding C object CMakeFiles/std_msgs__rosidl_generator_py.dir/rosidl_generator_py/std_msgs/msg/_multi_array_layout_s.c.o[0m
[235.518s] [ 93%] [32mBuilding C object CMakeFiles/std_msgs__rosidl_generator_py.dir/rosidl_generator_py/std_msgs/msg/_string_s.c.o[0m
[235.704s] [ 93%] [32mBuilding C object CMakeFiles/std_msgs__rosidl_generator_py.dir/rosidl_generator_py/std_msgs/msg/_u_int16_s.c.o[0m
[235.924s] [ 93%] [32mBuilding C object CMakeFiles/std_msgs__rosidl_generator_py.dir/rosidl_generator_py/std_msgs/msg/_u_int16_multi_array_s.c.o[0m
[236.104s] [ 94%] [32mBuilding C object CMakeFiles/std_msgs__rosidl_generator_py.dir/rosidl_generator_py/std_msgs/msg/_u_int32_s.c.o[0m
[236.362s] [ 94%] [32mBuilding C object CMakeFiles/std_msgs__rosidl_generator_py.dir/rosidl_generator_py/std_msgs/msg/_u_int32_multi_array_s.c.o[0m
[236.507s] [ 95%] [32mBuilding C object CMakeFiles/std_msgs__rosidl_generator_py.dir/rosidl_generator_py/std_msgs/msg/_u_int64_s.c.o[0m
[236.800s] [ 95%] [32mBuilding C object CMakeFiles/std_msgs__rosidl_generator_py.dir/rosidl_generator_py/std_msgs/msg/_u_int64_multi_array_s.c.o[0m
[236.911s] [ 96%] [32mBuilding C object CMakeFiles/std_msgs__rosidl_generator_py.dir/rosidl_generator_py/std_msgs/msg/_byte_multi_array_s.c.o[0m
[236.911s] [ 96%] [32mBuilding C object CMakeFiles/std_msgs__rosidl_generator_py.dir/rosidl_generator_py/std_msgs/msg/_u_int8_s.c.o[0m
[237.252s] [ 97%] [32mBuilding C object CMakeFiles/std_msgs__rosidl_generator_py.dir/rosidl_generator_py/std_msgs/msg/_u_int8_multi_array_s.c.o[0m
[237.676s] [ 97%] [32m[1mLinking C shared library rosidl_generator_py/std_msgs/libstd_msgs__rosidl_generator_py.so[0m
[237.830s] [ 97%] Built target std_msgs__rosidl_generator_py
[237.891s] [100%] [32mBuilding C object CMakeFiles/std_msgs__rosidl_typesupport_introspection_c__pyext.dir/rosidl_generator_py/std_msgs/_std_msgs_s.ep.rosidl_typesupport_introspection_c.c.o[0m
[237.891s] [100%] [32mBuilding C object CMakeFiles/std_msgs__rosidl_typesupport_fastrtps_c__pyext.dir/rosidl_generator_py/std_msgs/_std_msgs_s.ep.rosidl_typesupport_fastrtps_c.c.o[0m
[237.892s] [100%] [32mBuilding C object CMakeFiles/std_msgs__rosidl_typesupport_c__pyext.dir/rosidl_generator_py/std_msgs/_std_msgs_s.ep.rosidl_typesupport_c.c.o[0m
[238.708s] [100%] [32m[1mLinking C shared library rosidl_generator_py/std_msgs/std_msgs_s__rosidl_typesupport_fastrtps_c.cpython-310-aarch64-linux-gnu.so[0m
[238.711s] [100%] [32m[1mLinking C shared library rosidl_generator_py/std_msgs/std_msgs_s__rosidl_typesupport_c.cpython-310-aarch64-linux-gnu.so[0m
[238.719s] [100%] [32m[1mLinking C shared library rosidl_generator_py/std_msgs/std_msgs_s__rosidl_typesupport_introspection_c.cpython-310-aarch64-linux-gnu.so[0m
[238.855s] [100%] Built target std_msgs__rosidl_typesupport_fastrtps_c__pyext
[238.856s] [100%] Built target std_msgs__rosidl_typesupport_c__pyext
[238.864s] [100%] Built target std_msgs__rosidl_typesupport_introspection_c__pyext
[238.901s] Invoked command in '/ros2_ws/build/std_msgs' returned '0': CMAKE_PREFIX_PATH=/opt/ros/humble /usr/bin/cmake --build /ros2_ws/build/std_msgs -- -j4 -l4
[238.905s] Invoking command in '/ros2_ws/build/std_msgs': CMAKE_PREFIX_PATH=/opt/ros/humble /usr/bin/cmake --install /ros2_ws/build/std_msgs
[238.928s] -- Install configuration: ""
[238.929s] -- Installing: /ros2_ws/install/std_msgs/share/ament_index/resource_index/rosidl_interfaces/std_msgs
[238.929s] -- Installing: /ros2_ws/install/std_msgs/include/std_msgs/std_msgs
[238.930s] -- Installing: /ros2_ws/install/std_msgs/include/std_msgs/std_msgs/msg
[238.930s] -- Installing: /ros2_ws/install/std_msgs/include/std_msgs/std_msgs/msg/int16.h
[238.931s] -- Installing: /ros2_ws/install/std_msgs/include/std_msgs/std_msgs/msg/float64.h
[238.931s] -- Installing: /ros2_ws/install/std_msgs/include/std_msgs/std_msgs/msg/byte_multi_array.h
[238.931s] -- Installing: /ros2_ws/install/std_msgs/include/std_msgs/std_msgs/msg/int32.h
[238.932s] -- Installing: /ros2_ws/install/std_msgs/include/std_msgs/std_msgs/msg/int16_multi_array.h
[238.932s] -- Installing: /ros2_ws/install/std_msgs/include/std_msgs/std_msgs/msg/u_int8_multi_array.h
[238.932s] -- Installing: /ros2_ws/install/std_msgs/include/std_msgs/std_msgs/msg/string.h
[238.933s] -- Installing: /ros2_ws/install/std_msgs/include/std_msgs/std_msgs/msg/multi_array_dimension.h
[238.933s] -- Installing: /ros2_ws/install/std_msgs/include/std_msgs/std_msgs/msg/int8_multi_array.h
[238.933s] -- Installing: /ros2_ws/install/std_msgs/include/std_msgs/std_msgs/msg/int32_multi_array.h
[238.934s] -- Installing: /ros2_ws/install/std_msgs/include/std_msgs/std_msgs/msg/bool.h
[238.934s] -- Installing: /ros2_ws/install/std_msgs/include/std_msgs/std_msgs/msg/multi_array_layout.h
[238.934s] -- Installing: /ros2_ws/install/std_msgs/include/std_msgs/std_msgs/msg/char.h
[238.935s] -- Installing: /ros2_ws/install/std_msgs/include/std_msgs/std_msgs/msg/u_int32_multi_array.h
[238.935s] -- Installing: /ros2_ws/install/std_msgs/include/std_msgs/std_msgs/msg/int64_multi_array.h
[238.935s] -- Installing: /ros2_ws/install/std_msgs/include/std_msgs/std_msgs/msg/color_rgba.h
[238.936s] -- Installing: /ros2_ws/install/std_msgs/include/std_msgs/std_msgs/msg/u_int16_multi_array.h
[238.936s] -- Installing: /ros2_ws/install/std_msgs/include/std_msgs/std_msgs/msg/u_int16.h
[238.936s] -- Installing: /ros2_ws/install/std_msgs/include/std_msgs/std_msgs/msg/float32.h
[238.937s] -- Installing: /ros2_ws/install/std_msgs/include/std_msgs/std_msgs/msg/int64.h
[238.937s] -- Installing: /ros2_ws/install/std_msgs/include/std_msgs/std_msgs/msg/int8.h
[238.937s] -- Installing: /ros2_ws/install/std_msgs/include/std_msgs/std_msgs/msg/u_int64.h
[238.938s] -- Installing: /ros2_ws/install/std_msgs/include/std_msgs/std_msgs/msg/empty.h
[238.938s] -- Installing: /ros2_ws/install/std_msgs/include/std_msgs/std_msgs/msg/float64_multi_array.h
[238.939s] -- Installing: /ros2_ws/install/std_msgs/include/std_msgs/std_msgs/msg/header.h
[238.939s] -- Installing: /ros2_ws/install/std_msgs/include/std_msgs/std_msgs/msg/byte.h
[238.940s] -- Installing: /ros2_ws/install/std_msgs/include/std_msgs/std_msgs/msg/float32_multi_array.h
[238.940s] -- Installing: /ros2_ws/install/std_msgs/include/std_msgs/std_msgs/msg/detail
[238.941s] -- Installing: /ros2_ws/install/std_msgs/include/std_msgs/std_msgs/msg/detail/u_int64_multi_array__functions.h
[238.941s] -- Installing: /ros2_ws/install/std_msgs/include/std_msgs/std_msgs/msg/detail/u_int64_multi_array__type_support.h
[238.941s] -- Installing: /ros2_ws/install/std_msgs/include/std_msgs/std_msgs/msg/detail/multi_array_dimension__type_support.h
[238.942s] -- Installing: /ros2_ws/install/std_msgs/include/std_msgs/std_msgs/msg/detail/empty__functions.h
[238.942s] -- Installing: /ros2_ws/install/std_msgs/include/std_msgs/std_msgs/msg/detail/float32__functions.c
[238.943s] -- Installing: /ros2_ws/install/std_msgs/include/std_msgs/std_msgs/msg/detail/u_int8_multi_array__type_support.h
[238.943s] -- Installing: /ros2_ws/install/std_msgs/include/std_msgs/std_msgs/msg/detail/int64__functions.h
[238.943s] -- Installing: /ros2_ws/install/std_msgs/include/std_msgs/std_msgs/msg/detail/u_int16__type_support.h
[238.944s] -- Installing: /ros2_ws/install/std_msgs/include/std_msgs/std_msgs/msg/detail/int64__struct.h
[238.944s] -- Installing: /ros2_ws/install/std_msgs/include/std_msgs/std_msgs/msg/detail/u_int8__functions.c
[238.944s] -- Installing: /ros2_ws/install/std_msgs/include/std_msgs/std_msgs/msg/detail/empty__struct.h
[238.945s] -- Installing: /ros2_ws/install/std_msgs/include/std_msgs/std_msgs/msg/detail/int32__type_support.h
[238.945s] -- Installing: /ros2_ws/install/std_msgs/include/std_msgs/std_msgs/msg/detail/int32__functions.c
[238.946s] -- Installing: /ros2_ws/install/std_msgs/include/std_msgs/std_msgs/msg/detail/int32__functions.h
[238.946s] -- Installing: /ros2_ws/install/std_msgs/include/std_msgs/std_msgs/msg/detail/multi_array_dimension__functions.h
[238.946s] -- Installing: /ros2_ws/install/std_msgs/include/std_msgs/std_msgs/msg/detail/color_rgba__functions.c
[238.947s] -- Installing: /ros2_ws/install/std_msgs/include/std_msgs/std_msgs/msg/detail/string__struct.h
[238.947s] -- Installing: /ros2_ws/install/std_msgs/include/std_msgs/std_msgs/msg/detail/u_int32__functions.c
[238.948s] -- Installing: /ros2_ws/install/std_msgs/include/std_msgs/std_msgs/msg/detail/int8__type_support.h
[238.948s] -- Installing: /ros2_ws/install/std_msgs/include/std_msgs/std_msgs/msg/detail/u_int16_multi_array__struct.h
[238.948s] -- Installing: /ros2_ws/install/std_msgs/include/std_msgs/std_msgs/msg/detail/header__functions.h
[238.949s] -- Installing: /ros2_ws/install/std_msgs/include/std_msgs/std_msgs/msg/detail/byte_multi_array__type_support.h
[238.949s] -- Installing: /ros2_ws/install/std_msgs/include/std_msgs/std_msgs/msg/detail/u_int8_multi_array__functions.h
[238.950s] -- Installing: /ros2_ws/install/std_msgs/include/std_msgs/std_msgs/msg/detail/u_int8__type_support.h
[238.950s] -- Installing: /ros2_ws/install/std_msgs/include/std_msgs/std_msgs/msg/detail/int16__functions.c
[238.950s] -- Installing: /ros2_ws/install/std_msgs/include/std_msgs/std_msgs/msg/detail/byte__functions.h
[238.951s] -- Installing: /ros2_ws/install/std_msgs/include/std_msgs/std_msgs/msg/detail/char__type_support.h
[238.951s] -- Installing: /ros2_ws/install/std_msgs/include/std_msgs/std_msgs/msg/detail/int32_multi_array__functions.c
[238.952s] -- Installing: /ros2_ws/install/std_msgs/include/std_msgs/std_msgs/msg/detail/int16__functions.h
[238.952s] -- Installing: /ros2_ws/install/std_msgs/include/std_msgs/std_msgs/msg/detail/int8_multi_array__type_support.h
[238.952s] -- Installing: /ros2_ws/install/std_msgs/include/std_msgs/std_msgs/msg/detail/int64__type_support.h
[238.953s] -- Installing: /ros2_ws/install/std_msgs/include/std_msgs/std_msgs/msg/detail/int8_multi_array__struct.h
[238.953s] -- Installing: /ros2_ws/install/std_msgs/include/std_msgs/std_msgs/msg/detail/float32__struct.h
[238.954s] -- Installing: /ros2_ws/install/std_msgs/include/std_msgs/std_msgs/msg/detail/color_rgba__struct.h
[238.954s] -- Installing: /ros2_ws/install/std_msgs/include/std_msgs/std_msgs/msg/detail/u_int64_multi_array__functions.c
[238.954s] -- Installing: /ros2_ws/install/std_msgs/include/std_msgs/std_msgs/msg/detail/color_rgba__functions.h
[238.955s] -- Installing: /ros2_ws/install/std_msgs/include/std_msgs/std_msgs/msg/detail/int8__struct.h
[238.955s] -- Installing: /ros2_ws/install/std_msgs/include/std_msgs/std_msgs/msg/detail/string__type_support.h
[238.955s] -- Installing: /ros2_ws/install/std_msgs/include/std_msgs/std_msgs/msg/detail/float32_multi_array__type_support.h
[238.956s] -- Installing: /ros2_ws/install/std_msgs/include/std_msgs/std_msgs/msg/detail/int32__struct.h
[238.956s] -- Installing: /ros2_ws/install/std_msgs/include/std_msgs/std_msgs/msg/detail/char__functions.c
[238.957s] -- Installing: /ros2_ws/install/std_msgs/include/std_msgs/std_msgs/msg/detail/string__functions.c
[238.957s] -- Installing: /ros2_ws/install/std_msgs/include/std_msgs/std_msgs/msg/detail/float32_multi_array__functions.h
[238.958s] -- Installing: /ros2_ws/install/std_msgs/include/std_msgs/std_msgs/msg/detail/header__type_support.h
[238.958s] -- Installing: /ros2_ws/install/std_msgs/include/std_msgs/std_msgs/msg/detail/int16_multi_array__functions.c
[238.958s] -- Installing: /ros2_ws/install/std_msgs/include/std_msgs/std_msgs/msg/detail/int8__functions.h
[238.959s] -- Installing: /ros2_ws/install/std_msgs/include/std_msgs/std_msgs/msg/detail/int32_multi_array__struct.h
[238.959s] -- Installing: /ros2_ws/install/std_msgs/include/std_msgs/std_msgs/msg/detail/u_int8_multi_array__struct.h
[238.959s] -- Installing: /ros2_ws/install/std_msgs/include/std_msgs/std_msgs/msg/detail/u_int16_multi_array__functions.h
[238.960s] -- Installing: /ros2_ws/install/std_msgs/include/std_msgs/std_msgs/msg/detail/u_int64__struct.h
[238.960s] -- Installing: /ros2_ws/install/std_msgs/include/std_msgs/std_msgs/msg/detail/int64_multi_array__struct.h
[238.961s] -- Installing: /ros2_ws/install/std_msgs/include/std_msgs/std_msgs/msg/detail/u_int8__struct.h
[238.961s] -- Installing: /ros2_ws/install/std_msgs/include/std_msgs/std_msgs/msg/detail/multi_array_layout__type_support.h
[238.962s] -- Installing: /ros2_ws/install/std_msgs/include/std_msgs/std_msgs/msg/detail/float64__functions.c
[238.962s] -- Installing: /ros2_ws/install/std_msgs/include/std_msgs/std_msgs/msg/detail/byte__functions.c
[238.962s] -- Installing: /ros2_ws/install/std_msgs/include/std_msgs/std_msgs/msg/detail/int16_multi_array__type_support.h
[238.963s] -- Installing: /ros2_ws/install/std_msgs/include/std_msgs/std_msgs/msg/detail/u_int8_multi_array__functions.c
[238.963s] -- Installing: /ros2_ws/install/std_msgs/include/std_msgs/std_msgs/msg/detail/u_int32__functions.h
[238.964s] -- Installing: /ros2_ws/install/std_msgs/include/std_msgs/std_msgs/msg/detail/header__functions.c
[238.964s] -- Installing: /ros2_ws/install/std_msgs/include/std_msgs/std_msgs/msg/detail/byte__type_support.h
[238.964s] -- Installing: /ros2_ws/install/std_msgs/include/std_msgs/std_msgs/msg/detail/u_int16_multi_array__type_support.h
[238.965s] -- Installing: /ros2_ws/install/std_msgs/include/std_msgs/std_msgs/msg/detail/int64__functions.c
[238.965s] -- Installing: /ros2_ws/install/std_msgs/include/std_msgs/std_msgs/msg/detail/header__struct.h
[238.966s] -- Installing: /ros2_ws/install/std_msgs/include/std_msgs/std_msgs/msg/detail/int8_multi_array__functions.h
[238.966s] -- Installing: /ros2_ws/install/std_msgs/include/std_msgs/std_msgs/msg/detail/float64_multi_array__type_support.h
[238.966s] -- Installing: /ros2_ws/install/std_msgs/include/std_msgs/std_msgs/msg/detail/int64_multi_array__type_support.h
[238.967s] -- Installing: /ros2_ws/install/std_msgs/include/std_msgs/std_msgs/msg/detail/float64__type_support.h
[238.967s] -- Installing: /ros2_ws/install/std_msgs/include/std_msgs/std_msgs/msg/detail/u_int32_multi_array__functions.h
[238.968s] -- Installing: /ros2_ws/install/std_msgs/include/std_msgs/std_msgs/msg/detail/u_int16_multi_array__functions.c
[238.968s] -- Installing: /ros2_ws/install/std_msgs/include/std_msgs/std_msgs/msg/detail/u_int32_multi_array__struct.h
[238.968s] -- Installing: /ros2_ws/install/std_msgs/include/std_msgs/std_msgs/msg/detail/u_int8__functions.h
[238.969s] -- Installing: /ros2_ws/install/std_msgs/include/std_msgs/std_msgs/msg/detail/u_int16__functions.c
[238.969s] -- Installing: /ros2_ws/install/std_msgs/include/std_msgs/std_msgs/msg/detail/u_int64__functions.h
[238.970s] -- Installing: /ros2_ws/install/std_msgs/include/std_msgs/std_msgs/msg/detail/u_int16__struct.h
[238.970s] -- Installing: /ros2_ws/install/std_msgs/include/std_msgs/std_msgs/msg/detail/u_int64__type_support.h
[238.970s] -- Installing: /ros2_ws/install/std_msgs/include/std_msgs/std_msgs/msg/detail/float64_multi_array__struct.h
[238.971s] -- Installing: /ros2_ws/install/std_msgs/include/std_msgs/std_msgs/msg/detail/color_rgba__type_support.h
[238.971s] -- Installing: /ros2_ws/install/std_msgs/include/std_msgs/std_msgs/msg/detail/byte_multi_array__struct.h
[238.972s] -- Installing: /ros2_ws/install/std_msgs/include/std_msgs/std_msgs/msg/detail/float64__struct.h
[238.972s] -- Installing: /ros2_ws/install/std_msgs/include/std_msgs/std_msgs/msg/detail/int32_multi_array__functions.h
[238.972s] -- Installing: /ros2_ws/install/std_msgs/include/std_msgs/std_msgs/msg/detail/float32__functions.h
[238.973s] -- Installing: /ros2_ws/install/std_msgs/include/std_msgs/std_msgs/msg/detail/u_int16__functions.h
[238.973s] -- Installing: /ros2_ws/install/std_msgs/include/std_msgs/std_msgs/msg/detail/string__functions.h
[238.974s] -- Installing: /ros2_ws/install/std_msgs/include/std_msgs/std_msgs/msg/detail/int32_multi_array__type_support.h
[238.974s] -- Installing: /ros2_ws/install/std_msgs/include/std_msgs/std_msgs/msg/detail/multi_array_layout__functions.h
[238.974s] -- Installing: /ros2_ws/install/std_msgs/include/std_msgs/std_msgs/msg/detail/bool__type_support.h
[238.975s] -- Installing: /ros2_ws/install/std_msgs/include/std_msgs/std_msgs/msg/detail/float64_multi_array__functions.c
[238.975s] -- Installing: /ros2_ws/install/std_msgs/include/std_msgs/std_msgs/msg/detail/int64_multi_array__functions.c
[238.976s] -- Installing: /ros2_ws/install/std_msgs/include/std_msgs/std_msgs/msg/detail/empty__functions.c
[238.976s] -- Installing: /ros2_ws/install/std_msgs/include/std_msgs/std_msgs/msg/detail/float32_multi_array__functions.c
[238.976s] -- Installing: /ros2_ws/install/std_msgs/include/std_msgs/std_msgs/msg/detail/byte_multi_array__functions.c
[238.977s] -- Installing: /ros2_ws/install/std_msgs/include/std_msgs/std_msgs/msg/detail/int8__functions.c
[238.977s] -- Installing: /ros2_ws/install/std_msgs/include/std_msgs/std_msgs/msg/detail/char__struct.h
[238.978s] -- Installing: /ros2_ws/install/std_msgs/include/std_msgs/std_msgs/msg/detail/int16__struct.h
[238.978s] -- Installing: /ros2_ws/install/std_msgs/include/std_msgs/std_msgs/msg/detail/float32_multi_array__struct.h
[238.978s] -- Installing: /ros2_ws/install/std_msgs/include/std_msgs/std_msgs/msg/detail/byte_multi_array__functions.h
[238.979s] -- Installing: /ros2_ws/install/std_msgs/include/std_msgs/std_msgs/msg/detail/multi_array_dimension__functions.c
[238.979s] -- Installing: /ros2_ws/install/std_msgs/include/std_msgs/std_msgs/msg/detail/u_int64__functions.c
[238.980s] -- Installing: /ros2_ws/install/std_msgs/include/std_msgs/std_msgs/msg/detail/int16_multi_array__struct.h
[238.980s] -- Installing: /ros2_ws/install/std_msgs/include/std_msgs/std_msgs/msg/detail/u_int32__type_support.h
[238.980s] -- Installing: /ros2_ws/install/std_msgs/include/std_msgs/std_msgs/msg/detail/int16__type_support.h
[238.981s] -- Installing: /ros2_ws/install/std_msgs/include/std_msgs/std_msgs/msg/detail/multi_array_layout__struct.h
[238.981s] -- Installing: /ros2_ws/install/std_msgs/include/std_msgs/std_msgs/msg/detail/bool__functions.h
[238.982s] -- Installing: /ros2_ws/install/std_msgs/include/std_msgs/std_msgs/msg/detail/u_int64_multi_array__struct.h
[238.982s] -- Installing: /ros2_ws/install/std_msgs/include/std_msgs/std_msgs/msg/detail/int16_multi_array__functions.h
[238.983s] -- Installing: /ros2_ws/install/std_msgs/include/std_msgs/std_msgs/msg/detail/bool__functions.c
[238.983s] -- Installing: /ros2_ws/install/std_msgs/include/std_msgs/std_msgs/msg/detail/u_int32_multi_array__type_support.h
[238.983s] -- Installing: /ros2_ws/install/std_msgs/include/std_msgs/std_msgs/msg/detail/u_int32__struct.h
[238.984s] -- Installing: /ros2_ws/install/std_msgs/include/std_msgs/std_msgs/msg/detail/int64_multi_array__functions.h
[238.984s] -- Installing: /ros2_ws/install/std_msgs/include/std_msgs/std_msgs/msg/detail/float32__type_support.h
[238.985s] -- Installing: /ros2_ws/install/std_msgs/include/std_msgs/std_msgs/msg/detail/bool__struct.h
[238.985s] -- Installing: /ros2_ws/install/std_msgs/include/std_msgs/std_msgs/msg/detail/empty__type_support.h
[238.985s] -- Installing: /ros2_ws/install/std_msgs/include/std_msgs/std_msgs/msg/detail/multi_array_layout__functions.c
[238.986s] -- Installing: /ros2_ws/install/std_msgs/include/std_msgs/std_msgs/msg/detail/byte__struct.h
[238.986s] -- Installing: /ros2_ws/install/std_msgs/include/std_msgs/std_msgs/msg/detail/char__functions.h
[238.987s] -- Installing: /ros2_ws/install/std_msgs/include/std_msgs/std_msgs/msg/detail/float64__functions.h
[238.987s] -- Installing: /ros2_ws/install/std_msgs/include/std_msgs/std_msgs/msg/detail/multi_array_dimension__struct.h
[238.987s] -- Installing: /ros2_ws/install/std_msgs/include/std_msgs/std_msgs/msg/detail/u_int32_multi_array__functions.c
[238.988s] -- Installing: /ros2_ws/install/std_msgs/include/std_msgs/std_msgs/msg/detail/float64_multi_array__functions.h
[238.988s] -- Installing: /ros2_ws/install/std_msgs/include/std_msgs/std_msgs/msg/detail/int8_multi_array__functions.c
[238.989s] -- Installing: /ros2_ws/install/std_msgs/include/std_msgs/std_msgs/msg/u_int64_multi_array.h
[238.989s] -- Installing: /ros2_ws/install/std_msgs/include/std_msgs/std_msgs/msg/u_int8.h
[238.989s] -- Installing: /ros2_ws/install/std_msgs/include/std_msgs/std_msgs/msg/rosidl_generator_c__visibility_control.h
[238.990s] -- Installing: /ros2_ws/install/std_msgs/include/std_msgs/std_msgs/msg/u_int32.h
[238.991s] -- Installing: /ros2_ws/install/std_msgs/share/std_msgs/environment/library_path.sh
[238.991s] -- Installing: /ros2_ws/install/std_msgs/share/std_msgs/environment/library_path.dsv
[238.992s] -- Installing: /ros2_ws/install/std_msgs/lib/libstd_msgs__rosidl_generator_c.so
[238.994s] -- Set runtime path of "/ros2_ws/install/std_msgs/lib/libstd_msgs__rosidl_generator_c.so" to ""
[238.994s] -- Up-to-date: /ros2_ws/install/std_msgs/include/std_msgs/std_msgs
[238.995s] -- Up-to-date: /ros2_ws/install/std_msgs/include/std_msgs/std_msgs/msg
[238.995s] -- Installing: /ros2_ws/install/std_msgs/include/std_msgs/std_msgs/msg/rosidl_typesupport_fastrtps_c__visibility_control.h
[238.995s] -- Up-to-date: /ros2_ws/install/std_msgs/include/std_msgs/std_msgs/msg/detail
[238.996s] -- Installing: /ros2_ws/install/std_msgs/include/std_msgs/std_msgs/msg/detail/u_int32_multi_array__rosidl_typesupport_fastrtps_c.h
[238.996s] -- Installing: /ros2_ws/install/std_msgs/include/std_msgs/std_msgs/msg/detail/float64__rosidl_typesupport_fastrtps_c.h
[238.996s] -- Installing: /ros2_ws/install/std_msgs/include/std_msgs/std_msgs/msg/detail/int8__rosidl_typesupport_fastrtps_c.h
[238.997s] -- Installing: /ros2_ws/install/std_msgs/include/std_msgs/std_msgs/msg/detail/u_int8_multi_array__rosidl_typesupport_fastrtps_c.h
[238.997s] -- Installing: /ros2_ws/install/std_msgs/include/std_msgs/std_msgs/msg/detail/int32__rosidl_typesupport_fastrtps_c.h
[238.997s] -- Installing: /ros2_ws/install/std_msgs/include/std_msgs/std_msgs/msg/detail/int64__rosidl_typesupport_fastrtps_c.h
[238.998s] -- Installing: /ros2_ws/install/std_msgs/include/std_msgs/std_msgs/msg/detail/u_int16__rosidl_typesupport_fastrtps_c.h
[238.998s] -- Installing: /ros2_ws/install/std_msgs/include/std_msgs/std_msgs/msg/detail/int64_multi_array__rosidl_typesupport_fastrtps_c.h
[238.999s] -- Installing: /ros2_ws/install/std_msgs/include/std_msgs/std_msgs/msg/detail/bool__rosidl_typesupport_fastrtps_c.h
[238.999s] -- Installing: /ros2_ws/install/std_msgs/include/std_msgs/std_msgs/msg/detail/byte__rosidl_typesupport_fastrtps_c.h
[239.000s] -- Installing: /ros2_ws/install/std_msgs/include/std_msgs/std_msgs/msg/detail/int16_multi_array__rosidl_typesupport_fastrtps_c.h
[239.000s] -- Installing: /ros2_ws/install/std_msgs/include/std_msgs/std_msgs/msg/detail/u_int64__rosidl_typesupport_fastrtps_c.h
[239.001s] -- Installing: /ros2_ws/install/std_msgs/include/std_msgs/std_msgs/msg/detail/string__rosidl_typesupport_fastrtps_c.h
[239.001s] -- Installing: /ros2_ws/install/std_msgs/include/std_msgs/std_msgs/msg/detail/u_int16_multi_array__rosidl_typesupport_fastrtps_c.h
[239.001s] -- Installing: /ros2_ws/install/std_msgs/include/std_msgs/std_msgs/msg/detail/color_rgba__rosidl_typesupport_fastrtps_c.h
[239.002s] -- Installing: /ros2_ws/install/std_msgs/include/std_msgs/std_msgs/msg/detail/char__rosidl_typesupport_fastrtps_c.h
[239.002s] -- Installing: /ros2_ws/install/std_msgs/include/std_msgs/std_msgs/msg/detail/header__rosidl_typesupport_fastrtps_c.h
[239.003s] -- Installing: /ros2_ws/install/std_msgs/include/std_msgs/std_msgs/msg/detail/float32__rosidl_typesupport_fastrtps_c.h
[239.003s] -- Installing: /ros2_ws/install/std_msgs/include/std_msgs/std_msgs/msg/detail/float64_multi_array__rosidl_typesupport_fastrtps_c.h
[239.004s] -- Installing: /ros2_ws/install/std_msgs/include/std_msgs/std_msgs/msg/detail/float32_multi_array__rosidl_typesupport_fastrtps_c.h
[239.004s] -- Installing: /ros2_ws/install/std_msgs/include/std_msgs/std_msgs/msg/detail/empty__rosidl_typesupport_fastrtps_c.h
[239.004s] -- Installing: /ros2_ws/install/std_msgs/include/std_msgs/std_msgs/msg/detail/u_int32__rosidl_typesupport_fastrtps_c.h
[239.005s] -- Installing: /ros2_ws/install/std_msgs/include/std_msgs/std_msgs/msg/detail/multi_array_dimension__rosidl_typesupport_fastrtps_c.h
[239.005s] -- Installing: /ros2_ws/install/std_msgs/include/std_msgs/std_msgs/msg/detail/u_int8__rosidl_typesupport_fastrtps_c.h
[239.006s] -- Installing: /ros2_ws/install/std_msgs/include/std_msgs/std_msgs/msg/detail/int8_multi_array__rosidl_typesupport_fastrtps_c.h
[239.006s] -- Installing: /ros2_ws/install/std_msgs/include/std_msgs/std_msgs/msg/detail/byte_multi_array__rosidl_typesupport_fastrtps_c.h
[239.007s] -- Installing: /ros2_ws/install/std_msgs/include/std_msgs/std_msgs/msg/detail/int16__rosidl_typesupport_fastrtps_c.h
[239.007s] -- Installing: /ros2_ws/install/std_msgs/include/std_msgs/std_msgs/msg/detail/multi_array_layout__rosidl_typesupport_fastrtps_c.h
[239.007s] -- Installing: /ros2_ws/install/std_msgs/include/std_msgs/std_msgs/msg/detail/int32_multi_array__rosidl_typesupport_fastrtps_c.h
[239.008s] -- Installing: /ros2_ws/install/std_msgs/include/std_msgs/std_msgs/msg/detail/u_int64_multi_array__rosidl_typesupport_fastrtps_c.h
[239.009s] -- Installing: /ros2_ws/install/std_msgs/lib/libstd_msgs__rosidl_typesupport_fastrtps_c.so
[239.011s] -- Set runtime path of "/ros2_ws/install/std_msgs/lib/libstd_msgs__rosidl_typesupport_fastrtps_c.so" to ""
[239.011s] -- Up-to-date: /ros2_ws/install/std_msgs/include/std_msgs/std_msgs
[239.011s] -- Up-to-date: /ros2_ws/install/std_msgs/include/std_msgs/std_msgs/msg
[239.012s] -- Installing: /ros2_ws/install/std_msgs/include/std_msgs/std_msgs/msg/u_int32_multi_array.hpp
[239.012s] -- Installing: /ros2_ws/install/std_msgs/include/std_msgs/std_msgs/msg/bool.hpp
[239.012s] -- Installing: /ros2_ws/install/std_msgs/include/std_msgs/std_msgs/msg/u_int32.hpp
[239.013s] -- Installing: /ros2_ws/install/std_msgs/include/std_msgs/std_msgs/msg/int16_multi_array.hpp
[239.013s] -- Installing: /ros2_ws/install/std_msgs/include/std_msgs/std_msgs/msg/u_int16.hpp
[239.013s] -- Installing: /ros2_ws/install/std_msgs/include/std_msgs/std_msgs/msg/int64.hpp
[239.014s] -- Installing: /ros2_ws/install/std_msgs/include/std_msgs/std_msgs/msg/int32_multi_array.hpp
[239.014s] -- Installing: /ros2_ws/install/std_msgs/include/std_msgs/std_msgs/msg/u_int8_multi_array.hpp
[239.014s] -- Installing: /ros2_ws/install/std_msgs/include/std_msgs/std_msgs/msg/color_rgba.hpp
[239.015s] -- Installing: /ros2_ws/install/std_msgs/include/std_msgs/std_msgs/msg/float32_multi_array.hpp
[239.015s] -- Installing: /ros2_ws/install/std_msgs/include/std_msgs/std_msgs/msg/byte_multi_array.hpp
[239.015s] -- Installing: /ros2_ws/install/std_msgs/include/std_msgs/std_msgs/msg/int32.hpp
[239.016s] -- Installing: /ros2_ws/install/std_msgs/include/std_msgs/std_msgs/msg/multi_array_layout.hpp
[239.016s] -- Installing: /ros2_ws/install/std_msgs/include/std_msgs/std_msgs/msg/int8.hpp
[239.016s] -- Installing: /ros2_ws/install/std_msgs/include/std_msgs/std_msgs/msg/float32.hpp
[239.017s] -- Installing: /ros2_ws/install/std_msgs/include/std_msgs/std_msgs/msg/empty.hpp
[239.017s] -- Installing: /ros2_ws/install/std_msgs/include/std_msgs/std_msgs/msg/u_int16_multi_array.hpp
[239.017s] -- Installing: /ros2_ws/install/std_msgs/include/std_msgs/std_msgs/msg/rosidl_generator_cpp__visibility_control.hpp
[239.018s] -- Installing: /ros2_ws/install/std_msgs/include/std_msgs/std_msgs/msg/u_int64.hpp
[239.018s] -- Installing: /ros2_ws/install/std_msgs/include/std_msgs/std_msgs/msg/int64_multi_array.hpp
[239.019s] -- Installing: /ros2_ws/install/std_msgs/include/std_msgs/std_msgs/msg/int8_multi_array.hpp
[239.019s] -- Installing: /ros2_ws/install/std_msgs/include/std_msgs/std_msgs/msg/u_int8.hpp
[239.019s] -- Installing: /ros2_ws/install/std_msgs/include/std_msgs/std_msgs/msg/header.hpp
[239.020s] -- Installing: /ros2_ws/install/std_msgs/include/std_msgs/std_msgs/msg/float64_multi_array.hpp
[239.020s] -- Installing: /ros2_ws/install/std_msgs/include/std_msgs/std_msgs/msg/u_int64_multi_array.hpp
[239.020s] -- Installing: /ros2_ws/install/std_msgs/include/std_msgs/std_msgs/msg/float64.hpp
[239.021s] -- Installing: /ros2_ws/install/std_msgs/include/std_msgs/std_msgs/msg/byte.hpp
[239.021s] -- Installing: /ros2_ws/install/std_msgs/include/std_msgs/std_msgs/msg/char.hpp
[239.021s] -- Up-to-date: /ros2_ws/install/std_msgs/include/std_msgs/std_msgs/msg/detail
[239.022s] -- Installing: /ros2_ws/install/std_msgs/include/std_msgs/std_msgs/msg/detail/u_int16__type_support.hpp
[239.023s] -- Installing: /ros2_ws/install/std_msgs/include/std_msgs/std_msgs/msg/detail/float32_multi_array__builder.hpp
[239.023s] -- Installing: /ros2_ws/install/std_msgs/include/std_msgs/std_msgs/msg/detail/u_int16_multi_array__struct.hpp
[239.023s] -- Installing: /ros2_ws/install/std_msgs/include/std_msgs/std_msgs/msg/detail/byte__traits.hpp
[239.024s] -- Installing: /ros2_ws/install/std_msgs/include/std_msgs/std_msgs/msg/detail/empty__type_support.hpp
[239.024s] -- Installing: /ros2_ws/install/std_msgs/include/std_msgs/std_msgs/msg/detail/u_int32__traits.hpp
[239.025s] -- Installing: /ros2_ws/install/std_msgs/include/std_msgs/std_msgs/msg/detail/float64__struct.hpp
[239.025s] -- Installing: /ros2_ws/install/std_msgs/include/std_msgs/std_msgs/msg/detail/u_int64__type_support.hpp
[239.025s] -- Installing: /ros2_ws/install/std_msgs/include/std_msgs/std_msgs/msg/detail/float32_multi_array__type_support.hpp
[239.026s] -- Installing: /ros2_ws/install/std_msgs/include/std_msgs/std_msgs/msg/detail/string__type_support.hpp
[239.026s] -- Installing: /ros2_ws/install/std_msgs/include/std_msgs/std_msgs/msg/detail/u_int32__builder.hpp
[239.027s] -- Installing: /ros2_ws/install/std_msgs/include/std_msgs/std_msgs/msg/detail/byte_multi_array__builder.hpp
[239.027s] -- Installing: /ros2_ws/install/std_msgs/include/std_msgs/std_msgs/msg/detail/int64__builder.hpp
[239.027s] -- Installing: /ros2_ws/install/std_msgs/include/std_msgs/std_msgs/msg/detail/string__traits.hpp
[239.028s] -- Installing: /ros2_ws/install/std_msgs/include/std_msgs/std_msgs/msg/detail/float32__struct.hpp
[239.028s] -- Installing: /ros2_ws/install/std_msgs/include/std_msgs/std_msgs/msg/detail/u_int8__traits.hpp
[239.029s] -- Installing: /ros2_ws/install/std_msgs/include/std_msgs/std_msgs/msg/detail/int16__builder.hpp
[239.029s] -- Installing: /ros2_ws/install/std_msgs/include/std_msgs/std_msgs/msg/detail/int32_multi_array__traits.hpp
[239.029s] -- Installing: /ros2_ws/install/std_msgs/include/std_msgs/std_msgs/msg/detail/u_int32_multi_array__traits.hpp
[239.030s] -- Installing: /ros2_ws/install/std_msgs/include/std_msgs/std_msgs/msg/detail/int16_multi_array__struct.hpp
[239.030s] -- Installing: /ros2_ws/install/std_msgs/include/std_msgs/std_msgs/msg/detail/u_int32_multi_array__builder.hpp
[239.031s] -- Installing: /ros2_ws/install/std_msgs/include/std_msgs/std_msgs/msg/detail/int8__traits.hpp
[239.031s] -- Installing: /ros2_ws/install/std_msgs/include/std_msgs/std_msgs/msg/detail/int8_multi_array__builder.hpp
[239.031s] -- Installing: /ros2_ws/install/std_msgs/include/std_msgs/std_msgs/msg/detail/float64_multi_array__builder.hpp
[239.032s] -- Installing: /ros2_ws/install/std_msgs/include/std_msgs/std_msgs/msg/detail/int32_multi_array__struct.hpp
[239.032s] -- Installing: /ros2_ws/install/std_msgs/include/std_msgs/std_msgs/msg/detail/byte_multi_array__type_support.hpp
[239.033s] -- Installing: /ros2_ws/install/std_msgs/include/std_msgs/std_msgs/msg/detail/header__traits.hpp
[239.033s] -- Installing: /ros2_ws/install/std_msgs/include/std_msgs/std_msgs/msg/detail/color_rgba__builder.hpp
[239.034s] -- Installing: /ros2_ws/install/std_msgs/include/std_msgs/std_msgs/msg/detail/u_int64__struct.hpp
[239.034s] -- Installing: /ros2_ws/install/std_msgs/include/std_msgs/std_msgs/msg/detail/u_int32__type_support.hpp
[239.034s] -- Installing: /ros2_ws/install/std_msgs/include/std_msgs/std_msgs/msg/detail/int64__type_support.hpp
[239.035s] -- Installing: /ros2_ws/install/std_msgs/include/std_msgs/std_msgs/msg/detail/u_int16_multi_array__builder.hpp
[239.035s] -- Installing: /ros2_ws/install/std_msgs/include/std_msgs/std_msgs/msg/detail/byte_multi_array__traits.hpp
[239.036s] -- Installing: /ros2_ws/install/std_msgs/include/std_msgs/std_msgs/msg/detail/int64_multi_array__builder.hpp
[239.036s] -- Installing: /ros2_ws/install/std_msgs/include/std_msgs/std_msgs/msg/detail/float32__type_support.hpp
[239.036s] -- Installing: /ros2_ws/install/std_msgs/include/std_msgs/std_msgs/msg/detail/empty__struct.hpp
[239.037s] -- Installing: /ros2_ws/install/std_msgs/include/std_msgs/std_msgs/msg/detail/u_int8_multi_array__traits.hpp
[239.037s] -- Installing: /ros2_ws/install/std_msgs/include/std_msgs/std_msgs/msg/detail/int32__traits.hpp
[239.038s] -- Installing: /ros2_ws/install/std_msgs/include/std_msgs/std_msgs/msg/detail/int64_multi_array__traits.hpp
[239.038s] -- Installing: /ros2_ws/install/std_msgs/include/std_msgs/std_msgs/msg/detail/float32_multi_array__struct.hpp
[239.038s] -- Installing: /ros2_ws/install/std_msgs/include/std_msgs/std_msgs/msg/detail/char__struct.hpp
[239.039s] -- Installing: /ros2_ws/install/std_msgs/include/std_msgs/std_msgs/msg/detail/bool__struct.hpp
[239.040s] -- Installing: /ros2_ws/install/std_msgs/include/std_msgs/std_msgs/msg/detail/header__builder.hpp
[239.040s] -- Installing: /ros2_ws/install/std_msgs/include/std_msgs/std_msgs/msg/detail/u_int8__builder.hpp
[239.041s] -- Installing: /ros2_ws/install/std_msgs/include/std_msgs/std_msgs/msg/detail/int8_multi_array__struct.hpp
[239.041s] -- Installing: /ros2_ws/install/std_msgs/include/std_msgs/std_msgs/msg/detail/byte_multi_array__struct.hpp
[239.042s] -- Installing: /ros2_ws/install/std_msgs/include/std_msgs/std_msgs/msg/detail/float64_multi_array__type_support.hpp
[239.042s] -- Installing: /ros2_ws/install/std_msgs/include/std_msgs/std_msgs/msg/detail/char__builder.hpp
[239.042s] -- Installing: /ros2_ws/install/std_msgs/include/std_msgs/std_msgs/msg/detail/u_int16__traits.hpp
[239.043s] -- Installing: /ros2_ws/install/std_msgs/include/std_msgs/std_msgs/msg/detail/u_int8__struct.hpp
[239.043s] -- Installing: /ros2_ws/install/std_msgs/include/std_msgs/std_msgs/msg/detail/int32__builder.hpp
[239.043s] -- Installing: /ros2_ws/install/std_msgs/include/std_msgs/std_msgs/msg/detail/u_int64_multi_array__struct.hpp
[239.044s] -- Installing: /ros2_ws/install/std_msgs/include/std_msgs/std_msgs/msg/detail/float32__traits.hpp
[239.044s] -- Installing: /ros2_ws/install/std_msgs/include/std_msgs/std_msgs/msg/detail/u_int64__traits.hpp
[239.045s] -- Installing: /ros2_ws/install/std_msgs/include/std_msgs/std_msgs/msg/detail/color_rgba__traits.hpp
[239.045s] -- Installing: /ros2_ws/install/std_msgs/include/std_msgs/std_msgs/msg/detail/header__type_support.hpp
[239.045s] -- Installing: /ros2_ws/install/std_msgs/include/std_msgs/std_msgs/msg/detail/int8__type_support.hpp
[239.046s] -- Installing: /ros2_ws/install/std_msgs/include/std_msgs/std_msgs/msg/detail/multi_array_layout__type_support.hpp
[239.046s] -- Installing: /ros2_ws/install/std_msgs/include/std_msgs/std_msgs/msg/detail/int16_multi_array__builder.hpp
[239.047s] -- Installing: /ros2_ws/install/std_msgs/include/std_msgs/std_msgs/msg/detail/u_int64_multi_array__type_support.hpp
[239.047s] -- Installing: /ros2_ws/install/std_msgs/include/std_msgs/std_msgs/msg/detail/float32_multi_array__traits.hpp
[239.047s] -- Installing: /ros2_ws/install/std_msgs/include/std_msgs/std_msgs/msg/detail/string__struct.hpp
[239.048s] -- Installing: /ros2_ws/install/std_msgs/include/std_msgs/std_msgs/msg/detail/multi_array_dimension__builder.hpp
[239.048s] -- Installing: /ros2_ws/install/std_msgs/include/std_msgs/std_msgs/msg/detail/char__traits.hpp
[239.049s] -- Installing: /ros2_ws/install/std_msgs/include/std_msgs/std_msgs/msg/detail/multi_array_dimension__type_support.hpp
[239.049s] -- Installing: /ros2_ws/install/std_msgs/include/std_msgs/std_msgs/msg/detail/int16_multi_array__type_support.hpp
[239.049s] -- Installing: /ros2_ws/install/std_msgs/include/std_msgs/std_msgs/msg/detail/color_rgba__struct.hpp
[239.050s] -- Installing: /ros2_ws/install/std_msgs/include/std_msgs/std_msgs/msg/detail/u_int8_multi_array__builder.hpp
[239.050s] -- Installing: /ros2_ws/install/std_msgs/include/std_msgs/std_msgs/msg/detail/float32__builder.hpp
[239.051s] -- Installing: /ros2_ws/install/std_msgs/include/std_msgs/std_msgs/msg/detail/char__type_support.hpp
[239.051s] -- Installing: /ros2_ws/install/std_msgs/include/std_msgs/std_msgs/msg/detail/multi_array_layout__builder.hpp
[239.051s] -- Installing: /ros2_ws/install/std_msgs/include/std_msgs/std_msgs/msg/detail/int8_multi_array__type_support.hpp
[239.052s] -- Installing: /ros2_ws/install/std_msgs/include/std_msgs/std_msgs/msg/detail/bool__type_support.hpp
[239.052s] -- Installing: /ros2_ws/install/std_msgs/include/std_msgs/std_msgs/msg/detail/multi_array_layout__struct.hpp
[239.053s] -- Installing: /ros2_ws/install/std_msgs/include/std_msgs/std_msgs/msg/detail/u_int16__builder.hpp
[239.053s] -- Installing: /ros2_ws/install/std_msgs/include/std_msgs/std_msgs/msg/detail/float64__traits.hpp
[239.053s] -- Installing: /ros2_ws/install/std_msgs/include/std_msgs/std_msgs/msg/detail/int64_multi_array__struct.hpp
[239.054s] -- Installing: /ros2_ws/install/std_msgs/include/std_msgs/std_msgs/msg/detail/int16__struct.hpp
[239.054s] -- Installing: /ros2_ws/install/std_msgs/include/std_msgs/std_msgs/msg/detail/u_int32_multi_array__struct.hpp
[239.055s] -- Installing: /ros2_ws/install/std_msgs/include/std_msgs/std_msgs/msg/detail/u_int8_multi_array__struct.hpp
[239.055s] -- Installing: /ros2_ws/install/std_msgs/include/std_msgs/std_msgs/msg/detail/int16__type_support.hpp
[239.055s] -- Installing: /ros2_ws/install/std_msgs/include/std_msgs/std_msgs/msg/detail/float64_multi_array__traits.hpp
[239.056s] -- Installing: /ros2_ws/install/std_msgs/include/std_msgs/std_msgs/msg/detail/empty__traits.hpp
[239.056s] -- Installing: /ros2_ws/install/std_msgs/include/std_msgs/std_msgs/msg/detail/int64__traits.hpp
[239.057s] -- Installing: /ros2_ws/install/std_msgs/include/std_msgs/std_msgs/msg/detail/byte__struct.hpp
[239.057s] -- Installing: /ros2_ws/install/std_msgs/include/std_msgs/std_msgs/msg/detail/u_int64_multi_array__traits.hpp
[239.058s] -- Installing: /ros2_ws/install/std_msgs/include/std_msgs/std_msgs/msg/detail/int64__struct.hpp
[239.058s] -- Installing: /ros2_ws/install/std_msgs/include/std_msgs/std_msgs/msg/detail/int64_multi_array__type_support.hpp
[239.058s] -- Installing: /ros2_ws/install/std_msgs/include/std_msgs/std_msgs/msg/detail/multi_array_dimension__struct.hpp
[239.059s] -- Installing: /ros2_ws/install/std_msgs/include/std_msgs/std_msgs/msg/detail/multi_array_dimension__traits.hpp
[239.059s] -- Installing: /ros2_ws/install/std_msgs/include/std_msgs/std_msgs/msg/detail/bool__builder.hpp
[239.060s] -- Installing: /ros2_ws/install/std_msgs/include/std_msgs/std_msgs/msg/detail/u_int64__builder.hpp
[239.060s] -- Installing: /ros2_ws/install/std_msgs/include/std_msgs/std_msgs/msg/detail/float64_multi_array__struct.hpp
[239.060s] -- Installing: /ros2_ws/install/std_msgs/include/std_msgs/std_msgs/msg/detail/int16_multi_array__traits.hpp
[239.061s] -- Installing: /ros2_ws/install/std_msgs/include/std_msgs/std_msgs/msg/detail/float64__type_support.hpp
[239.061s] -- Installing: /ros2_ws/install/std_msgs/include/std_msgs/std_msgs/msg/detail/int8__struct.hpp
[239.062s] -- Installing: /ros2_ws/install/std_msgs/include/std_msgs/std_msgs/msg/detail/u_int16__struct.hpp
[239.062s] -- Installing: /ros2_ws/install/std_msgs/include/std_msgs/std_msgs/msg/detail/u_int8_multi_array__type_support.hpp
[239.062s] -- Installing: /ros2_ws/install/std_msgs/include/std_msgs/std_msgs/msg/detail/int32__type_support.hpp
[239.063s] -- Installing: /ros2_ws/install/std_msgs/include/std_msgs/std_msgs/msg/detail/u_int32__struct.hpp
[239.063s] -- Installing: /ros2_ws/install/std_msgs/include/std_msgs/std_msgs/msg/detail/int32_multi_array__type_support.hpp
[239.064s] -- Installing: /ros2_ws/install/std_msgs/include/std_msgs/std_msgs/msg/detail/string__builder.hpp
[239.064s] -- Installing: /ros2_ws/install/std_msgs/include/std_msgs/std_msgs/msg/detail/u_int32_multi_array__type_support.hpp
[239.064s] -- Installing: /ros2_ws/install/std_msgs/include/std_msgs/std_msgs/msg/detail/u_int16_multi_array__traits.hpp
[239.065s] -- Installing: /ros2_ws/install/std_msgs/include/std_msgs/std_msgs/msg/detail/int32_multi_array__builder.hpp
[239.065s] -- Installing: /ros2_ws/install/std_msgs/include/std_msgs/std_msgs/msg/detail/u_int64_multi_array__builder.hpp
[239.066s] -- Installing: /ros2_ws/install/std_msgs/include/std_msgs/std_msgs/msg/detail/bool__traits.hpp
[239.066s] -- Installing: /ros2_ws/install/std_msgs/include/std_msgs/std_msgs/msg/detail/float64__builder.hpp
[239.067s] -- Installing: /ros2_ws/install/std_msgs/include/std_msgs/std_msgs/msg/detail/int8__builder.hpp
[239.067s] -- Installing: /ros2_ws/install/std_msgs/include/std_msgs/std_msgs/msg/detail/multi_array_layout__traits.hpp
[239.067s] -- Installing: /ros2_ws/install/std_msgs/include/std_msgs/std_msgs/msg/detail/u_int8__type_support.hpp
[239.068s] -- Installing: /ros2_ws/install/std_msgs/include/std_msgs/std_msgs/msg/detail/int16__traits.hpp
[239.068s] -- Installing: /ros2_ws/install/std_msgs/include/std_msgs/std_msgs/msg/detail/header__struct.hpp
[239.069s] -- Installing: /ros2_ws/install/std_msgs/include/std_msgs/std_msgs/msg/detail/color_rgba__type_support.hpp
[239.069s] -- Installing: /ros2_ws/install/std_msgs/include/std_msgs/std_msgs/msg/detail/int32__struct.hpp
[239.069s] -- Installing: /ros2_ws/install/std_msgs/include/std_msgs/std_msgs/msg/detail/int8_multi_array__traits.hpp
[239.070s] -- Installing: /ros2_ws/install/std_msgs/include/std_msgs/std_msgs/msg/detail/byte__type_support.hpp
[239.070s] -- Installing: /ros2_ws/install/std_msgs/include/std_msgs/std_msgs/msg/detail/empty__builder.hpp
[239.071s] -- Installing: /ros2_ws/install/std_msgs/include/std_msgs/std_msgs/msg/detail/u_int16_multi_array__type_support.hpp
[239.071s] -- Installing: /ros2_ws/install/std_msgs/include/std_msgs/std_msgs/msg/detail/byte__builder.hpp
[239.072s] -- Installing: /ros2_ws/install/std_msgs/include/std_msgs/std_msgs/msg/multi_array_dimension.hpp
[239.072s] -- Installing: /ros2_ws/install/std_msgs/include/std_msgs/std_msgs/msg/int16.hpp
[239.072s] -- Installing: /ros2_ws/install/std_msgs/include/std_msgs/std_msgs/msg/string.hpp
[239.073s] -- Up-to-date: /ros2_ws/install/std_msgs/include/std_msgs/std_msgs
[239.073s] -- Up-to-date: /ros2_ws/install/std_msgs/include/std_msgs/std_msgs/msg
[239.074s] -- Installing: /ros2_ws/install/std_msgs/include/std_msgs/std_msgs/msg/rosidl_typesupport_fastrtps_cpp__visibility_control.h
[239.074s] -- Up-to-date: /ros2_ws/install/std_msgs/include/std_msgs/std_msgs/msg/detail
[239.074s] -- Installing: /ros2_ws/install/std_msgs/include/std_msgs/std_msgs/msg/detail/bool__rosidl_typesupport_fastrtps_cpp.hpp
[239.075s] -- Installing: /ros2_ws/install/std_msgs/include/std_msgs/std_msgs/msg/detail/int16__rosidl_typesupport_fastrtps_cpp.hpp
[239.075s] -- Installing: /ros2_ws/install/std_msgs/include/std_msgs/std_msgs/msg/detail/float64__rosidl_typesupport_fastrtps_cpp.hpp
[239.075s] -- Installing: /ros2_ws/install/std_msgs/include/std_msgs/std_msgs/msg/detail/u_int8__rosidl_typesupport_fastrtps_cpp.hpp
[239.076s] -- Installing: /ros2_ws/install/std_msgs/include/std_msgs/std_msgs/msg/detail/int64_multi_array__rosidl_typesupport_fastrtps_cpp.hpp
[239.076s] -- Installing: /ros2_ws/install/std_msgs/include/std_msgs/std_msgs/msg/detail/float32__rosidl_typesupport_fastrtps_cpp.hpp
[239.077s] -- Installing: /ros2_ws/install/std_msgs/include/std_msgs/std_msgs/msg/detail/multi_array_layout__rosidl_typesupport_fastrtps_cpp.hpp
[239.077s] -- Installing: /ros2_ws/install/std_msgs/include/std_msgs/std_msgs/msg/detail/u_int32_multi_array__rosidl_typesupport_fastrtps_cpp.hpp
[239.077s] -- Installing: /ros2_ws/install/std_msgs/include/std_msgs/std_msgs/msg/detail/byte__rosidl_typesupport_fastrtps_cpp.hpp
[239.078s] -- Installing: /ros2_ws/install/std_msgs/include/std_msgs/std_msgs/msg/detail/byte_multi_array__rosidl_typesupport_fastrtps_cpp.hpp
[239.078s] -- Installing: /ros2_ws/install/std_msgs/include/std_msgs/std_msgs/msg/detail/u_int32__rosidl_typesupport_fastrtps_cpp.hpp
[239.079s] -- Installing: /ros2_ws/install/std_msgs/include/std_msgs/std_msgs/msg/detail/int8__rosidl_typesupport_fastrtps_cpp.hpp
[239.079s] -- Installing: /ros2_ws/install/std_msgs/include/std_msgs/std_msgs/msg/detail/empty__rosidl_typesupport_fastrtps_cpp.hpp
[239.080s] -- Installing: /ros2_ws/install/std_msgs/include/std_msgs/std_msgs/msg/detail/u_int16_multi_array__rosidl_typesupport_fastrtps_cpp.hpp
[239.080s] -- Installing: /ros2_ws/install/std_msgs/include/std_msgs/std_msgs/msg/detail/u_int64_multi_array__rosidl_typesupport_fastrtps_cpp.hpp
[239.080s] -- Installing: /ros2_ws/install/std_msgs/include/std_msgs/std_msgs/msg/detail/string__rosidl_typesupport_fastrtps_cpp.hpp
[239.081s] -- Installing: /ros2_ws/install/std_msgs/include/std_msgs/std_msgs/msg/detail/int64__rosidl_typesupport_fastrtps_cpp.hpp
[239.082s] -- Installing: /ros2_ws/install/std_msgs/include/std_msgs/std_msgs/msg/detail/int16_multi_array__rosidl_typesupport_fastrtps_cpp.hpp
[239.082s] -- Installing: /ros2_ws/install/std_msgs/include/std_msgs/std_msgs/msg/detail/float32_multi_array__rosidl_typesupport_fastrtps_cpp.hpp
[239.082s] -- Installing: /ros2_ws/install/std_msgs/include/std_msgs/std_msgs/msg/detail/float64_multi_array__rosidl_typesupport_fastrtps_cpp.hpp
[239.083s] -- Installing: /ros2_ws/install/std_msgs/include/std_msgs/std_msgs/msg/detail/u_int64__rosidl_typesupport_fastrtps_cpp.hpp
[239.083s] -- Installing: /ros2_ws/install/std_msgs/include/std_msgs/std_msgs/msg/detail/color_rgba__rosidl_typesupport_fastrtps_cpp.hpp
[239.084s] -- Installing: /ros2_ws/install/std_msgs/include/std_msgs/std_msgs/msg/detail/int32_multi_array__rosidl_typesupport_fastrtps_cpp.hpp
[239.084s] -- Installing: /ros2_ws/install/std_msgs/include/std_msgs/std_msgs/msg/detail/header__rosidl_typesupport_fastrtps_cpp.hpp
[239.085s] -- Installing: /ros2_ws/install/std_msgs/include/std_msgs/std_msgs/msg/detail/int8_multi_array__rosidl_typesupport_fastrtps_cpp.hpp
[239.085s] -- Installing: /ros2_ws/install/std_msgs/include/std_msgs/std_msgs/msg/detail/u_int8_multi_array__rosidl_typesupport_fastrtps_cpp.hpp
[239.085s] -- Installing: /ros2_ws/install/std_msgs/include/std_msgs/std_msgs/msg/detail/multi_array_dimension__rosidl_typesupport_fastrtps_cpp.hpp
[239.086s] -- Installing: /ros2_ws/install/std_msgs/include/std_msgs/std_msgs/msg/detail/char__rosidl_typesupport_fastrtps_cpp.hpp
[239.086s] -- Installing: /ros2_ws/install/std_msgs/include/std_msgs/std_msgs/msg/detail/u_int16__rosidl_typesupport_fastrtps_cpp.hpp
[239.087s] -- Installing: /ros2_ws/install/std_msgs/include/std_msgs/std_msgs/msg/detail/int32__rosidl_typesupport_fastrtps_cpp.hpp
[239.087s] -- Installing: /ros2_ws/install/std_msgs/include/std_msgs/std_msgs/msg/detail/dds_fastrtps
[239.088s] -- Installing: /ros2_ws/install/std_msgs/lib/libstd_msgs__rosidl_typesupport_fastrtps_cpp.so
[239.091s] -- Set runtime path of "/ros2_ws/install/std_msgs/lib/libstd_msgs__rosidl_typesupport_fastrtps_cpp.so" to ""
[239.092s] -- Up-to-date: /ros2_ws/install/std_msgs/include/std_msgs/std_msgs
[239.092s] -- Up-to-date: /ros2_ws/install/std_msgs/include/std_msgs/std_msgs/msg
[239.092s] -- Up-to-date: /ros2_ws/install/std_msgs/include/std_msgs/std_msgs/msg/detail
[239.093s] -- Installing: /ros2_ws/install/std_msgs/include/std_msgs/std_msgs/msg/detail/color_rgba__type_support.c
[239.093s] -- Installing: /ros2_ws/install/std_msgs/include/std_msgs/std_msgs/msg/detail/int8__rosidl_typesupport_introspection_c.h
[239.093s] -- Installing: /ros2_ws/install/std_msgs/include/std_msgs/std_msgs/msg/detail/u_int8_multi_array__rosidl_typesupport_introspection_c.h
[239.094s] -- Installing: /ros2_ws/install/std_msgs/include/std_msgs/std_msgs/msg/detail/int64__rosidl_typesupport_introspection_c.h
[239.094s] -- Installing: /ros2_ws/install/std_msgs/include/std_msgs/std_msgs/msg/detail/float64__rosidl_typesupport_introspection_c.h
[239.094s] -- Installing: /ros2_ws/install/std_msgs/include/std_msgs/std_msgs/msg/detail/byte__type_support.c
[239.095s] -- Installing: /ros2_ws/install/std_msgs/include/std_msgs/std_msgs/msg/detail/int32__type_support.c
[239.095s] -- Installing: /ros2_ws/install/std_msgs/include/std_msgs/std_msgs/msg/detail/char__rosidl_typesupport_introspection_c.h
[239.095s] -- Installing: /ros2_ws/install/std_msgs/include/std_msgs/std_msgs/msg/detail/multi_array_layout__type_support.c
[239.096s] -- Installing: /ros2_ws/install/std_msgs/include/std_msgs/std_msgs/msg/detail/int32__rosidl_typesupport_introspection_c.h
[239.096s] -- Installing: /ros2_ws/install/std_msgs/include/std_msgs/std_msgs/msg/detail/float64_multi_array__rosidl_typesupport_introspection_c.h
[239.097s] -- Installing: /ros2_ws/install/std_msgs/include/std_msgs/std_msgs/msg/detail/char__type_support.c
[239.097s] -- Installing: /ros2_ws/install/std_msgs/include/std_msgs/std_msgs/msg/detail/int64__type_support.c
[239.098s] -- Installing: /ros2_ws/install/std_msgs/include/std_msgs/std_msgs/msg/detail/multi_array_dimension__rosidl_typesupport_introspection_c.h
[239.098s] -- Installing: /ros2_ws/install/std_msgs/include/std_msgs/std_msgs/msg/detail/byte__rosidl_typesupport_introspection_c.h
[239.098s] -- Installing: /ros2_ws/install/std_msgs/include/std_msgs/std_msgs/msg/detail/int64_multi_array__rosidl_typesupport_introspection_c.h
[239.099s] -- Installing: /ros2_ws/install/std_msgs/include/std_msgs/std_msgs/msg/detail/u_int8_multi_array__type_support.c
[239.099s] -- Installing: /ros2_ws/install/std_msgs/include/std_msgs/std_msgs/msg/detail/color_rgba__rosidl_typesupport_introspection_c.h
[239.100s] -- Installing: /ros2_ws/install/std_msgs/include/std_msgs/std_msgs/msg/detail/u_int32_multi_array__rosidl_typesupport_introspection_c.h
[239.100s] -- Installing: /ros2_ws/install/std_msgs/include/std_msgs/std_msgs/msg/detail/u_int64__type_support.c
[239.101s] -- Installing: /ros2_ws/install/std_msgs/include/std_msgs/std_msgs/msg/detail/u_int32_multi_array__type_support.c
[239.101s] -- Installing: /ros2_ws/install/std_msgs/include/std_msgs/std_msgs/msg/detail/u_int8__rosidl_typesupport_introspection_c.h
[239.102s] -- Installing: /ros2_ws/install/std_msgs/include/std_msgs/std_msgs/msg/detail/u_int32__rosidl_typesupport_introspection_c.h
[239.102s] -- Installing: /ros2_ws/install/std_msgs/include/std_msgs/std_msgs/msg/detail/u_int16_multi_array__type_support.c
[239.102s] -- Installing: /ros2_ws/install/std_msgs/include/std_msgs/std_msgs/msg/detail/int16_multi_array__rosidl_typesupport_introspection_c.h
[239.103s] -- Installing: /ros2_ws/install/std_msgs/include/std_msgs/std_msgs/msg/detail/bool__rosidl_typesupport_introspection_c.h
[239.103s] -- Installing: /ros2_ws/install/std_msgs/include/std_msgs/std_msgs/msg/detail/int16_multi_array__type_support.c
[239.104s] -- Installing: /ros2_ws/install/std_msgs/include/std_msgs/std_msgs/msg/detail/int8_multi_array__type_support.c
[239.104s] -- Installing: /ros2_ws/install/std_msgs/include/std_msgs/std_msgs/msg/detail/u_int64_multi_array__rosidl_typesupport_introspection_c.h
[239.105s] -- Installing: /ros2_ws/install/std_msgs/include/std_msgs/std_msgs/msg/detail/u_int8__type_support.c
[239.105s] -- Installing: /ros2_ws/install/std_msgs/include/std_msgs/std_msgs/msg/detail/multi_array_dimension__type_support.c
[239.106s] -- Installing: /ros2_ws/install/std_msgs/include/std_msgs/std_msgs/msg/detail/int32_multi_array__rosidl_typesupport_introspection_c.h
[239.106s] -- Installing: /ros2_ws/install/std_msgs/include/std_msgs/std_msgs/msg/detail/byte_multi_array__type_support.c
[239.106s] -- Installing: /ros2_ws/install/std_msgs/include/std_msgs/std_msgs/msg/detail/float64__type_support.c
[239.107s] -- Installing: /ros2_ws/install/std_msgs/include/std_msgs/std_msgs/msg/detail/u_int16__rosidl_typesupport_introspection_c.h
[239.107s] -- Installing: /ros2_ws/install/std_msgs/include/std_msgs/std_msgs/msg/detail/bool__type_support.c
[239.108s] -- Installing: /ros2_ws/install/std_msgs/include/std_msgs/std_msgs/msg/detail/string__type_support.c
[239.108s] -- Installing: /ros2_ws/install/std_msgs/include/std_msgs/std_msgs/msg/detail/int16__type_support.c
[239.108s] -- Installing: /ros2_ws/install/std_msgs/include/std_msgs/std_msgs/msg/detail/float32_multi_array__type_support.c
[239.109s] -- Installing: /ros2_ws/install/std_msgs/include/std_msgs/std_msgs/msg/detail/float32__type_support.c
[239.109s] -- Installing: /ros2_ws/install/std_msgs/include/std_msgs/std_msgs/msg/detail/int8_multi_array__rosidl_typesupport_introspection_c.h
[239.110s] -- Installing: /ros2_ws/install/std_msgs/include/std_msgs/std_msgs/msg/detail/u_int64__rosidl_typesupport_introspection_c.h
[239.110s] -- Installing: /ros2_ws/install/std_msgs/include/std_msgs/std_msgs/msg/detail/header__rosidl_typesupport_introspection_c.h
[239.111s] -- Installing: /ros2_ws/install/std_msgs/include/std_msgs/std_msgs/msg/detail/u_int64_multi_array__type_support.c
[239.111s] -- Installing: /ros2_ws/install/std_msgs/include/std_msgs/std_msgs/msg/detail/byte_multi_array__rosidl_typesupport_introspection_c.h
[239.112s] -- Installing: /ros2_ws/install/std_msgs/include/std_msgs/std_msgs/msg/detail/u_int32__type_support.c
[239.112s] -- Installing: /ros2_ws/install/std_msgs/include/std_msgs/std_msgs/msg/detail/float64_multi_array__type_support.c
[239.112s] -- Installing: /ros2_ws/install/std_msgs/include/std_msgs/std_msgs/msg/detail/float32__rosidl_typesupport_introspection_c.h
[239.113s] -- Installing: /ros2_ws/install/std_msgs/include/std_msgs/std_msgs/msg/detail/int16__rosidl_typesupport_introspection_c.h
[239.113s] -- Installing: /ros2_ws/install/std_msgs/include/std_msgs/std_msgs/msg/detail/int32_multi_array__type_support.c
[239.114s] -- Installing: /ros2_ws/install/std_msgs/include/std_msgs/std_msgs/msg/detail/string__rosidl_typesupport_introspection_c.h
[239.114s] -- Installing: /ros2_ws/install/std_msgs/include/std_msgs/std_msgs/msg/detail/multi_array_layout__rosidl_typesupport_introspection_c.h
[239.115s] -- Installing: /ros2_ws/install/std_msgs/include/std_msgs/std_msgs/msg/detail/u_int16_multi_array__rosidl_typesupport_introspection_c.h
[239.115s] -- Installing: /ros2_ws/install/std_msgs/include/std_msgs/std_msgs/msg/detail/empty__rosidl_typesupport_introspection_c.h
[239.115s] -- Installing: /ros2_ws/install/std_msgs/include/std_msgs/std_msgs/msg/detail/header__type_support.c
[239.116s] -- Installing: /ros2_ws/install/std_msgs/include/std_msgs/std_msgs/msg/detail/u_int16__type_support.c
[239.116s] -- Installing: /ros2_ws/install/std_msgs/include/std_msgs/std_msgs/msg/detail/int64_multi_array__type_support.c
[239.117s] -- Installing: /ros2_ws/install/std_msgs/include/std_msgs/std_msgs/msg/detail/float32_multi_array__rosidl_typesupport_introspection_c.h
[239.117s] -- Installing: /ros2_ws/install/std_msgs/include/std_msgs/std_msgs/msg/detail/int8__type_support.c
[239.118s] -- Installing: /ros2_ws/install/std_msgs/include/std_msgs/std_msgs/msg/detail/empty__type_support.c
[239.118s] -- Installing: /ros2_ws/install/std_msgs/include/std_msgs/std_msgs/msg/rosidl_typesupport_introspection_c__visibility_control.h
[239.119s] -- Installing: /ros2_ws/install/std_msgs/lib/libstd_msgs__rosidl_typesupport_introspection_c.so
[239.120s] -- Set runtime path of "/ros2_ws/install/std_msgs/lib/libstd_msgs__rosidl_typesupport_introspection_c.so" to ""
[239.121s] -- Installing: /ros2_ws/install/std_msgs/lib/libstd_msgs__rosidl_typesupport_c.so
[239.122s] -- Set runtime path of "/ros2_ws/install/std_msgs/lib/libstd_msgs__rosidl_typesupport_c.so" to ""
[239.122s] -- Up-to-date: /ros2_ws/install/std_msgs/include/std_msgs/std_msgs
[239.123s] -- Up-to-date: /ros2_ws/install/std_msgs/include/std_msgs/std_msgs/msg
[239.123s] -- Up-to-date: /ros2_ws/install/std_msgs/include/std_msgs/std_msgs/msg/detail
[239.123s] -- Installing: /ros2_ws/install/std_msgs/include/std_msgs/std_msgs/msg/detail/u_int32_multi_array__rosidl_typesupport_introspection_cpp.hpp
[239.124s] -- Installing: /ros2_ws/install/std_msgs/include/std_msgs/std_msgs/msg/detail/string__rosidl_typesupport_introspection_cpp.hpp
[239.124s] -- Installing: /ros2_ws/install/std_msgs/include/std_msgs/std_msgs/msg/detail/float32_multi_array__type_support.cpp
[239.124s] -- Installing: /ros2_ws/install/std_msgs/include/std_msgs/std_msgs/msg/detail/u_int32_multi_array__type_support.cpp
[239.125s] -- Installing: /ros2_ws/install/std_msgs/include/std_msgs/std_msgs/msg/detail/int16__type_support.cpp
[239.125s] -- Installing: /ros2_ws/install/std_msgs/include/std_msgs/std_msgs/msg/detail/u_int8__rosidl_typesupport_introspection_cpp.hpp
[239.126s] -- Installing: /ros2_ws/install/std_msgs/include/std_msgs/std_msgs/msg/detail/int8_multi_array__type_support.cpp
[239.126s] -- Installing: /ros2_ws/install/std_msgs/include/std_msgs/std_msgs/msg/detail/color_rgba__type_support.cpp
[239.126s] -- Installing: /ros2_ws/install/std_msgs/include/std_msgs/std_msgs/msg/detail/bool__type_support.cpp
[239.127s] -- Installing: /ros2_ws/install/std_msgs/include/std_msgs/std_msgs/msg/detail/int16__rosidl_typesupport_introspection_cpp.hpp
[239.127s] -- Installing: /ros2_ws/install/std_msgs/include/std_msgs/std_msgs/msg/detail/color_rgba__rosidl_typesupport_introspection_cpp.hpp
[239.128s] -- Installing: /ros2_ws/install/std_msgs/include/std_msgs/std_msgs/msg/detail/byte__rosidl_typesupport_introspection_cpp.hpp
[239.128s] -- Installing: /ros2_ws/install/std_msgs/include/std_msgs/std_msgs/msg/detail/u_int64_multi_array__rosidl_typesupport_introspection_cpp.hpp
[239.129s] -- Installing: /ros2_ws/install/std_msgs/include/std_msgs/std_msgs/msg/detail/float32_multi_array__rosidl_typesupport_introspection_cpp.hpp
[239.129s] -- Installing: /ros2_ws/install/std_msgs/include/std_msgs/std_msgs/msg/detail/int32_multi_array__type_support.cpp
[239.130s] -- Installing: /ros2_ws/install/std_msgs/include/std_msgs/std_msgs/msg/detail/multi_array_dimension__type_support.cpp
[239.130s] -- Installing: /ros2_ws/install/std_msgs/include/std_msgs/std_msgs/msg/detail/int8__type_support.cpp
[239.130s] -- Installing: /ros2_ws/install/std_msgs/include/std_msgs/std_msgs/msg/detail/float32__type_support.cpp
[239.131s] -- Installing: /ros2_ws/install/std_msgs/include/std_msgs/std_msgs/msg/detail/int8_multi_array__rosidl_typesupport_introspection_cpp.hpp
[239.131s] -- Installing: /ros2_ws/install/std_msgs/include/std_msgs/std_msgs/msg/detail/int16_multi_array__type_support.cpp
[239.132s] -- Installing: /ros2_ws/install/std_msgs/include/std_msgs/std_msgs/msg/detail/u_int64__type_support.cpp
[239.132s] -- Installing: /ros2_ws/install/std_msgs/include/std_msgs/std_msgs/msg/detail/string__type_support.cpp
[239.133s] -- Installing: /ros2_ws/install/std_msgs/include/std_msgs/std_msgs/msg/detail/bool__rosidl_typesupport_introspection_cpp.hpp
[239.133s] -- Installing: /ros2_ws/install/std_msgs/include/std_msgs/std_msgs/msg/detail/float32__rosidl_typesupport_introspection_cpp.hpp
[239.133s] -- Installing: /ros2_ws/install/std_msgs/include/std_msgs/std_msgs/msg/detail/char__rosidl_typesupport_introspection_cpp.hpp
[239.134s] -- Installing: /ros2_ws/install/std_msgs/include/std_msgs/std_msgs/msg/detail/int32_multi_array__rosidl_typesupport_introspection_cpp.hpp
[239.134s] -- Installing: /ros2_ws/install/std_msgs/include/std_msgs/std_msgs/msg/detail/int16_multi_array__rosidl_typesupport_introspection_cpp.hpp
[239.135s] -- Installing: /ros2_ws/install/std_msgs/include/std_msgs/std_msgs/msg/detail/byte_multi_array__rosidl_typesupport_introspection_cpp.hpp
[239.135s] -- Installing: /ros2_ws/install/std_msgs/include/std_msgs/std_msgs/msg/detail/multi_array_layout__type_support.cpp
[239.136s] -- Installing: /ros2_ws/install/std_msgs/include/std_msgs/std_msgs/msg/detail/u_int32__type_support.cpp
[239.136s] -- Installing: /ros2_ws/install/std_msgs/include/std_msgs/std_msgs/msg/detail/float64__rosidl_typesupport_introspection_cpp.hpp
[239.136s] -- Installing: /ros2_ws/install/std_msgs/include/std_msgs/std_msgs/msg/detail/byte_multi_array__type_support.cpp
[239.137s] -- Installing: /ros2_ws/install/std_msgs/include/std_msgs/std_msgs/msg/detail/int64_multi_array__rosidl_typesupport_introspection_cpp.hpp
[239.137s] -- Installing: /ros2_ws/install/std_msgs/include/std_msgs/std_msgs/msg/detail/int64_multi_array__type_support.cpp
[239.138s] -- Installing: /ros2_ws/install/std_msgs/include/std_msgs/std_msgs/msg/detail/u_int16_multi_array__rosidl_typesupport_introspection_cpp.hpp
[239.138s] -- Installing: /ros2_ws/install/std_msgs/include/std_msgs/std_msgs/msg/detail/u_int8_multi_array__rosidl_typesupport_introspection_cpp.hpp
[239.139s] -- Installing: /ros2_ws/install/std_msgs/include/std_msgs/std_msgs/msg/detail/u_int16__rosidl_typesupport_introspection_cpp.hpp
[239.139s] -- Installing: /ros2_ws/install/std_msgs/include/std_msgs/std_msgs/msg/detail/int64__type_support.cpp
[239.140s] -- Installing: /ros2_ws/install/std_msgs/include/std_msgs/std_msgs/msg/detail/u_int8__type_support.cpp
[239.141s] -- Installing: /ros2_ws/install/std_msgs/include/std_msgs/std_msgs/msg/detail/int32__type_support.cpp
[239.141s] -- Installing: /ros2_ws/install/std_msgs/include/std_msgs/std_msgs/msg/detail/multi_array_layout__rosidl_typesupport_introspection_cpp.hpp
[239.142s] -- Installing: /ros2_ws/install/std_msgs/include/std_msgs/std_msgs/msg/detail/u_int64__rosidl_typesupport_introspection_cpp.hpp
[239.142s] -- Installing: /ros2_ws/install/std_msgs/include/std_msgs/std_msgs/msg/detail/multi_array_dimension__rosidl_typesupport_introspection_cpp.hpp
[239.142s] -- Installing: /ros2_ws/install/std_msgs/include/std_msgs/std_msgs/msg/detail/u_int8_multi_array__type_support.cpp
[239.143s] -- Installing: /ros2_ws/install/std_msgs/include/std_msgs/std_msgs/msg/detail/float64_multi_array__rosidl_typesupport_introspection_cpp.hpp
[239.143s] -- Installing: /ros2_ws/install/std_msgs/include/std_msgs/std_msgs/msg/detail/u_int16__type_support.cpp
[239.143s] -- Installing: /ros2_ws/install/std_msgs/include/std_msgs/std_msgs/msg/detail/header__rosidl_typesupport_introspection_cpp.hpp
[239.144s] -- Installing: /ros2_ws/install/std_msgs/include/std_msgs/std_msgs/msg/detail/int64__rosidl_typesupport_introspection_cpp.hpp
[239.144s] -- Installing: /ros2_ws/install/std_msgs/include/std_msgs/std_msgs/msg/detail/u_int64_multi_array__type_support.cpp
[239.145s] -- Installing: /ros2_ws/install/std_msgs/include/std_msgs/std_msgs/msg/detail/float64_multi_array__type_support.cpp
[239.145s] -- Installing: /ros2_ws/install/std_msgs/include/std_msgs/std_msgs/msg/detail/empty__type_support.cpp
[239.146s] -- Installing: /ros2_ws/install/std_msgs/include/std_msgs/std_msgs/msg/detail/char__type_support.cpp
[239.146s] -- Installing: /ros2_ws/install/std_msgs/include/std_msgs/std_msgs/msg/detail/byte__type_support.cpp
[239.146s] -- Installing: /ros2_ws/install/std_msgs/include/std_msgs/std_msgs/msg/detail/float64__type_support.cpp
[239.147s] -- Installing: /ros2_ws/install/std_msgs/include/std_msgs/std_msgs/msg/detail/empty__rosidl_typesupport_introspection_cpp.hpp
[239.147s] -- Installing: /ros2_ws/install/std_msgs/include/std_msgs/std_msgs/msg/detail/int8__rosidl_typesupport_introspection_cpp.hpp
[239.148s] -- Installing: /ros2_ws/install/std_msgs/include/std_msgs/std_msgs/msg/detail/int32__rosidl_typesupport_introspection_cpp.hpp
[239.148s] -- Installing: /ros2_ws/install/std_msgs/include/std_msgs/std_msgs/msg/detail/header__type_support.cpp
[239.149s] -- Installing: /ros2_ws/install/std_msgs/include/std_msgs/std_msgs/msg/detail/u_int32__rosidl_typesupport_introspection_cpp.hpp
[239.149s] -- Installing: /ros2_ws/install/std_msgs/include/std_msgs/std_msgs/msg/detail/u_int16_multi_array__type_support.cpp
[239.150s] -- Installing: /ros2_ws/install/std_msgs/lib/libstd_msgs__rosidl_typesupport_introspection_cpp.so
[239.153s] -- Set runtime path of "/ros2_ws/install/std_msgs/lib/libstd_msgs__rosidl_typesupport_introspection_cpp.so" to ""
[239.153s] -- Installing: /ros2_ws/install/std_msgs/lib/libstd_msgs__rosidl_typesupport_cpp.so
[239.155s] -- Set runtime path of "/ros2_ws/install/std_msgs/lib/libstd_msgs__rosidl_typesupport_cpp.so" to ""
[239.155s] -- Installing: /ros2_ws/install/std_msgs/share/std_msgs/environment/pythonpath.sh
[239.155s] -- Installing: /ros2_ws/install/std_msgs/share/std_msgs/environment/pythonpath.dsv
[239.156s] -- Installing: /ros2_ws/install/std_msgs/local/lib/python3.10/dist-packages/std_msgs-2.0.5-py3.10.egg-info
[239.156s] -- Installing: /ros2_ws/install/std_msgs/local/lib/python3.10/dist-packages/std_msgs-2.0.5-py3.10.egg-info/SOURCES.txt
[239.157s] -- Installing: /ros2_ws/install/std_msgs/local/lib/python3.10/dist-packages/std_msgs-2.0.5-py3.10.egg-info/dependency_links.txt
[239.157s] -- Installing: /ros2_ws/install/std_msgs/local/lib/python3.10/dist-packages/std_msgs-2.0.5-py3.10.egg-info/top_level.txt
[239.157s] -- Installing: /ros2_ws/install/std_msgs/local/lib/python3.10/dist-packages/std_msgs-2.0.5-py3.10.egg-info/PKG-INFO
[239.158s] -- Installing: /ros2_ws/install/std_msgs/local/lib/python3.10/dist-packages/std_msgs
[239.158s] -- Installing: /ros2_ws/install/std_msgs/local/lib/python3.10/dist-packages/std_msgs/_std_msgs_s.ep.rosidl_typesupport_introspection_c.c
[239.159s] -- Installing: /ros2_ws/install/std_msgs/local/lib/python3.10/dist-packages/std_msgs/std_msgs_s__rosidl_typesupport_fastrtps_c.cpython-310-aarch64-linux-gnu.so
[239.160s] -- Installing: /ros2_ws/install/std_msgs/local/lib/python3.10/dist-packages/std_msgs/_std_msgs_s.ep.rosidl_typesupport_fastrtps_c.c
[239.161s] -- Installing: /ros2_ws/install/std_msgs/local/lib/python3.10/dist-packages/std_msgs/__init__.py
[239.162s] -- Installing: /ros2_ws/install/std_msgs/local/lib/python3.10/dist-packages/std_msgs/_std_msgs_s.ep.rosidl_typesupport_c.c
[239.163s] -- Installing: /ros2_ws/install/std_msgs/local/lib/python3.10/dist-packages/std_msgs/libstd_msgs__rosidl_generator_py.so
[239.164s] -- Installing: /ros2_ws/install/std_msgs/local/lib/python3.10/dist-packages/std_msgs/msg
[239.164s] -- Installing: /ros2_ws/install/std_msgs/local/lib/python3.10/dist-packages/std_msgs/msg/_int64.py
[239.165s] -- Installing: /ros2_ws/install/std_msgs/local/lib/python3.10/dist-packages/std_msgs/msg/_int64_multi_array_s.c
[239.165s] -- Installing: /ros2_ws/install/std_msgs/local/lib/python3.10/dist-packages/std_msgs/msg/_u_int32_multi_array_s.c
[239.166s] -- Installing: /ros2_ws/install/std_msgs/local/lib/python3.10/dist-packages/std_msgs/msg/_float32_multi_array.py
[239.166s] -- Installing: /ros2_ws/install/std_msgs/local/lib/python3.10/dist-packages/std_msgs/msg/_u_int16.py
[239.166s] -- Installing: /ros2_ws/install/std_msgs/local/lib/python3.10/dist-packages/std_msgs/msg/_empty_s.c
[239.167s] -- Installing: /ros2_ws/install/std_msgs/local/lib/python3.10/dist-packages/std_msgs/msg/_bool.py
[239.167s] -- Installing: /ros2_ws/install/std_msgs/local/lib/python3.10/dist-packages/std_msgs/msg/_int8_multi_array_s.c
[239.168s] -- Installing: /ros2_ws/install/std_msgs/local/lib/python3.10/dist-packages/std_msgs/msg/_float64_s.c
[239.168s] -- Installing: /ros2_ws/install/std_msgs/local/lib/python3.10/dist-packages/std_msgs/msg/__init__.py
[239.168s] -- Installing: /ros2_ws/install/std_msgs/local/lib/python3.10/dist-packages/std_msgs/msg/_int16_multi_array_s.c
[239.169s] -- Installing: /ros2_ws/install/std_msgs/local/lib/python3.10/dist-packages/std_msgs/msg/_u_int8_multi_array_s.c
[239.169s] -- Installing: /ros2_ws/install/std_msgs/local/lib/python3.10/dist-packages/std_msgs/msg/_int8_multi_array.py
[239.170s] -- Installing: /ros2_ws/install/std_msgs/local/lib/python3.10/dist-packages/std_msgs/msg/_bool_s.c
[239.170s] -- Installing: /ros2_ws/install/std_msgs/local/lib/python3.10/dist-packages/std_msgs/msg/_u_int64_s.c
[239.170s] -- Installing: /ros2_ws/install/std_msgs/local/lib/python3.10/dist-packages/std_msgs/msg/_u_int32_multi_array.py
[239.171s] -- Installing: /ros2_ws/install/std_msgs/local/lib/python3.10/dist-packages/std_msgs/msg/_color_rgba_s.c
[239.171s] -- Installing: /ros2_ws/install/std_msgs/local/lib/python3.10/dist-packages/std_msgs/msg/_u_int16_s.c
[239.172s] -- Installing: /ros2_ws/install/std_msgs/local/lib/python3.10/dist-packages/std_msgs/msg/_byte.py
[239.172s] -- Installing: /ros2_ws/install/std_msgs/local/lib/python3.10/dist-packages/std_msgs/msg/_multi_array_layout.py
[239.172s] -- Installing: /ros2_ws/install/std_msgs/local/lib/python3.10/dist-packages/std_msgs/msg/_int32_multi_array_s.c
[239.173s] -- Installing: /ros2_ws/install/std_msgs/local/lib/python3.10/dist-packages/std_msgs/msg/_header_s.c
[239.173s] -- Installing: /ros2_ws/install/std_msgs/local/lib/python3.10/dist-packages/std_msgs/msg/_u_int8.py
[239.174s] -- Installing: /ros2_ws/install/std_msgs/local/lib/python3.10/dist-packages/std_msgs/msg/_u_int32.py
[239.174s] -- Installing: /ros2_ws/install/std_msgs/local/lib/python3.10/dist-packages/std_msgs/msg/_byte_s.c
[239.174s] -- Installing: /ros2_ws/install/std_msgs/local/lib/python3.10/dist-packages/std_msgs/msg/_char.py
[239.175s] -- Installing: /ros2_ws/install/std_msgs/local/lib/python3.10/dist-packages/std_msgs/msg/_string.py
[239.175s] -- Installing: /ros2_ws/install/std_msgs/local/lib/python3.10/dist-packages/std_msgs/msg/_u_int8_s.c
[239.175s] -- Installing: /ros2_ws/install/std_msgs/local/lib/python3.10/dist-packages/std_msgs/msg/_int16_multi_array.py
[239.176s] -- Installing: /ros2_ws/install/std_msgs/local/lib/python3.10/dist-packages/std_msgs/msg/_u_int16_multi_array_s.c
[239.176s] -- Installing: /ros2_ws/install/std_msgs/local/lib/python3.10/dist-packages/std_msgs/msg/_u_int64_multi_array_s.c
[239.177s] -- Installing: /ros2_ws/install/std_msgs/local/lib/python3.10/dist-packages/std_msgs/msg/_int16_s.c
[239.177s] -- Installing: /ros2_ws/install/std_msgs/local/lib/python3.10/dist-packages/std_msgs/msg/_float32.py
[239.178s] -- Installing: /ros2_ws/install/std_msgs/local/lib/python3.10/dist-packages/std_msgs/msg/_u_int32_s.c
[239.178s] -- Installing: /ros2_ws/install/std_msgs/local/lib/python3.10/dist-packages/std_msgs/msg/_multi_array_layout_s.c
[239.178s] -- Installing: /ros2_ws/install/std_msgs/local/lib/python3.10/dist-packages/std_msgs/msg/_u_int64.py
[239.179s] -- Installing: /ros2_ws/install/std_msgs/local/lib/python3.10/dist-packages/std_msgs/msg/_char_s.c
[239.179s] -- Installing: /ros2_ws/install/std_msgs/local/lib/python3.10/dist-packages/std_msgs/msg/_float64_multi_array.py
[239.179s] -- Installing: /ros2_ws/install/std_msgs/local/lib/python3.10/dist-packages/std_msgs/msg/_float32_s.c
[239.180s] -- Installing: /ros2_ws/install/std_msgs/local/lib/python3.10/dist-packages/std_msgs/msg/_int32_multi_array.py
[239.180s] -- Installing: /ros2_ws/install/std_msgs/local/lib/python3.10/dist-packages/std_msgs/msg/_int8_s.c
[239.181s] -- Installing: /ros2_ws/install/std_msgs/local/lib/python3.10/dist-packages/std_msgs/msg/_multi_array_dimension.py
[239.181s] -- Installing: /ros2_ws/install/std_msgs/local/lib/python3.10/dist-packages/std_msgs/msg/_color_rgba.py
[239.182s] -- Installing: /ros2_ws/install/std_msgs/local/lib/python3.10/dist-packages/std_msgs/msg/_empty.py
[239.182s] -- Installing: /ros2_ws/install/std_msgs/local/lib/python3.10/dist-packages/std_msgs/msg/_int64_multi_array.py
[239.182s] -- Installing: /ros2_ws/install/std_msgs/local/lib/python3.10/dist-packages/std_msgs/msg/_float64.py
[239.183s] -- Installing: /ros2_ws/install/std_msgs/local/lib/python3.10/dist-packages/std_msgs/msg/_int16.py
[239.183s] -- Installing: /ros2_ws/install/std_msgs/local/lib/python3.10/dist-packages/std_msgs/msg/_int64_s.c
[239.183s] -- Installing: /ros2_ws/install/std_msgs/local/lib/python3.10/dist-packages/std_msgs/msg/_u_int16_multi_array.py
[239.184s] -- Installing: /ros2_ws/install/std_msgs/local/lib/python3.10/dist-packages/std_msgs/msg/_header.py
[239.184s] -- Installing: /ros2_ws/install/std_msgs/local/lib/python3.10/dist-packages/std_msgs/msg/_u_int64_multi_array.py
[239.185s] -- Installing: /ros2_ws/install/std_msgs/local/lib/python3.10/dist-packages/std_msgs/msg/_byte_multi_array.py
[239.186s] -- Installing: /ros2_ws/install/std_msgs/local/lib/python3.10/dist-packages/std_msgs/msg/_multi_array_dimension_s.c
[239.186s] -- Installing: /ros2_ws/install/std_msgs/local/lib/python3.10/dist-packages/std_msgs/msg/_int32_s.c
[239.186s] -- Installing: /ros2_ws/install/std_msgs/local/lib/python3.10/dist-packages/std_msgs/msg/_float64_multi_array_s.c
[239.187s] -- Installing: /ros2_ws/install/std_msgs/local/lib/python3.10/dist-packages/std_msgs/msg/_u_int8_multi_array.py
[239.187s] -- Installing: /ros2_ws/install/std_msgs/local/lib/python3.10/dist-packages/std_msgs/msg/_float32_multi_array_s.c
[239.187s] -- Installing: /ros2_ws/install/std_msgs/local/lib/python3.10/dist-packages/std_msgs/msg/_byte_multi_array_s.c
[239.188s] -- Installing: /ros2_ws/install/std_msgs/local/lib/python3.10/dist-packages/std_msgs/msg/_int8.py
[239.188s] -- Installing: /ros2_ws/install/std_msgs/local/lib/python3.10/dist-packages/std_msgs/msg/_string_s.c
[239.188s] -- Installing: /ros2_ws/install/std_msgs/local/lib/python3.10/dist-packages/std_msgs/msg/_int32.py
[239.189s] -- Installing: /ros2_ws/install/std_msgs/local/lib/python3.10/dist-packages/std_msgs/std_msgs_s__rosidl_typesupport_introspection_c.cpython-310-aarch64-linux-gnu.so
[239.190s] -- Installing: /ros2_ws/install/std_msgs/local/lib/python3.10/dist-packages/std_msgs/std_msgs_s__rosidl_typesupport_c.cpython-310-aarch64-linux-gnu.so
[239.407s] Listing '/ros2_ws/install/std_msgs/local/lib/python3.10/dist-packages/std_msgs'...
[239.407s] Compiling '/ros2_ws/install/std_msgs/local/lib/python3.10/dist-packages/std_msgs/__init__.py'...
[239.408s] Listing '/ros2_ws/install/std_msgs/local/lib/python3.10/dist-packages/std_msgs/msg'...
[239.408s] Compiling '/ros2_ws/install/std_msgs/local/lib/python3.10/dist-packages/std_msgs/msg/__init__.py'...
[239.409s] Compiling '/ros2_ws/install/std_msgs/local/lib/python3.10/dist-packages/std_msgs/msg/_bool.py'...
[239.409s] Compiling '/ros2_ws/install/std_msgs/local/lib/python3.10/dist-packages/std_msgs/msg/_byte.py'...
[239.410s] Compiling '/ros2_ws/install/std_msgs/local/lib/python3.10/dist-packages/std_msgs/msg/_byte_multi_array.py'...
[239.410s] Compiling '/ros2_ws/install/std_msgs/local/lib/python3.10/dist-packages/std_msgs/msg/_char.py'...
[239.410s] Compiling '/ros2_ws/install/std_msgs/local/lib/python3.10/dist-packages/std_msgs/msg/_color_rgba.py'...
[239.411s] Compiling '/ros2_ws/install/std_msgs/local/lib/python3.10/dist-packages/std_msgs/msg/_empty.py'...
[239.411s] Compiling '/ros2_ws/install/std_msgs/local/lib/python3.10/dist-packages/std_msgs/msg/_float32.py'...
[239.411s] Compiling '/ros2_ws/install/std_msgs/local/lib/python3.10/dist-packages/std_msgs/msg/_float32_multi_array.py'...
[239.412s] Compiling '/ros2_ws/install/std_msgs/local/lib/python3.10/dist-packages/std_msgs/msg/_float64.py'...
[239.412s] Compiling '/ros2_ws/install/std_msgs/local/lib/python3.10/dist-packages/std_msgs/msg/_float64_multi_array.py'...
[239.413s] Compiling '/ros2_ws/install/std_msgs/local/lib/python3.10/dist-packages/std_msgs/msg/_header.py'...
[239.413s] Compiling '/ros2_ws/install/std_msgs/local/lib/python3.10/dist-packages/std_msgs/msg/_int16.py'...
[239.413s] Compiling '/ros2_ws/install/std_msgs/local/lib/python3.10/dist-packages/std_msgs/msg/_int16_multi_array.py'...
[239.414s] Compiling '/ros2_ws/install/std_msgs/local/lib/python3.10/dist-packages/std_msgs/msg/_int32.py'...
[239.414s] Compiling '/ros2_ws/install/std_msgs/local/lib/python3.10/dist-packages/std_msgs/msg/_int32_multi_array.py'...
[239.415s] Compiling '/ros2_ws/install/std_msgs/local/lib/python3.10/dist-packages/std_msgs/msg/_int64.py'...
[239.415s] Compiling '/ros2_ws/install/std_msgs/local/lib/python3.10/dist-packages/std_msgs/msg/_int64_multi_array.py'...
[239.415s] Compiling '/ros2_ws/install/std_msgs/local/lib/python3.10/dist-packages/std_msgs/msg/_int8.py'...
[239.416s] Compiling '/ros2_ws/install/std_msgs/local/lib/python3.10/dist-packages/std_msgs/msg/_int8_multi_array.py'...
[239.416s] Compiling '/ros2_ws/install/std_msgs/local/lib/python3.10/dist-packages/std_msgs/msg/_multi_array_dimension.py'...
[239.416s] Compiling '/ros2_ws/install/std_msgs/local/lib/python3.10/dist-packages/std_msgs/msg/_multi_array_layout.py'...
[239.417s] Compiling '/ros2_ws/install/std_msgs/local/lib/python3.10/dist-packages/std_msgs/msg/_string.py'...
[239.417s] Compiling '/ros2_ws/install/std_msgs/local/lib/python3.10/dist-packages/std_msgs/msg/_u_int16.py'...
[239.417s] Compiling '/ros2_ws/install/std_msgs/local/lib/python3.10/dist-packages/std_msgs/msg/_u_int16_multi_array.py'...
[239.418s] Compiling '/ros2_ws/install/std_msgs/local/lib/python3.10/dist-packages/std_msgs/msg/_u_int32.py'...
[239.418s] Compiling '/ros2_ws/install/std_msgs/local/lib/python3.10/dist-packages/std_msgs/msg/_u_int32_multi_array.py'...
[239.418s] Compiling '/ros2_ws/install/std_msgs/local/lib/python3.10/dist-packages/std_msgs/msg/_u_int64.py'...
[239.419s] Compiling '/ros2_ws/install/std_msgs/local/lib/python3.10/dist-packages/std_msgs/msg/_u_int64_multi_array.py'...
[239.419s] Compiling '/ros2_ws/install/std_msgs/local/lib/python3.10/dist-packages/std_msgs/msg/_u_int8.py'...
[239.419s] Compiling '/ros2_ws/install/std_msgs/local/lib/python3.10/dist-packages/std_msgs/msg/_u_int8_multi_array.py'...
[239.431s] -- Installing: /ros2_ws/install/std_msgs/local/lib/python3.10/dist-packages/std_msgs/std_msgs_s__rosidl_typesupport_fastrtps_c.cpython-310-aarch64-linux-gnu.so
[239.433s] -- Set runtime path of "/ros2_ws/install/std_msgs/local/lib/python3.10/dist-packages/std_msgs/std_msgs_s__rosidl_typesupport_fastrtps_c.cpython-310-aarch64-linux-gnu.so" to ""
[239.434s] -- Installing: /ros2_ws/install/std_msgs/local/lib/python3.10/dist-packages/std_msgs/std_msgs_s__rosidl_typesupport_introspection_c.cpython-310-aarch64-linux-gnu.so
[239.435s] -- Set runtime path of "/ros2_ws/install/std_msgs/local/lib/python3.10/dist-packages/std_msgs/std_msgs_s__rosidl_typesupport_introspection_c.cpython-310-aarch64-linux-gnu.so" to ""
[239.436s] -- Installing: /ros2_ws/install/std_msgs/local/lib/python3.10/dist-packages/std_msgs/std_msgs_s__rosidl_typesupport_c.cpython-310-aarch64-linux-gnu.so
[239.437s] -- Set runtime path of "/ros2_ws/install/std_msgs/local/lib/python3.10/dist-packages/std_msgs/std_msgs_s__rosidl_typesupport_c.cpython-310-aarch64-linux-gnu.so" to ""
[239.438s] -- Installing: /ros2_ws/install/std_msgs/lib/libstd_msgs__rosidl_generator_py.so
[239.440s] -- Set runtime path of "/ros2_ws/install/std_msgs/lib/libstd_msgs__rosidl_generator_py.so" to ""
[239.440s] -- Installing: /ros2_ws/install/std_msgs/share/ament_index/resource_index/rust_packages/std_msgs
[239.442s] -- Installing: /ros2_ws/install/std_msgs/share/std_msgs/rust
[239.442s] -- Installing: /ros2_ws/install/std_msgs/share/std_msgs/rust/src
[239.442s] -- Installing: /ros2_ws/install/std_msgs/share/std_msgs/rust/src/msg
[239.443s] -- Installing: /ros2_ws/install/std_msgs/share/std_msgs/rust/src/msg/rmw.rs
[239.443s] -- Installing: /ros2_ws/install/std_msgs/share/std_msgs/rust/src/msg.rs
[239.444s] -- Installing: /ros2_ws/install/std_msgs/share/std_msgs/rust/src/lib.rs
[239.444s] -- Installing: /ros2_ws/install/std_msgs/share/std_msgs/rust/Cargo.toml
[239.444s] -- Installing: /ros2_ws/install/std_msgs/share/std_msgs/rust/build.rs
[239.445s] -- Installing: /ros2_ws/install/std_msgs/share/std_msgs/msg/Bool.idl
[239.445s] -- Installing: /ros2_ws/install/std_msgs/share/std_msgs/msg/Byte.idl
[239.446s] -- Installing: /ros2_ws/install/std_msgs/share/std_msgs/msg/ByteMultiArray.idl
[239.446s] -- Installing: /ros2_ws/install/std_msgs/share/std_msgs/msg/Char.idl
[239.447s] -- Installing: /ros2_ws/install/std_msgs/share/std_msgs/msg/ColorRGBA.idl
[239.447s] -- Installing: /ros2_ws/install/std_msgs/share/std_msgs/msg/Empty.idl
[239.448s] -- Installing: /ros2_ws/install/std_msgs/share/std_msgs/msg/Float32.idl
[239.448s] -- Installing: /ros2_ws/install/std_msgs/share/std_msgs/msg/Float32MultiArray.idl
[239.449s] -- Installing: /ros2_ws/install/std_msgs/share/std_msgs/msg/Float64.idl
[239.449s] -- Installing: /ros2_ws/install/std_msgs/share/std_msgs/msg/Float64MultiArray.idl
[239.450s] -- Installing: /ros2_ws/install/std_msgs/share/std_msgs/msg/Header.idl
[239.450s] -- Installing: /ros2_ws/install/std_msgs/share/std_msgs/msg/Int16.idl
[239.451s] -- Installing: /ros2_ws/install/std_msgs/share/std_msgs/msg/Int16MultiArray.idl
[239.451s] -- Installing: /ros2_ws/install/std_msgs/share/std_msgs/msg/Int32.idl
[239.452s] -- Installing: /ros2_ws/install/std_msgs/share/std_msgs/msg/Int32MultiArray.idl
[239.452s] -- Installing: /ros2_ws/install/std_msgs/share/std_msgs/msg/Int64.idl
[239.453s] -- Installing: /ros2_ws/install/std_msgs/share/std_msgs/msg/Int64MultiArray.idl
[239.453s] -- Installing: /ros2_ws/install/std_msgs/share/std_msgs/msg/Int8.idl
[239.454s] -- Installing: /ros2_ws/install/std_msgs/share/std_msgs/msg/Int8MultiArray.idl
[239.454s] -- Installing: /ros2_ws/install/std_msgs/share/std_msgs/msg/MultiArrayDimension.idl
[239.455s] -- Installing: /ros2_ws/install/std_msgs/share/std_msgs/msg/MultiArrayLayout.idl
[239.455s] -- Installing: /ros2_ws/install/std_msgs/share/std_msgs/msg/String.idl
[239.456s] -- Installing: /ros2_ws/install/std_msgs/share/std_msgs/msg/UInt16.idl
[239.456s] -- Installing: /ros2_ws/install/std_msgs/share/std_msgs/msg/UInt16MultiArray.idl
[239.457s] -- Installing: /ros2_ws/install/std_msgs/share/std_msgs/msg/UInt32.idl
[239.457s] -- Installing: /ros2_ws/install/std_msgs/share/std_msgs/msg/UInt32MultiArray.idl
[239.458s] -- Installing: /ros2_ws/install/std_msgs/share/std_msgs/msg/UInt64.idl
[239.458s] -- Installing: /ros2_ws/install/std_msgs/share/std_msgs/msg/UInt64MultiArray.idl
[239.459s] -- Installing: /ros2_ws/install/std_msgs/share/std_msgs/msg/UInt8.idl
[239.459s] -- Installing: /ros2_ws/install/std_msgs/share/std_msgs/msg/UInt8MultiArray.idl
[239.460s] -- Installing: /ros2_ws/install/std_msgs/share/std_msgs/msg/Bool.msg
[239.460s] -- Installing: /ros2_ws/install/std_msgs/share/std_msgs/msg/Byte.msg
[239.461s] -- Installing: /ros2_ws/install/std_msgs/share/std_msgs/msg/ByteMultiArray.msg
[239.461s] -- Installing: /ros2_ws/install/std_msgs/share/std_msgs/msg/Char.msg
[239.462s] -- Installing: /ros2_ws/install/std_msgs/share/std_msgs/msg/ColorRGBA.msg
[239.462s] -- Installing: /ros2_ws/install/std_msgs/share/std_msgs/msg/Empty.msg
[239.463s] -- Installing: /ros2_ws/install/std_msgs/share/std_msgs/msg/Float32.msg
[239.463s] -- Installing: /ros2_ws/install/std_msgs/share/std_msgs/msg/Float32MultiArray.msg
[239.464s] -- Installing: /ros2_ws/install/std_msgs/share/std_msgs/msg/Float64.msg
[239.464s] -- Installing: /ros2_ws/install/std_msgs/share/std_msgs/msg/Float64MultiArray.msg
[239.464s] -- Installing: /ros2_ws/install/std_msgs/share/std_msgs/msg/Header.msg
[239.465s] -- Installing: /ros2_ws/install/std_msgs/share/std_msgs/msg/Int16.msg
[239.465s] -- Installing: /ros2_ws/install/std_msgs/share/std_msgs/msg/Int16MultiArray.msg
[239.466s] -- Installing: /ros2_ws/install/std_msgs/share/std_msgs/msg/Int32.msg
[239.467s] -- Installing: /ros2_ws/install/std_msgs/share/std_msgs/msg/Int32MultiArray.msg
[239.467s] -- Installing: /ros2_ws/install/std_msgs/share/std_msgs/msg/Int64.msg
[239.467s] -- Installing: /ros2_ws/install/std_msgs/share/std_msgs/msg/Int64MultiArray.msg
[239.468s] -- Installing: /ros2_ws/install/std_msgs/share/std_msgs/msg/Int8.msg
[239.468s] -- Installing: /ros2_ws/install/std_msgs/share/std_msgs/msg/Int8MultiArray.msg
[239.469s] -- Installing: /ros2_ws/install/std_msgs/share/std_msgs/msg/MultiArrayDimension.msg
[239.470s] -- Installing: /ros2_ws/install/std_msgs/share/std_msgs/msg/MultiArrayLayout.msg
[239.470s] -- Installing: /ros2_ws/install/std_msgs/share/std_msgs/msg/String.msg
[239.471s] -- Installing: /ros2_ws/install/std_msgs/share/std_msgs/msg/UInt16.msg
[239.471s] -- Installing: /ros2_ws/install/std_msgs/share/std_msgs/msg/UInt16MultiArray.msg
[239.472s] -- Installing: /ros2_ws/install/std_msgs/share/std_msgs/msg/UInt32.msg
[239.472s] -- Installing: /ros2_ws/install/std_msgs/share/std_msgs/msg/UInt32MultiArray.msg
[239.473s] -- Installing: /ros2_ws/install/std_msgs/share/std_msgs/msg/UInt64.msg
[239.473s] -- Installing: /ros2_ws/install/std_msgs/share/std_msgs/msg/UInt64MultiArray.msg
[239.474s] -- Installing: /ros2_ws/install/std_msgs/share/std_msgs/msg/UInt8.msg
[239.474s] -- Installing: /ros2_ws/install/std_msgs/share/std_msgs/msg/UInt8MultiArray.msg
[239.475s] -- Installing: /ros2_ws/install/std_msgs/share/ament_index/resource_index/package_run_dependencies/std_msgs
[239.475s] -- Installing: /ros2_ws/install/std_msgs/share/ament_index/resource_index/parent_prefix_path/std_msgs
[239.476s] -- Installing: /ros2_ws/install/std_msgs/share/std_msgs/environment/ament_prefix_path.sh
[239.477s] -- Installing: /ros2_ws/install/std_msgs/share/std_msgs/environment/ament_prefix_path.dsv
[239.477s] -- Installing: /ros2_ws/install/std_msgs/share/std_msgs/environment/path.sh
[239.478s] -- Installing: /ros2_ws/install/std_msgs/share/std_msgs/environment/path.dsv
[239.478s] -- Installing: /ros2_ws/install/std_msgs/share/std_msgs/local_setup.bash
[239.479s] -- Installing: /ros2_ws/install/std_msgs/share/std_msgs/local_setup.sh
[239.479s] -- Installing: /ros2_ws/install/std_msgs/share/std_msgs/local_setup.zsh
[239.480s] -- Installing: /ros2_ws/install/std_msgs/share/std_msgs/local_setup.dsv
[239.480s] -- Installing: /ros2_ws/install/std_msgs/share/std_msgs/package.dsv
[239.481s] -- Installing: /ros2_ws/install/std_msgs/share/ament_index/resource_index/packages/std_msgs
[239.482s] -- Installing: /ros2_ws/install/std_msgs/share/std_msgs/cmake/export_std_msgs__rosidl_generator_cExport.cmake
[239.482s] -- Installing: /ros2_ws/install/std_msgs/share/std_msgs/cmake/export_std_msgs__rosidl_generator_cExport-noconfig.cmake
[239.483s] -- Installing: /ros2_ws/install/std_msgs/share/std_msgs/cmake/export_std_msgs__rosidl_typesupport_fastrtps_cExport.cmake
[239.484s] -- Installing: /ros2_ws/install/std_msgs/share/std_msgs/cmake/export_std_msgs__rosidl_typesupport_fastrtps_cExport-noconfig.cmake
[239.484s] -- Installing: /ros2_ws/install/std_msgs/share/std_msgs/cmake/export_std_msgs__rosidl_generator_cppExport.cmake
[239.485s] -- Installing: /ros2_ws/install/std_msgs/share/std_msgs/cmake/export_std_msgs__rosidl_typesupport_fastrtps_cppExport.cmake
[239.486s] -- Installing: /ros2_ws/install/std_msgs/share/std_msgs/cmake/export_std_msgs__rosidl_typesupport_fastrtps_cppExport-noconfig.cmake
[239.486s] -- Installing: /ros2_ws/install/std_msgs/share/std_msgs/cmake/std_msgs__rosidl_typesupport_introspection_cExport.cmake
[239.487s] -- Installing: /ros2_ws/install/std_msgs/share/std_msgs/cmake/std_msgs__rosidl_typesupport_introspection_cExport-noconfig.cmake
[239.487s] -- Installing: /ros2_ws/install/std_msgs/share/std_msgs/cmake/std_msgs__rosidl_typesupport_cExport.cmake
[239.488s] -- Installing: /ros2_ws/install/std_msgs/share/std_msgs/cmake/std_msgs__rosidl_typesupport_cExport-noconfig.cmake
[239.489s] -- Installing: /ros2_ws/install/std_msgs/share/std_msgs/cmake/std_msgs__rosidl_typesupport_introspection_cppExport.cmake
[239.489s] -- Installing: /ros2_ws/install/std_msgs/share/std_msgs/cmake/std_msgs__rosidl_typesupport_introspection_cppExport-noconfig.cmake
[239.490s] -- Installing: /ros2_ws/install/std_msgs/share/std_msgs/cmake/std_msgs__rosidl_typesupport_cppExport.cmake
[239.491s] -- Installing: /ros2_ws/install/std_msgs/share/std_msgs/cmake/std_msgs__rosidl_typesupport_cppExport-noconfig.cmake
[239.491s] -- Installing: /ros2_ws/install/std_msgs/share/std_msgs/cmake/export_std_msgs__rosidl_generator_pyExport.cmake
[239.492s] -- Installing: /ros2_ws/install/std_msgs/share/std_msgs/cmake/export_std_msgs__rosidl_generator_pyExport-noconfig.cmake
[239.492s] -- Installing: /ros2_ws/install/std_msgs/share/std_msgs/cmake/rosidl_cmake-extras.cmake
[239.493s] -- Installing: /ros2_ws/install/std_msgs/share/std_msgs/cmake/ament_cmake_export_dependencies-extras.cmake
[239.494s] -- Installing: /ros2_ws/install/std_msgs/share/std_msgs/cmake/ament_cmake_export_include_directories-extras.cmake
[239.494s] -- Installing: /ros2_ws/install/std_msgs/share/std_msgs/cmake/ament_cmake_export_libraries-extras.cmake
[239.495s] -- Installing: /ros2_ws/install/std_msgs/share/std_msgs/cmake/ament_cmake_export_targets-extras.cmake
[239.496s] -- Installing: /ros2_ws/install/std_msgs/share/std_msgs/cmake/rosidl_cmake_export_typesupport_targets-extras.cmake
[239.496s] -- Installing: /ros2_ws/install/std_msgs/share/std_msgs/cmake/rosidl_cmake_export_typesupport_libraries-extras.cmake
[239.497s] -- Installing: /ros2_ws/install/std_msgs/share/std_msgs/cmake/std_msgsConfig.cmake
[239.497s] -- Installing: /ros2_ws/install/std_msgs/share/std_msgs/cmake/std_msgsConfig-version.cmake
[239.498s] -- Installing: /ros2_ws/install/std_msgs/share/std_msgs/package.xml
[239.507s] Invoked command in '/ros2_ws/build/std_msgs' returned '0': CMAKE_PREFIX_PATH=/opt/ros/humble /usr/bin/cmake --install /ros2_ws/build/std_msgs
