[0.031s] Invoking command in '/ros2_ws/build/geometry_msgs': AMENT_PREFIX_PATH=/ros2_ws/install/std_msgs:${AMENT_PREFIX_PATH} CMAKE_PREFIX_PATH=/ros2_ws/install/std_msgs:/opt/ros/humble LD_LIBRARY_PATH=/ros2_ws/install/std_msgs/lib:${LD_LIBRARY_PATH} PYTHONPATH=/ros2_ws/install/std_msgs/local/lib/python3.10/dist-packages:${PYTHONPATH} /usr/bin/cmake /ros2_ws/src/common_interfaces/geometry_msgs -DCMAKE_INSTALL_PREFIX=/ros2_ws/install/geometry_msgs
[0.238s] -- The C compiler identification is GNU 11.4.0
[0.438s] -- The CXX compiler identification is GNU 11.4.0
[0.461s] -- Detecting C compiler ABI info
[0.687s] -- Detecting C compiler ABI info - done
[0.718s] -- Check for working C compiler: /usr/bin/cc - skipped
[0.719s] -- Detecting C compile features
[0.720s] -- Detecting C compile features - done
[0.731s] -- Detecting CXX compiler ABI info
[0.992s] -- Detecting CXX compiler ABI info - done
[1.025s] -- Check for working CXX compiler: /usr/bin/c++ - skipped
[1.026s] -- Detecting CXX compile features
[1.027s] -- Detecting CXX compile features - done
[1.042s] -- Found ament_cmake: 1.3.14 (/opt/ros/humble/share/ament_cmake/cmake)
[1.578s] -- Found Python3: /usr/bin/python3 (found version "3.10.12") found components: Interpreter 
[2.013s] -- Found rosidl_default_generators: 1.2.1 (/opt/ros/humble/share/rosidl_default_generators/cmake)
[2.026s] -- Using all available rosidl_typesupport_c: rosidl_typesupport_fastrtps_c;rosidl_typesupport_introspection_c
[2.060s] -- Found rosidl_adapter: 3.1.8 (/opt/ros/humble/share/rosidl_adapter/cmake)
[2.243s] -- Using all available rosidl_typesupport_cpp: rosidl_typesupport_fastrtps_cpp;rosidl_typesupport_introspection_cpp
[2.415s] -- Found std_msgs: 2.0.5 (/ros2_ws/install/std_msgs/share/std_msgs/cmake)
[4.459s] -- Found ament_cmake_cppcheck: 0.12.15 (/opt/ros/humble/share/ament_cmake_cppcheck/cmake)
[4.469s] -- Found ament_cmake_cpplint: 0.12.15 (/opt/ros/humble/share/ament_cmake_cpplint/cmake)
[4.479s] -- Found ament_cmake_uncrustify: 0.12.15 (/opt/ros/humble/share/ament_cmake_uncrustify/cmake)
[4.491s] -- Found ament_cmake_ros: 0.10.0 (/opt/ros/humble/share/ament_cmake_ros/cmake)
[5.364s] -- Using all available rosidl_typesupport_c: rosidl_typesupport_fastrtps_c;rosidl_typesupport_introspection_c
[6.478s] -- Using all available rosidl_typesupport_cpp: rosidl_typesupport_fastrtps_cpp;rosidl_typesupport_introspection_cpp
[6.550s] -- Found PythonInterp: /usr/bin/python3 (found suitable version "3.10.12", minimum required is "3.6") 
[6.558s] -- Found python_cmake_module: 0.10.0 (/opt/ros/humble/share/python_cmake_module/cmake)
[6.634s] -- Found PythonLibs: /usr/lib/aarch64-linux-gnu/libpython3.10.so (found suitable version "3.10.12", minimum required is "3.5") 
[6.634s] -- Using PYTHON_EXECUTABLE: /usr/bin/python3
[6.635s] -- Using PYTHON_INCLUDE_DIRS: /usr/include/python3.10
[6.635s] -- Using PYTHON_LIBRARIES: /usr/lib/aarch64-linux-gnu/libpython3.10.so
[6.698s] -- Found PythonExtra: .so  
[6.925s] -- Found ament_cmake_flake8: 0.12.15 (/opt/ros/humble/share/ament_cmake_flake8/cmake)
[6.937s] -- Found ament_cmake_pep257: 0.12.15 (/opt/ros/humble/share/ament_cmake_pep257/cmake)
[7.281s] -- Configuring done
[7.623s] -- Generating done
[7.686s] -- Build files have been written to: /ros2_ws/build/geometry_msgs
[7.722s] Invoked command in '/ros2_ws/build/geometry_msgs' returned '0': AMENT_PREFIX_PATH=/ros2_ws/install/std_msgs:${AMENT_PREFIX_PATH} CMAKE_PREFIX_PATH=/ros2_ws/install/std_msgs:/opt/ros/humble LD_LIBRARY_PATH=/ros2_ws/install/std_msgs/lib:${LD_LIBRARY_PATH} PYTHONPATH=/ros2_ws/install/std_msgs/local/lib/python3.10/dist-packages:${PYTHONPATH} /usr/bin/cmake /ros2_ws/src/common_interfaces/geometry_msgs -DCMAKE_INSTALL_PREFIX=/ros2_ws/install/geometry_msgs
[7.723s] Invoking command in '/ros2_ws/build/geometry_msgs': AMENT_PREFIX_PATH=/ros2_ws/install/std_msgs:${AMENT_PREFIX_PATH} CMAKE_PREFIX_PATH=/ros2_ws/install/std_msgs:/opt/ros/humble LD_LIBRARY_PATH=/ros2_ws/install/std_msgs/lib:${LD_LIBRARY_PATH} PYTHONPATH=/ros2_ws/install/std_msgs/local/lib/python3.10/dist-packages:${PYTHONPATH} /usr/bin/cmake --build /ros2_ws/build/geometry_msgs -- -j4 -l4
[7.952s] [  1%] [34m[1mGenerating C code for ROS interfaces[0m
[8.048s] [  2%] [34m[1mGenerating Rust code for ROS interfaces[0m
[8.086s] [  2%] [34m[1mGenerating C++ code for ROS interfaces[0m
[16.981s] [  2%] Built target geometry_msgs__rs
[17.237s] [  2%] Built target ament_cmake_python_copy_geometry_msgs
[18.965s] running egg_info
[18.969s] creating geometry_msgs.egg-info
[18.971s] writing geometry_msgs.egg-info/PKG-INFO
[18.972s] writing dependency_links to geometry_msgs.egg-info/dependency_links.txt
[18.974s] writing top-level names to geometry_msgs.egg-info/top_level.txt
[18.975s] writing manifest file 'geometry_msgs.egg-info/SOURCES.txt'
[18.986s] reading manifest file 'geometry_msgs.egg-info/SOURCES.txt'
[18.989s] writing manifest file 'geometry_msgs.egg-info/SOURCES.txt'
[19.242s] [  2%] Built target ament_cmake_python_build_geometry_msgs_egg
[27.408s] [  2%] Built target geometry_msgs__cpp
[27.490s] [  2%] [32mBuilding C object CMakeFiles/geometry_msgs__rosidl_generator_c.dir/rosidl_generator_c/geometry_msgs/msg/detail/accel__functions.c.o[0m
[27.755s] [  2%] [32mBuilding C object CMakeFiles/geometry_msgs__rosidl_generator_c.dir/rosidl_generator_c/geometry_msgs/msg/detail/accel_stamped__functions.c.o[0m
[27.944s] [  3%] [32mBuilding C object CMakeFiles/geometry_msgs__rosidl_generator_c.dir/rosidl_generator_c/geometry_msgs/msg/detail/accel_with_covariance__functions.c.o[0m
[28.128s] [  3%] [32mBuilding C object CMakeFiles/geometry_msgs__rosidl_generator_c.dir/rosidl_generator_c/geometry_msgs/msg/detail/accel_with_covariance_stamped__functions.c.o[0m
[28.322s] [  4%] [32mBuilding C object CMakeFiles/geometry_msgs__rosidl_generator_c.dir/rosidl_generator_c/geometry_msgs/msg/detail/inertia__functions.c.o[0m
[28.510s] [  4%] [32mBuilding C object CMakeFiles/geometry_msgs__rosidl_generator_c.dir/rosidl_generator_c/geometry_msgs/msg/detail/inertia_stamped__functions.c.o[0m
[28.701s] [  4%] [32mBuilding C object CMakeFiles/geometry_msgs__rosidl_generator_c.dir/rosidl_generator_c/geometry_msgs/msg/detail/point__functions.c.o[0m
[28.883s] [  5%] [32mBuilding C object CMakeFiles/geometry_msgs__rosidl_generator_c.dir/rosidl_generator_c/geometry_msgs/msg/detail/point32__functions.c.o[0m
[29.065s] [  5%] [32mBuilding C object CMakeFiles/geometry_msgs__rosidl_generator_c.dir/rosidl_generator_c/geometry_msgs/msg/detail/point_stamped__functions.c.o[0m
[29.256s] [  6%] [32mBuilding C object CMakeFiles/geometry_msgs__rosidl_generator_c.dir/rosidl_generator_c/geometry_msgs/msg/detail/polygon__functions.c.o[0m
[29.434s] [  6%] [32mBuilding C object CMakeFiles/geometry_msgs__rosidl_generator_c.dir/rosidl_generator_c/geometry_msgs/msg/detail/polygon_stamped__functions.c.o[0m
[29.622s] [  6%] [32mBuilding C object CMakeFiles/geometry_msgs__rosidl_generator_c.dir/rosidl_generator_c/geometry_msgs/msg/detail/pose__functions.c.o[0m
[29.809s] [  7%] [32mBuilding C object CMakeFiles/geometry_msgs__rosidl_generator_c.dir/rosidl_generator_c/geometry_msgs/msg/detail/pose2_d__functions.c.o[0m
[29.992s] [  7%] [32mBuilding C object CMakeFiles/geometry_msgs__rosidl_generator_c.dir/rosidl_generator_c/geometry_msgs/msg/detail/pose_array__functions.c.o[0m
[30.186s] [  8%] [32mBuilding C object CMakeFiles/geometry_msgs__rosidl_generator_c.dir/rosidl_generator_c/geometry_msgs/msg/detail/pose_stamped__functions.c.o[0m
[30.382s] [  8%] [32mBuilding C object CMakeFiles/geometry_msgs__rosidl_generator_c.dir/rosidl_generator_c/geometry_msgs/msg/detail/pose_with_covariance__functions.c.o[0m
[30.570s] [  8%] [32mBuilding C object CMakeFiles/geometry_msgs__rosidl_generator_c.dir/rosidl_generator_c/geometry_msgs/msg/detail/pose_with_covariance_stamped__functions.c.o[0m
[30.765s] [  9%] [32mBuilding C object CMakeFiles/geometry_msgs__rosidl_generator_c.dir/rosidl_generator_c/geometry_msgs/msg/detail/quaternion__functions.c.o[0m
[30.950s] [  9%] [32mBuilding C object CMakeFiles/geometry_msgs__rosidl_generator_c.dir/rosidl_generator_c/geometry_msgs/msg/detail/quaternion_stamped__functions.c.o[0m
[31.138s] [  9%] [32mBuilding C object CMakeFiles/geometry_msgs__rosidl_generator_c.dir/rosidl_generator_c/geometry_msgs/msg/detail/transform__functions.c.o[0m
[31.321s] [ 10%] [32mBuilding C object CMakeFiles/geometry_msgs__rosidl_generator_c.dir/rosidl_generator_c/geometry_msgs/msg/detail/transform_stamped__functions.c.o[0m
[31.510s] [ 10%] [32mBuilding C object CMakeFiles/geometry_msgs__rosidl_generator_c.dir/rosidl_generator_c/geometry_msgs/msg/detail/twist__functions.c.o[0m
[31.689s] [ 11%] [32mBuilding C object CMakeFiles/geometry_msgs__rosidl_generator_c.dir/rosidl_generator_c/geometry_msgs/msg/detail/twist_stamped__functions.c.o[0m
[31.872s] [ 11%] [32mBuilding C object CMakeFiles/geometry_msgs__rosidl_generator_c.dir/rosidl_generator_c/geometry_msgs/msg/detail/twist_with_covariance__functions.c.o[0m
[32.052s] [ 11%] [32mBuilding C object CMakeFiles/geometry_msgs__rosidl_generator_c.dir/rosidl_generator_c/geometry_msgs/msg/detail/twist_with_covariance_stamped__functions.c.o[0m
[32.237s] [ 12%] [32mBuilding C object CMakeFiles/geometry_msgs__rosidl_generator_c.dir/rosidl_generator_c/geometry_msgs/msg/detail/vector3__functions.c.o[0m
[32.420s] [ 12%] [32mBuilding C object CMakeFiles/geometry_msgs__rosidl_generator_c.dir/rosidl_generator_c/geometry_msgs/msg/detail/vector3_stamped__functions.c.o[0m
[32.612s] [ 13%] [32mBuilding C object CMakeFiles/geometry_msgs__rosidl_generator_c.dir/rosidl_generator_c/geometry_msgs/msg/detail/wrench__functions.c.o[0m
[32.791s] [ 13%] [32mBuilding C object CMakeFiles/geometry_msgs__rosidl_generator_c.dir/rosidl_generator_c/geometry_msgs/msg/detail/wrench_stamped__functions.c.o[0m
[32.975s] [ 13%] [32m[1mLinking C shared library libgeometry_msgs__rosidl_generator_c.so[0m
[33.128s] [ 13%] Built target geometry_msgs__rosidl_generator_c
[33.163s] [ 13%] [34m[1mGenerating C++ type support dispatch for ROS interfaces[0m
[33.163s] [ 13%] [34m[1mGenerating C++ introspection for ROS interfaces[0m
[35.182s] [ 14%] [34m[1mGenerating C type support for eProsima Fast-RTPS[0m
[37.241s] [ 14%] [34m[1mGenerating C++ type support for eProsima Fast-RTPS[0m
[41.292s] [ 15%] [32mBuilding CXX object CMakeFiles/geometry_msgs__rosidl_typesupport_cpp.dir/rosidl_typesupport_cpp/geometry_msgs/msg/accel__type_support.cpp.o[0m
[42.652s] [ 15%] [32mBuilding CXX object CMakeFiles/geometry_msgs__rosidl_typesupport_cpp.dir/rosidl_typesupport_cpp/geometry_msgs/msg/accel_stamped__type_support.cpp.o[0m
[43.990s] [ 16%] [32mBuilding CXX object CMakeFiles/geometry_msgs__rosidl_typesupport_cpp.dir/rosidl_typesupport_cpp/geometry_msgs/msg/accel_with_covariance__type_support.cpp.o[0m
[44.305s] [ 17%] [32mBuilding CXX object CMakeFiles/geometry_msgs__rosidl_typesupport_introspection_cpp.dir/rosidl_typesupport_introspection_cpp/geometry_msgs/msg/detail/accel__type_support.cpp.o[0m
[45.316s] [ 17%] [32mBuilding CXX object CMakeFiles/geometry_msgs__rosidl_typesupport_cpp.dir/rosidl_typesupport_cpp/geometry_msgs/msg/accel_with_covariance_stamped__type_support.cpp.o[0m
[46.193s] [ 17%] [32mBuilding CXX object CMakeFiles/geometry_msgs__rosidl_typesupport_introspection_cpp.dir/rosidl_typesupport_introspection_cpp/geometry_msgs/msg/detail/accel_stamped__type_support.cpp.o[0m
[46.766s] [ 17%] [32mBuilding CXX object CMakeFiles/geometry_msgs__rosidl_typesupport_fastrtps_c.dir/rosidl_typesupport_fastrtps_c/geometry_msgs/msg/detail/accel__type_support_c.cpp.o[0m
[46.793s] [ 17%] [32mBuilding CXX object CMakeFiles/geometry_msgs__rosidl_typesupport_cpp.dir/rosidl_typesupport_cpp/geometry_msgs/msg/inertia__type_support.cpp.o[0m
[47.957s] [ 18%] [32mBuilding CXX object CMakeFiles/geometry_msgs__rosidl_typesupport_introspection_cpp.dir/rosidl_typesupport_introspection_cpp/geometry_msgs/msg/detail/accel_with_covariance__type_support.cpp.o[0m
[48.027s] [ 19%] [32mBuilding CXX object CMakeFiles/geometry_msgs__rosidl_typesupport_cpp.dir/rosidl_typesupport_cpp/geometry_msgs/msg/inertia_stamped__type_support.cpp.o[0m
[48.331s] [ 19%] [32mBuilding CXX object CMakeFiles/geometry_msgs__rosidl_typesupport_fastrtps_c.dir/rosidl_typesupport_fastrtps_c/geometry_msgs/msg/detail/accel_stamped__type_support_c.cpp.o[0m
[49.116s] [ 20%] [32mBuilding CXX object CMakeFiles/geometry_msgs__rosidl_typesupport_fastrtps_cpp.dir/rosidl_typesupport_fastrtps_cpp/geometry_msgs/msg/detail/dds_fastrtps/accel__type_support.cpp.o[0m
[49.259s] [ 20%] [32mBuilding CXX object CMakeFiles/geometry_msgs__rosidl_typesupport_cpp.dir/rosidl_typesupport_cpp/geometry_msgs/msg/point__type_support.cpp.o[0m
[49.724s] [ 20%] [32mBuilding CXX object CMakeFiles/geometry_msgs__rosidl_typesupport_introspection_cpp.dir/rosidl_typesupport_introspection_cpp/geometry_msgs/msg/detail/accel_with_covariance_stamped__type_support.cpp.o[0m
[49.856s] [ 21%] [32mBuilding CXX object CMakeFiles/geometry_msgs__rosidl_typesupport_fastrtps_c.dir/rosidl_typesupport_fastrtps_c/geometry_msgs/msg/detail/accel_with_covariance__type_support_c.cpp.o[0m
[50.456s] [ 22%] [32mBuilding CXX object CMakeFiles/geometry_msgs__rosidl_typesupport_cpp.dir/rosidl_typesupport_cpp/geometry_msgs/msg/point32__type_support.cpp.o[0m
[50.960s] [ 22%] [32mBuilding CXX object CMakeFiles/geometry_msgs__rosidl_typesupport_fastrtps_cpp.dir/rosidl_typesupport_fastrtps_cpp/geometry_msgs/msg/detail/dds_fastrtps/accel_stamped__type_support.cpp.o[0m
[51.360s] [ 22%] [32mBuilding CXX object CMakeFiles/geometry_msgs__rosidl_typesupport_fastrtps_c.dir/rosidl_typesupport_fastrtps_c/geometry_msgs/msg/detail/accel_with_covariance_stamped__type_support_c.cpp.o[0m
[51.494s] [ 22%] [32mBuilding CXX object CMakeFiles/geometry_msgs__rosidl_typesupport_introspection_cpp.dir/rosidl_typesupport_introspection_cpp/geometry_msgs/msg/detail/inertia__type_support.cpp.o[0m
[51.673s] [ 22%] [32mBuilding CXX object CMakeFiles/geometry_msgs__rosidl_typesupport_cpp.dir/rosidl_typesupport_cpp/geometry_msgs/msg/point_stamped__type_support.cpp.o[0m
[52.811s] [ 23%] [32mBuilding CXX object CMakeFiles/geometry_msgs__rosidl_typesupport_fastrtps_cpp.dir/rosidl_typesupport_fastrtps_cpp/geometry_msgs/msg/detail/dds_fastrtps/accel_with_covariance__type_support.cpp.o[0m
[52.874s] [ 23%] [32mBuilding CXX object CMakeFiles/geometry_msgs__rosidl_typesupport_fastrtps_c.dir/rosidl_typesupport_fastrtps_c/geometry_msgs/msg/detail/inertia__type_support_c.cpp.o[0m
[52.889s] [ 23%] [32mBuilding CXX object CMakeFiles/geometry_msgs__rosidl_typesupport_cpp.dir/rosidl_typesupport_cpp/geometry_msgs/msg/polygon__type_support.cpp.o[0m
[53.215s] [ 24%] [32mBuilding CXX object CMakeFiles/geometry_msgs__rosidl_typesupport_introspection_cpp.dir/rosidl_typesupport_introspection_cpp/geometry_msgs/msg/detail/inertia_stamped__type_support.cpp.o[0m
[54.064s] [ 25%] [32mBuilding CXX object CMakeFiles/geometry_msgs__rosidl_typesupport_cpp.dir/rosidl_typesupport_cpp/geometry_msgs/msg/polygon_stamped__type_support.cpp.o[0m
[54.389s] [ 26%] [32mBuilding CXX object CMakeFiles/geometry_msgs__rosidl_typesupport_fastrtps_c.dir/rosidl_typesupport_fastrtps_c/geometry_msgs/msg/detail/inertia_stamped__type_support_c.cpp.o[0m
[54.703s] [ 26%] [32mBuilding CXX object CMakeFiles/geometry_msgs__rosidl_typesupport_fastrtps_cpp.dir/rosidl_typesupport_fastrtps_cpp/geometry_msgs/msg/detail/dds_fastrtps/accel_with_covariance_stamped__type_support.cpp.o[0m
[54.993s] [ 26%] [32mBuilding CXX object CMakeFiles/geometry_msgs__rosidl_typesupport_introspection_cpp.dir/rosidl_typesupport_introspection_cpp/geometry_msgs/msg/detail/point__type_support.cpp.o[0m
[55.296s] [ 26%] [32mBuilding CXX object CMakeFiles/geometry_msgs__rosidl_typesupport_cpp.dir/rosidl_typesupport_cpp/geometry_msgs/msg/pose__type_support.cpp.o[0m
[55.898s] [ 26%] [32mBuilding CXX object CMakeFiles/geometry_msgs__rosidl_typesupport_fastrtps_c.dir/rosidl_typesupport_fastrtps_c/geometry_msgs/msg/detail/point__type_support_c.cpp.o[0m
[56.503s] [ 26%] [32mBuilding CXX object CMakeFiles/geometry_msgs__rosidl_typesupport_cpp.dir/rosidl_typesupport_cpp/geometry_msgs/msg/pose2_d__type_support.cpp.o[0m
[56.585s] [ 26%] [32mBuilding CXX object CMakeFiles/geometry_msgs__rosidl_typesupport_fastrtps_cpp.dir/rosidl_typesupport_fastrtps_cpp/geometry_msgs/msg/detail/dds_fastrtps/inertia__type_support.cpp.o[0m
[56.701s] [ 27%] [32mBuilding CXX object CMakeFiles/geometry_msgs__rosidl_typesupport_introspection_cpp.dir/rosidl_typesupport_introspection_cpp/geometry_msgs/msg/detail/point32__type_support.cpp.o[0m
[57.393s] [ 28%] [32mBuilding CXX object CMakeFiles/geometry_msgs__rosidl_typesupport_fastrtps_c.dir/rosidl_typesupport_fastrtps_c/geometry_msgs/msg/detail/point32__type_support_c.cpp.o[0m
[57.689s] [ 29%] [32mBuilding CXX object CMakeFiles/geometry_msgs__rosidl_typesupport_cpp.dir/rosidl_typesupport_cpp/geometry_msgs/msg/pose_array__type_support.cpp.o[0m
[58.415s] [ 29%] [32mBuilding CXX object CMakeFiles/geometry_msgs__rosidl_typesupport_introspection_cpp.dir/rosidl_typesupport_introspection_cpp/geometry_msgs/msg/detail/point_stamped__type_support.cpp.o[0m
[58.428s] [ 30%] [32mBuilding CXX object CMakeFiles/geometry_msgs__rosidl_typesupport_fastrtps_cpp.dir/rosidl_typesupport_fastrtps_cpp/geometry_msgs/msg/detail/dds_fastrtps/inertia_stamped__type_support.cpp.o[0m
[58.904s] [ 30%] [32mBuilding CXX object CMakeFiles/geometry_msgs__rosidl_typesupport_fastrtps_c.dir/rosidl_typesupport_fastrtps_c/geometry_msgs/msg/detail/point_stamped__type_support_c.cpp.o[0m
[58.909s] [ 30%] [32mBuilding CXX object CMakeFiles/geometry_msgs__rosidl_typesupport_cpp.dir/rosidl_typesupport_cpp/geometry_msgs/msg/pose_stamped__type_support.cpp.o[0m
[60.112s] [ 31%] [32mBuilding CXX object CMakeFiles/geometry_msgs__rosidl_typesupport_cpp.dir/rosidl_typesupport_cpp/geometry_msgs/msg/pose_with_covariance__type_support.cpp.o[0m
[60.179s] [ 31%] [32mBuilding CXX object CMakeFiles/geometry_msgs__rosidl_typesupport_introspection_cpp.dir/rosidl_typesupport_introspection_cpp/geometry_msgs/msg/detail/polygon__type_support.cpp.o[0m
[60.287s] [ 31%] [32mBuilding CXX object CMakeFiles/geometry_msgs__rosidl_typesupport_fastrtps_cpp.dir/rosidl_typesupport_fastrtps_cpp/geometry_msgs/msg/detail/dds_fastrtps/point__type_support.cpp.o[0m
[60.412s] [ 31%] [32mBuilding CXX object CMakeFiles/geometry_msgs__rosidl_typesupport_fastrtps_c.dir/rosidl_typesupport_fastrtps_c/geometry_msgs/msg/detail/polygon__type_support_c.cpp.o[0m
[61.317s] [ 31%] [32mBuilding CXX object CMakeFiles/geometry_msgs__rosidl_typesupport_cpp.dir/rosidl_typesupport_cpp/geometry_msgs/msg/pose_with_covariance_stamped__type_support.cpp.o[0m
[61.931s] [ 32%] [32mBuilding CXX object CMakeFiles/geometry_msgs__rosidl_typesupport_fastrtps_c.dir/rosidl_typesupport_fastrtps_c/geometry_msgs/msg/detail/polygon_stamped__type_support_c.cpp.o[0m
[62.077s] [ 33%] [32mBuilding CXX object CMakeFiles/geometry_msgs__rosidl_typesupport_introspection_cpp.dir/rosidl_typesupport_introspection_cpp/geometry_msgs/msg/detail/polygon_stamped__type_support.cpp.o[0m
[62.087s] [ 34%] [32mBuilding CXX object CMakeFiles/geometry_msgs__rosidl_typesupport_fastrtps_cpp.dir/rosidl_typesupport_fastrtps_cpp/geometry_msgs/msg/detail/dds_fastrtps/point32__type_support.cpp.o[0m
[62.550s] [ 34%] [32mBuilding CXX object CMakeFiles/geometry_msgs__rosidl_typesupport_cpp.dir/rosidl_typesupport_cpp/geometry_msgs/msg/quaternion__type_support.cpp.o[0m
[63.431s] [ 34%] [32mBuilding CXX object CMakeFiles/geometry_msgs__rosidl_typesupport_fastrtps_c.dir/rosidl_typesupport_fastrtps_c/geometry_msgs/msg/detail/pose__type_support_c.cpp.o[0m
[63.766s] [ 35%] [32mBuilding CXX object CMakeFiles/geometry_msgs__rosidl_typesupport_cpp.dir/rosidl_typesupport_cpp/geometry_msgs/msg/quaternion_stamped__type_support.cpp.o[0m
[63.876s] [ 35%] [32mBuilding CXX object CMakeFiles/geometry_msgs__rosidl_typesupport_fastrtps_cpp.dir/rosidl_typesupport_fastrtps_cpp/geometry_msgs/msg/detail/dds_fastrtps/point_stamped__type_support.cpp.o[0m
[63.901s] [ 35%] [32mBuilding CXX object CMakeFiles/geometry_msgs__rosidl_typesupport_introspection_cpp.dir/rosidl_typesupport_introspection_cpp/geometry_msgs/msg/detail/pose__type_support.cpp.o[0m
[64.932s] [ 36%] [32mBuilding CXX object CMakeFiles/geometry_msgs__rosidl_typesupport_fastrtps_c.dir/rosidl_typesupport_fastrtps_c/geometry_msgs/msg/detail/pose2_d__type_support_c.cpp.o[0m
[64.984s] [ 36%] [32mBuilding CXX object CMakeFiles/geometry_msgs__rosidl_typesupport_cpp.dir/rosidl_typesupport_cpp/geometry_msgs/msg/transform__type_support.cpp.o[0m
[65.642s] [ 36%] [32mBuilding CXX object CMakeFiles/geometry_msgs__rosidl_typesupport_fastrtps_cpp.dir/rosidl_typesupport_fastrtps_cpp/geometry_msgs/msg/detail/dds_fastrtps/polygon__type_support.cpp.o[0m
[65.644s] [ 36%] [32mBuilding CXX object CMakeFiles/geometry_msgs__rosidl_typesupport_introspection_cpp.dir/rosidl_typesupport_introspection_cpp/geometry_msgs/msg/detail/pose2_d__type_support.cpp.o[0m
[66.221s] [ 37%] [32mBuilding CXX object CMakeFiles/geometry_msgs__rosidl_typesupport_cpp.dir/rosidl_typesupport_cpp/geometry_msgs/msg/transform_stamped__type_support.cpp.o[0m
[66.424s] [ 37%] [32mBuilding CXX object CMakeFiles/geometry_msgs__rosidl_typesupport_fastrtps_c.dir/rosidl_typesupport_fastrtps_c/geometry_msgs/msg/detail/pose_array__type_support_c.cpp.o[0m
[67.363s] [ 38%] [32mBuilding CXX object CMakeFiles/geometry_msgs__rosidl_typesupport_introspection_cpp.dir/rosidl_typesupport_introspection_cpp/geometry_msgs/msg/detail/pose_array__type_support.cpp.o[0m
[67.453s] [ 38%] [32mBuilding CXX object CMakeFiles/geometry_msgs__rosidl_typesupport_cpp.dir/rosidl_typesupport_cpp/geometry_msgs/msg/twist__type_support.cpp.o[0m
[67.599s] [ 39%] [32mBuilding CXX object CMakeFiles/geometry_msgs__rosidl_typesupport_fastrtps_cpp.dir/rosidl_typesupport_fastrtps_cpp/geometry_msgs/msg/detail/dds_fastrtps/polygon_stamped__type_support.cpp.o[0m
[67.975s] [ 39%] [32mBuilding CXX object CMakeFiles/geometry_msgs__rosidl_typesupport_fastrtps_c.dir/rosidl_typesupport_fastrtps_c/geometry_msgs/msg/detail/pose_stamped__type_support_c.cpp.o[0m
[68.680s] [ 39%] [32mBuilding CXX object CMakeFiles/geometry_msgs__rosidl_typesupport_cpp.dir/rosidl_typesupport_cpp/geometry_msgs/msg/twist_stamped__type_support.cpp.o[0m
[69.285s] [ 39%] [32mBuilding CXX object CMakeFiles/geometry_msgs__rosidl_typesupport_introspection_cpp.dir/rosidl_typesupport_introspection_cpp/geometry_msgs/msg/detail/pose_stamped__type_support.cpp.o[0m
[69.408s] [ 39%] [32mBuilding CXX object CMakeFiles/geometry_msgs__rosidl_typesupport_fastrtps_cpp.dir/rosidl_typesupport_fastrtps_cpp/geometry_msgs/msg/detail/dds_fastrtps/pose__type_support.cpp.o[0m
[69.501s] [ 40%] [32mBuilding CXX object CMakeFiles/geometry_msgs__rosidl_typesupport_fastrtps_c.dir/rosidl_typesupport_fastrtps_c/geometry_msgs/msg/detail/pose_with_covariance__type_support_c.cpp.o[0m
[69.933s] [ 41%] [32mBuilding CXX object CMakeFiles/geometry_msgs__rosidl_typesupport_cpp.dir/rosidl_typesupport_cpp/geometry_msgs/msg/twist_with_covariance__type_support.cpp.o[0m
[71.014s] [ 41%] [32mBuilding CXX object CMakeFiles/geometry_msgs__rosidl_typesupport_fastrtps_c.dir/rosidl_typesupport_fastrtps_c/geometry_msgs/msg/detail/pose_with_covariance_stamped__type_support_c.cpp.o[0m
[71.032s] [ 42%] [32mBuilding CXX object CMakeFiles/geometry_msgs__rosidl_typesupport_introspection_cpp.dir/rosidl_typesupport_introspection_cpp/geometry_msgs/msg/detail/pose_with_covariance__type_support.cpp.o[0m
[71.182s] [ 42%] [32mBuilding CXX object CMakeFiles/geometry_msgs__rosidl_typesupport_cpp.dir/rosidl_typesupport_cpp/geometry_msgs/msg/twist_with_covariance_stamped__type_support.cpp.o[0m
[71.182s] [ 42%] [32mBuilding CXX object CMakeFiles/geometry_msgs__rosidl_typesupport_fastrtps_cpp.dir/rosidl_typesupport_fastrtps_cpp/geometry_msgs/msg/detail/dds_fastrtps/pose2_d__type_support.cpp.o[0m
[72.412s] [ 43%] [32mBuilding CXX object CMakeFiles/geometry_msgs__rosidl_typesupport_cpp.dir/rosidl_typesupport_cpp/geometry_msgs/msg/vector3__type_support.cpp.o[0m
[72.509s] [ 44%] [32mBuilding CXX object CMakeFiles/geometry_msgs__rosidl_typesupport_fastrtps_c.dir/rosidl_typesupport_fastrtps_c/geometry_msgs/msg/detail/quaternion__type_support_c.cpp.o[0m
[72.775s] [ 44%] [32mBuilding CXX object CMakeFiles/geometry_msgs__rosidl_typesupport_introspection_cpp.dir/rosidl_typesupport_introspection_cpp/geometry_msgs/msg/detail/pose_with_covariance_stamped__type_support.cpp.o[0m
[72.978s] [ 45%] [32mBuilding CXX object CMakeFiles/geometry_msgs__rosidl_typesupport_fastrtps_cpp.dir/rosidl_typesupport_fastrtps_cpp/geometry_msgs/msg/detail/dds_fastrtps/pose_array__type_support.cpp.o[0m
[73.636s] [ 45%] [32mBuilding CXX object CMakeFiles/geometry_msgs__rosidl_typesupport_cpp.dir/rosidl_typesupport_cpp/geometry_msgs/msg/vector3_stamped__type_support.cpp.o[0m
[74.010s] [ 45%] [32mBuilding CXX object CMakeFiles/geometry_msgs__rosidl_typesupport_fastrtps_c.dir/rosidl_typesupport_fastrtps_c/geometry_msgs/msg/detail/quaternion_stamped__type_support_c.cpp.o[0m
[74.544s] [ 45%] [32mBuilding CXX object CMakeFiles/geometry_msgs__rosidl_typesupport_introspection_cpp.dir/rosidl_typesupport_introspection_cpp/geometry_msgs/msg/detail/quaternion__type_support.cpp.o[0m
[74.873s] [ 45%] [32mBuilding CXX object CMakeFiles/geometry_msgs__rosidl_typesupport_cpp.dir/rosidl_typesupport_cpp/geometry_msgs/msg/wrench__type_support.cpp.o[0m
[75.021s] [ 45%] [32mBuilding CXX object CMakeFiles/geometry_msgs__rosidl_typesupport_fastrtps_cpp.dir/rosidl_typesupport_fastrtps_cpp/geometry_msgs/msg/detail/dds_fastrtps/pose_stamped__type_support.cpp.o[0m
[75.527s] [ 45%] [32mBuilding CXX object CMakeFiles/geometry_msgs__rosidl_typesupport_fastrtps_c.dir/rosidl_typesupport_fastrtps_c/geometry_msgs/msg/detail/transform__type_support_c.cpp.o[0m
[76.070s] [ 46%] [32mBuilding CXX object CMakeFiles/geometry_msgs__rosidl_typesupport_cpp.dir/rosidl_typesupport_cpp/geometry_msgs/msg/wrench_stamped__type_support.cpp.o[0m
[76.272s] [ 47%] [32mBuilding CXX object CMakeFiles/geometry_msgs__rosidl_typesupport_introspection_cpp.dir/rosidl_typesupport_introspection_cpp/geometry_msgs/msg/detail/quaternion_stamped__type_support.cpp.o[0m
[76.847s] [ 48%] [32mBuilding CXX object CMakeFiles/geometry_msgs__rosidl_typesupport_fastrtps_cpp.dir/rosidl_typesupport_fastrtps_cpp/geometry_msgs/msg/detail/dds_fastrtps/pose_with_covariance__type_support.cpp.o[0m
[77.088s] [ 49%] [32mBuilding CXX object CMakeFiles/geometry_msgs__rosidl_typesupport_fastrtps_c.dir/rosidl_typesupport_fastrtps_c/geometry_msgs/msg/detail/transform_stamped__type_support_c.cpp.o[0m
[77.279s] [ 49%] [32m[1mLinking CXX shared library libgeometry_msgs__rosidl_typesupport_cpp.so[0m
[77.450s] [ 49%] Built target geometry_msgs__rosidl_typesupport_cpp
[77.997s] [ 49%] [32mBuilding CXX object CMakeFiles/geometry_msgs__rosidl_typesupport_introspection_cpp.dir/rosidl_typesupport_introspection_cpp/geometry_msgs/msg/detail/transform__type_support.cpp.o[0m
[78.565s] [ 49%] [32mBuilding CXX object CMakeFiles/geometry_msgs__rosidl_typesupport_fastrtps_c.dir/rosidl_typesupport_fastrtps_c/geometry_msgs/msg/detail/twist__type_support_c.cpp.o[0m
[78.596s] [ 49%] [32mBuilding CXX object CMakeFiles/geometry_msgs__rosidl_typesupport_fastrtps_cpp.dir/rosidl_typesupport_fastrtps_cpp/geometry_msgs/msg/detail/dds_fastrtps/pose_with_covariance_stamped__type_support.cpp.o[0m
[79.620s] [ 50%] [32mBuilding CXX object CMakeFiles/geometry_msgs__rosidl_typesupport_introspection_cpp.dir/rosidl_typesupport_introspection_cpp/geometry_msgs/msg/detail/transform_stamped__type_support.cpp.o[0m
[79.979s] [ 50%] [32mBuilding CXX object CMakeFiles/geometry_msgs__rosidl_typesupport_fastrtps_c.dir/rosidl_typesupport_fastrtps_c/geometry_msgs/msg/detail/twist_stamped__type_support_c.cpp.o[0m
[80.297s] [ 50%] [32mBuilding CXX object CMakeFiles/geometry_msgs__rosidl_typesupport_fastrtps_cpp.dir/rosidl_typesupport_fastrtps_cpp/geometry_msgs/msg/detail/dds_fastrtps/quaternion__type_support.cpp.o[0m
[81.283s] [ 50%] [32mBuilding CXX object CMakeFiles/geometry_msgs__rosidl_typesupport_introspection_cpp.dir/rosidl_typesupport_introspection_cpp/geometry_msgs/msg/detail/twist__type_support.cpp.o[0m
[81.407s] [ 51%] [32mBuilding CXX object CMakeFiles/geometry_msgs__rosidl_typesupport_fastrtps_c.dir/rosidl_typesupport_fastrtps_c/geometry_msgs/msg/detail/twist_with_covariance__type_support_c.cpp.o[0m
[81.989s] [ 52%] [32mBuilding CXX object CMakeFiles/geometry_msgs__rosidl_typesupport_fastrtps_cpp.dir/rosidl_typesupport_fastrtps_cpp/geometry_msgs/msg/detail/dds_fastrtps/quaternion_stamped__type_support.cpp.o[0m
[82.822s] [ 52%] [32mBuilding CXX object CMakeFiles/geometry_msgs__rosidl_typesupport_fastrtps_c.dir/rosidl_typesupport_fastrtps_c/geometry_msgs/msg/detail/twist_with_covariance_stamped__type_support_c.cpp.o[0m
[82.901s] [ 52%] [32mBuilding CXX object CMakeFiles/geometry_msgs__rosidl_typesupport_introspection_cpp.dir/rosidl_typesupport_introspection_cpp/geometry_msgs/msg/detail/twist_stamped__type_support.cpp.o[0m
[83.687s] [ 52%] [32mBuilding CXX object CMakeFiles/geometry_msgs__rosidl_typesupport_fastrtps_cpp.dir/rosidl_typesupport_fastrtps_cpp/geometry_msgs/msg/detail/dds_fastrtps/transform__type_support.cpp.o[0m
[84.253s] [ 53%] [32mBuilding CXX object CMakeFiles/geometry_msgs__rosidl_typesupport_fastrtps_c.dir/rosidl_typesupport_fastrtps_c/geometry_msgs/msg/detail/vector3__type_support_c.cpp.o[0m
[84.557s] [ 54%] [32mBuilding CXX object CMakeFiles/geometry_msgs__rosidl_typesupport_introspection_cpp.dir/rosidl_typesupport_introspection_cpp/geometry_msgs/msg/detail/twist_with_covariance__type_support.cpp.o[0m
[85.364s] [ 55%] [32mBuilding CXX object CMakeFiles/geometry_msgs__rosidl_typesupport_fastrtps_cpp.dir/rosidl_typesupport_fastrtps_cpp/geometry_msgs/msg/detail/dds_fastrtps/transform_stamped__type_support.cpp.o[0m
[85.689s] [ 55%] [32mBuilding CXX object CMakeFiles/geometry_msgs__rosidl_typesupport_fastrtps_c.dir/rosidl_typesupport_fastrtps_c/geometry_msgs/msg/detail/vector3_stamped__type_support_c.cpp.o[0m
[86.226s] [ 55%] [32mBuilding CXX object CMakeFiles/geometry_msgs__rosidl_typesupport_introspection_cpp.dir/rosidl_typesupport_introspection_cpp/geometry_msgs/msg/detail/twist_with_covariance_stamped__type_support.cpp.o[0m
[87.066s] [ 55%] [32mBuilding CXX object CMakeFiles/geometry_msgs__rosidl_typesupport_fastrtps_cpp.dir/rosidl_typesupport_fastrtps_cpp/geometry_msgs/msg/detail/dds_fastrtps/twist__type_support.cpp.o[0m
[87.130s] [ 55%] [32mBuilding CXX object CMakeFiles/geometry_msgs__rosidl_typesupport_fastrtps_c.dir/rosidl_typesupport_fastrtps_c/geometry_msgs/msg/detail/wrench__type_support_c.cpp.o[0m
[87.923s] [ 56%] [32mBuilding CXX object CMakeFiles/geometry_msgs__rosidl_typesupport_introspection_cpp.dir/rosidl_typesupport_introspection_cpp/geometry_msgs/msg/detail/vector3__type_support.cpp.o[0m
[88.134s] [ 56%] [32mBuilding CXX object CMakeFiles/geometry_msgs__rosidl_typesupport_fastrtps_cpp.dir/rosidl_typesupport_fastrtps_cpp/geometry_msgs/msg/detail/dds_fastrtps/twist_stamped__type_support.cpp.o[0m
[88.591s] [ 57%] [32mBuilding CXX object CMakeFiles/geometry_msgs__rosidl_typesupport_fastrtps_c.dir/rosidl_typesupport_fastrtps_c/geometry_msgs/msg/detail/wrench_stamped__type_support_c.cpp.o[0m
[88.787s] [ 58%] [32mBuilding CXX object CMakeFiles/geometry_msgs__rosidl_typesupport_fastrtps_cpp.dir/rosidl_typesupport_fastrtps_cpp/geometry_msgs/msg/detail/dds_fastrtps/twist_with_covariance__type_support.cpp.o[0m
[89.636s] [ 58%] [32mBuilding CXX object CMakeFiles/geometry_msgs__rosidl_typesupport_introspection_cpp.dir/rosidl_typesupport_introspection_cpp/geometry_msgs/msg/detail/vector3_stamped__type_support.cpp.o[0m
[89.934s] [ 58%] [32mBuilding CXX object CMakeFiles/geometry_msgs__rosidl_typesupport_fastrtps_cpp.dir/rosidl_typesupport_fastrtps_cpp/geometry_msgs/msg/detail/dds_fastrtps/twist_with_covariance_stamped__type_support.cpp.o[0m
[90.129s] [ 58%] [32m[1mLinking CXX shared library libgeometry_msgs__rosidl_typesupport_fastrtps_c.so[0m
[90.445s] [ 58%] Built target geometry_msgs__rosidl_typesupport_fastrtps_c
[90.626s] [ 60%] [34m[1mGenerating C introspection for ROS interfaces[0m
[90.627s] [ 60%] [32mBuilding CXX object CMakeFiles/geometry_msgs__rosidl_typesupport_fastrtps_cpp.dir/rosidl_typesupport_fastrtps_cpp/geometry_msgs/msg/detail/dds_fastrtps/vector3__type_support.cpp.o[0m
[91.413s] [ 60%] [32mBuilding CXX object CMakeFiles/geometry_msgs__rosidl_typesupport_introspection_cpp.dir/rosidl_typesupport_introspection_cpp/geometry_msgs/msg/detail/wrench__type_support.cpp.o[0m
[91.733s] [ 60%] [32mBuilding CXX object CMakeFiles/geometry_msgs__rosidl_typesupport_fastrtps_cpp.dir/rosidl_typesupport_fastrtps_cpp/geometry_msgs/msg/detail/dds_fastrtps/vector3_stamped__type_support.cpp.o[0m
[92.433s] [ 60%] [32mBuilding CXX object CMakeFiles/geometry_msgs__rosidl_typesupport_fastrtps_cpp.dir/rosidl_typesupport_fastrtps_cpp/geometry_msgs/msg/detail/dds_fastrtps/wrench__type_support.cpp.o[0m
[93.123s] [ 61%] [32mBuilding CXX object CMakeFiles/geometry_msgs__rosidl_typesupport_introspection_cpp.dir/rosidl_typesupport_introspection_cpp/geometry_msgs/msg/detail/wrench_stamped__type_support.cpp.o[0m
[93.497s] [ 62%] [32mBuilding CXX object CMakeFiles/geometry_msgs__rosidl_typesupport_fastrtps_cpp.dir/rosidl_typesupport_fastrtps_cpp/geometry_msgs/msg/detail/dds_fastrtps/wrench_stamped__type_support.cpp.o[0m
[94.206s] [ 63%] [34m[1mGenerating C type support dispatch for ROS interfaces[0m
[94.885s] [ 63%] [32m[1mLinking CXX shared library libgeometry_msgs__rosidl_typesupport_introspection_cpp.so[0m
[95.220s] [ 63%] Built target geometry_msgs__rosidl_typesupport_introspection_cpp
[95.300s] [ 63%] [32m[1mLinking CXX shared library libgeometry_msgs__rosidl_typesupport_fastrtps_cpp.so[0m
[95.602s] [ 63%] Built target geometry_msgs__rosidl_typesupport_fastrtps_cpp
[100.440s] [ 63%] [32mBuilding C object CMakeFiles/geometry_msgs__rosidl_typesupport_introspection_c.dir/rosidl_typesupport_introspection_c/geometry_msgs/msg/detail/accel__type_support.c.o[0m
[100.448s] [ 63%] [32mBuilding C object CMakeFiles/geometry_msgs__rosidl_typesupport_introspection_c.dir/rosidl_typesupport_introspection_c/geometry_msgs/msg/detail/accel_stamped__type_support.c.o[0m
[100.573s] [ 64%] [32mBuilding C object CMakeFiles/geometry_msgs__rosidl_typesupport_introspection_c.dir/rosidl_typesupport_introspection_c/geometry_msgs/msg/detail/accel_with_covariance__type_support.c.o[0m
[100.587s] [ 64%] [32mBuilding C object CMakeFiles/geometry_msgs__rosidl_typesupport_introspection_c.dir/rosidl_typesupport_introspection_c/geometry_msgs/msg/detail/accel_with_covariance_stamped__type_support.c.o[0m
[100.708s] [ 64%] [32mBuilding C object CMakeFiles/geometry_msgs__rosidl_typesupport_introspection_c.dir/rosidl_typesupport_introspection_c/geometry_msgs/msg/detail/inertia__type_support.c.o[0m
[100.717s] [ 65%] [32mBuilding C object CMakeFiles/geometry_msgs__rosidl_typesupport_introspection_c.dir/rosidl_typesupport_introspection_c/geometry_msgs/msg/detail/inertia_stamped__type_support.c.o[0m
[100.839s] [ 65%] [32mBuilding C object CMakeFiles/geometry_msgs__rosidl_typesupport_introspection_c.dir/rosidl_typesupport_introspection_c/geometry_msgs/msg/detail/point__type_support.c.o[0m
[100.846s] [ 66%] [32mBuilding C object CMakeFiles/geometry_msgs__rosidl_typesupport_introspection_c.dir/rosidl_typesupport_introspection_c/geometry_msgs/msg/detail/point32__type_support.c.o[0m
[100.867s] [ 66%] [32mBuilding C object CMakeFiles/geometry_msgs__rosidl_typesupport_introspection_c.dir/rosidl_typesupport_introspection_c/geometry_msgs/msg/detail/point_stamped__type_support.c.o[0m
[100.974s] [ 66%] [32mBuilding C object CMakeFiles/geometry_msgs__rosidl_typesupport_introspection_c.dir/rosidl_typesupport_introspection_c/geometry_msgs/msg/detail/polygon__type_support.c.o[0m
[100.988s] [ 67%] [32mBuilding C object CMakeFiles/geometry_msgs__rosidl_typesupport_introspection_c.dir/rosidl_typesupport_introspection_c/geometry_msgs/msg/detail/polygon_stamped__type_support.c.o[0m
[101.011s] [ 67%] [32mBuilding CXX object CMakeFiles/geometry_msgs__rosidl_typesupport_c.dir/rosidl_typesupport_c/geometry_msgs/msg/accel__type_support.cpp.o[0m
[101.067s] [ 67%] [32mBuilding CXX object CMakeFiles/geometry_msgs__rosidl_typesupport_c.dir/rosidl_typesupport_c/geometry_msgs/msg/accel_stamped__type_support.cpp.o[0m
[101.127s] [ 67%] [32mBuilding C object CMakeFiles/geometry_msgs__rosidl_typesupport_introspection_c.dir/rosidl_typesupport_introspection_c/geometry_msgs/msg/detail/pose__type_support.c.o[0m
[101.143s] [ 68%] [32mBuilding C object CMakeFiles/geometry_msgs__rosidl_typesupport_introspection_c.dir/rosidl_typesupport_introspection_c/geometry_msgs/msg/detail/pose2_d__type_support.c.o[0m
[101.161s] [ 69%] [32mBuilding CXX object CMakeFiles/geometry_msgs__rosidl_typesupport_c.dir/rosidl_typesupport_c/geometry_msgs/msg/accel_with_covariance__type_support.cpp.o[0m
[101.259s] [ 69%] [32mBuilding C object CMakeFiles/geometry_msgs__rosidl_typesupport_introspection_c.dir/rosidl_typesupport_introspection_c/geometry_msgs/msg/detail/pose_array__type_support.c.o[0m
[101.271s] [ 69%] [32mBuilding C object CMakeFiles/geometry_msgs__rosidl_typesupport_introspection_c.dir/rosidl_typesupport_introspection_c/geometry_msgs/msg/detail/pose_stamped__type_support.c.o[0m
[101.272s] [ 69%] [32mBuilding CXX object CMakeFiles/geometry_msgs__rosidl_typesupport_c.dir/rosidl_typesupport_c/geometry_msgs/msg/accel_with_covariance_stamped__type_support.cpp.o[0m
[101.385s] [ 69%] [32mBuilding CXX object CMakeFiles/geometry_msgs__rosidl_typesupport_c.dir/rosidl_typesupport_c/geometry_msgs/msg/inertia__type_support.cpp.o[0m
[101.400s] [ 70%] [32mBuilding C object CMakeFiles/geometry_msgs__rosidl_typesupport_introspection_c.dir/rosidl_typesupport_introspection_c/geometry_msgs/msg/detail/pose_with_covariance__type_support.c.o[0m
[101.491s] [ 70%] [32mBuilding CXX object CMakeFiles/geometry_msgs__rosidl_typesupport_c.dir/rosidl_typesupport_c/geometry_msgs/msg/point__type_support.cpp.o[0m
[101.530s] [ 70%] [32mBuilding C object CMakeFiles/geometry_msgs__rosidl_typesupport_introspection_c.dir/rosidl_typesupport_introspection_c/geometry_msgs/msg/detail/pose_with_covariance_stamped__type_support.c.o[0m
[101.595s] [ 71%] [32mBuilding CXX object CMakeFiles/geometry_msgs__rosidl_typesupport_c.dir/rosidl_typesupport_c/geometry_msgs/msg/point32__type_support.cpp.o[0m
[101.657s] [ 72%] [32mBuilding C object CMakeFiles/geometry_msgs__rosidl_typesupport_introspection_c.dir/rosidl_typesupport_introspection_c/geometry_msgs/msg/detail/quaternion__type_support.c.o[0m
[101.700s] [ 72%] [32mBuilding CXX object CMakeFiles/geometry_msgs__rosidl_typesupport_c.dir/rosidl_typesupport_c/geometry_msgs/msg/point_stamped__type_support.cpp.o[0m
[101.776s] [ 72%] [32mBuilding C object CMakeFiles/geometry_msgs__rosidl_typesupport_introspection_c.dir/rosidl_typesupport_introspection_c/geometry_msgs/msg/detail/quaternion_stamped__type_support.c.o[0m
[101.809s] [ 72%] [32mBuilding CXX object CMakeFiles/geometry_msgs__rosidl_typesupport_c.dir/rosidl_typesupport_c/geometry_msgs/msg/polygon__type_support.cpp.o[0m
[101.903s] [ 73%] [32mBuilding C object CMakeFiles/geometry_msgs__rosidl_typesupport_introspection_c.dir/rosidl_typesupport_introspection_c/geometry_msgs/msg/detail/transform__type_support.c.o[0m
[101.903s] [ 73%] [32mBuilding CXX object CMakeFiles/geometry_msgs__rosidl_typesupport_c.dir/rosidl_typesupport_c/geometry_msgs/msg/polygon_stamped__type_support.cpp.o[0m
[101.916s] [ 75%] [32mBuilding C object CMakeFiles/geometry_msgs__rosidl_typesupport_introspection_c.dir/rosidl_typesupport_introspection_c/geometry_msgs/msg/detail/transform_stamped__type_support.c.o[0m
[101.916s] [ 75%] [32mBuilding CXX object CMakeFiles/geometry_msgs__rosidl_typesupport_c.dir/rosidl_typesupport_c/geometry_msgs/msg/inertia_stamped__type_support.cpp.o[0m
[102.031s] [ 75%] [32mBuilding CXX object CMakeFiles/geometry_msgs__rosidl_typesupport_c.dir/rosidl_typesupport_c/geometry_msgs/msg/pose__type_support.cpp.o[0m
[102.032s] [ 75%] [32mBuilding C object CMakeFiles/geometry_msgs__rosidl_typesupport_introspection_c.dir/rosidl_typesupport_introspection_c/geometry_msgs/msg/detail/twist__type_support.c.o[0m
[102.040s] [ 76%] [32mBuilding CXX object CMakeFiles/geometry_msgs__rosidl_typesupport_c.dir/rosidl_typesupport_c/geometry_msgs/msg/pose2_d__type_support.cpp.o[0m
[102.070s] [ 76%] [32mBuilding C object CMakeFiles/geometry_msgs__rosidl_typesupport_introspection_c.dir/rosidl_typesupport_introspection_c/geometry_msgs/msg/detail/twist_stamped__type_support.c.o[0m
[102.163s] [ 77%] [32mBuilding C object CMakeFiles/geometry_msgs__rosidl_typesupport_introspection_c.dir/rosidl_typesupport_introspection_c/geometry_msgs/msg/detail/twist_with_covariance__type_support.c.o[0m
[102.173s] [ 77%] [32mBuilding CXX object CMakeFiles/geometry_msgs__rosidl_typesupport_c.dir/rosidl_typesupport_c/geometry_msgs/msg/pose_array__type_support.cpp.o[0m
[102.188s] [ 77%] [32mBuilding CXX object CMakeFiles/geometry_msgs__rosidl_typesupport_c.dir/rosidl_typesupport_c/geometry_msgs/msg/pose_stamped__type_support.cpp.o[0m
[102.210s] [ 77%] [32mBuilding C object CMakeFiles/geometry_msgs__rosidl_typesupport_introspection_c.dir/rosidl_typesupport_introspection_c/geometry_msgs/msg/detail/twist_with_covariance_stamped__type_support.c.o[0m
[102.313s] [ 78%] [32mBuilding CXX object CMakeFiles/geometry_msgs__rosidl_typesupport_c.dir/rosidl_typesupport_c/geometry_msgs/msg/pose_with_covariance__type_support.cpp.o[0m
[102.320s] [ 78%] [32mBuilding CXX object CMakeFiles/geometry_msgs__rosidl_typesupport_c.dir/rosidl_typesupport_c/geometry_msgs/msg/pose_with_covariance_stamped__type_support.cpp.o[0m
[102.326s] [ 79%] [32mBuilding C object CMakeFiles/geometry_msgs__rosidl_typesupport_introspection_c.dir/rosidl_typesupport_introspection_c/geometry_msgs/msg/detail/vector3__type_support.c.o[0m
[102.429s] [ 80%] [32mBuilding C object CMakeFiles/geometry_msgs__rosidl_typesupport_introspection_c.dir/rosidl_typesupport_introspection_c/geometry_msgs/msg/detail/vector3_stamped__type_support.c.o[0m
[102.430s] [ 80%] [32mBuilding CXX object CMakeFiles/geometry_msgs__rosidl_typesupport_c.dir/rosidl_typesupport_c/geometry_msgs/msg/quaternion__type_support.cpp.o[0m
[102.437s] [ 80%] [32mBuilding CXX object CMakeFiles/geometry_msgs__rosidl_typesupport_c.dir/rosidl_typesupport_c/geometry_msgs/msg/quaternion_stamped__type_support.cpp.o[0m
[102.451s] [ 80%] [32mBuilding C object CMakeFiles/geometry_msgs__rosidl_typesupport_introspection_c.dir/rosidl_typesupport_introspection_c/geometry_msgs/msg/detail/wrench__type_support.c.o[0m
[102.543s] [ 80%] [32mBuilding CXX object CMakeFiles/geometry_msgs__rosidl_typesupport_c.dir/rosidl_typesupport_c/geometry_msgs/msg/transform__type_support.cpp.o[0m
[102.562s] [ 81%] [32mBuilding CXX object CMakeFiles/geometry_msgs__rosidl_typesupport_c.dir/rosidl_typesupport_c/geometry_msgs/msg/transform_stamped__type_support.cpp.o[0m
[102.574s] [ 82%] [32mBuilding C object CMakeFiles/geometry_msgs__rosidl_typesupport_introspection_c.dir/rosidl_typesupport_introspection_c/geometry_msgs/msg/detail/wrench_stamped__type_support.c.o[0m
[102.655s] [ 82%] [32mBuilding CXX object CMakeFiles/geometry_msgs__rosidl_typesupport_c.dir/rosidl_typesupport_c/geometry_msgs/msg/twist__type_support.cpp.o[0m
[102.677s] [ 82%] [32mBuilding CXX object CMakeFiles/geometry_msgs__rosidl_typesupport_c.dir/rosidl_typesupport_c/geometry_msgs/msg/twist_stamped__type_support.cpp.o[0m
[102.715s] [ 82%] [32m[1mLinking C shared library libgeometry_msgs__rosidl_typesupport_introspection_c.so[0m
[102.766s] [ 83%] [32mBuilding CXX object CMakeFiles/geometry_msgs__rosidl_typesupport_c.dir/rosidl_typesupport_c/geometry_msgs/msg/twist_with_covariance__type_support.cpp.o[0m
[102.791s] [ 83%] [32mBuilding CXX object CMakeFiles/geometry_msgs__rosidl_typesupport_c.dir/rosidl_typesupport_c/geometry_msgs/msg/twist_with_covariance_stamped__type_support.cpp.o[0m
[102.843s] [ 83%] Built target geometry_msgs__rosidl_typesupport_introspection_c
[102.870s] [ 83%] [32mBuilding CXX object CMakeFiles/geometry_msgs__rosidl_typesupport_c.dir/rosidl_typesupport_c/geometry_msgs/msg/vector3_stamped__type_support.cpp.o[0m
[102.879s] [ 84%] [32mBuilding CXX object CMakeFiles/geometry_msgs__rosidl_typesupport_c.dir/rosidl_typesupport_c/geometry_msgs/msg/vector3__type_support.cpp.o[0m
[102.906s] [ 84%] [32mBuilding CXX object CMakeFiles/geometry_msgs__rosidl_typesupport_c.dir/rosidl_typesupport_c/geometry_msgs/msg/wrench__type_support.cpp.o[0m
[102.981s] [ 85%] [32mBuilding CXX object CMakeFiles/geometry_msgs__rosidl_typesupport_c.dir/rosidl_typesupport_c/geometry_msgs/msg/wrench_stamped__type_support.cpp.o[0m
[103.087s] [ 85%] [32m[1mLinking CXX shared library libgeometry_msgs__rosidl_typesupport_c.so[0m
[103.229s] [ 85%] Built target geometry_msgs__rosidl_typesupport_c
[103.286s] [ 85%] Built target geometry_msgs
[103.348s] [ 85%] [34m[1mGenerating Python code for ROS interfaces[0m
[121.362s] [ 85%] Built target geometry_msgs__py
[121.426s] [ 86%] [32mBuilding C object CMakeFiles/geometry_msgs__rosidl_generator_py.dir/rosidl_generator_py/geometry_msgs/msg/_accel_stamped_s.c.o[0m
[121.427s] [ 87%] [32mBuilding C object CMakeFiles/geometry_msgs__rosidl_generator_py.dir/rosidl_generator_py/geometry_msgs/msg/_accel_with_covariance_s.c.o[0m
[121.428s] [ 87%] [32mBuilding C object CMakeFiles/geometry_msgs__rosidl_generator_py.dir/rosidl_generator_py/geometry_msgs/msg/_accel_s.c.o[0m
[121.433s] [ 87%] [32mBuilding C object CMakeFiles/geometry_msgs__rosidl_generator_py.dir/rosidl_generator_py/geometry_msgs/msg/_accel_with_covariance_stamped_s.c.o[0m
[121.868s] [ 87%] [32mBuilding C object CMakeFiles/geometry_msgs__rosidl_generator_py.dir/rosidl_generator_py/geometry_msgs/msg/_inertia_s.c.o[0m
[121.885s] [ 88%] [32mBuilding C object CMakeFiles/geometry_msgs__rosidl_generator_py.dir/rosidl_generator_py/geometry_msgs/msg/_inertia_stamped_s.c.o[0m
[121.893s] [ 88%] [32mBuilding C object CMakeFiles/geometry_msgs__rosidl_generator_py.dir/rosidl_generator_py/geometry_msgs/msg/_point_s.c.o[0m
[121.905s] [ 89%] [32mBuilding C object CMakeFiles/geometry_msgs__rosidl_generator_py.dir/rosidl_generator_py/geometry_msgs/msg/_point32_s.c.o[0m
[122.321s] [ 89%] [32mBuilding C object CMakeFiles/geometry_msgs__rosidl_generator_py.dir/rosidl_generator_py/geometry_msgs/msg/_point_stamped_s.c.o[0m
[122.327s] [ 89%] [32mBuilding C object CMakeFiles/geometry_msgs__rosidl_generator_py.dir/rosidl_generator_py/geometry_msgs/msg/_polygon_s.c.o[0m
[122.339s] [ 90%] [32mBuilding C object CMakeFiles/geometry_msgs__rosidl_generator_py.dir/rosidl_generator_py/geometry_msgs/msg/_polygon_stamped_s.c.o[0m
[122.345s] [ 90%] [32mBuilding C object CMakeFiles/geometry_msgs__rosidl_generator_py.dir/rosidl_generator_py/geometry_msgs/msg/_pose_s.c.o[0m
[122.760s] [ 90%] [32mBuilding C object CMakeFiles/geometry_msgs__rosidl_generator_py.dir/rosidl_generator_py/geometry_msgs/msg/_pose2_d_s.c.o[0m
[122.778s] [ 91%] [32mBuilding C object CMakeFiles/geometry_msgs__rosidl_generator_py.dir/rosidl_generator_py/geometry_msgs/msg/_pose_stamped_s.c.o[0m
[122.779s] [ 91%] [32mBuilding C object CMakeFiles/geometry_msgs__rosidl_generator_py.dir/rosidl_generator_py/geometry_msgs/msg/_pose_array_s.c.o[0m
[122.787s] [ 92%] [32mBuilding C object CMakeFiles/geometry_msgs__rosidl_generator_py.dir/rosidl_generator_py/geometry_msgs/msg/_pose_with_covariance_s.c.o[0m
[123.214s] [ 92%] [32mBuilding C object CMakeFiles/geometry_msgs__rosidl_generator_py.dir/rosidl_generator_py/geometry_msgs/msg/_pose_with_covariance_stamped_s.c.o[0m
[123.239s] [ 93%] [32mBuilding C object CMakeFiles/geometry_msgs__rosidl_generator_py.dir/rosidl_generator_py/geometry_msgs/msg/_quaternion_s.c.o[0m
[123.239s] [ 93%] [32mBuilding C object CMakeFiles/geometry_msgs__rosidl_generator_py.dir/rosidl_generator_py/geometry_msgs/msg/_quaternion_stamped_s.c.o[0m
[123.275s] [ 93%] [32mBuilding C object CMakeFiles/geometry_msgs__rosidl_generator_py.dir/rosidl_generator_py/geometry_msgs/msg/_transform_s.c.o[0m
[123.667s] [ 94%] [32mBuilding C object CMakeFiles/geometry_msgs__rosidl_generator_py.dir/rosidl_generator_py/geometry_msgs/msg/_transform_stamped_s.c.o[0m
[123.676s] [ 94%] [32mBuilding C object CMakeFiles/geometry_msgs__rosidl_generator_py.dir/rosidl_generator_py/geometry_msgs/msg/_twist_s.c.o[0m
[123.704s] [ 94%] [32mBuilding C object CMakeFiles/geometry_msgs__rosidl_generator_py.dir/rosidl_generator_py/geometry_msgs/msg/_twist_stamped_s.c.o[0m
[123.721s] [ 95%] [32mBuilding C object CMakeFiles/geometry_msgs__rosidl_generator_py.dir/rosidl_generator_py/geometry_msgs/msg/_twist_with_covariance_s.c.o[0m
[124.125s] [ 95%] [32mBuilding C object CMakeFiles/geometry_msgs__rosidl_generator_py.dir/rosidl_generator_py/geometry_msgs/msg/_twist_with_covariance_stamped_s.c.o[0m
[124.136s] [ 96%] [32mBuilding C object CMakeFiles/geometry_msgs__rosidl_generator_py.dir/rosidl_generator_py/geometry_msgs/msg/_vector3_s.c.o[0m
[124.143s] [ 96%] [32mBuilding C object CMakeFiles/geometry_msgs__rosidl_generator_py.dir/rosidl_generator_py/geometry_msgs/msg/_vector3_stamped_s.c.o[0m
[124.212s] [ 96%] [32mBuilding C object CMakeFiles/geometry_msgs__rosidl_generator_py.dir/rosidl_generator_py/geometry_msgs/msg/_wrench_s.c.o[0m
[124.564s] [ 97%] [32mBuilding C object CMakeFiles/geometry_msgs__rosidl_generator_py.dir/rosidl_generator_py/geometry_msgs/msg/_wrench_stamped_s.c.o[0m
[124.965s] [ 97%] [32m[1mLinking C shared library rosidl_generator_py/geometry_msgs/libgeometry_msgs__rosidl_generator_py.so[0m
[125.123s] [ 97%] Built target geometry_msgs__rosidl_generator_py
[125.184s] [ 99%] [32mBuilding C object CMakeFiles/geometry_msgs__rosidl_typesupport_introspection_c__pyext.dir/rosidl_generator_py/geometry_msgs/_geometry_msgs_s.ep.rosidl_typesupport_introspection_c.c.o[0m
[125.185s] [ 99%] [32mBuilding C object CMakeFiles/geometry_msgs__rosidl_typesupport_fastrtps_c__pyext.dir/rosidl_generator_py/geometry_msgs/_geometry_msgs_s.ep.rosidl_typesupport_fastrtps_c.c.o[0m
[125.210s] [100%] [32mBuilding C object CMakeFiles/geometry_msgs__rosidl_typesupport_c__pyext.dir/rosidl_generator_py/geometry_msgs/_geometry_msgs_s.ep.rosidl_typesupport_c.c.o[0m
[125.997s] [100%] [32m[1mLinking C shared library rosidl_generator_py/geometry_msgs/geometry_msgs_s__rosidl_typesupport_fastrtps_c.cpython-310-aarch64-linux-gnu.so[0m
[125.998s] [100%] [32m[1mLinking C shared library rosidl_generator_py/geometry_msgs/geometry_msgs_s__rosidl_typesupport_introspection_c.cpython-310-aarch64-linux-gnu.so[0m
[126.022s] [100%] [32m[1mLinking C shared library rosidl_generator_py/geometry_msgs/geometry_msgs_s__rosidl_typesupport_c.cpython-310-aarch64-linux-gnu.so[0m
[126.169s] [100%] Built target geometry_msgs__rosidl_typesupport_fastrtps_c__pyext
[126.176s] [100%] Built target geometry_msgs__rosidl_typesupport_introspection_c__pyext
[126.180s] [100%] Built target geometry_msgs__rosidl_typesupport_c__pyext
[126.217s] Invoked command in '/ros2_ws/build/geometry_msgs' returned '0': AMENT_PREFIX_PATH=/ros2_ws/install/std_msgs:${AMENT_PREFIX_PATH} CMAKE_PREFIX_PATH=/ros2_ws/install/std_msgs:/opt/ros/humble LD_LIBRARY_PATH=/ros2_ws/install/std_msgs/lib:${LD_LIBRARY_PATH} PYTHONPATH=/ros2_ws/install/std_msgs/local/lib/python3.10/dist-packages:${PYTHONPATH} /usr/bin/cmake --build /ros2_ws/build/geometry_msgs -- -j4 -l4
[126.222s] Invoking command in '/ros2_ws/build/geometry_msgs': AMENT_PREFIX_PATH=/ros2_ws/install/std_msgs:${AMENT_PREFIX_PATH} CMAKE_PREFIX_PATH=/ros2_ws/install/std_msgs:/opt/ros/humble LD_LIBRARY_PATH=/ros2_ws/install/std_msgs/lib:${LD_LIBRARY_PATH} PYTHONPATH=/ros2_ws/install/std_msgs/local/lib/python3.10/dist-packages:${PYTHONPATH} /usr/bin/cmake --install /ros2_ws/build/geometry_msgs
[126.245s] -- Install configuration: ""
[126.246s] -- Installing: /ros2_ws/install/geometry_msgs/share/ament_index/resource_index/rosidl_interfaces/geometry_msgs
[126.246s] -- Installing: /ros2_ws/install/geometry_msgs/include/geometry_msgs/geometry_msgs
[126.247s] -- Installing: /ros2_ws/install/geometry_msgs/include/geometry_msgs/geometry_msgs/msg
[126.247s] -- Installing: /ros2_ws/install/geometry_msgs/include/geometry_msgs/geometry_msgs/msg/polygon.h
[126.248s] -- Installing: /ros2_ws/install/geometry_msgs/include/geometry_msgs/geometry_msgs/msg/twist.h
[126.248s] -- Installing: /ros2_ws/install/geometry_msgs/include/geometry_msgs/geometry_msgs/msg/accel_with_covariance.h
[126.248s] -- Installing: /ros2_ws/install/geometry_msgs/include/geometry_msgs/geometry_msgs/msg/quaternion.h
[126.249s] -- Installing: /ros2_ws/install/geometry_msgs/include/geometry_msgs/geometry_msgs/msg/point.h
[126.249s] -- Installing: /ros2_ws/install/geometry_msgs/include/geometry_msgs/geometry_msgs/msg/point_stamped.h
[126.249s] -- Installing: /ros2_ws/install/geometry_msgs/include/geometry_msgs/geometry_msgs/msg/vector3_stamped.h
[126.250s] -- Installing: /ros2_ws/install/geometry_msgs/include/geometry_msgs/geometry_msgs/msg/twist_stamped.h
[126.250s] -- Installing: /ros2_ws/install/geometry_msgs/include/geometry_msgs/geometry_msgs/msg/transform.h
[126.250s] -- Installing: /ros2_ws/install/geometry_msgs/include/geometry_msgs/geometry_msgs/msg/polygon_stamped.h
[126.251s] -- Installing: /ros2_ws/install/geometry_msgs/include/geometry_msgs/geometry_msgs/msg/twist_with_covariance.h
[126.251s] -- Installing: /ros2_ws/install/geometry_msgs/include/geometry_msgs/geometry_msgs/msg/vector3.h
[126.251s] -- Installing: /ros2_ws/install/geometry_msgs/include/geometry_msgs/geometry_msgs/msg/transform_stamped.h
[126.252s] -- Installing: /ros2_ws/install/geometry_msgs/include/geometry_msgs/geometry_msgs/msg/accel_with_covariance_stamped.h
[126.252s] -- Installing: /ros2_ws/install/geometry_msgs/include/geometry_msgs/geometry_msgs/msg/pose2_d.h
[126.253s] -- Installing: /ros2_ws/install/geometry_msgs/include/geometry_msgs/geometry_msgs/msg/point32.h
[126.253s] -- Installing: /ros2_ws/install/geometry_msgs/include/geometry_msgs/geometry_msgs/msg/quaternion_stamped.h
[126.253s] -- Installing: /ros2_ws/install/geometry_msgs/include/geometry_msgs/geometry_msgs/msg/pose.h
[126.254s] -- Installing: /ros2_ws/install/geometry_msgs/include/geometry_msgs/geometry_msgs/msg/pose_array.h
[126.254s] -- Installing: /ros2_ws/install/geometry_msgs/include/geometry_msgs/geometry_msgs/msg/accel_stamped.h
[126.254s] -- Installing: /ros2_ws/install/geometry_msgs/include/geometry_msgs/geometry_msgs/msg/twist_with_covariance_stamped.h
[126.255s] -- Installing: /ros2_ws/install/geometry_msgs/include/geometry_msgs/geometry_msgs/msg/pose_with_covariance_stamped.h
[126.255s] -- Installing: /ros2_ws/install/geometry_msgs/include/geometry_msgs/geometry_msgs/msg/wrench_stamped.h
[126.256s] -- Installing: /ros2_ws/install/geometry_msgs/include/geometry_msgs/geometry_msgs/msg/inertia_stamped.h
[126.256s] -- Installing: /ros2_ws/install/geometry_msgs/include/geometry_msgs/geometry_msgs/msg/wrench.h
[126.257s] -- Installing: /ros2_ws/install/geometry_msgs/include/geometry_msgs/geometry_msgs/msg/detail
[126.257s] -- Installing: /ros2_ws/install/geometry_msgs/include/geometry_msgs/geometry_msgs/msg/detail/pose_with_covariance__functions.c
[126.258s] -- Installing: /ros2_ws/install/geometry_msgs/include/geometry_msgs/geometry_msgs/msg/detail/transform_stamped__struct.h
[126.258s] -- Installing: /ros2_ws/install/geometry_msgs/include/geometry_msgs/geometry_msgs/msg/detail/vector3__functions.c
[126.259s] -- Installing: /ros2_ws/install/geometry_msgs/include/geometry_msgs/geometry_msgs/msg/detail/point_stamped__type_support.h
[126.259s] -- Installing: /ros2_ws/install/geometry_msgs/include/geometry_msgs/geometry_msgs/msg/detail/pose_with_covariance__type_support.h
[126.259s] -- Installing: /ros2_ws/install/geometry_msgs/include/geometry_msgs/geometry_msgs/msg/detail/point32__functions.h
[126.260s] -- Installing: /ros2_ws/install/geometry_msgs/include/geometry_msgs/geometry_msgs/msg/detail/pose_array__type_support.h
[126.260s] -- Installing: /ros2_ws/install/geometry_msgs/include/geometry_msgs/geometry_msgs/msg/detail/twist__functions.c
[126.261s] -- Installing: /ros2_ws/install/geometry_msgs/include/geometry_msgs/geometry_msgs/msg/detail/twist_with_covariance__functions.c
[126.261s] -- Installing: /ros2_ws/install/geometry_msgs/include/geometry_msgs/geometry_msgs/msg/detail/wrench__type_support.h
[126.262s] -- Installing: /ros2_ws/install/geometry_msgs/include/geometry_msgs/geometry_msgs/msg/detail/point32__struct.h
[126.262s] -- Installing: /ros2_ws/install/geometry_msgs/include/geometry_msgs/geometry_msgs/msg/detail/pose_stamped__struct.h
[126.262s] -- Installing: /ros2_ws/install/geometry_msgs/include/geometry_msgs/geometry_msgs/msg/detail/polygon__functions.h
[126.263s] -- Installing: /ros2_ws/install/geometry_msgs/include/geometry_msgs/geometry_msgs/msg/detail/vector3_stamped__struct.h
[126.263s] -- Installing: /ros2_ws/install/geometry_msgs/include/geometry_msgs/geometry_msgs/msg/detail/wrench__functions.c
[126.264s] -- Installing: /ros2_ws/install/geometry_msgs/include/geometry_msgs/geometry_msgs/msg/detail/transform__type_support.h
[126.264s] -- Installing: /ros2_ws/install/geometry_msgs/include/geometry_msgs/geometry_msgs/msg/detail/accel_stamped__struct.h
[126.264s] -- Installing: /ros2_ws/install/geometry_msgs/include/geometry_msgs/geometry_msgs/msg/detail/twist__type_support.h
[126.265s] -- Installing: /ros2_ws/install/geometry_msgs/include/geometry_msgs/geometry_msgs/msg/detail/pose__type_support.h
[126.265s] -- Installing: /ros2_ws/install/geometry_msgs/include/geometry_msgs/geometry_msgs/msg/detail/accel_with_covariance_stamped__type_support.h
[126.266s] -- Installing: /ros2_ws/install/geometry_msgs/include/geometry_msgs/geometry_msgs/msg/detail/quaternion__struct.h
[126.266s] -- Installing: /ros2_ws/install/geometry_msgs/include/geometry_msgs/geometry_msgs/msg/detail/accel_with_covariance__type_support.h
[126.266s] -- Installing: /ros2_ws/install/geometry_msgs/include/geometry_msgs/geometry_msgs/msg/detail/pose_stamped__type_support.h
[126.267s] -- Installing: /ros2_ws/install/geometry_msgs/include/geometry_msgs/geometry_msgs/msg/detail/polygon_stamped__type_support.h
[126.267s] -- Installing: /ros2_ws/install/geometry_msgs/include/geometry_msgs/geometry_msgs/msg/detail/twist_with_covariance_stamped__struct.h
[126.268s] -- Installing: /ros2_ws/install/geometry_msgs/include/geometry_msgs/geometry_msgs/msg/detail/accel__functions.c
[126.268s] -- Installing: /ros2_ws/install/geometry_msgs/include/geometry_msgs/geometry_msgs/msg/detail/inertia__functions.c
[126.269s] -- Installing: /ros2_ws/install/geometry_msgs/include/geometry_msgs/geometry_msgs/msg/detail/pose_stamped__functions.c
[126.269s] -- Installing: /ros2_ws/install/geometry_msgs/include/geometry_msgs/geometry_msgs/msg/detail/accel_with_covariance_stamped__functions.c
[126.270s] -- Installing: /ros2_ws/install/geometry_msgs/include/geometry_msgs/geometry_msgs/msg/detail/twist_stamped__struct.h
[126.270s] -- Installing: /ros2_ws/install/geometry_msgs/include/geometry_msgs/geometry_msgs/msg/detail/pose2_d__struct.h
[126.270s] -- Installing: /ros2_ws/install/geometry_msgs/include/geometry_msgs/geometry_msgs/msg/detail/pose__functions.c
[126.271s] -- Installing: /ros2_ws/install/geometry_msgs/include/geometry_msgs/geometry_msgs/msg/detail/twist__functions.h
[126.271s] -- Installing: /ros2_ws/install/geometry_msgs/include/geometry_msgs/geometry_msgs/msg/detail/polygon__type_support.h
[126.272s] -- Installing: /ros2_ws/install/geometry_msgs/include/geometry_msgs/geometry_msgs/msg/detail/accel_stamped__functions.h
[126.272s] -- Installing: /ros2_ws/install/geometry_msgs/include/geometry_msgs/geometry_msgs/msg/detail/wrench_stamped__functions.c
[126.273s] -- Installing: /ros2_ws/install/geometry_msgs/include/geometry_msgs/geometry_msgs/msg/detail/twist_with_covariance_stamped__functions.c
[126.273s] -- Installing: /ros2_ws/install/geometry_msgs/include/geometry_msgs/geometry_msgs/msg/detail/accel_with_covariance_stamped__struct.h
[126.274s] -- Installing: /ros2_ws/install/geometry_msgs/include/geometry_msgs/geometry_msgs/msg/detail/point_stamped__functions.h
[126.274s] -- Installing: /ros2_ws/install/geometry_msgs/include/geometry_msgs/geometry_msgs/msg/detail/polygon__functions.c
[126.274s] -- Installing: /ros2_ws/install/geometry_msgs/include/geometry_msgs/geometry_msgs/msg/detail/transform__functions.c
[126.275s] -- Installing: /ros2_ws/install/geometry_msgs/include/geometry_msgs/geometry_msgs/msg/detail/polygon_stamped__functions.h
[126.275s] -- Installing: /ros2_ws/install/geometry_msgs/include/geometry_msgs/geometry_msgs/msg/detail/point_stamped__functions.c
[126.276s] -- Installing: /ros2_ws/install/geometry_msgs/include/geometry_msgs/geometry_msgs/msg/detail/twist_with_covariance__type_support.h
[126.276s] -- Installing: /ros2_ws/install/geometry_msgs/include/geometry_msgs/geometry_msgs/msg/detail/inertia__type_support.h
[126.276s] -- Installing: /ros2_ws/install/geometry_msgs/include/geometry_msgs/geometry_msgs/msg/detail/quaternion_stamped__struct.h
[126.277s] -- Installing: /ros2_ws/install/geometry_msgs/include/geometry_msgs/geometry_msgs/msg/detail/inertia__functions.h
[126.277s] -- Installing: /ros2_ws/install/geometry_msgs/include/geometry_msgs/geometry_msgs/msg/detail/vector3_stamped__functions.c
[126.278s] -- Installing: /ros2_ws/install/geometry_msgs/include/geometry_msgs/geometry_msgs/msg/detail/quaternion__type_support.h
[126.278s] -- Installing: /ros2_ws/install/geometry_msgs/include/geometry_msgs/geometry_msgs/msg/detail/accel_with_covariance__functions.h
[126.279s] -- Installing: /ros2_ws/install/geometry_msgs/include/geometry_msgs/geometry_msgs/msg/detail/vector3_stamped__type_support.h
[126.279s] -- Installing: /ros2_ws/install/geometry_msgs/include/geometry_msgs/geometry_msgs/msg/detail/vector3__struct.h
[126.279s] -- Installing: /ros2_ws/install/geometry_msgs/include/geometry_msgs/geometry_msgs/msg/detail/wrench_stamped__functions.h
[126.280s] -- Installing: /ros2_ws/install/geometry_msgs/include/geometry_msgs/geometry_msgs/msg/detail/twist_stamped__type_support.h
[126.280s] -- Installing: /ros2_ws/install/geometry_msgs/include/geometry_msgs/geometry_msgs/msg/detail/pose2_d__type_support.h
[126.281s] -- Installing: /ros2_ws/install/geometry_msgs/include/geometry_msgs/geometry_msgs/msg/detail/accel_stamped__type_support.h
[126.281s] -- Installing: /ros2_ws/install/geometry_msgs/include/geometry_msgs/geometry_msgs/msg/detail/twist_with_covariance_stamped__type_support.h
[126.282s] -- Installing: /ros2_ws/install/geometry_msgs/include/geometry_msgs/geometry_msgs/msg/detail/pose2_d__functions.c
[126.282s] -- Installing: /ros2_ws/install/geometry_msgs/include/geometry_msgs/geometry_msgs/msg/detail/polygon_stamped__struct.h
[126.282s] -- Installing: /ros2_ws/install/geometry_msgs/include/geometry_msgs/geometry_msgs/msg/detail/wrench_stamped__struct.h
[126.283s] -- Installing: /ros2_ws/install/geometry_msgs/include/geometry_msgs/geometry_msgs/msg/detail/transform__struct.h
[126.283s] -- Installing: /ros2_ws/install/geometry_msgs/include/geometry_msgs/geometry_msgs/msg/detail/point_stamped__struct.h
[126.284s] -- Installing: /ros2_ws/install/geometry_msgs/include/geometry_msgs/geometry_msgs/msg/detail/twist_stamped__functions.h
[126.284s] -- Installing: /ros2_ws/install/geometry_msgs/include/geometry_msgs/geometry_msgs/msg/detail/inertia_stamped__type_support.h
[126.284s] -- Installing: /ros2_ws/install/geometry_msgs/include/geometry_msgs/geometry_msgs/msg/detail/accel__functions.h
[126.285s] -- Installing: /ros2_ws/install/geometry_msgs/include/geometry_msgs/geometry_msgs/msg/detail/pose_with_covariance_stamped__functions.h
[126.285s] -- Installing: /ros2_ws/install/geometry_msgs/include/geometry_msgs/geometry_msgs/msg/detail/accel_with_covariance__struct.h
[126.286s] -- Installing: /ros2_ws/install/geometry_msgs/include/geometry_msgs/geometry_msgs/msg/detail/vector3_stamped__functions.h
[126.286s] -- Installing: /ros2_ws/install/geometry_msgs/include/geometry_msgs/geometry_msgs/msg/detail/point__struct.h
[126.287s] -- Installing: /ros2_ws/install/geometry_msgs/include/geometry_msgs/geometry_msgs/msg/detail/polygon_stamped__functions.c
[126.287s] -- Installing: /ros2_ws/install/geometry_msgs/include/geometry_msgs/geometry_msgs/msg/detail/wrench_stamped__type_support.h
[126.287s] -- Installing: /ros2_ws/install/geometry_msgs/include/geometry_msgs/geometry_msgs/msg/detail/point__functions.c
[126.288s] -- Installing: /ros2_ws/install/geometry_msgs/include/geometry_msgs/geometry_msgs/msg/detail/point32__functions.c
[126.288s] -- Installing: /ros2_ws/install/geometry_msgs/include/geometry_msgs/geometry_msgs/msg/detail/inertia__struct.h
[126.289s] -- Installing: /ros2_ws/install/geometry_msgs/include/geometry_msgs/geometry_msgs/msg/detail/pose__struct.h
[126.289s] -- Installing: /ros2_ws/install/geometry_msgs/include/geometry_msgs/geometry_msgs/msg/detail/accel_stamped__functions.c
[126.290s] -- Installing: /ros2_ws/install/geometry_msgs/include/geometry_msgs/geometry_msgs/msg/detail/wrench__functions.h
[126.290s] -- Installing: /ros2_ws/install/geometry_msgs/include/geometry_msgs/geometry_msgs/msg/detail/pose_array__functions.h
[126.290s] -- Installing: /ros2_ws/install/geometry_msgs/include/geometry_msgs/geometry_msgs/msg/detail/twist_with_covariance_stamped__functions.h
[126.291s] -- Installing: /ros2_ws/install/geometry_msgs/include/geometry_msgs/geometry_msgs/msg/detail/pose_with_covariance_stamped__type_support.h
[126.291s] -- Installing: /ros2_ws/install/geometry_msgs/include/geometry_msgs/geometry_msgs/msg/detail/accel_with_covariance__functions.c
[126.292s] -- Installing: /ros2_ws/install/geometry_msgs/include/geometry_msgs/geometry_msgs/msg/detail/quaternion_stamped__type_support.h
[126.292s] -- Installing: /ros2_ws/install/geometry_msgs/include/geometry_msgs/geometry_msgs/msg/detail/accel_with_covariance_stamped__functions.h
[126.293s] -- Installing: /ros2_ws/install/geometry_msgs/include/geometry_msgs/geometry_msgs/msg/detail/inertia_stamped__functions.c
[126.293s] -- Installing: /ros2_ws/install/geometry_msgs/include/geometry_msgs/geometry_msgs/msg/detail/polygon__struct.h
[126.294s] -- Installing: /ros2_ws/install/geometry_msgs/include/geometry_msgs/geometry_msgs/msg/detail/twist_with_covariance__struct.h
[126.294s] -- Installing: /ros2_ws/install/geometry_msgs/include/geometry_msgs/geometry_msgs/msg/detail/vector3__type_support.h
[126.294s] -- Installing: /ros2_ws/install/geometry_msgs/include/geometry_msgs/geometry_msgs/msg/detail/vector3__functions.h
[126.295s] -- Installing: /ros2_ws/install/geometry_msgs/include/geometry_msgs/geometry_msgs/msg/detail/quaternion_stamped__functions.h
[126.295s] -- Installing: /ros2_ws/install/geometry_msgs/include/geometry_msgs/geometry_msgs/msg/detail/pose__functions.h
[126.296s] -- Installing: /ros2_ws/install/geometry_msgs/include/geometry_msgs/geometry_msgs/msg/detail/transform_stamped__type_support.h
[126.296s] -- Installing: /ros2_ws/install/geometry_msgs/include/geometry_msgs/geometry_msgs/msg/detail/wrench__struct.h
[126.296s] -- Installing: /ros2_ws/install/geometry_msgs/include/geometry_msgs/geometry_msgs/msg/detail/pose_array__functions.c
[126.297s] -- Installing: /ros2_ws/install/geometry_msgs/include/geometry_msgs/geometry_msgs/msg/detail/pose_array__struct.h
[126.298s] -- Installing: /ros2_ws/install/geometry_msgs/include/geometry_msgs/geometry_msgs/msg/detail/point32__type_support.h
[126.299s] -- Installing: /ros2_ws/install/geometry_msgs/include/geometry_msgs/geometry_msgs/msg/detail/twist_stamped__functions.c
[126.299s] -- Installing: /ros2_ws/install/geometry_msgs/include/geometry_msgs/geometry_msgs/msg/detail/pose2_d__functions.h
[126.299s] -- Installing: /ros2_ws/install/geometry_msgs/include/geometry_msgs/geometry_msgs/msg/detail/twist__struct.h
[126.300s] -- Installing: /ros2_ws/install/geometry_msgs/include/geometry_msgs/geometry_msgs/msg/detail/transform_stamped__functions.h
[126.300s] -- Installing: /ros2_ws/install/geometry_msgs/include/geometry_msgs/geometry_msgs/msg/detail/pose_with_covariance_stamped__struct.h
[126.300s] -- Installing: /ros2_ws/install/geometry_msgs/include/geometry_msgs/geometry_msgs/msg/detail/quaternion__functions.c
[126.301s] -- Installing: /ros2_ws/install/geometry_msgs/include/geometry_msgs/geometry_msgs/msg/detail/point__functions.h
[126.301s] -- Installing: /ros2_ws/install/geometry_msgs/include/geometry_msgs/geometry_msgs/msg/detail/transform_stamped__functions.c
[126.302s] -- Installing: /ros2_ws/install/geometry_msgs/include/geometry_msgs/geometry_msgs/msg/detail/inertia_stamped__functions.h
[126.302s] -- Installing: /ros2_ws/install/geometry_msgs/include/geometry_msgs/geometry_msgs/msg/detail/transform__functions.h
[126.302s] -- Installing: /ros2_ws/install/geometry_msgs/include/geometry_msgs/geometry_msgs/msg/detail/pose_with_covariance__struct.h
[126.303s] -- Installing: /ros2_ws/install/geometry_msgs/include/geometry_msgs/geometry_msgs/msg/detail/accel__struct.h
[126.303s] -- Installing: /ros2_ws/install/geometry_msgs/include/geometry_msgs/geometry_msgs/msg/detail/pose_with_covariance_stamped__functions.c
[126.304s] -- Installing: /ros2_ws/install/geometry_msgs/include/geometry_msgs/geometry_msgs/msg/detail/pose_stamped__functions.h
[126.304s] -- Installing: /ros2_ws/install/geometry_msgs/include/geometry_msgs/geometry_msgs/msg/detail/inertia_stamped__struct.h
[126.305s] -- Installing: /ros2_ws/install/geometry_msgs/include/geometry_msgs/geometry_msgs/msg/detail/pose_with_covariance__functions.h
[126.305s] -- Installing: /ros2_ws/install/geometry_msgs/include/geometry_msgs/geometry_msgs/msg/detail/accel__type_support.h
[126.306s] -- Installing: /ros2_ws/install/geometry_msgs/include/geometry_msgs/geometry_msgs/msg/detail/quaternion__functions.h
[126.306s] -- Installing: /ros2_ws/install/geometry_msgs/include/geometry_msgs/geometry_msgs/msg/detail/quaternion_stamped__functions.c
[126.307s] -- Installing: /ros2_ws/install/geometry_msgs/include/geometry_msgs/geometry_msgs/msg/detail/point__type_support.h
[126.307s] -- Installing: /ros2_ws/install/geometry_msgs/include/geometry_msgs/geometry_msgs/msg/detail/twist_with_covariance__functions.h
[126.308s] -- Installing: /ros2_ws/install/geometry_msgs/include/geometry_msgs/geometry_msgs/msg/pose_stamped.h
[126.308s] -- Installing: /ros2_ws/install/geometry_msgs/include/geometry_msgs/geometry_msgs/msg/rosidl_generator_c__visibility_control.h
[126.308s] -- Installing: /ros2_ws/install/geometry_msgs/include/geometry_msgs/geometry_msgs/msg/inertia.h
[126.309s] -- Installing: /ros2_ws/install/geometry_msgs/include/geometry_msgs/geometry_msgs/msg/pose_with_covariance.h
[126.309s] -- Installing: /ros2_ws/install/geometry_msgs/include/geometry_msgs/geometry_msgs/msg/accel.h
[126.310s] -- Installing: /ros2_ws/install/geometry_msgs/share/geometry_msgs/environment/library_path.sh
[126.311s] -- Installing: /ros2_ws/install/geometry_msgs/share/geometry_msgs/environment/library_path.dsv
[126.311s] -- Installing: /ros2_ws/install/geometry_msgs/lib/libgeometry_msgs__rosidl_generator_c.so
[126.313s] -- Set runtime path of "/ros2_ws/install/geometry_msgs/lib/libgeometry_msgs__rosidl_generator_c.so" to ""
[126.314s] -- Up-to-date: /ros2_ws/install/geometry_msgs/include/geometry_msgs/geometry_msgs
[126.314s] -- Up-to-date: /ros2_ws/install/geometry_msgs/include/geometry_msgs/geometry_msgs/msg
[126.315s] -- Installing: /ros2_ws/install/geometry_msgs/include/geometry_msgs/geometry_msgs/msg/rosidl_typesupport_fastrtps_c__visibility_control.h
[126.315s] -- Up-to-date: /ros2_ws/install/geometry_msgs/include/geometry_msgs/geometry_msgs/msg/detail
[126.315s] -- Installing: /ros2_ws/install/geometry_msgs/include/geometry_msgs/geometry_msgs/msg/detail/pose__rosidl_typesupport_fastrtps_c.h
[126.316s] -- Installing: /ros2_ws/install/geometry_msgs/include/geometry_msgs/geometry_msgs/msg/detail/point32__rosidl_typesupport_fastrtps_c.h
[126.316s] -- Installing: /ros2_ws/install/geometry_msgs/include/geometry_msgs/geometry_msgs/msg/detail/transform_stamped__rosidl_typesupport_fastrtps_c.h
[126.316s] -- Installing: /ros2_ws/install/geometry_msgs/include/geometry_msgs/geometry_msgs/msg/detail/wrench__rosidl_typesupport_fastrtps_c.h
[126.316s] -- Installing: /ros2_ws/install/geometry_msgs/include/geometry_msgs/geometry_msgs/msg/detail/twist_stamped__rosidl_typesupport_fastrtps_c.h
[126.317s] -- Installing: /ros2_ws/install/geometry_msgs/include/geometry_msgs/geometry_msgs/msg/detail/point__rosidl_typesupport_fastrtps_c.h
[126.317s] -- Installing: /ros2_ws/install/geometry_msgs/include/geometry_msgs/geometry_msgs/msg/detail/vector3_stamped__rosidl_typesupport_fastrtps_c.h
[126.318s] -- Installing: /ros2_ws/install/geometry_msgs/include/geometry_msgs/geometry_msgs/msg/detail/accel__rosidl_typesupport_fastrtps_c.h
[126.318s] -- Installing: /ros2_ws/install/geometry_msgs/include/geometry_msgs/geometry_msgs/msg/detail/polygon__rosidl_typesupport_fastrtps_c.h
[126.319s] -- Installing: /ros2_ws/install/geometry_msgs/include/geometry_msgs/geometry_msgs/msg/detail/pose_array__rosidl_typesupport_fastrtps_c.h
[126.319s] -- Installing: /ros2_ws/install/geometry_msgs/include/geometry_msgs/geometry_msgs/msg/detail/point_stamped__rosidl_typesupport_fastrtps_c.h
[126.320s] -- Installing: /ros2_ws/install/geometry_msgs/include/geometry_msgs/geometry_msgs/msg/detail/vector3__rosidl_typesupport_fastrtps_c.h
[126.320s] -- Installing: /ros2_ws/install/geometry_msgs/include/geometry_msgs/geometry_msgs/msg/detail/accel_stamped__rosidl_typesupport_fastrtps_c.h
[126.321s] -- Installing: /ros2_ws/install/geometry_msgs/include/geometry_msgs/geometry_msgs/msg/detail/pose_with_covariance__rosidl_typesupport_fastrtps_c.h
[126.321s] -- Installing: /ros2_ws/install/geometry_msgs/include/geometry_msgs/geometry_msgs/msg/detail/pose_stamped__rosidl_typesupport_fastrtps_c.h
[126.322s] -- Installing: /ros2_ws/install/geometry_msgs/include/geometry_msgs/geometry_msgs/msg/detail/accel_with_covariance__rosidl_typesupport_fastrtps_c.h
[126.322s] -- Installing: /ros2_ws/install/geometry_msgs/include/geometry_msgs/geometry_msgs/msg/detail/twist_with_covariance_stamped__rosidl_typesupport_fastrtps_c.h
[126.330s] -- Installing: /ros2_ws/install/geometry_msgs/include/geometry_msgs/geometry_msgs/msg/detail/twist_with_covariance__rosidl_typesupport_fastrtps_c.h
[126.330s] -- Installing: /ros2_ws/install/geometry_msgs/include/geometry_msgs/geometry_msgs/msg/detail/wrench_stamped__rosidl_typesupport_fastrtps_c.h
[126.331s] -- Installing: /ros2_ws/install/geometry_msgs/include/geometry_msgs/geometry_msgs/msg/detail/inertia_stamped__rosidl_typesupport_fastrtps_c.h
[126.331s] -- Installing: /ros2_ws/install/geometry_msgs/include/geometry_msgs/geometry_msgs/msg/detail/polygon_stamped__rosidl_typesupport_fastrtps_c.h
[126.331s] -- Installing: /ros2_ws/install/geometry_msgs/include/geometry_msgs/geometry_msgs/msg/detail/accel_with_covariance_stamped__rosidl_typesupport_fastrtps_c.h
[126.332s] -- Installing: /ros2_ws/install/geometry_msgs/include/geometry_msgs/geometry_msgs/msg/detail/pose_with_covariance_stamped__rosidl_typesupport_fastrtps_c.h
[126.332s] -- Installing: /ros2_ws/install/geometry_msgs/include/geometry_msgs/geometry_msgs/msg/detail/quaternion_stamped__rosidl_typesupport_fastrtps_c.h
[126.332s] -- Installing: /ros2_ws/install/geometry_msgs/include/geometry_msgs/geometry_msgs/msg/detail/transform__rosidl_typesupport_fastrtps_c.h
[126.333s] -- Installing: /ros2_ws/install/geometry_msgs/include/geometry_msgs/geometry_msgs/msg/detail/twist__rosidl_typesupport_fastrtps_c.h
[126.333s] -- Installing: /ros2_ws/install/geometry_msgs/include/geometry_msgs/geometry_msgs/msg/detail/inertia__rosidl_typesupport_fastrtps_c.h
[126.334s] -- Installing: /ros2_ws/install/geometry_msgs/include/geometry_msgs/geometry_msgs/msg/detail/quaternion__rosidl_typesupport_fastrtps_c.h
[126.334s] -- Installing: /ros2_ws/install/geometry_msgs/include/geometry_msgs/geometry_msgs/msg/detail/pose2_d__rosidl_typesupport_fastrtps_c.h
[126.334s] -- Installing: /ros2_ws/install/geometry_msgs/lib/libgeometry_msgs__rosidl_typesupport_fastrtps_c.so
[126.335s] -- Set runtime path of "/ros2_ws/install/geometry_msgs/lib/libgeometry_msgs__rosidl_typesupport_fastrtps_c.so" to ""
[126.335s] -- Up-to-date: /ros2_ws/install/geometry_msgs/include/geometry_msgs/geometry_msgs
[126.335s] -- Up-to-date: /ros2_ws/install/geometry_msgs/include/geometry_msgs/geometry_msgs/msg
[126.336s] -- Up-to-date: /ros2_ws/install/geometry_msgs/include/geometry_msgs/geometry_msgs/msg/detail
[126.336s] -- Installing: /ros2_ws/install/geometry_msgs/include/geometry_msgs/geometry_msgs/msg/detail/transform__rosidl_typesupport_introspection_c.h
[126.336s] -- Installing: /ros2_ws/install/geometry_msgs/include/geometry_msgs/geometry_msgs/msg/detail/twist__rosidl_typesupport_introspection_c.h
[126.337s] -- Installing: /ros2_ws/install/geometry_msgs/include/geometry_msgs/geometry_msgs/msg/detail/pose_array__rosidl_typesupport_introspection_c.h
[126.337s] -- Installing: /ros2_ws/install/geometry_msgs/include/geometry_msgs/geometry_msgs/msg/detail/vector3_stamped__type_support.c
[126.338s] -- Installing: /ros2_ws/install/geometry_msgs/include/geometry_msgs/geometry_msgs/msg/detail/pose__type_support.c
[126.338s] -- Installing: /ros2_ws/install/geometry_msgs/include/geometry_msgs/geometry_msgs/msg/detail/vector3_stamped__rosidl_typesupport_introspection_c.h
[126.338s] -- Installing: /ros2_ws/install/geometry_msgs/include/geometry_msgs/geometry_msgs/msg/detail/twist__type_support.c
[126.339s] -- Installing: /ros2_ws/install/geometry_msgs/include/geometry_msgs/geometry_msgs/msg/detail/accel__type_support.c
[126.339s] -- Installing: /ros2_ws/install/geometry_msgs/include/geometry_msgs/geometry_msgs/msg/detail/quaternion__type_support.c
[126.339s] -- Installing: /ros2_ws/install/geometry_msgs/include/geometry_msgs/geometry_msgs/msg/detail/twist_stamped__type_support.c
[126.340s] -- Installing: /ros2_ws/install/geometry_msgs/include/geometry_msgs/geometry_msgs/msg/detail/quaternion_stamped__type_support.c
[126.340s] -- Installing: /ros2_ws/install/geometry_msgs/include/geometry_msgs/geometry_msgs/msg/detail/point__rosidl_typesupport_introspection_c.h
[126.340s] -- Installing: /ros2_ws/install/geometry_msgs/include/geometry_msgs/geometry_msgs/msg/detail/transform__type_support.c
[126.341s] -- Installing: /ros2_ws/install/geometry_msgs/include/geometry_msgs/geometry_msgs/msg/detail/polygon_stamped__rosidl_typesupport_introspection_c.h
[126.341s] -- Installing: /ros2_ws/install/geometry_msgs/include/geometry_msgs/geometry_msgs/msg/detail/accel_with_covariance__type_support.c
[126.341s] -- Installing: /ros2_ws/install/geometry_msgs/include/geometry_msgs/geometry_msgs/msg/detail/pose_with_covariance_stamped__rosidl_typesupport_introspection_c.h
[126.342s] -- Installing: /ros2_ws/install/geometry_msgs/include/geometry_msgs/geometry_msgs/msg/detail/quaternion__rosidl_typesupport_introspection_c.h
[126.342s] -- Installing: /ros2_ws/install/geometry_msgs/include/geometry_msgs/geometry_msgs/msg/detail/accel_with_covariance_stamped__rosidl_typesupport_introspection_c.h
[126.342s] -- Installing: /ros2_ws/install/geometry_msgs/include/geometry_msgs/geometry_msgs/msg/detail/polygon_stamped__type_support.c
[126.343s] -- Installing: /ros2_ws/install/geometry_msgs/include/geometry_msgs/geometry_msgs/msg/detail/polygon__type_support.c
[126.343s] -- Installing: /ros2_ws/install/geometry_msgs/include/geometry_msgs/geometry_msgs/msg/detail/pose_stamped__rosidl_typesupport_introspection_c.h
[126.343s] -- Installing: /ros2_ws/install/geometry_msgs/include/geometry_msgs/geometry_msgs/msg/detail/wrench__rosidl_typesupport_introspection_c.h
[126.344s] -- Installing: /ros2_ws/install/geometry_msgs/include/geometry_msgs/geometry_msgs/msg/detail/inertia__type_support.c
[126.344s] -- Installing: /ros2_ws/install/geometry_msgs/include/geometry_msgs/geometry_msgs/msg/detail/pose__rosidl_typesupport_introspection_c.h
[126.344s] -- Installing: /ros2_ws/install/geometry_msgs/include/geometry_msgs/geometry_msgs/msg/detail/pose_stamped__type_support.c
[126.345s] -- Installing: /ros2_ws/install/geometry_msgs/include/geometry_msgs/geometry_msgs/msg/detail/vector3__type_support.c
[126.345s] -- Installing: /ros2_ws/install/geometry_msgs/include/geometry_msgs/geometry_msgs/msg/detail/pose_with_covariance__type_support.c
[126.346s] -- Installing: /ros2_ws/install/geometry_msgs/include/geometry_msgs/geometry_msgs/msg/detail/vector3__rosidl_typesupport_introspection_c.h
[126.346s] -- Installing: /ros2_ws/install/geometry_msgs/include/geometry_msgs/geometry_msgs/msg/detail/accel_stamped__rosidl_typesupport_introspection_c.h
[126.346s] -- Installing: /ros2_ws/install/geometry_msgs/include/geometry_msgs/geometry_msgs/msg/detail/transform_stamped__rosidl_typesupport_introspection_c.h
[126.347s] -- Installing: /ros2_ws/install/geometry_msgs/include/geometry_msgs/geometry_msgs/msg/detail/twist_with_covariance__type_support.c
[126.347s] -- Installing: /ros2_ws/install/geometry_msgs/include/geometry_msgs/geometry_msgs/msg/detail/transform_stamped__type_support.c
[126.348s] -- Installing: /ros2_ws/install/geometry_msgs/include/geometry_msgs/geometry_msgs/msg/detail/pose2_d__rosidl_typesupport_introspection_c.h
[126.348s] -- Installing: /ros2_ws/install/geometry_msgs/include/geometry_msgs/geometry_msgs/msg/detail/pose_with_covariance_stamped__type_support.c
[126.349s] -- Installing: /ros2_ws/install/geometry_msgs/include/geometry_msgs/geometry_msgs/msg/detail/twist_stamped__rosidl_typesupport_introspection_c.h
[126.349s] -- Installing: /ros2_ws/install/geometry_msgs/include/geometry_msgs/geometry_msgs/msg/detail/pose2_d__type_support.c
[126.350s] -- Installing: /ros2_ws/install/geometry_msgs/include/geometry_msgs/geometry_msgs/msg/detail/accel_stamped__type_support.c
[126.350s] -- Installing: /ros2_ws/install/geometry_msgs/include/geometry_msgs/geometry_msgs/msg/detail/polygon__rosidl_typesupport_introspection_c.h
[126.351s] -- Installing: /ros2_ws/install/geometry_msgs/include/geometry_msgs/geometry_msgs/msg/detail/inertia_stamped__rosidl_typesupport_introspection_c.h
[126.351s] -- Installing: /ros2_ws/install/geometry_msgs/include/geometry_msgs/geometry_msgs/msg/detail/point_stamped__rosidl_typesupport_introspection_c.h
[126.351s] -- Installing: /ros2_ws/install/geometry_msgs/include/geometry_msgs/geometry_msgs/msg/detail/accel_with_covariance_stamped__type_support.c
[126.352s] -- Installing: /ros2_ws/install/geometry_msgs/include/geometry_msgs/geometry_msgs/msg/detail/inertia__rosidl_typesupport_introspection_c.h
[126.352s] -- Installing: /ros2_ws/install/geometry_msgs/include/geometry_msgs/geometry_msgs/msg/detail/point_stamped__type_support.c
[126.353s] -- Installing: /ros2_ws/install/geometry_msgs/include/geometry_msgs/geometry_msgs/msg/detail/point32__type_support.c
[126.353s] -- Installing: /ros2_ws/install/geometry_msgs/include/geometry_msgs/geometry_msgs/msg/detail/inertia_stamped__type_support.c
[126.354s] -- Installing: /ros2_ws/install/geometry_msgs/include/geometry_msgs/geometry_msgs/msg/detail/wrench_stamped__rosidl_typesupport_introspection_c.h
[126.354s] -- Installing: /ros2_ws/install/geometry_msgs/include/geometry_msgs/geometry_msgs/msg/detail/accel__rosidl_typesupport_introspection_c.h
[126.355s] -- Installing: /ros2_ws/install/geometry_msgs/include/geometry_msgs/geometry_msgs/msg/detail/point32__rosidl_typesupport_introspection_c.h
[126.355s] -- Installing: /ros2_ws/install/geometry_msgs/include/geometry_msgs/geometry_msgs/msg/detail/pose_with_covariance__rosidl_typesupport_introspection_c.h
[126.356s] -- Installing: /ros2_ws/install/geometry_msgs/include/geometry_msgs/geometry_msgs/msg/detail/accel_with_covariance__rosidl_typesupport_introspection_c.h
[126.356s] -- Installing: /ros2_ws/install/geometry_msgs/include/geometry_msgs/geometry_msgs/msg/detail/twist_with_covariance__rosidl_typesupport_introspection_c.h
[126.357s] -- Installing: /ros2_ws/install/geometry_msgs/include/geometry_msgs/geometry_msgs/msg/detail/twist_with_covariance_stamped__rosidl_typesupport_introspection_c.h
[126.358s] -- Installing: /ros2_ws/install/geometry_msgs/include/geometry_msgs/geometry_msgs/msg/detail/pose_array__type_support.c
[126.358s] -- Installing: /ros2_ws/install/geometry_msgs/include/geometry_msgs/geometry_msgs/msg/detail/wrench_stamped__type_support.c
[126.358s] -- Installing: /ros2_ws/install/geometry_msgs/include/geometry_msgs/geometry_msgs/msg/detail/twist_with_covariance_stamped__type_support.c
[126.359s] -- Installing: /ros2_ws/install/geometry_msgs/include/geometry_msgs/geometry_msgs/msg/detail/point__type_support.c
[126.359s] -- Installing: /ros2_ws/install/geometry_msgs/include/geometry_msgs/geometry_msgs/msg/detail/wrench__type_support.c
[126.360s] -- Installing: /ros2_ws/install/geometry_msgs/include/geometry_msgs/geometry_msgs/msg/detail/quaternion_stamped__rosidl_typesupport_introspection_c.h
[126.360s] -- Installing: /ros2_ws/install/geometry_msgs/include/geometry_msgs/geometry_msgs/msg/rosidl_typesupport_introspection_c__visibility_control.h
[126.361s] -- Installing: /ros2_ws/install/geometry_msgs/lib/libgeometry_msgs__rosidl_typesupport_introspection_c.so
[126.363s] -- Set runtime path of "/ros2_ws/install/geometry_msgs/lib/libgeometry_msgs__rosidl_typesupport_introspection_c.so" to ""
[126.363s] -- Installing: /ros2_ws/install/geometry_msgs/lib/libgeometry_msgs__rosidl_typesupport_c.so
[126.364s] -- Set runtime path of "/ros2_ws/install/geometry_msgs/lib/libgeometry_msgs__rosidl_typesupport_c.so" to ""
[126.365s] -- Up-to-date: /ros2_ws/install/geometry_msgs/include/geometry_msgs/geometry_msgs
[126.365s] -- Up-to-date: /ros2_ws/install/geometry_msgs/include/geometry_msgs/geometry_msgs/msg
[126.366s] -- Installing: /ros2_ws/install/geometry_msgs/include/geometry_msgs/geometry_msgs/msg/pose_stamped.hpp
[126.366s] -- Installing: /ros2_ws/install/geometry_msgs/include/geometry_msgs/geometry_msgs/msg/accel_stamped.hpp
[126.366s] -- Installing: /ros2_ws/install/geometry_msgs/include/geometry_msgs/geometry_msgs/msg/point.hpp
[126.367s] -- Installing: /ros2_ws/install/geometry_msgs/include/geometry_msgs/geometry_msgs/msg/transform.hpp
[126.367s] -- Installing: /ros2_ws/install/geometry_msgs/include/geometry_msgs/geometry_msgs/msg/pose2_d.hpp
[126.367s] -- Installing: /ros2_ws/install/geometry_msgs/include/geometry_msgs/geometry_msgs/msg/vector3.hpp
[126.368s] -- Installing: /ros2_ws/install/geometry_msgs/include/geometry_msgs/geometry_msgs/msg/twist_stamped.hpp
[126.368s] -- Installing: /ros2_ws/install/geometry_msgs/include/geometry_msgs/geometry_msgs/msg/accel_with_covariance_stamped.hpp
[126.368s] -- Installing: /ros2_ws/install/geometry_msgs/include/geometry_msgs/geometry_msgs/msg/quaternion.hpp
[126.369s] -- Installing: /ros2_ws/install/geometry_msgs/include/geometry_msgs/geometry_msgs/msg/polygon.hpp
[126.369s] -- Installing: /ros2_ws/install/geometry_msgs/include/geometry_msgs/geometry_msgs/msg/point_stamped.hpp
[126.369s] -- Installing: /ros2_ws/install/geometry_msgs/include/geometry_msgs/geometry_msgs/msg/pose.hpp
[126.370s] -- Installing: /ros2_ws/install/geometry_msgs/include/geometry_msgs/geometry_msgs/msg/transform_stamped.hpp
[126.370s] -- Installing: /ros2_ws/install/geometry_msgs/include/geometry_msgs/geometry_msgs/msg/pose_with_covariance_stamped.hpp
[126.370s] -- Installing: /ros2_ws/install/geometry_msgs/include/geometry_msgs/geometry_msgs/msg/inertia_stamped.hpp
[126.371s] -- Installing: /ros2_ws/install/geometry_msgs/include/geometry_msgs/geometry_msgs/msg/rosidl_generator_cpp__visibility_control.hpp
[126.371s] -- Installing: /ros2_ws/install/geometry_msgs/include/geometry_msgs/geometry_msgs/msg/quaternion_stamped.hpp
[126.372s] -- Installing: /ros2_ws/install/geometry_msgs/include/geometry_msgs/geometry_msgs/msg/wrench_stamped.hpp
[126.372s] -- Installing: /ros2_ws/install/geometry_msgs/include/geometry_msgs/geometry_msgs/msg/twist.hpp
[126.372s] -- Installing: /ros2_ws/install/geometry_msgs/include/geometry_msgs/geometry_msgs/msg/twist_with_covariance_stamped.hpp
[126.373s] -- Installing: /ros2_ws/install/geometry_msgs/include/geometry_msgs/geometry_msgs/msg/twist_with_covariance.hpp
[126.373s] -- Installing: /ros2_ws/install/geometry_msgs/include/geometry_msgs/geometry_msgs/msg/wrench.hpp
[126.374s] -- Installing: /ros2_ws/install/geometry_msgs/include/geometry_msgs/geometry_msgs/msg/pose_with_covariance.hpp
[126.374s] -- Installing: /ros2_ws/install/geometry_msgs/include/geometry_msgs/geometry_msgs/msg/accel.hpp
[126.374s] -- Up-to-date: /ros2_ws/install/geometry_msgs/include/geometry_msgs/geometry_msgs/msg/detail
[126.375s] -- Installing: /ros2_ws/install/geometry_msgs/include/geometry_msgs/geometry_msgs/msg/detail/accel_with_covariance_stamped__type_support.hpp
[126.375s] -- Installing: /ros2_ws/install/geometry_msgs/include/geometry_msgs/geometry_msgs/msg/detail/wrench__struct.hpp
[126.376s] -- Installing: /ros2_ws/install/geometry_msgs/include/geometry_msgs/geometry_msgs/msg/detail/vector3__type_support.hpp
[126.376s] -- Installing: /ros2_ws/install/geometry_msgs/include/geometry_msgs/geometry_msgs/msg/detail/quaternion__traits.hpp
[126.377s] -- Installing: /ros2_ws/install/geometry_msgs/include/geometry_msgs/geometry_msgs/msg/detail/polygon_stamped__traits.hpp
[126.377s] -- Installing: /ros2_ws/install/geometry_msgs/include/geometry_msgs/geometry_msgs/msg/detail/quaternion_stamped__struct.hpp
[126.378s] -- Installing: /ros2_ws/install/geometry_msgs/include/geometry_msgs/geometry_msgs/msg/detail/pose2_d__builder.hpp
[126.378s] -- Installing: /ros2_ws/install/geometry_msgs/include/geometry_msgs/geometry_msgs/msg/detail/point_stamped__traits.hpp
[126.378s] -- Installing: /ros2_ws/install/geometry_msgs/include/geometry_msgs/geometry_msgs/msg/detail/wrench__traits.hpp
[126.379s] -- Installing: /ros2_ws/install/geometry_msgs/include/geometry_msgs/geometry_msgs/msg/detail/accel_stamped__builder.hpp
[126.379s] -- Installing: /ros2_ws/install/geometry_msgs/include/geometry_msgs/geometry_msgs/msg/detail/point_stamped__builder.hpp
[126.380s] -- Installing: /ros2_ws/install/geometry_msgs/include/geometry_msgs/geometry_msgs/msg/detail/point__builder.hpp
[126.380s] -- Installing: /ros2_ws/install/geometry_msgs/include/geometry_msgs/geometry_msgs/msg/detail/inertia_stamped__traits.hpp
[126.380s] -- Installing: /ros2_ws/install/geometry_msgs/include/geometry_msgs/geometry_msgs/msg/detail/point__struct.hpp
[126.381s] -- Installing: /ros2_ws/install/geometry_msgs/include/geometry_msgs/geometry_msgs/msg/detail/transform_stamped__builder.hpp
[126.381s] -- Installing: /ros2_ws/install/geometry_msgs/include/geometry_msgs/geometry_msgs/msg/detail/accel_with_covariance_stamped__builder.hpp
[126.382s] -- Installing: /ros2_ws/install/geometry_msgs/include/geometry_msgs/geometry_msgs/msg/detail/twist_with_covariance__type_support.hpp
[126.382s] -- Installing: /ros2_ws/install/geometry_msgs/include/geometry_msgs/geometry_msgs/msg/detail/twist__type_support.hpp
[126.383s] -- Installing: /ros2_ws/install/geometry_msgs/include/geometry_msgs/geometry_msgs/msg/detail/pose_stamped__builder.hpp
[126.383s] -- Installing: /ros2_ws/install/geometry_msgs/include/geometry_msgs/geometry_msgs/msg/detail/wrench_stamped__type_support.hpp
[126.384s] -- Installing: /ros2_ws/install/geometry_msgs/include/geometry_msgs/geometry_msgs/msg/detail/pose_with_covariance_stamped__traits.hpp
[126.384s] -- Installing: /ros2_ws/install/geometry_msgs/include/geometry_msgs/geometry_msgs/msg/detail/twist_with_covariance_stamped__builder.hpp
[126.384s] -- Installing: /ros2_ws/install/geometry_msgs/include/geometry_msgs/geometry_msgs/msg/detail/vector3_stamped__traits.hpp
[126.385s] -- Installing: /ros2_ws/install/geometry_msgs/include/geometry_msgs/geometry_msgs/msg/detail/polygon_stamped__struct.hpp
[126.385s] -- Installing: /ros2_ws/install/geometry_msgs/include/geometry_msgs/geometry_msgs/msg/detail/pose2_d__traits.hpp
[126.386s] -- Installing: /ros2_ws/install/geometry_msgs/include/geometry_msgs/geometry_msgs/msg/detail/accel_with_covariance_stamped__struct.hpp
[126.386s] -- Installing: /ros2_ws/install/geometry_msgs/include/geometry_msgs/geometry_msgs/msg/detail/transform__traits.hpp
[126.387s] -- Installing: /ros2_ws/install/geometry_msgs/include/geometry_msgs/geometry_msgs/msg/detail/transform_stamped__type_support.hpp
[126.387s] -- Installing: /ros2_ws/install/geometry_msgs/include/geometry_msgs/geometry_msgs/msg/detail/pose__traits.hpp
[126.388s] -- Installing: /ros2_ws/install/geometry_msgs/include/geometry_msgs/geometry_msgs/msg/detail/pose_with_covariance__traits.hpp
[126.388s] -- Installing: /ros2_ws/install/geometry_msgs/include/geometry_msgs/geometry_msgs/msg/detail/vector3_stamped__struct.hpp
[126.388s] -- Installing: /ros2_ws/install/geometry_msgs/include/geometry_msgs/geometry_msgs/msg/detail/transform__builder.hpp
[126.389s] -- Installing: /ros2_ws/install/geometry_msgs/include/geometry_msgs/geometry_msgs/msg/detail/pose__struct.hpp
[126.389s] -- Installing: /ros2_ws/install/geometry_msgs/include/geometry_msgs/geometry_msgs/msg/detail/pose_stamped__traits.hpp
[126.390s] -- Installing: /ros2_ws/install/geometry_msgs/include/geometry_msgs/geometry_msgs/msg/detail/pose_with_covariance_stamped__type_support.hpp
[126.390s] -- Installing: /ros2_ws/install/geometry_msgs/include/geometry_msgs/geometry_msgs/msg/detail/inertia_stamped__builder.hpp
[126.391s] -- Installing: /ros2_ws/install/geometry_msgs/include/geometry_msgs/geometry_msgs/msg/detail/twist_with_covariance_stamped__struct.hpp
[126.391s] -- Installing: /ros2_ws/install/geometry_msgs/include/geometry_msgs/geometry_msgs/msg/detail/inertia_stamped__type_support.hpp
[126.392s] -- Installing: /ros2_ws/install/geometry_msgs/include/geometry_msgs/geometry_msgs/msg/detail/transform_stamped__struct.hpp
[126.392s] -- Installing: /ros2_ws/install/geometry_msgs/include/geometry_msgs/geometry_msgs/msg/detail/point32__struct.hpp
[126.392s] -- Installing: /ros2_ws/install/geometry_msgs/include/geometry_msgs/geometry_msgs/msg/detail/twist__builder.hpp
[126.393s] -- Installing: /ros2_ws/install/geometry_msgs/include/geometry_msgs/geometry_msgs/msg/detail/polygon__builder.hpp
[126.393s] -- Installing: /ros2_ws/install/geometry_msgs/include/geometry_msgs/geometry_msgs/msg/detail/vector3__struct.hpp
[126.394s] -- Installing: /ros2_ws/install/geometry_msgs/include/geometry_msgs/geometry_msgs/msg/detail/accel_stamped__traits.hpp
[126.394s] -- Installing: /ros2_ws/install/geometry_msgs/include/geometry_msgs/geometry_msgs/msg/detail/twist_with_covariance_stamped__type_support.hpp
[126.395s] -- Installing: /ros2_ws/install/geometry_msgs/include/geometry_msgs/geometry_msgs/msg/detail/accel__type_support.hpp
[126.395s] -- Installing: /ros2_ws/install/geometry_msgs/include/geometry_msgs/geometry_msgs/msg/detail/point32__type_support.hpp
[126.395s] -- Installing: /ros2_ws/install/geometry_msgs/include/geometry_msgs/geometry_msgs/msg/detail/twist__traits.hpp
[126.396s] -- Installing: /ros2_ws/install/geometry_msgs/include/geometry_msgs/geometry_msgs/msg/detail/quaternion__type_support.hpp
[126.396s] -- Installing: /ros2_ws/install/geometry_msgs/include/geometry_msgs/geometry_msgs/msg/detail/polygon_stamped__type_support.hpp
[126.397s] -- Installing: /ros2_ws/install/geometry_msgs/include/geometry_msgs/geometry_msgs/msg/detail/pose_array__traits.hpp
[126.397s] -- Installing: /ros2_ws/install/geometry_msgs/include/geometry_msgs/geometry_msgs/msg/detail/pose2_d__struct.hpp
[126.397s] -- Installing: /ros2_ws/install/geometry_msgs/include/geometry_msgs/geometry_msgs/msg/detail/point32__traits.hpp
[126.398s] -- Installing: /ros2_ws/install/geometry_msgs/include/geometry_msgs/geometry_msgs/msg/detail/vector3_stamped__type_support.hpp
[126.399s] -- Installing: /ros2_ws/install/geometry_msgs/include/geometry_msgs/geometry_msgs/msg/detail/point_stamped__struct.hpp
[126.399s] -- Installing: /ros2_ws/install/geometry_msgs/include/geometry_msgs/geometry_msgs/msg/detail/point__traits.hpp
[126.400s] -- Installing: /ros2_ws/install/geometry_msgs/include/geometry_msgs/geometry_msgs/msg/detail/pose_array__type_support.hpp
[126.400s] -- Installing: /ros2_ws/install/geometry_msgs/include/geometry_msgs/geometry_msgs/msg/detail/pose2_d__type_support.hpp
[126.400s] -- Installing: /ros2_ws/install/geometry_msgs/include/geometry_msgs/geometry_msgs/msg/detail/pose_array__builder.hpp
[126.401s] -- Installing: /ros2_ws/install/geometry_msgs/include/geometry_msgs/geometry_msgs/msg/detail/pose_array__struct.hpp
[126.401s] -- Installing: /ros2_ws/install/geometry_msgs/include/geometry_msgs/geometry_msgs/msg/detail/wrench__type_support.hpp
[126.402s] -- Installing: /ros2_ws/install/geometry_msgs/include/geometry_msgs/geometry_msgs/msg/detail/pose_with_covariance__type_support.hpp
[126.402s] -- Installing: /ros2_ws/install/geometry_msgs/include/geometry_msgs/geometry_msgs/msg/detail/pose__builder.hpp
[126.402s] -- Installing: /ros2_ws/install/geometry_msgs/include/geometry_msgs/geometry_msgs/msg/detail/quaternion_stamped__type_support.hpp
[126.403s] -- Installing: /ros2_ws/install/geometry_msgs/include/geometry_msgs/geometry_msgs/msg/detail/polygon__traits.hpp
[126.403s] -- Installing: /ros2_ws/install/geometry_msgs/include/geometry_msgs/geometry_msgs/msg/detail/pose_with_covariance_stamped__struct.hpp
[126.404s] -- Installing: /ros2_ws/install/geometry_msgs/include/geometry_msgs/geometry_msgs/msg/detail/vector3__traits.hpp
[126.404s] -- Installing: /ros2_ws/install/geometry_msgs/include/geometry_msgs/geometry_msgs/msg/detail/vector3__builder.hpp
[126.404s] -- Installing: /ros2_ws/install/geometry_msgs/include/geometry_msgs/geometry_msgs/msg/detail/inertia__builder.hpp
[126.405s] -- Installing: /ros2_ws/install/geometry_msgs/include/geometry_msgs/geometry_msgs/msg/detail/inertia__type_support.hpp
[126.405s] -- Installing: /ros2_ws/install/geometry_msgs/include/geometry_msgs/geometry_msgs/msg/detail/twist_with_covariance_stamped__traits.hpp
[126.406s] -- Installing: /ros2_ws/install/geometry_msgs/include/geometry_msgs/geometry_msgs/msg/detail/accel__struct.hpp
[126.406s] -- Installing: /ros2_ws/install/geometry_msgs/include/geometry_msgs/geometry_msgs/msg/detail/inertia__traits.hpp
[126.407s] -- Installing: /ros2_ws/install/geometry_msgs/include/geometry_msgs/geometry_msgs/msg/detail/transform_stamped__traits.hpp
[126.407s] -- Installing: /ros2_ws/install/geometry_msgs/include/geometry_msgs/geometry_msgs/msg/detail/polygon_stamped__builder.hpp
[126.407s] -- Installing: /ros2_ws/install/geometry_msgs/include/geometry_msgs/geometry_msgs/msg/detail/pose_stamped__type_support.hpp
[126.408s] -- Installing: /ros2_ws/install/geometry_msgs/include/geometry_msgs/geometry_msgs/msg/detail/inertia_stamped__struct.hpp
[126.408s] -- Installing: /ros2_ws/install/geometry_msgs/include/geometry_msgs/geometry_msgs/msg/detail/quaternion_stamped__traits.hpp
[126.409s] -- Installing: /ros2_ws/install/geometry_msgs/include/geometry_msgs/geometry_msgs/msg/detail/accel_stamped__struct.hpp
[126.409s] -- Installing: /ros2_ws/install/geometry_msgs/include/geometry_msgs/geometry_msgs/msg/detail/twist_stamped__builder.hpp
[126.410s] -- Installing: /ros2_ws/install/geometry_msgs/include/geometry_msgs/geometry_msgs/msg/detail/transform__struct.hpp
[126.410s] -- Installing: /ros2_ws/install/geometry_msgs/include/geometry_msgs/geometry_msgs/msg/detail/twist_with_covariance__builder.hpp
[126.410s] -- Installing: /ros2_ws/install/geometry_msgs/include/geometry_msgs/geometry_msgs/msg/detail/point_stamped__type_support.hpp
[126.411s] -- Installing: /ros2_ws/install/geometry_msgs/include/geometry_msgs/geometry_msgs/msg/detail/polygon__struct.hpp
[126.411s] -- Installing: /ros2_ws/install/geometry_msgs/include/geometry_msgs/geometry_msgs/msg/detail/transform__type_support.hpp
[126.412s] -- Installing: /ros2_ws/install/geometry_msgs/include/geometry_msgs/geometry_msgs/msg/detail/inertia__struct.hpp
[126.412s] -- Installing: /ros2_ws/install/geometry_msgs/include/geometry_msgs/geometry_msgs/msg/detail/pose_with_covariance_stamped__builder.hpp
[126.413s] -- Installing: /ros2_ws/install/geometry_msgs/include/geometry_msgs/geometry_msgs/msg/detail/pose_stamped__struct.hpp
[126.413s] -- Installing: /ros2_ws/install/geometry_msgs/include/geometry_msgs/geometry_msgs/msg/detail/accel__builder.hpp
[126.414s] -- Installing: /ros2_ws/install/geometry_msgs/include/geometry_msgs/geometry_msgs/msg/detail/quaternion__builder.hpp
[126.414s] -- Installing: /ros2_ws/install/geometry_msgs/include/geometry_msgs/geometry_msgs/msg/detail/quaternion_stamped__builder.hpp
[126.414s] -- Installing: /ros2_ws/install/geometry_msgs/include/geometry_msgs/geometry_msgs/msg/detail/twist_stamped__struct.hpp
[126.415s] -- Installing: /ros2_ws/install/geometry_msgs/include/geometry_msgs/geometry_msgs/msg/detail/wrench_stamped__traits.hpp
[126.415s] -- Installing: /ros2_ws/install/geometry_msgs/include/geometry_msgs/geometry_msgs/msg/detail/accel_with_covariance__traits.hpp
[126.416s] -- Installing: /ros2_ws/install/geometry_msgs/include/geometry_msgs/geometry_msgs/msg/detail/point__type_support.hpp
[126.416s] -- Installing: /ros2_ws/install/geometry_msgs/include/geometry_msgs/geometry_msgs/msg/detail/twist_stamped__type_support.hpp
[126.417s] -- Installing: /ros2_ws/install/geometry_msgs/include/geometry_msgs/geometry_msgs/msg/detail/accel_with_covariance__builder.hpp
[126.417s] -- Installing: /ros2_ws/install/geometry_msgs/include/geometry_msgs/geometry_msgs/msg/detail/point32__builder.hpp
[126.417s] -- Installing: /ros2_ws/install/geometry_msgs/include/geometry_msgs/geometry_msgs/msg/detail/twist__struct.hpp
[126.418s] -- Installing: /ros2_ws/install/geometry_msgs/include/geometry_msgs/geometry_msgs/msg/detail/twist_with_covariance__traits.hpp
[126.418s] -- Installing: /ros2_ws/install/geometry_msgs/include/geometry_msgs/geometry_msgs/msg/detail/wrench__builder.hpp
[126.419s] -- Installing: /ros2_ws/install/geometry_msgs/include/geometry_msgs/geometry_msgs/msg/detail/wrench_stamped__builder.hpp
[126.419s] -- Installing: /ros2_ws/install/geometry_msgs/include/geometry_msgs/geometry_msgs/msg/detail/accel_stamped__type_support.hpp
[126.420s] -- Installing: /ros2_ws/install/geometry_msgs/include/geometry_msgs/geometry_msgs/msg/detail/twist_with_covariance__struct.hpp
[126.420s] -- Installing: /ros2_ws/install/geometry_msgs/include/geometry_msgs/geometry_msgs/msg/detail/accel_with_covariance_stamped__traits.hpp
[126.421s] -- Installing: /ros2_ws/install/geometry_msgs/include/geometry_msgs/geometry_msgs/msg/detail/accel__traits.hpp
[126.421s] -- Installing: /ros2_ws/install/geometry_msgs/include/geometry_msgs/geometry_msgs/msg/detail/pose_with_covariance__struct.hpp
[126.421s] -- Installing: /ros2_ws/install/geometry_msgs/include/geometry_msgs/geometry_msgs/msg/detail/accel_with_covariance__type_support.hpp
[126.422s] -- Installing: /ros2_ws/install/geometry_msgs/include/geometry_msgs/geometry_msgs/msg/detail/polygon__type_support.hpp
[126.422s] -- Installing: /ros2_ws/install/geometry_msgs/include/geometry_msgs/geometry_msgs/msg/detail/pose__type_support.hpp
[126.423s] -- Installing: /ros2_ws/install/geometry_msgs/include/geometry_msgs/geometry_msgs/msg/detail/accel_with_covariance__struct.hpp
[126.423s] -- Installing: /ros2_ws/install/geometry_msgs/include/geometry_msgs/geometry_msgs/msg/detail/pose_with_covariance__builder.hpp
[126.424s] -- Installing: /ros2_ws/install/geometry_msgs/include/geometry_msgs/geometry_msgs/msg/detail/vector3_stamped__builder.hpp
[126.424s] -- Installing: /ros2_ws/install/geometry_msgs/include/geometry_msgs/geometry_msgs/msg/detail/wrench_stamped__struct.hpp
[126.424s] -- Installing: /ros2_ws/install/geometry_msgs/include/geometry_msgs/geometry_msgs/msg/detail/twist_stamped__traits.hpp
[126.425s] -- Installing: /ros2_ws/install/geometry_msgs/include/geometry_msgs/geometry_msgs/msg/detail/quaternion__struct.hpp
[126.425s] -- Installing: /ros2_ws/install/geometry_msgs/include/geometry_msgs/geometry_msgs/msg/pose_array.hpp
[126.426s] -- Installing: /ros2_ws/install/geometry_msgs/include/geometry_msgs/geometry_msgs/msg/vector3_stamped.hpp
[126.426s] -- Installing: /ros2_ws/install/geometry_msgs/include/geometry_msgs/geometry_msgs/msg/accel_with_covariance.hpp
[126.427s] -- Installing: /ros2_ws/install/geometry_msgs/include/geometry_msgs/geometry_msgs/msg/polygon_stamped.hpp
[126.427s] -- Installing: /ros2_ws/install/geometry_msgs/include/geometry_msgs/geometry_msgs/msg/point32.hpp
[126.427s] -- Installing: /ros2_ws/install/geometry_msgs/include/geometry_msgs/geometry_msgs/msg/inertia.hpp
[126.428s] -- Up-to-date: /ros2_ws/install/geometry_msgs/include/geometry_msgs/geometry_msgs
[126.428s] -- Up-to-date: /ros2_ws/install/geometry_msgs/include/geometry_msgs/geometry_msgs/msg
[126.429s] -- Installing: /ros2_ws/install/geometry_msgs/include/geometry_msgs/geometry_msgs/msg/rosidl_typesupport_fastrtps_cpp__visibility_control.h
[126.429s] -- Up-to-date: /ros2_ws/install/geometry_msgs/include/geometry_msgs/geometry_msgs/msg/detail
[126.429s] -- Installing: /ros2_ws/install/geometry_msgs/include/geometry_msgs/geometry_msgs/msg/detail/vector3_stamped__rosidl_typesupport_fastrtps_cpp.hpp
[126.430s] -- Installing: /ros2_ws/install/geometry_msgs/include/geometry_msgs/geometry_msgs/msg/detail/inertia__rosidl_typesupport_fastrtps_cpp.hpp
[126.430s] -- Installing: /ros2_ws/install/geometry_msgs/include/geometry_msgs/geometry_msgs/msg/detail/transform__rosidl_typesupport_fastrtps_cpp.hpp
[126.430s] -- Installing: /ros2_ws/install/geometry_msgs/include/geometry_msgs/geometry_msgs/msg/detail/accel_with_covariance_stamped__rosidl_typesupport_fastrtps_cpp.hpp
[126.431s] -- Installing: /ros2_ws/install/geometry_msgs/include/geometry_msgs/geometry_msgs/msg/detail/twist_stamped__rosidl_typesupport_fastrtps_cpp.hpp
[126.431s] -- Installing: /ros2_ws/install/geometry_msgs/include/geometry_msgs/geometry_msgs/msg/detail/pose_with_covariance__rosidl_typesupport_fastrtps_cpp.hpp
[126.432s] -- Installing: /ros2_ws/install/geometry_msgs/include/geometry_msgs/geometry_msgs/msg/detail/pose__rosidl_typesupport_fastrtps_cpp.hpp
[126.432s] -- Installing: /ros2_ws/install/geometry_msgs/include/geometry_msgs/geometry_msgs/msg/detail/pose_with_covariance_stamped__rosidl_typesupport_fastrtps_cpp.hpp
[126.433s] -- Installing: /ros2_ws/install/geometry_msgs/include/geometry_msgs/geometry_msgs/msg/detail/twist__rosidl_typesupport_fastrtps_cpp.hpp
[126.433s] -- Installing: /ros2_ws/install/geometry_msgs/include/geometry_msgs/geometry_msgs/msg/detail/twist_with_covariance__rosidl_typesupport_fastrtps_cpp.hpp
[126.434s] -- Installing: /ros2_ws/install/geometry_msgs/include/geometry_msgs/geometry_msgs/msg/detail/pose_stamped__rosidl_typesupport_fastrtps_cpp.hpp
[126.434s] -- Installing: /ros2_ws/install/geometry_msgs/include/geometry_msgs/geometry_msgs/msg/detail/accel__rosidl_typesupport_fastrtps_cpp.hpp
[126.435s] -- Installing: /ros2_ws/install/geometry_msgs/include/geometry_msgs/geometry_msgs/msg/detail/polygon__rosidl_typesupport_fastrtps_cpp.hpp
[126.435s] -- Installing: /ros2_ws/install/geometry_msgs/include/geometry_msgs/geometry_msgs/msg/detail/point32__rosidl_typesupport_fastrtps_cpp.hpp
[126.436s] -- Installing: /ros2_ws/install/geometry_msgs/include/geometry_msgs/geometry_msgs/msg/detail/polygon_stamped__rosidl_typesupport_fastrtps_cpp.hpp
[126.436s] -- Installing: /ros2_ws/install/geometry_msgs/include/geometry_msgs/geometry_msgs/msg/detail/wrench__rosidl_typesupport_fastrtps_cpp.hpp
[126.437s] -- Installing: /ros2_ws/install/geometry_msgs/include/geometry_msgs/geometry_msgs/msg/detail/accel_with_covariance__rosidl_typesupport_fastrtps_cpp.hpp
[126.437s] -- Installing: /ros2_ws/install/geometry_msgs/include/geometry_msgs/geometry_msgs/msg/detail/vector3__rosidl_typesupport_fastrtps_cpp.hpp
[126.438s] -- Installing: /ros2_ws/install/geometry_msgs/include/geometry_msgs/geometry_msgs/msg/detail/point_stamped__rosidl_typesupport_fastrtps_cpp.hpp
[126.438s] -- Installing: /ros2_ws/install/geometry_msgs/include/geometry_msgs/geometry_msgs/msg/detail/pose2_d__rosidl_typesupport_fastrtps_cpp.hpp
[126.439s] -- Installing: /ros2_ws/install/geometry_msgs/include/geometry_msgs/geometry_msgs/msg/detail/inertia_stamped__rosidl_typesupport_fastrtps_cpp.hpp
[126.439s] -- Installing: /ros2_ws/install/geometry_msgs/include/geometry_msgs/geometry_msgs/msg/detail/point__rosidl_typesupport_fastrtps_cpp.hpp
[126.439s] -- Installing: /ros2_ws/install/geometry_msgs/include/geometry_msgs/geometry_msgs/msg/detail/transform_stamped__rosidl_typesupport_fastrtps_cpp.hpp
[126.440s] -- Installing: /ros2_ws/install/geometry_msgs/include/geometry_msgs/geometry_msgs/msg/detail/quaternion__rosidl_typesupport_fastrtps_cpp.hpp
[126.440s] -- Installing: /ros2_ws/install/geometry_msgs/include/geometry_msgs/geometry_msgs/msg/detail/accel_stamped__rosidl_typesupport_fastrtps_cpp.hpp
[126.441s] -- Installing: /ros2_ws/install/geometry_msgs/include/geometry_msgs/geometry_msgs/msg/detail/pose_array__rosidl_typesupport_fastrtps_cpp.hpp
[126.441s] -- Installing: /ros2_ws/install/geometry_msgs/include/geometry_msgs/geometry_msgs/msg/detail/twist_with_covariance_stamped__rosidl_typesupport_fastrtps_cpp.hpp
[126.442s] -- Installing: /ros2_ws/install/geometry_msgs/include/geometry_msgs/geometry_msgs/msg/detail/wrench_stamped__rosidl_typesupport_fastrtps_cpp.hpp
[126.442s] -- Installing: /ros2_ws/install/geometry_msgs/include/geometry_msgs/geometry_msgs/msg/detail/quaternion_stamped__rosidl_typesupport_fastrtps_cpp.hpp
[126.443s] -- Installing: /ros2_ws/install/geometry_msgs/include/geometry_msgs/geometry_msgs/msg/detail/dds_fastrtps
[126.444s] -- Installing: /ros2_ws/install/geometry_msgs/lib/libgeometry_msgs__rosidl_typesupport_fastrtps_cpp.so
[126.446s] -- Set runtime path of "/ros2_ws/install/geometry_msgs/lib/libgeometry_msgs__rosidl_typesupport_fastrtps_cpp.so" to ""
[126.446s] -- Up-to-date: /ros2_ws/install/geometry_msgs/include/geometry_msgs/geometry_msgs
[126.447s] -- Up-to-date: /ros2_ws/install/geometry_msgs/include/geometry_msgs/geometry_msgs/msg
[126.447s] -- Up-to-date: /ros2_ws/install/geometry_msgs/include/geometry_msgs/geometry_msgs/msg/detail
[126.447s] -- Installing: /ros2_ws/install/geometry_msgs/include/geometry_msgs/geometry_msgs/msg/detail/wrench_stamped__rosidl_typesupport_introspection_cpp.hpp
[126.448s] -- Installing: /ros2_ws/install/geometry_msgs/include/geometry_msgs/geometry_msgs/msg/detail/inertia_stamped__type_support.cpp
[126.448s] -- Installing: /ros2_ws/install/geometry_msgs/include/geometry_msgs/geometry_msgs/msg/detail/wrench__rosidl_typesupport_introspection_cpp.hpp
[126.448s] -- Installing: /ros2_ws/install/geometry_msgs/include/geometry_msgs/geometry_msgs/msg/detail/quaternion_stamped__type_support.cpp
[126.449s] -- Installing: /ros2_ws/install/geometry_msgs/include/geometry_msgs/geometry_msgs/msg/detail/pose_with_covariance_stamped__type_support.cpp
[126.449s] -- Installing: /ros2_ws/install/geometry_msgs/include/geometry_msgs/geometry_msgs/msg/detail/twist_with_covariance__rosidl_typesupport_introspection_cpp.hpp
[126.450s] -- Installing: /ros2_ws/install/geometry_msgs/include/geometry_msgs/geometry_msgs/msg/detail/inertia__type_support.cpp
[126.450s] -- Installing: /ros2_ws/install/geometry_msgs/include/geometry_msgs/geometry_msgs/msg/detail/accel__type_support.cpp
[126.451s] -- Installing: /ros2_ws/install/geometry_msgs/include/geometry_msgs/geometry_msgs/msg/detail/twist_stamped__rosidl_typesupport_introspection_cpp.hpp
[126.451s] -- Installing: /ros2_ws/install/geometry_msgs/include/geometry_msgs/geometry_msgs/msg/detail/point_stamped__rosidl_typesupport_introspection_cpp.hpp
[126.451s] -- Installing: /ros2_ws/install/geometry_msgs/include/geometry_msgs/geometry_msgs/msg/detail/transform_stamped__rosidl_typesupport_introspection_cpp.hpp
[126.452s] -- Installing: /ros2_ws/install/geometry_msgs/include/geometry_msgs/geometry_msgs/msg/detail/quaternion__type_support.cpp
[126.452s] -- Installing: /ros2_ws/install/geometry_msgs/include/geometry_msgs/geometry_msgs/msg/detail/transform_stamped__type_support.cpp
[126.453s] -- Installing: /ros2_ws/install/geometry_msgs/include/geometry_msgs/geometry_msgs/msg/detail/point__type_support.cpp
[126.454s] -- Installing: /ros2_ws/install/geometry_msgs/include/geometry_msgs/geometry_msgs/msg/detail/quaternion__rosidl_typesupport_introspection_cpp.hpp
[126.454s] -- Installing: /ros2_ws/install/geometry_msgs/include/geometry_msgs/geometry_msgs/msg/detail/pose2_d__rosidl_typesupport_introspection_cpp.hpp
[126.454s] -- Installing: /ros2_ws/install/geometry_msgs/include/geometry_msgs/geometry_msgs/msg/detail/point32__rosidl_typesupport_introspection_cpp.hpp
[126.455s] -- Installing: /ros2_ws/install/geometry_msgs/include/geometry_msgs/geometry_msgs/msg/detail/wrench__type_support.cpp
[126.455s] -- Installing: /ros2_ws/install/geometry_msgs/include/geometry_msgs/geometry_msgs/msg/detail/twist_with_covariance_stamped__rosidl_typesupport_introspection_cpp.hpp
[126.456s] -- Installing: /ros2_ws/install/geometry_msgs/include/geometry_msgs/geometry_msgs/msg/detail/quaternion_stamped__rosidl_typesupport_introspection_cpp.hpp
[126.456s] -- Installing: /ros2_ws/install/geometry_msgs/include/geometry_msgs/geometry_msgs/msg/detail/transform__type_support.cpp
[126.457s] -- Installing: /ros2_ws/install/geometry_msgs/include/geometry_msgs/geometry_msgs/msg/detail/pose_array__type_support.cpp
[126.457s] -- Installing: /ros2_ws/install/geometry_msgs/include/geometry_msgs/geometry_msgs/msg/detail/accel_with_covariance__type_support.cpp
[126.458s] -- Installing: /ros2_ws/install/geometry_msgs/include/geometry_msgs/geometry_msgs/msg/detail/accel_with_covariance_stamped__type_support.cpp
[126.458s] -- Installing: /ros2_ws/install/geometry_msgs/include/geometry_msgs/geometry_msgs/msg/detail/polygon_stamped__type_support.cpp
[126.459s] -- Installing: /ros2_ws/install/geometry_msgs/include/geometry_msgs/geometry_msgs/msg/detail/inertia__rosidl_typesupport_introspection_cpp.hpp
[126.459s] -- Installing: /ros2_ws/install/geometry_msgs/include/geometry_msgs/geometry_msgs/msg/detail/pose_array__rosidl_typesupport_introspection_cpp.hpp
[126.460s] -- Installing: /ros2_ws/install/geometry_msgs/include/geometry_msgs/geometry_msgs/msg/detail/point_stamped__type_support.cpp
[126.460s] -- Installing: /ros2_ws/install/geometry_msgs/include/geometry_msgs/geometry_msgs/msg/detail/pose_with_covariance_stamped__rosidl_typesupport_introspection_cpp.hpp
[126.461s] -- Installing: /ros2_ws/install/geometry_msgs/include/geometry_msgs/geometry_msgs/msg/detail/vector3__rosidl_typesupport_introspection_cpp.hpp
[126.461s] -- Installing: /ros2_ws/install/geometry_msgs/include/geometry_msgs/geometry_msgs/msg/detail/pose__type_support.cpp
[126.462s] -- Installing: /ros2_ws/install/geometry_msgs/include/geometry_msgs/geometry_msgs/msg/detail/pose_stamped__type_support.cpp
[126.462s] -- Installing: /ros2_ws/install/geometry_msgs/include/geometry_msgs/geometry_msgs/msg/detail/point32__type_support.cpp
[126.462s] -- Installing: /ros2_ws/install/geometry_msgs/include/geometry_msgs/geometry_msgs/msg/detail/vector3_stamped__rosidl_typesupport_introspection_cpp.hpp
[126.463s] -- Installing: /ros2_ws/install/geometry_msgs/include/geometry_msgs/geometry_msgs/msg/detail/twist_stamped__type_support.cpp
[126.463s] -- Installing: /ros2_ws/install/geometry_msgs/include/geometry_msgs/geometry_msgs/msg/detail/vector3__type_support.cpp
[126.464s] -- Installing: /ros2_ws/install/geometry_msgs/include/geometry_msgs/geometry_msgs/msg/detail/pose_with_covariance__rosidl_typesupport_introspection_cpp.hpp
[126.464s] -- Installing: /ros2_ws/install/geometry_msgs/include/geometry_msgs/geometry_msgs/msg/detail/accel_with_covariance_stamped__rosidl_typesupport_introspection_cpp.hpp
[126.465s] -- Installing: /ros2_ws/install/geometry_msgs/include/geometry_msgs/geometry_msgs/msg/detail/pose_with_covariance__type_support.cpp
[126.466s] -- Installing: /ros2_ws/install/geometry_msgs/include/geometry_msgs/geometry_msgs/msg/detail/twist__type_support.cpp
[126.466s] -- Installing: /ros2_ws/install/geometry_msgs/include/geometry_msgs/geometry_msgs/msg/detail/point__rosidl_typesupport_introspection_cpp.hpp
[126.467s] -- Installing: /ros2_ws/install/geometry_msgs/include/geometry_msgs/geometry_msgs/msg/detail/pose_stamped__rosidl_typesupport_introspection_cpp.hpp
[126.467s] -- Installing: /ros2_ws/install/geometry_msgs/include/geometry_msgs/geometry_msgs/msg/detail/transform__rosidl_typesupport_introspection_cpp.hpp
[126.467s] -- Installing: /ros2_ws/install/geometry_msgs/include/geometry_msgs/geometry_msgs/msg/detail/inertia_stamped__rosidl_typesupport_introspection_cpp.hpp
[126.468s] -- Installing: /ros2_ws/install/geometry_msgs/include/geometry_msgs/geometry_msgs/msg/detail/accel_stamped__rosidl_typesupport_introspection_cpp.hpp
[126.468s] -- Installing: /ros2_ws/install/geometry_msgs/include/geometry_msgs/geometry_msgs/msg/detail/vector3_stamped__type_support.cpp
[126.469s] -- Installing: /ros2_ws/install/geometry_msgs/include/geometry_msgs/geometry_msgs/msg/detail/twist_with_covariance__type_support.cpp
[126.470s] -- Installing: /ros2_ws/install/geometry_msgs/include/geometry_msgs/geometry_msgs/msg/detail/twist__rosidl_typesupport_introspection_cpp.hpp
[126.470s] -- Installing: /ros2_ws/install/geometry_msgs/include/geometry_msgs/geometry_msgs/msg/detail/accel_with_covariance__rosidl_typesupport_introspection_cpp.hpp
[126.471s] -- Installing: /ros2_ws/install/geometry_msgs/include/geometry_msgs/geometry_msgs/msg/detail/pose__rosidl_typesupport_introspection_cpp.hpp
[126.471s] -- Installing: /ros2_ws/install/geometry_msgs/include/geometry_msgs/geometry_msgs/msg/detail/twist_with_covariance_stamped__type_support.cpp
[126.471s] -- Installing: /ros2_ws/install/geometry_msgs/include/geometry_msgs/geometry_msgs/msg/detail/pose2_d__type_support.cpp
[126.472s] -- Installing: /ros2_ws/install/geometry_msgs/include/geometry_msgs/geometry_msgs/msg/detail/polygon_stamped__rosidl_typesupport_introspection_cpp.hpp
[126.472s] -- Installing: /ros2_ws/install/geometry_msgs/include/geometry_msgs/geometry_msgs/msg/detail/wrench_stamped__type_support.cpp
[126.473s] -- Installing: /ros2_ws/install/geometry_msgs/include/geometry_msgs/geometry_msgs/msg/detail/accel__rosidl_typesupport_introspection_cpp.hpp
[126.473s] -- Installing: /ros2_ws/install/geometry_msgs/include/geometry_msgs/geometry_msgs/msg/detail/polygon__type_support.cpp
[126.474s] -- Installing: /ros2_ws/install/geometry_msgs/include/geometry_msgs/geometry_msgs/msg/detail/polygon__rosidl_typesupport_introspection_cpp.hpp
[126.474s] -- Installing: /ros2_ws/install/geometry_msgs/include/geometry_msgs/geometry_msgs/msg/detail/accel_stamped__type_support.cpp
[126.475s] -- Installing: /ros2_ws/install/geometry_msgs/lib/libgeometry_msgs__rosidl_typesupport_introspection_cpp.so
[126.477s] -- Set runtime path of "/ros2_ws/install/geometry_msgs/lib/libgeometry_msgs__rosidl_typesupport_introspection_cpp.so" to ""
[126.478s] -- Installing: /ros2_ws/install/geometry_msgs/lib/libgeometry_msgs__rosidl_typesupport_cpp.so
[126.479s] -- Set runtime path of "/ros2_ws/install/geometry_msgs/lib/libgeometry_msgs__rosidl_typesupport_cpp.so" to ""
[126.479s] -- Installing: /ros2_ws/install/geometry_msgs/share/geometry_msgs/environment/pythonpath.sh
[126.480s] -- Installing: /ros2_ws/install/geometry_msgs/share/geometry_msgs/environment/pythonpath.dsv
[126.480s] -- Installing: /ros2_ws/install/geometry_msgs/local/lib/python3.10/dist-packages/geometry_msgs-2.0.5-py3.10.egg-info
[126.481s] -- Installing: /ros2_ws/install/geometry_msgs/local/lib/python3.10/dist-packages/geometry_msgs-2.0.5-py3.10.egg-info/SOURCES.txt
[126.481s] -- Installing: /ros2_ws/install/geometry_msgs/local/lib/python3.10/dist-packages/geometry_msgs-2.0.5-py3.10.egg-info/dependency_links.txt
[126.482s] -- Installing: /ros2_ws/install/geometry_msgs/local/lib/python3.10/dist-packages/geometry_msgs-2.0.5-py3.10.egg-info/top_level.txt
[126.482s] -- Installing: /ros2_ws/install/geometry_msgs/local/lib/python3.10/dist-packages/geometry_msgs-2.0.5-py3.10.egg-info/PKG-INFO
[126.483s] -- Installing: /ros2_ws/install/geometry_msgs/local/lib/python3.10/dist-packages/geometry_msgs
[126.483s] -- Installing: /ros2_ws/install/geometry_msgs/local/lib/python3.10/dist-packages/geometry_msgs/geometry_msgs_s__rosidl_typesupport_fastrtps_c.cpython-310-aarch64-linux-gnu.so
[126.484s] -- Installing: /ros2_ws/install/geometry_msgs/local/lib/python3.10/dist-packages/geometry_msgs/__init__.py
[126.484s] -- Installing: /ros2_ws/install/geometry_msgs/local/lib/python3.10/dist-packages/geometry_msgs/libgeometry_msgs__rosidl_generator_py.so
[126.485s] -- Installing: /ros2_ws/install/geometry_msgs/local/lib/python3.10/dist-packages/geometry_msgs/geometry_msgs_s__rosidl_typesupport_introspection_c.cpython-310-aarch64-linux-gnu.so
[126.486s] -- Installing: /ros2_ws/install/geometry_msgs/local/lib/python3.10/dist-packages/geometry_msgs/_geometry_msgs_s.ep.rosidl_typesupport_fastrtps_c.c
[126.487s] -- Installing: /ros2_ws/install/geometry_msgs/local/lib/python3.10/dist-packages/geometry_msgs/msg
[126.488s] -- Installing: /ros2_ws/install/geometry_msgs/local/lib/python3.10/dist-packages/geometry_msgs/msg/_pose_s.c
[126.488s] -- Installing: /ros2_ws/install/geometry_msgs/local/lib/python3.10/dist-packages/geometry_msgs/msg/_vector3.py
[126.488s] -- Installing: /ros2_ws/install/geometry_msgs/local/lib/python3.10/dist-packages/geometry_msgs/msg/_accel_with_covariance_stamped.py
[126.489s] -- Installing: /ros2_ws/install/geometry_msgs/local/lib/python3.10/dist-packages/geometry_msgs/msg/_pose_array.py
[126.489s] -- Installing: /ros2_ws/install/geometry_msgs/local/lib/python3.10/dist-packages/geometry_msgs/msg/_wrench.py
[126.490s] -- Installing: /ros2_ws/install/geometry_msgs/local/lib/python3.10/dist-packages/geometry_msgs/msg/_twist_with_covariance_stamped.py
[126.490s] -- Installing: /ros2_ws/install/geometry_msgs/local/lib/python3.10/dist-packages/geometry_msgs/msg/_vector3_stamped.py
[126.491s] -- Installing: /ros2_ws/install/geometry_msgs/local/lib/python3.10/dist-packages/geometry_msgs/msg/_transform.py
[126.491s] -- Installing: /ros2_ws/install/geometry_msgs/local/lib/python3.10/dist-packages/geometry_msgs/msg/_wrench_s.c
[126.491s] -- Installing: /ros2_ws/install/geometry_msgs/local/lib/python3.10/dist-packages/geometry_msgs/msg/_wrench_stamped_s.c
[126.492s] -- Installing: /ros2_ws/install/geometry_msgs/local/lib/python3.10/dist-packages/geometry_msgs/msg/__init__.py
[126.492s] -- Installing: /ros2_ws/install/geometry_msgs/local/lib/python3.10/dist-packages/geometry_msgs/msg/_pose.py
[126.493s] -- Installing: /ros2_ws/install/geometry_msgs/local/lib/python3.10/dist-packages/geometry_msgs/msg/_vector3_stamped_s.c
[126.493s] -- Installing: /ros2_ws/install/geometry_msgs/local/lib/python3.10/dist-packages/geometry_msgs/msg/_point.py
[126.494s] -- Installing: /ros2_ws/install/geometry_msgs/local/lib/python3.10/dist-packages/geometry_msgs/msg/_quaternion.py
[126.494s] -- Installing: /ros2_ws/install/geometry_msgs/local/lib/python3.10/dist-packages/geometry_msgs/msg/_twist.py
[126.494s] -- Installing: /ros2_ws/install/geometry_msgs/local/lib/python3.10/dist-packages/geometry_msgs/msg/_pose_array_s.c
[126.495s] -- Installing: /ros2_ws/install/geometry_msgs/local/lib/python3.10/dist-packages/geometry_msgs/msg/_accel_stamped.py
[126.495s] -- Installing: /ros2_ws/install/geometry_msgs/local/lib/python3.10/dist-packages/geometry_msgs/msg/_inertia_stamped_s.c
[126.496s] -- Installing: /ros2_ws/install/geometry_msgs/local/lib/python3.10/dist-packages/geometry_msgs/msg/_point32.py
[126.496s] -- Installing: /ros2_ws/install/geometry_msgs/local/lib/python3.10/dist-packages/geometry_msgs/msg/_transform_stamped_s.c
[126.496s] -- Installing: /ros2_ws/install/geometry_msgs/local/lib/python3.10/dist-packages/geometry_msgs/msg/_transform_stamped.py
[126.497s] -- Installing: /ros2_ws/install/geometry_msgs/local/lib/python3.10/dist-packages/geometry_msgs/msg/_pose_stamped.py
[126.497s] -- Installing: /ros2_ws/install/geometry_msgs/local/lib/python3.10/dist-packages/geometry_msgs/msg/_accel_with_covariance_s.c
[126.498s] -- Installing: /ros2_ws/install/geometry_msgs/local/lib/python3.10/dist-packages/geometry_msgs/msg/_twist_s.c
[126.498s] -- Installing: /ros2_ws/install/geometry_msgs/local/lib/python3.10/dist-packages/geometry_msgs/msg/_inertia.py
[126.499s] -- Installing: /ros2_ws/install/geometry_msgs/local/lib/python3.10/dist-packages/geometry_msgs/msg/_pose_with_covariance_stamped.py
[126.500s] -- Installing: /ros2_ws/install/geometry_msgs/local/lib/python3.10/dist-packages/geometry_msgs/msg/_quaternion_s.c
[126.500s] -- Installing: /ros2_ws/install/geometry_msgs/local/lib/python3.10/dist-packages/geometry_msgs/msg/_twist_stamped.py
[126.500s] -- Installing: /ros2_ws/install/geometry_msgs/local/lib/python3.10/dist-packages/geometry_msgs/msg/_pose_with_covariance.py
[126.501s] -- Installing: /ros2_ws/install/geometry_msgs/local/lib/python3.10/dist-packages/geometry_msgs/msg/_accel_s.c
[126.501s] -- Installing: /ros2_ws/install/geometry_msgs/local/lib/python3.10/dist-packages/geometry_msgs/msg/_polygon_stamped_s.c
[126.502s] -- Installing: /ros2_ws/install/geometry_msgs/local/lib/python3.10/dist-packages/geometry_msgs/msg/_pose_with_covariance_stamped_s.c
[126.502s] -- Installing: /ros2_ws/install/geometry_msgs/local/lib/python3.10/dist-packages/geometry_msgs/msg/_quaternion_stamped.py
[126.502s] -- Installing: /ros2_ws/install/geometry_msgs/local/lib/python3.10/dist-packages/geometry_msgs/msg/_polygon_stamped.py
[126.503s] -- Installing: /ros2_ws/install/geometry_msgs/local/lib/python3.10/dist-packages/geometry_msgs/msg/_inertia_stamped.py
[126.503s] -- Installing: /ros2_ws/install/geometry_msgs/local/lib/python3.10/dist-packages/geometry_msgs/msg/_twist_stamped_s.c
[126.504s] -- Installing: /ros2_ws/install/geometry_msgs/local/lib/python3.10/dist-packages/geometry_msgs/msg/_quaternion_stamped_s.c
[126.504s] -- Installing: /ros2_ws/install/geometry_msgs/local/lib/python3.10/dist-packages/geometry_msgs/msg/_wrench_stamped.py
[126.504s] -- Installing: /ros2_ws/install/geometry_msgs/local/lib/python3.10/dist-packages/geometry_msgs/msg/_accel_with_covariance.py
[126.505s] -- Installing: /ros2_ws/install/geometry_msgs/local/lib/python3.10/dist-packages/geometry_msgs/msg/_pose2_d_s.c
[126.505s] -- Installing: /ros2_ws/install/geometry_msgs/local/lib/python3.10/dist-packages/geometry_msgs/msg/_accel.py
[126.506s] -- Installing: /ros2_ws/install/geometry_msgs/local/lib/python3.10/dist-packages/geometry_msgs/msg/_point_s.c
[126.506s] -- Installing: /ros2_ws/install/geometry_msgs/local/lib/python3.10/dist-packages/geometry_msgs/msg/_twist_with_covariance_stamped_s.c
[126.507s] -- Installing: /ros2_ws/install/geometry_msgs/local/lib/python3.10/dist-packages/geometry_msgs/msg/_pose_with_covariance_s.c
[126.507s] -- Installing: /ros2_ws/install/geometry_msgs/local/lib/python3.10/dist-packages/geometry_msgs/msg/_accel_stamped_s.c
[126.507s] -- Installing: /ros2_ws/install/geometry_msgs/local/lib/python3.10/dist-packages/geometry_msgs/msg/_twist_with_covariance.py
[126.508s] -- Installing: /ros2_ws/install/geometry_msgs/local/lib/python3.10/dist-packages/geometry_msgs/msg/_polygon_s.c
[126.508s] -- Installing: /ros2_ws/install/geometry_msgs/local/lib/python3.10/dist-packages/geometry_msgs/msg/_point_stamped_s.c
[126.509s] -- Installing: /ros2_ws/install/geometry_msgs/local/lib/python3.10/dist-packages/geometry_msgs/msg/_pose_stamped_s.c
[126.509s] -- Installing: /ros2_ws/install/geometry_msgs/local/lib/python3.10/dist-packages/geometry_msgs/msg/_point32_s.c
[126.509s] -- Installing: /ros2_ws/install/geometry_msgs/local/lib/python3.10/dist-packages/geometry_msgs/msg/_transform_s.c
[126.510s] -- Installing: /ros2_ws/install/geometry_msgs/local/lib/python3.10/dist-packages/geometry_msgs/msg/_twist_with_covariance_s.c
[126.510s] -- Installing: /ros2_ws/install/geometry_msgs/local/lib/python3.10/dist-packages/geometry_msgs/msg/_pose2_d.py
[126.511s] -- Installing: /ros2_ws/install/geometry_msgs/local/lib/python3.10/dist-packages/geometry_msgs/msg/_point_stamped.py
[126.511s] -- Installing: /ros2_ws/install/geometry_msgs/local/lib/python3.10/dist-packages/geometry_msgs/msg/_polygon.py
[126.511s] -- Installing: /ros2_ws/install/geometry_msgs/local/lib/python3.10/dist-packages/geometry_msgs/msg/_vector3_s.c
[126.512s] -- Installing: /ros2_ws/install/geometry_msgs/local/lib/python3.10/dist-packages/geometry_msgs/msg/_inertia_s.c
[126.512s] -- Installing: /ros2_ws/install/geometry_msgs/local/lib/python3.10/dist-packages/geometry_msgs/msg/_accel_with_covariance_stamped_s.c
[126.513s] -- Installing: /ros2_ws/install/geometry_msgs/local/lib/python3.10/dist-packages/geometry_msgs/geometry_msgs_s__rosidl_typesupport_c.cpython-310-aarch64-linux-gnu.so
[126.514s] -- Installing: /ros2_ws/install/geometry_msgs/local/lib/python3.10/dist-packages/geometry_msgs/_geometry_msgs_s.ep.rosidl_typesupport_introspection_c.c
[126.515s] -- Installing: /ros2_ws/install/geometry_msgs/local/lib/python3.10/dist-packages/geometry_msgs/_geometry_msgs_s.ep.rosidl_typesupport_c.c
[126.759s] Listing '/ros2_ws/install/geometry_msgs/local/lib/python3.10/dist-packages/geometry_msgs'...
[126.759s] Compiling '/ros2_ws/install/geometry_msgs/local/lib/python3.10/dist-packages/geometry_msgs/__init__.py'...
[126.760s] Listing '/ros2_ws/install/geometry_msgs/local/lib/python3.10/dist-packages/geometry_msgs/msg'...
[126.760s] Compiling '/ros2_ws/install/geometry_msgs/local/lib/python3.10/dist-packages/geometry_msgs/msg/__init__.py'...
[126.761s] Compiling '/ros2_ws/install/geometry_msgs/local/lib/python3.10/dist-packages/geometry_msgs/msg/_accel.py'...
[126.761s] Compiling '/ros2_ws/install/geometry_msgs/local/lib/python3.10/dist-packages/geometry_msgs/msg/_accel_stamped.py'...
[126.762s] Compiling '/ros2_ws/install/geometry_msgs/local/lib/python3.10/dist-packages/geometry_msgs/msg/_accel_with_covariance.py'...
[126.762s] Compiling '/ros2_ws/install/geometry_msgs/local/lib/python3.10/dist-packages/geometry_msgs/msg/_accel_with_covariance_stamped.py'...
[126.762s] Compiling '/ros2_ws/install/geometry_msgs/local/lib/python3.10/dist-packages/geometry_msgs/msg/_inertia.py'...
[126.763s] Compiling '/ros2_ws/install/geometry_msgs/local/lib/python3.10/dist-packages/geometry_msgs/msg/_inertia_stamped.py'...
[126.763s] Compiling '/ros2_ws/install/geometry_msgs/local/lib/python3.10/dist-packages/geometry_msgs/msg/_point.py'...
[126.763s] Compiling '/ros2_ws/install/geometry_msgs/local/lib/python3.10/dist-packages/geometry_msgs/msg/_point32.py'...
[126.764s] Compiling '/ros2_ws/install/geometry_msgs/local/lib/python3.10/dist-packages/geometry_msgs/msg/_point_stamped.py'...
[126.764s] Compiling '/ros2_ws/install/geometry_msgs/local/lib/python3.10/dist-packages/geometry_msgs/msg/_polygon.py'...
[126.764s] Compiling '/ros2_ws/install/geometry_msgs/local/lib/python3.10/dist-packages/geometry_msgs/msg/_polygon_stamped.py'...
[126.765s] Compiling '/ros2_ws/install/geometry_msgs/local/lib/python3.10/dist-packages/geometry_msgs/msg/_pose.py'...
[126.765s] Compiling '/ros2_ws/install/geometry_msgs/local/lib/python3.10/dist-packages/geometry_msgs/msg/_pose2_d.py'...
[126.766s] Compiling '/ros2_ws/install/geometry_msgs/local/lib/python3.10/dist-packages/geometry_msgs/msg/_pose_array.py'...
[126.766s] Compiling '/ros2_ws/install/geometry_msgs/local/lib/python3.10/dist-packages/geometry_msgs/msg/_pose_stamped.py'...
[126.766s] Compiling '/ros2_ws/install/geometry_msgs/local/lib/python3.10/dist-packages/geometry_msgs/msg/_pose_with_covariance.py'...
[126.767s] Compiling '/ros2_ws/install/geometry_msgs/local/lib/python3.10/dist-packages/geometry_msgs/msg/_pose_with_covariance_stamped.py'...
[126.767s] Compiling '/ros2_ws/install/geometry_msgs/local/lib/python3.10/dist-packages/geometry_msgs/msg/_quaternion.py'...
[126.767s] Compiling '/ros2_ws/install/geometry_msgs/local/lib/python3.10/dist-packages/geometry_msgs/msg/_quaternion_stamped.py'...
[126.768s] Compiling '/ros2_ws/install/geometry_msgs/local/lib/python3.10/dist-packages/geometry_msgs/msg/_transform.py'...
[126.768s] Compiling '/ros2_ws/install/geometry_msgs/local/lib/python3.10/dist-packages/geometry_msgs/msg/_transform_stamped.py'...
[126.769s] Compiling '/ros2_ws/install/geometry_msgs/local/lib/python3.10/dist-packages/geometry_msgs/msg/_twist.py'...
[126.769s] Compiling '/ros2_ws/install/geometry_msgs/local/lib/python3.10/dist-packages/geometry_msgs/msg/_twist_stamped.py'...
[126.769s] Compiling '/ros2_ws/install/geometry_msgs/local/lib/python3.10/dist-packages/geometry_msgs/msg/_twist_with_covariance.py'...
[126.770s] Compiling '/ros2_ws/install/geometry_msgs/local/lib/python3.10/dist-packages/geometry_msgs/msg/_twist_with_covariance_stamped.py'...
[126.770s] Compiling '/ros2_ws/install/geometry_msgs/local/lib/python3.10/dist-packages/geometry_msgs/msg/_vector3.py'...
[126.770s] Compiling '/ros2_ws/install/geometry_msgs/local/lib/python3.10/dist-packages/geometry_msgs/msg/_vector3_stamped.py'...
[126.771s] Compiling '/ros2_ws/install/geometry_msgs/local/lib/python3.10/dist-packages/geometry_msgs/msg/_wrench.py'...
[126.771s] Compiling '/ros2_ws/install/geometry_msgs/local/lib/python3.10/dist-packages/geometry_msgs/msg/_wrench_stamped.py'...
[126.783s] -- Installing: /ros2_ws/install/geometry_msgs/local/lib/python3.10/dist-packages/geometry_msgs/geometry_msgs_s__rosidl_typesupport_fastrtps_c.cpython-310-aarch64-linux-gnu.so
[126.785s] -- Set runtime path of "/ros2_ws/install/geometry_msgs/local/lib/python3.10/dist-packages/geometry_msgs/geometry_msgs_s__rosidl_typesupport_fastrtps_c.cpython-310-aarch64-linux-gnu.so" to ""
[126.786s] -- Installing: /ros2_ws/install/geometry_msgs/local/lib/python3.10/dist-packages/geometry_msgs/geometry_msgs_s__rosidl_typesupport_introspection_c.cpython-310-aarch64-linux-gnu.so
[126.787s] -- Set runtime path of "/ros2_ws/install/geometry_msgs/local/lib/python3.10/dist-packages/geometry_msgs/geometry_msgs_s__rosidl_typesupport_introspection_c.cpython-310-aarch64-linux-gnu.so" to ""
[126.788s] -- Installing: /ros2_ws/install/geometry_msgs/local/lib/python3.10/dist-packages/geometry_msgs/geometry_msgs_s__rosidl_typesupport_c.cpython-310-aarch64-linux-gnu.so
[126.790s] -- Set runtime path of "/ros2_ws/install/geometry_msgs/local/lib/python3.10/dist-packages/geometry_msgs/geometry_msgs_s__rosidl_typesupport_c.cpython-310-aarch64-linux-gnu.so" to ""
[126.790s] -- Installing: /ros2_ws/install/geometry_msgs/lib/libgeometry_msgs__rosidl_generator_py.so
[126.792s] -- Set runtime path of "/ros2_ws/install/geometry_msgs/lib/libgeometry_msgs__rosidl_generator_py.so" to ""
[126.792s] -- Installing: /ros2_ws/install/geometry_msgs/share/ament_index/resource_index/rust_packages/geometry_msgs
[126.793s] -- Installing: /ros2_ws/install/geometry_msgs/share/geometry_msgs/rust
[126.794s] -- Installing: /ros2_ws/install/geometry_msgs/share/geometry_msgs/rust/src
[126.794s] -- Installing: /ros2_ws/install/geometry_msgs/share/geometry_msgs/rust/src/msg
[126.794s] -- Installing: /ros2_ws/install/geometry_msgs/share/geometry_msgs/rust/src/msg/rmw.rs
[126.795s] -- Installing: /ros2_ws/install/geometry_msgs/share/geometry_msgs/rust/src/msg.rs
[126.795s] -- Installing: /ros2_ws/install/geometry_msgs/share/geometry_msgs/rust/src/lib.rs
[126.795s] -- Installing: /ros2_ws/install/geometry_msgs/share/geometry_msgs/rust/Cargo.toml
[126.796s] -- Installing: /ros2_ws/install/geometry_msgs/share/geometry_msgs/rust/build.rs
[126.796s] -- Installing: /ros2_ws/install/geometry_msgs/share/geometry_msgs/msg/Accel.idl
[126.797s] -- Installing: /ros2_ws/install/geometry_msgs/share/geometry_msgs/msg/AccelStamped.idl
[126.798s] -- Installing: /ros2_ws/install/geometry_msgs/share/geometry_msgs/msg/AccelWithCovariance.idl
[126.798s] -- Installing: /ros2_ws/install/geometry_msgs/share/geometry_msgs/msg/AccelWithCovarianceStamped.idl
[126.799s] -- Installing: /ros2_ws/install/geometry_msgs/share/geometry_msgs/msg/Inertia.idl
[126.799s] -- Installing: /ros2_ws/install/geometry_msgs/share/geometry_msgs/msg/InertiaStamped.idl
[126.800s] -- Installing: /ros2_ws/install/geometry_msgs/share/geometry_msgs/msg/Point.idl
[126.801s] -- Installing: /ros2_ws/install/geometry_msgs/share/geometry_msgs/msg/Point32.idl
[126.801s] -- Installing: /ros2_ws/install/geometry_msgs/share/geometry_msgs/msg/PointStamped.idl
[126.802s] -- Installing: /ros2_ws/install/geometry_msgs/share/geometry_msgs/msg/Polygon.idl
[126.802s] -- Installing: /ros2_ws/install/geometry_msgs/share/geometry_msgs/msg/PolygonStamped.idl
[126.803s] -- Installing: /ros2_ws/install/geometry_msgs/share/geometry_msgs/msg/Pose.idl
[126.803s] -- Installing: /ros2_ws/install/geometry_msgs/share/geometry_msgs/msg/Pose2D.idl
[126.804s] -- Installing: /ros2_ws/install/geometry_msgs/share/geometry_msgs/msg/PoseArray.idl
[126.804s] -- Installing: /ros2_ws/install/geometry_msgs/share/geometry_msgs/msg/PoseStamped.idl
[126.805s] -- Installing: /ros2_ws/install/geometry_msgs/share/geometry_msgs/msg/PoseWithCovariance.idl
[126.806s] -- Installing: /ros2_ws/install/geometry_msgs/share/geometry_msgs/msg/PoseWithCovarianceStamped.idl
[126.806s] -- Installing: /ros2_ws/install/geometry_msgs/share/geometry_msgs/msg/Quaternion.idl
[126.807s] -- Installing: /ros2_ws/install/geometry_msgs/share/geometry_msgs/msg/QuaternionStamped.idl
[126.807s] -- Installing: /ros2_ws/install/geometry_msgs/share/geometry_msgs/msg/Transform.idl
[126.808s] -- Installing: /ros2_ws/install/geometry_msgs/share/geometry_msgs/msg/TransformStamped.idl
[126.808s] -- Installing: /ros2_ws/install/geometry_msgs/share/geometry_msgs/msg/Twist.idl
[126.809s] -- Installing: /ros2_ws/install/geometry_msgs/share/geometry_msgs/msg/TwistStamped.idl
[126.809s] -- Installing: /ros2_ws/install/geometry_msgs/share/geometry_msgs/msg/TwistWithCovariance.idl
[126.810s] -- Installing: /ros2_ws/install/geometry_msgs/share/geometry_msgs/msg/TwistWithCovarianceStamped.idl
[126.810s] -- Installing: /ros2_ws/install/geometry_msgs/share/geometry_msgs/msg/Vector3.idl
[126.811s] -- Installing: /ros2_ws/install/geometry_msgs/share/geometry_msgs/msg/Vector3Stamped.idl
[126.811s] -- Installing: /ros2_ws/install/geometry_msgs/share/geometry_msgs/msg/Wrench.idl
[126.812s] -- Installing: /ros2_ws/install/geometry_msgs/share/geometry_msgs/msg/WrenchStamped.idl
[126.812s] -- Installing: /ros2_ws/install/geometry_msgs/share/geometry_msgs/msg/Accel.msg
[126.813s] -- Installing: /ros2_ws/install/geometry_msgs/share/geometry_msgs/msg/AccelStamped.msg
[126.813s] -- Installing: /ros2_ws/install/geometry_msgs/share/geometry_msgs/msg/AccelWithCovariance.msg
[126.814s] -- Installing: /ros2_ws/install/geometry_msgs/share/geometry_msgs/msg/AccelWithCovarianceStamped.msg
[126.815s] -- Installing: /ros2_ws/install/geometry_msgs/share/geometry_msgs/msg/Inertia.msg
[126.815s] -- Installing: /ros2_ws/install/geometry_msgs/share/geometry_msgs/msg/InertiaStamped.msg
[126.816s] -- Installing: /ros2_ws/install/geometry_msgs/share/geometry_msgs/msg/Point.msg
[126.816s] -- Installing: /ros2_ws/install/geometry_msgs/share/geometry_msgs/msg/Point32.msg
[126.817s] -- Installing: /ros2_ws/install/geometry_msgs/share/geometry_msgs/msg/PointStamped.msg
[126.817s] -- Installing: /ros2_ws/install/geometry_msgs/share/geometry_msgs/msg/Polygon.msg
[126.818s] -- Installing: /ros2_ws/install/geometry_msgs/share/geometry_msgs/msg/PolygonStamped.msg
[126.818s] -- Installing: /ros2_ws/install/geometry_msgs/share/geometry_msgs/msg/Pose.msg
[126.819s] -- Installing: /ros2_ws/install/geometry_msgs/share/geometry_msgs/msg/Pose2D.msg
[126.819s] -- Installing: /ros2_ws/install/geometry_msgs/share/geometry_msgs/msg/PoseArray.msg
[126.820s] -- Installing: /ros2_ws/install/geometry_msgs/share/geometry_msgs/msg/PoseStamped.msg
[126.820s] -- Installing: /ros2_ws/install/geometry_msgs/share/geometry_msgs/msg/PoseWithCovariance.msg
[126.821s] -- Installing: /ros2_ws/install/geometry_msgs/share/geometry_msgs/msg/PoseWithCovarianceStamped.msg
[126.821s] -- Installing: /ros2_ws/install/geometry_msgs/share/geometry_msgs/msg/Quaternion.msg
[126.822s] -- Installing: /ros2_ws/install/geometry_msgs/share/geometry_msgs/msg/QuaternionStamped.msg
[126.822s] -- Installing: /ros2_ws/install/geometry_msgs/share/geometry_msgs/msg/Transform.msg
[126.823s] -- Installing: /ros2_ws/install/geometry_msgs/share/geometry_msgs/msg/TransformStamped.msg
[126.823s] -- Installing: /ros2_ws/install/geometry_msgs/share/geometry_msgs/msg/Twist.msg
[126.824s] -- Installing: /ros2_ws/install/geometry_msgs/share/geometry_msgs/msg/TwistStamped.msg
[126.824s] -- Installing: /ros2_ws/install/geometry_msgs/share/geometry_msgs/msg/TwistWithCovariance.msg
[126.825s] -- Installing: /ros2_ws/install/geometry_msgs/share/geometry_msgs/msg/TwistWithCovarianceStamped.msg
[126.826s] -- Installing: /ros2_ws/install/geometry_msgs/share/geometry_msgs/msg/Vector3.msg
[126.826s] -- Installing: /ros2_ws/install/geometry_msgs/share/geometry_msgs/msg/Vector3Stamped.msg
[126.827s] -- Installing: /ros2_ws/install/geometry_msgs/share/geometry_msgs/msg/Wrench.msg
[126.827s] -- Installing: /ros2_ws/install/geometry_msgs/share/geometry_msgs/msg/WrenchStamped.msg
[126.828s] -- Installing: /ros2_ws/install/geometry_msgs/share/ament_index/resource_index/package_run_dependencies/geometry_msgs
[126.829s] -- Installing: /ros2_ws/install/geometry_msgs/share/ament_index/resource_index/parent_prefix_path/geometry_msgs
[126.829s] -- Installing: /ros2_ws/install/geometry_msgs/share/geometry_msgs/environment/ament_prefix_path.sh
[126.830s] -- Installing: /ros2_ws/install/geometry_msgs/share/geometry_msgs/environment/ament_prefix_path.dsv
[126.830s] -- Installing: /ros2_ws/install/geometry_msgs/share/geometry_msgs/environment/path.sh
[126.831s] -- Installing: /ros2_ws/install/geometry_msgs/share/geometry_msgs/environment/path.dsv
[126.831s] -- Installing: /ros2_ws/install/geometry_msgs/share/geometry_msgs/local_setup.bash
[126.832s] -- Installing: /ros2_ws/install/geometry_msgs/share/geometry_msgs/local_setup.sh
[126.833s] -- Installing: /ros2_ws/install/geometry_msgs/share/geometry_msgs/local_setup.zsh
[126.833s] -- Installing: /ros2_ws/install/geometry_msgs/share/geometry_msgs/local_setup.dsv
[126.834s] -- Installing: /ros2_ws/install/geometry_msgs/share/geometry_msgs/package.dsv
[126.834s] -- Installing: /ros2_ws/install/geometry_msgs/share/ament_index/resource_index/packages/geometry_msgs
[126.835s] -- Installing: /ros2_ws/install/geometry_msgs/share/geometry_msgs/cmake/export_geometry_msgs__rosidl_generator_cExport.cmake
[126.836s] -- Installing: /ros2_ws/install/geometry_msgs/share/geometry_msgs/cmake/export_geometry_msgs__rosidl_generator_cExport-noconfig.cmake
[126.836s] -- Installing: /ros2_ws/install/geometry_msgs/share/geometry_msgs/cmake/export_geometry_msgs__rosidl_typesupport_fastrtps_cExport.cmake
[126.837s] -- Installing: /ros2_ws/install/geometry_msgs/share/geometry_msgs/cmake/export_geometry_msgs__rosidl_typesupport_fastrtps_cExport-noconfig.cmake
[126.838s] -- Installing: /ros2_ws/install/geometry_msgs/share/geometry_msgs/cmake/geometry_msgs__rosidl_typesupport_introspection_cExport.cmake
[126.838s] -- Installing: /ros2_ws/install/geometry_msgs/share/geometry_msgs/cmake/geometry_msgs__rosidl_typesupport_introspection_cExport-noconfig.cmake
[126.839s] -- Installing: /ros2_ws/install/geometry_msgs/share/geometry_msgs/cmake/geometry_msgs__rosidl_typesupport_cExport.cmake
[126.840s] -- Installing: /ros2_ws/install/geometry_msgs/share/geometry_msgs/cmake/geometry_msgs__rosidl_typesupport_cExport-noconfig.cmake
[126.840s] -- Installing: /ros2_ws/install/geometry_msgs/share/geometry_msgs/cmake/export_geometry_msgs__rosidl_generator_cppExport.cmake
[126.841s] -- Installing: /ros2_ws/install/geometry_msgs/share/geometry_msgs/cmake/export_geometry_msgs__rosidl_typesupport_fastrtps_cppExport.cmake
[126.842s] -- Installing: /ros2_ws/install/geometry_msgs/share/geometry_msgs/cmake/export_geometry_msgs__rosidl_typesupport_fastrtps_cppExport-noconfig.cmake
[126.843s] -- Installing: /ros2_ws/install/geometry_msgs/share/geometry_msgs/cmake/geometry_msgs__rosidl_typesupport_introspection_cppExport.cmake
[126.843s] -- Installing: /ros2_ws/install/geometry_msgs/share/geometry_msgs/cmake/geometry_msgs__rosidl_typesupport_introspection_cppExport-noconfig.cmake
[126.844s] -- Installing: /ros2_ws/install/geometry_msgs/share/geometry_msgs/cmake/geometry_msgs__rosidl_typesupport_cppExport.cmake
[126.845s] -- Installing: /ros2_ws/install/geometry_msgs/share/geometry_msgs/cmake/geometry_msgs__rosidl_typesupport_cppExport-noconfig.cmake
[126.846s] -- Installing: /ros2_ws/install/geometry_msgs/share/geometry_msgs/cmake/export_geometry_msgs__rosidl_generator_pyExport.cmake
[126.846s] -- Installing: /ros2_ws/install/geometry_msgs/share/geometry_msgs/cmake/export_geometry_msgs__rosidl_generator_pyExport-noconfig.cmake
[126.847s] -- Installing: /ros2_ws/install/geometry_msgs/share/geometry_msgs/cmake/rosidl_cmake-extras.cmake
[126.847s] -- Installing: /ros2_ws/install/geometry_msgs/share/geometry_msgs/cmake/ament_cmake_export_dependencies-extras.cmake
[126.848s] -- Installing: /ros2_ws/install/geometry_msgs/share/geometry_msgs/cmake/ament_cmake_export_include_directories-extras.cmake
[126.849s] -- Installing: /ros2_ws/install/geometry_msgs/share/geometry_msgs/cmake/ament_cmake_export_libraries-extras.cmake
[126.849s] -- Installing: /ros2_ws/install/geometry_msgs/share/geometry_msgs/cmake/ament_cmake_export_targets-extras.cmake
[126.850s] -- Installing: /ros2_ws/install/geometry_msgs/share/geometry_msgs/cmake/rosidl_cmake_export_typesupport_targets-extras.cmake
[126.850s] -- Installing: /ros2_ws/install/geometry_msgs/share/geometry_msgs/cmake/rosidl_cmake_export_typesupport_libraries-extras.cmake
[126.851s] -- Installing: /ros2_ws/install/geometry_msgs/share/geometry_msgs/cmake/geometry_msgsConfig.cmake
[126.851s] -- Installing: /ros2_ws/install/geometry_msgs/share/geometry_msgs/cmake/geometry_msgsConfig-version.cmake
[126.852s] -- Installing: /ros2_ws/install/geometry_msgs/share/geometry_msgs/package.xml
[126.862s] Invoked command in '/ros2_ws/build/geometry_msgs' returned '0': AMENT_PREFIX_PATH=/ros2_ws/install/std_msgs:${AMENT_PREFIX_PATH} CMAKE_PREFIX_PATH=/ros2_ws/install/std_msgs:/opt/ros/humble LD_LIBRARY_PATH=/ros2_ws/install/std_msgs/lib:${LD_LIBRARY_PATH} PYTHONPATH=/ros2_ws/install/std_msgs/local/lib/python3.10/dist-packages:${PYTHONPATH} /usr/bin/cmake --install /ros2_ws/build/geometry_msgs
