[0.060s] Invoking command in '/ros2_ws/build/sensor_msgs': AMENT_PREFIX_PATH=/ros2_ws/install/geometry_msgs:/ros2_ws/install/std_msgs:${AMENT_PREFIX_PATH} CMAKE_PREFIX_PATH=/ros2_ws/install/geometry_msgs:/ros2_ws/install/std_msgs:/opt/ros/humble LD_LIBRARY_PATH=/ros2_ws/install/geometry_msgs/lib:/ros2_ws/install/std_msgs/lib:${LD_LIBRARY_PATH} PYTHONPATH=/ros2_ws/install/geometry_msgs/local/lib/python3.10/dist-packages:/ros2_ws/install/std_msgs/local/lib/python3.10/dist-packages:${PYTHONPATH} /usr/bin/cmake /ros2_ws/src/common_interfaces/sensor_msgs -DCMAKE_INSTALL_PREFIX=/ros2_ws/install/sensor_msgs
[0.279s] -- The C compiler identification is GNU 11.4.0
[0.505s] -- The CXX compiler identification is GNU 11.4.0
[0.536s] -- Detecting C compiler ABI info
[0.842s] -- Detecting C compiler ABI info - done
[0.886s] -- Check for working C compiler: /usr/bin/cc - skipped
[0.887s] -- Detecting C compile features
[0.891s] -- Detecting C compile features - done
[0.901s] -- Detecting CXX compiler ABI info
[1.248s] -- Detecting CXX compiler ABI info - done
[1.277s] -- Check for working CXX compiler: /usr/bin/c++ - skipped
[1.278s] -- Detecting CXX compile features
[1.282s] -- Detecting CXX compile features - done
[1.294s] -- Found ament_cmake: 1.3.14 (/opt/ros/humble/share/ament_cmake/cmake)
[1.936s] -- Found Python3: /usr/bin/python3 (found version "3.10.12") found components: Interpreter 
[2.447s] -- Found builtin_interfaces: 1.2.2 (/opt/ros/humble/share/builtin_interfaces/cmake)
[2.635s] -- Found rosidl_generator_c: 3.1.8 (/opt/ros/humble/share/rosidl_generator_c/cmake)
[2.668s] -- Found rosidl_adapter: 3.1.8 (/opt/ros/humble/share/rosidl_adapter/cmake)
[2.721s] -- Found rosidl_generator_cpp: 3.1.8 (/opt/ros/humble/share/rosidl_generator_cpp/cmake)
[2.784s] -- Using all available rosidl_typesupport_c: rosidl_typesupport_fastrtps_c;rosidl_typesupport_introspection_c
[2.869s] -- Using all available rosidl_typesupport_cpp: rosidl_typesupport_fastrtps_cpp;rosidl_typesupport_introspection_cpp
[2.938s] -- Found geometry_msgs: 2.0.5 (/ros2_ws/install/geometry_msgs/share/geometry_msgs/cmake)
[3.066s] -- Found rosidl_default_generators: 1.2.1 (/opt/ros/humble/share/rosidl_default_generators/cmake)
[5.651s] -- Found ament_cmake_cppcheck: 0.12.15 (/opt/ros/humble/share/ament_cmake_cppcheck/cmake)
[5.671s] -- Found ament_cmake_cpplint: 0.12.15 (/opt/ros/humble/share/ament_cmake_cpplint/cmake)
[5.684s] -- Found ament_cmake_uncrustify: 0.12.15 (/opt/ros/humble/share/ament_cmake_uncrustify/cmake)
[5.696s] -- Found ament_cmake_ros: 0.10.0 (/opt/ros/humble/share/ament_cmake_ros/cmake)
[7.676s] -- Using all available rosidl_typesupport_c: rosidl_typesupport_fastrtps_c;rosidl_typesupport_introspection_c
[8.873s] -- Using all available rosidl_typesupport_cpp: rosidl_typesupport_fastrtps_cpp;rosidl_typesupport_introspection_cpp
[9.064s] -- Found PythonInterp: /usr/bin/python3 (found suitable version "3.10.12", minimum required is "3.6") 
[9.084s] -- Found python_cmake_module: 0.10.0 (/opt/ros/humble/share/python_cmake_module/cmake)
[9.248s] -- Found PythonLibs: /usr/lib/aarch64-linux-gnu/libpython3.10.so (found suitable version "3.10.12", minimum required is "3.5") 
[9.250s] -- Using PYTHON_EXECUTABLE: /usr/bin/python3
[9.250s] -- Using PYTHON_INCLUDE_DIRS: /usr/include/python3.10
[9.251s] -- Using PYTHON_LIBRARIES: /usr/lib/aarch64-linux-gnu/libpython3.10.so
[9.418s] -- Found PythonExtra: .so  
[10.262s] -- Found ament_cmake_flake8: 0.12.15 (/opt/ros/humble/share/ament_cmake_flake8/cmake)
[10.283s] -- Found ament_cmake_pep257: 0.12.15 (/opt/ros/humble/share/ament_cmake_pep257/cmake)
[11.354s] -- Found ament_lint_auto: 0.12.15 (/opt/ros/humble/share/ament_lint_auto/cmake)
[11.528s] -- Found gtest sources under '/opt/ros/humble/src/gtest_vendor': C++ tests using 'Google Test' will be built
[11.558s] -- Looking for pthread.h
[12.286s] -- Looking for pthread.h - found
[12.289s] -- Performing Test CMAKE_HAVE_LIBC_PTHREAD
[13.107s] -- Performing Test CMAKE_HAVE_LIBC_PTHREAD - Success
[13.112s] -- Found Threads: TRUE  
[13.115s] [0mCMake Deprecation Warning at /opt/ros/humble/share/rosidl_cmake/cmake/rosidl_target_interfaces.cmake:32 (message):
[13.115s]   Use rosidl_get_typesupport_target() and target_link_libraries() instead of
[13.115s]   rosidl_target_interfaces()
[13.116s] Call Stack (most recent call first):
[13.116s]   CMakeLists.txt:73 (rosidl_target_interfaces)
[13.116s] 
[13.117s] [0m
[13.250s] -- Added test 'cppcheck' to perform static code analysis on C / C++ code
[13.255s] -- Configured cppcheck include dirs: /ros2_ws/src/common_interfaces/sensor_msgs/include
[13.255s] -- Configured cppcheck exclude dirs and/or files: 
[13.300s] -- Added test 'cpplint' to check C / C++ code against the Google style
[13.300s] -- Configured cpplint exclude dirs and/or files: 
[13.332s] -- Added test 'uncrustify' to check C / C++ code style
[13.332s] -- Configured uncrustify additional arguments: 
[13.350s] -- Added test 'copyright' to check source files copyright and LICENSE
[13.355s] -- Added test 'lint_cmake' to check CMake code style
[13.363s] -- Added test 'xmllint' to check XML markup files
[13.388s] -- Configuring done
[14.209s] -- Generating done
[14.419s] -- Build files have been written to: /ros2_ws/build/sensor_msgs
[14.562s] Invoked command in '/ros2_ws/build/sensor_msgs' returned '0': AMENT_PREFIX_PATH=/ros2_ws/install/geometry_msgs:/ros2_ws/install/std_msgs:${AMENT_PREFIX_PATH} CMAKE_PREFIX_PATH=/ros2_ws/install/geometry_msgs:/ros2_ws/install/std_msgs:/opt/ros/humble LD_LIBRARY_PATH=/ros2_ws/install/geometry_msgs/lib:/ros2_ws/install/std_msgs/lib:${LD_LIBRARY_PATH} PYTHONPATH=/ros2_ws/install/geometry_msgs/local/lib/python3.10/dist-packages:/ros2_ws/install/std_msgs/local/lib/python3.10/dist-packages:${PYTHONPATH} /usr/bin/cmake /ros2_ws/src/common_interfaces/sensor_msgs -DCMAKE_INSTALL_PREFIX=/ros2_ws/install/sensor_msgs
[14.563s] Invoking command in '/ros2_ws/build/sensor_msgs': AMENT_PREFIX_PATH=/ros2_ws/install/geometry_msgs:/ros2_ws/install/std_msgs:${AMENT_PREFIX_PATH} CMAKE_PREFIX_PATH=/ros2_ws/install/geometry_msgs:/ros2_ws/install/std_msgs:/opt/ros/humble LD_LIBRARY_PATH=/ros2_ws/install/geometry_msgs/lib:/ros2_ws/install/std_msgs/lib:${LD_LIBRARY_PATH} PYTHONPATH=/ros2_ws/install/geometry_msgs/local/lib/python3.10/dist-packages:/ros2_ws/install/std_msgs/local/lib/python3.10/dist-packages:${PYTHONPATH} /usr/bin/cmake --build /ros2_ws/build/sensor_msgs -- -j4 -l4
[15.117s] [  0%] [34m[1mGenerating C code for ROS interfaces[0m
[15.267s] [  0%] [34m[1mGenerating Rust code for ROS interfaces[0m
[37.696s] [  0%] Built target sensor_msgs__rs
[48.188s] [  1%] [32mBuilding C object CMakeFiles/sensor_msgs__rosidl_generator_c.dir/rosidl_generator_c/sensor_msgs/msg/detail/battery_state__functions.c.o[0m
[48.429s] [  1%] [32mBuilding C object CMakeFiles/sensor_msgs__rosidl_generator_c.dir/rosidl_generator_c/sensor_msgs/msg/detail/camera_info__functions.c.o[0m
[48.665s] [  1%] [32mBuilding C object CMakeFiles/sensor_msgs__rosidl_generator_c.dir/rosidl_generator_c/sensor_msgs/msg/detail/channel_float32__functions.c.o[0m
[48.886s] [  2%] [32mBuilding C object CMakeFiles/sensor_msgs__rosidl_generator_c.dir/rosidl_generator_c/sensor_msgs/msg/detail/compressed_image__functions.c.o[0m
[49.118s] [  2%] [32mBuilding C object CMakeFiles/sensor_msgs__rosidl_generator_c.dir/rosidl_generator_c/sensor_msgs/msg/detail/fluid_pressure__functions.c.o[0m
[49.334s] [  3%] [32mBuilding C object CMakeFiles/sensor_msgs__rosidl_generator_c.dir/rosidl_generator_c/sensor_msgs/msg/detail/illuminance__functions.c.o[0m
[49.554s] [  3%] [32mBuilding C object CMakeFiles/sensor_msgs__rosidl_generator_c.dir/rosidl_generator_c/sensor_msgs/msg/detail/image__functions.c.o[0m
[49.768s] [  3%] [32mBuilding C object CMakeFiles/sensor_msgs__rosidl_generator_c.dir/rosidl_generator_c/sensor_msgs/msg/detail/imu__functions.c.o[0m
[49.991s] [  4%] [32mBuilding C object CMakeFiles/sensor_msgs__rosidl_generator_c.dir/rosidl_generator_c/sensor_msgs/msg/detail/joint_state__functions.c.o[0m
[50.214s] [  4%] [32mBuilding C object CMakeFiles/sensor_msgs__rosidl_generator_c.dir/rosidl_generator_c/sensor_msgs/msg/detail/joy__functions.c.o[0m
[50.419s] [  5%] [32mBuilding C object CMakeFiles/sensor_msgs__rosidl_generator_c.dir/rosidl_generator_c/sensor_msgs/msg/detail/joy_feedback__functions.c.o[0m
[50.603s] [  5%] [32mBuilding C object CMakeFiles/sensor_msgs__rosidl_generator_c.dir/rosidl_generator_c/sensor_msgs/msg/detail/joy_feedback_array__functions.c.o[0m
[50.791s] [  5%] [32mBuilding C object CMakeFiles/sensor_msgs__rosidl_generator_c.dir/rosidl_generator_c/sensor_msgs/msg/detail/laser_echo__functions.c.o[0m
[50.987s] [  6%] [32mBuilding C object CMakeFiles/sensor_msgs__rosidl_generator_c.dir/rosidl_generator_c/sensor_msgs/msg/detail/laser_scan__functions.c.o[0m
[51.200s] [  6%] [32mBuilding C object CMakeFiles/sensor_msgs__rosidl_generator_c.dir/rosidl_generator_c/sensor_msgs/msg/detail/magnetic_field__functions.c.o[0m
[51.400s] [  6%] [32mBuilding C object CMakeFiles/sensor_msgs__rosidl_generator_c.dir/rosidl_generator_c/sensor_msgs/msg/detail/multi_dof_joint_state__functions.c.o[0m
[51.619s] [  7%] [32mBuilding C object CMakeFiles/sensor_msgs__rosidl_generator_c.dir/rosidl_generator_c/sensor_msgs/msg/detail/multi_echo_laser_scan__functions.c.o[0m
[51.831s] [  7%] [32mBuilding C object CMakeFiles/sensor_msgs__rosidl_generator_c.dir/rosidl_generator_c/sensor_msgs/msg/detail/nav_sat_fix__functions.c.o[0m
[52.045s] [  8%] [32mBuilding C object CMakeFiles/sensor_msgs__rosidl_generator_c.dir/rosidl_generator_c/sensor_msgs/msg/detail/nav_sat_status__functions.c.o[0m
[52.231s] [  8%] [32mBuilding C object CMakeFiles/sensor_msgs__rosidl_generator_c.dir/rosidl_generator_c/sensor_msgs/msg/detail/point_cloud__functions.c.o[0m
[52.451s] [  8%] [32mBuilding C object CMakeFiles/sensor_msgs__rosidl_generator_c.dir/rosidl_generator_c/sensor_msgs/msg/detail/point_cloud2__functions.c.o[0m
[52.670s] [  9%] [32mBuilding C object CMakeFiles/sensor_msgs__rosidl_generator_c.dir/rosidl_generator_c/sensor_msgs/msg/detail/point_field__functions.c.o[0m
[52.874s] [  9%] [32mBuilding C object CMakeFiles/sensor_msgs__rosidl_generator_c.dir/rosidl_generator_c/sensor_msgs/msg/detail/range__functions.c.o[0m
[53.073s] [ 10%] [32mBuilding C object CMakeFiles/sensor_msgs__rosidl_generator_c.dir/rosidl_generator_c/sensor_msgs/msg/detail/region_of_interest__functions.c.o[0m
[53.273s] [ 10%] [32mBuilding C object CMakeFiles/sensor_msgs__rosidl_generator_c.dir/rosidl_generator_c/sensor_msgs/msg/detail/relative_humidity__functions.c.o[0m
[53.475s] [ 10%] [32mBuilding C object CMakeFiles/sensor_msgs__rosidl_generator_c.dir/rosidl_generator_c/sensor_msgs/msg/detail/temperature__functions.c.o[0m
[53.679s] [ 11%] [32mBuilding C object CMakeFiles/sensor_msgs__rosidl_generator_c.dir/rosidl_generator_c/sensor_msgs/msg/detail/time_reference__functions.c.o[0m
[53.888s] [ 11%] [32mBuilding C object CMakeFiles/sensor_msgs__rosidl_generator_c.dir/rosidl_generator_c/sensor_msgs/srv/detail/set_camera_info__functions.c.o[0m
[54.157s] [ 12%] [32m[1mLinking C shared library libsensor_msgs__rosidl_generator_c.so[0m
[54.327s] [ 12%] Built target sensor_msgs__rosidl_generator_c
[54.394s] [ 13%] [32mBuilding CXX object gtest/CMakeFiles/gtest_main.dir/src/gtest_main.cc.o[0m
[57.198s] [ 13%] [32m[1mLinking CXX static library libgtest_main.a[0m
[57.296s] [ 13%] Built target gtest_main
[57.361s] [ 13%] [32mBuilding CXX object gtest/CMakeFiles/gtest.dir/src/gtest-all.cc.o[0m
[71.441s] [ 13%] [32m[1mLinking CXX static library libgtest.a[0m
[71.662s] [ 13%] Built target gtest
[71.702s] [ 14%] [34m[1mGenerating C type support for eProsima Fast-RTPS[0m
[94.012s] [ 14%] [32mBuilding CXX object CMakeFiles/sensor_msgs__rosidl_typesupport_fastrtps_c.dir/rosidl_typesupport_fastrtps_c/sensor_msgs/msg/detail/battery_state__type_support_c.cpp.o[0m
[95.686s] [ 14%] [32mBuilding CXX object CMakeFiles/sensor_msgs__rosidl_typesupport_fastrtps_c.dir/rosidl_typesupport_fastrtps_c/sensor_msgs/msg/detail/camera_info__type_support_c.cpp.o[0m
[97.295s] [ 15%] [32mBuilding CXX object CMakeFiles/sensor_msgs__rosidl_typesupport_fastrtps_c.dir/rosidl_typesupport_fastrtps_c/sensor_msgs/msg/detail/channel_float32__type_support_c.cpp.o[0m
[98.834s] [ 15%] [32mBuilding CXX object CMakeFiles/sensor_msgs__rosidl_typesupport_fastrtps_c.dir/rosidl_typesupport_fastrtps_c/sensor_msgs/msg/detail/compressed_image__type_support_c.cpp.o[0m
[100.483s] [ 15%] [32mBuilding CXX object CMakeFiles/sensor_msgs__rosidl_typesupport_fastrtps_c.dir/rosidl_typesupport_fastrtps_c/sensor_msgs/msg/detail/fluid_pressure__type_support_c.cpp.o[0m
[102.087s] [ 16%] [32mBuilding CXX object CMakeFiles/sensor_msgs__rosidl_typesupport_fastrtps_c.dir/rosidl_typesupport_fastrtps_c/sensor_msgs/msg/detail/illuminance__type_support_c.cpp.o[0m
[103.639s] [ 16%] [32mBuilding CXX object CMakeFiles/sensor_msgs__rosidl_typesupport_fastrtps_c.dir/rosidl_typesupport_fastrtps_c/sensor_msgs/msg/detail/image__type_support_c.cpp.o[0m
[105.245s] [ 17%] [32mBuilding CXX object CMakeFiles/sensor_msgs__rosidl_typesupport_fastrtps_c.dir/rosidl_typesupport_fastrtps_c/sensor_msgs/msg/detail/imu__type_support_c.cpp.o[0m
[106.750s] [ 17%] [32mBuilding CXX object CMakeFiles/sensor_msgs__rosidl_typesupport_fastrtps_c.dir/rosidl_typesupport_fastrtps_c/sensor_msgs/msg/detail/joint_state__type_support_c.cpp.o[0m
[108.360s] [ 17%] [32mBuilding CXX object CMakeFiles/sensor_msgs__rosidl_typesupport_fastrtps_c.dir/rosidl_typesupport_fastrtps_c/sensor_msgs/msg/detail/joy__type_support_c.cpp.o[0m
[109.952s] [ 18%] [32mBuilding CXX object CMakeFiles/sensor_msgs__rosidl_typesupport_fastrtps_c.dir/rosidl_typesupport_fastrtps_c/sensor_msgs/msg/detail/joy_feedback__type_support_c.cpp.o[0m
[111.431s] [ 18%] [32mBuilding CXX object CMakeFiles/sensor_msgs__rosidl_typesupport_fastrtps_c.dir/rosidl_typesupport_fastrtps_c/sensor_msgs/msg/detail/joy_feedback_array__type_support_c.cpp.o[0m
[112.943s] [ 19%] [32mBuilding CXX object CMakeFiles/sensor_msgs__rosidl_typesupport_fastrtps_c.dir/rosidl_typesupport_fastrtps_c/sensor_msgs/msg/detail/laser_echo__type_support_c.cpp.o[0m
[114.497s] [ 19%] [32mBuilding CXX object CMakeFiles/sensor_msgs__rosidl_typesupport_fastrtps_c.dir/rosidl_typesupport_fastrtps_c/sensor_msgs/msg/detail/laser_scan__type_support_c.cpp.o[0m
[116.113s] [ 19%] [32mBuilding CXX object CMakeFiles/sensor_msgs__rosidl_typesupport_fastrtps_c.dir/rosidl_typesupport_fastrtps_c/sensor_msgs/msg/detail/magnetic_field__type_support_c.cpp.o[0m
[117.672s] [ 20%] [32mBuilding CXX object CMakeFiles/sensor_msgs__rosidl_typesupport_fastrtps_c.dir/rosidl_typesupport_fastrtps_c/sensor_msgs/msg/detail/multi_dof_joint_state__type_support_c.cpp.o[0m
[119.339s] [ 20%] [32mBuilding CXX object CMakeFiles/sensor_msgs__rosidl_typesupport_fastrtps_c.dir/rosidl_typesupport_fastrtps_c/sensor_msgs/msg/detail/multi_echo_laser_scan__type_support_c.cpp.o[0m
[120.908s] [ 21%] [32mBuilding CXX object CMakeFiles/sensor_msgs__rosidl_typesupport_fastrtps_c.dir/rosidl_typesupport_fastrtps_c/sensor_msgs/msg/detail/nav_sat_fix__type_support_c.cpp.o[0m
[122.485s] [ 21%] [32mBuilding CXX object CMakeFiles/sensor_msgs__rosidl_typesupport_fastrtps_c.dir/rosidl_typesupport_fastrtps_c/sensor_msgs/msg/detail/nav_sat_status__type_support_c.cpp.o[0m
[123.955s] [ 21%] [32mBuilding CXX object CMakeFiles/sensor_msgs__rosidl_typesupport_fastrtps_c.dir/rosidl_typesupport_fastrtps_c/sensor_msgs/msg/detail/point_cloud__type_support_c.cpp.o[0m
[125.532s] [ 22%] [32mBuilding CXX object CMakeFiles/sensor_msgs__rosidl_typesupport_fastrtps_c.dir/rosidl_typesupport_fastrtps_c/sensor_msgs/msg/detail/point_cloud2__type_support_c.cpp.o[0m
[127.088s] [ 22%] [32mBuilding CXX object CMakeFiles/sensor_msgs__rosidl_typesupport_fastrtps_c.dir/rosidl_typesupport_fastrtps_c/sensor_msgs/msg/detail/point_field__type_support_c.cpp.o[0m
[128.664s] [ 22%] [32mBuilding CXX object CMakeFiles/sensor_msgs__rosidl_typesupport_fastrtps_c.dir/rosidl_typesupport_fastrtps_c/sensor_msgs/msg/detail/range__type_support_c.cpp.o[0m
[130.305s] [ 23%] [32mBuilding CXX object CMakeFiles/sensor_msgs__rosidl_typesupport_fastrtps_c.dir/rosidl_typesupport_fastrtps_c/sensor_msgs/msg/detail/region_of_interest__type_support_c.cpp.o[0m
[131.887s] [ 23%] [32mBuilding CXX object CMakeFiles/sensor_msgs__rosidl_typesupport_fastrtps_c.dir/rosidl_typesupport_fastrtps_c/sensor_msgs/msg/detail/relative_humidity__type_support_c.cpp.o[0m
[133.480s] [ 24%] [32mBuilding CXX object CMakeFiles/sensor_msgs__rosidl_typesupport_fastrtps_c.dir/rosidl_typesupport_fastrtps_c/sensor_msgs/msg/detail/temperature__type_support_c.cpp.o[0m
[135.080s] [ 24%] [32mBuilding CXX object CMakeFiles/sensor_msgs__rosidl_typesupport_fastrtps_c.dir/rosidl_typesupport_fastrtps_c/sensor_msgs/msg/detail/time_reference__type_support_c.cpp.o[0m
[136.694s] [ 24%] [32mBuilding CXX object CMakeFiles/sensor_msgs__rosidl_typesupport_fastrtps_c.dir/rosidl_typesupport_fastrtps_c/sensor_msgs/srv/detail/set_camera_info__type_support_c.cpp.o[0m
[138.373s] [ 25%] [32m[1mLinking CXX shared library libsensor_msgs__rosidl_typesupport_fastrtps_c.so[0m
[138.709s] [ 25%] Built target sensor_msgs__rosidl_typesupport_fastrtps_c
[138.750s] [ 26%] [34m[1mGenerating C introspection for ROS interfaces[0m
[160.388s] [ 26%] [32mBuilding C object CMakeFiles/sensor_msgs__rosidl_typesupport_introspection_c.dir/rosidl_typesupport_introspection_c/sensor_msgs/msg/detail/battery_state__type_support.c.o[0m
[160.577s] [ 27%] [32mBuilding C object CMakeFiles/sensor_msgs__rosidl_typesupport_introspection_c.dir/rosidl_typesupport_introspection_c/sensor_msgs/msg/detail/camera_info__type_support.c.o[0m
[160.773s] [ 27%] [32mBuilding C object CMakeFiles/sensor_msgs__rosidl_typesupport_introspection_c.dir/rosidl_typesupport_introspection_c/sensor_msgs/msg/detail/channel_float32__type_support.c.o[0m
[160.933s] [ 27%] [32mBuilding C object CMakeFiles/sensor_msgs__rosidl_typesupport_introspection_c.dir/rosidl_typesupport_introspection_c/sensor_msgs/msg/detail/compressed_image__type_support.c.o[0m
[161.097s] [ 28%] [32mBuilding C object CMakeFiles/sensor_msgs__rosidl_typesupport_introspection_c.dir/rosidl_typesupport_introspection_c/sensor_msgs/msg/detail/fluid_pressure__type_support.c.o[0m
[161.238s] [ 28%] [32mBuilding C object CMakeFiles/sensor_msgs__rosidl_typesupport_introspection_c.dir/rosidl_typesupport_introspection_c/sensor_msgs/msg/detail/illuminance__type_support.c.o[0m
[161.380s] [ 28%] [32mBuilding C object CMakeFiles/sensor_msgs__rosidl_typesupport_introspection_c.dir/rosidl_typesupport_introspection_c/sensor_msgs/msg/detail/image__type_support.c.o[0m
[161.583s] [ 29%] [32mBuilding C object CMakeFiles/sensor_msgs__rosidl_typesupport_introspection_c.dir/rosidl_typesupport_introspection_c/sensor_msgs/msg/detail/imu__type_support.c.o[0m
[161.774s] [ 29%] [32mBuilding C object CMakeFiles/sensor_msgs__rosidl_typesupport_introspection_c.dir/rosidl_typesupport_introspection_c/sensor_msgs/msg/detail/joint_state__type_support.c.o[0m
[161.971s] [ 30%] [32mBuilding C object CMakeFiles/sensor_msgs__rosidl_typesupport_introspection_c.dir/rosidl_typesupport_introspection_c/sensor_msgs/msg/detail/joy__type_support.c.o[0m
[162.149s] [ 30%] [32mBuilding C object CMakeFiles/sensor_msgs__rosidl_typesupport_introspection_c.dir/rosidl_typesupport_introspection_c/sensor_msgs/msg/detail/joy_feedback__type_support.c.o[0m
[162.289s] [ 30%] [32mBuilding C object CMakeFiles/sensor_msgs__rosidl_typesupport_introspection_c.dir/rosidl_typesupport_introspection_c/sensor_msgs/msg/detail/joy_feedback_array__type_support.c.o[0m
[162.442s] [ 31%] [32mBuilding C object CMakeFiles/sensor_msgs__rosidl_typesupport_introspection_c.dir/rosidl_typesupport_introspection_c/sensor_msgs/msg/detail/laser_echo__type_support.c.o[0m
[162.596s] [ 31%] [32mBuilding C object CMakeFiles/sensor_msgs__rosidl_typesupport_introspection_c.dir/rosidl_typesupport_introspection_c/sensor_msgs/msg/detail/laser_scan__type_support.c.o[0m
[162.795s] [ 32%] [32mBuilding C object CMakeFiles/sensor_msgs__rosidl_typesupport_introspection_c.dir/rosidl_typesupport_introspection_c/sensor_msgs/msg/detail/magnetic_field__type_support.c.o[0m
[162.950s] [ 32%] [32mBuilding C object CMakeFiles/sensor_msgs__rosidl_typesupport_introspection_c.dir/rosidl_typesupport_introspection_c/sensor_msgs/msg/detail/multi_dof_joint_state__type_support.c.o[0m
[163.144s] [ 32%] [32mBuilding C object CMakeFiles/sensor_msgs__rosidl_typesupport_introspection_c.dir/rosidl_typesupport_introspection_c/sensor_msgs/msg/detail/multi_echo_laser_scan__type_support.c.o[0m
[163.305s] [ 33%] [32mBuilding C object CMakeFiles/sensor_msgs__rosidl_typesupport_introspection_c.dir/rosidl_typesupport_introspection_c/sensor_msgs/msg/detail/nav_sat_fix__type_support.c.o[0m
[163.452s] [ 33%] [32mBuilding C object CMakeFiles/sensor_msgs__rosidl_typesupport_introspection_c.dir/rosidl_typesupport_introspection_c/sensor_msgs/msg/detail/nav_sat_status__type_support.c.o[0m
[163.580s] [ 34%] [32mBuilding C object CMakeFiles/sensor_msgs__rosidl_typesupport_introspection_c.dir/rosidl_typesupport_introspection_c/sensor_msgs/msg/detail/point_cloud__type_support.c.o[0m
[163.748s] [ 34%] [32mBuilding C object CMakeFiles/sensor_msgs__rosidl_typesupport_introspection_c.dir/rosidl_typesupport_introspection_c/sensor_msgs/msg/detail/point_cloud2__type_support.c.o[0m
[163.921s] [ 34%] [32mBuilding C object CMakeFiles/sensor_msgs__rosidl_typesupport_introspection_c.dir/rosidl_typesupport_introspection_c/sensor_msgs/msg/detail/point_field__type_support.c.o[0m
[164.056s] [ 35%] [32mBuilding C object CMakeFiles/sensor_msgs__rosidl_typesupport_introspection_c.dir/rosidl_typesupport_introspection_c/sensor_msgs/msg/detail/range__type_support.c.o[0m
[164.201s] [ 35%] [32mBuilding C object CMakeFiles/sensor_msgs__rosidl_typesupport_introspection_c.dir/rosidl_typesupport_introspection_c/sensor_msgs/msg/detail/region_of_interest__type_support.c.o[0m
[164.331s] [ 35%] [32mBuilding C object CMakeFiles/sensor_msgs__rosidl_typesupport_introspection_c.dir/rosidl_typesupport_introspection_c/sensor_msgs/msg/detail/relative_humidity__type_support.c.o[0m
[164.468s] [ 36%] [32mBuilding C object CMakeFiles/sensor_msgs__rosidl_typesupport_introspection_c.dir/rosidl_typesupport_introspection_c/sensor_msgs/msg/detail/temperature__type_support.c.o[0m
[164.607s] [ 36%] [32mBuilding C object CMakeFiles/sensor_msgs__rosidl_typesupport_introspection_c.dir/rosidl_typesupport_introspection_c/sensor_msgs/msg/detail/time_reference__type_support.c.o[0m
[164.749s] [ 37%] [32mBuilding C object CMakeFiles/sensor_msgs__rosidl_typesupport_introspection_c.dir/rosidl_typesupport_introspection_c/sensor_msgs/srv/detail/set_camera_info__type_support.c.o[0m
[164.906s] [ 37%] [32m[1mLinking C shared library libsensor_msgs__rosidl_typesupport_introspection_c.so[0m
[165.054s] [ 37%] Built target sensor_msgs__rosidl_typesupport_introspection_c
[165.092s] [ 37%] [34m[1mGenerating C type support dispatch for ROS interfaces[0m
[183.552s] [ 38%] [32mBuilding CXX object CMakeFiles/sensor_msgs__rosidl_typesupport_c.dir/rosidl_typesupport_c/sensor_msgs/msg/battery_state__type_support.cpp.o[0m
[183.670s] [ 38%] [32mBuilding CXX object CMakeFiles/sensor_msgs__rosidl_typesupport_c.dir/rosidl_typesupport_c/sensor_msgs/msg/camera_info__type_support.cpp.o[0m
[183.788s] [ 38%] [32mBuilding CXX object CMakeFiles/sensor_msgs__rosidl_typesupport_c.dir/rosidl_typesupport_c/sensor_msgs/msg/channel_float32__type_support.cpp.o[0m
[183.904s] [ 39%] [32mBuilding CXX object CMakeFiles/sensor_msgs__rosidl_typesupport_c.dir/rosidl_typesupport_c/sensor_msgs/msg/compressed_image__type_support.cpp.o[0m
[184.022s] [ 39%] [32mBuilding CXX object CMakeFiles/sensor_msgs__rosidl_typesupport_c.dir/rosidl_typesupport_c/sensor_msgs/msg/fluid_pressure__type_support.cpp.o[0m
[184.137s] [ 40%] [32mBuilding CXX object CMakeFiles/sensor_msgs__rosidl_typesupport_c.dir/rosidl_typesupport_c/sensor_msgs/msg/illuminance__type_support.cpp.o[0m
[184.250s] [ 40%] [32mBuilding CXX object CMakeFiles/sensor_msgs__rosidl_typesupport_c.dir/rosidl_typesupport_c/sensor_msgs/msg/image__type_support.cpp.o[0m
[184.365s] [ 40%] [32mBuilding CXX object CMakeFiles/sensor_msgs__rosidl_typesupport_c.dir/rosidl_typesupport_c/sensor_msgs/msg/imu__type_support.cpp.o[0m
[184.480s] [ 41%] [32mBuilding CXX object CMakeFiles/sensor_msgs__rosidl_typesupport_c.dir/rosidl_typesupport_c/sensor_msgs/msg/joint_state__type_support.cpp.o[0m
[184.598s] [ 41%] [32mBuilding CXX object CMakeFiles/sensor_msgs__rosidl_typesupport_c.dir/rosidl_typesupport_c/sensor_msgs/msg/joy__type_support.cpp.o[0m
[184.711s] [ 42%] [32mBuilding CXX object CMakeFiles/sensor_msgs__rosidl_typesupport_c.dir/rosidl_typesupport_c/sensor_msgs/msg/joy_feedback__type_support.cpp.o[0m
[184.823s] [ 42%] [32mBuilding CXX object CMakeFiles/sensor_msgs__rosidl_typesupport_c.dir/rosidl_typesupport_c/sensor_msgs/msg/joy_feedback_array__type_support.cpp.o[0m
[184.945s] [ 42%] [32mBuilding CXX object CMakeFiles/sensor_msgs__rosidl_typesupport_c.dir/rosidl_typesupport_c/sensor_msgs/msg/laser_echo__type_support.cpp.o[0m
[185.060s] [ 43%] [32mBuilding CXX object CMakeFiles/sensor_msgs__rosidl_typesupport_c.dir/rosidl_typesupport_c/sensor_msgs/msg/laser_scan__type_support.cpp.o[0m
[185.177s] [ 43%] [32mBuilding CXX object CMakeFiles/sensor_msgs__rosidl_typesupport_c.dir/rosidl_typesupport_c/sensor_msgs/msg/magnetic_field__type_support.cpp.o[0m
[185.294s] [ 44%] [32mBuilding CXX object CMakeFiles/sensor_msgs__rosidl_typesupport_c.dir/rosidl_typesupport_c/sensor_msgs/msg/multi_dof_joint_state__type_support.cpp.o[0m
[185.411s] [ 44%] [32mBuilding CXX object CMakeFiles/sensor_msgs__rosidl_typesupport_c.dir/rosidl_typesupport_c/sensor_msgs/msg/multi_echo_laser_scan__type_support.cpp.o[0m
[185.526s] [ 44%] [32mBuilding CXX object CMakeFiles/sensor_msgs__rosidl_typesupport_c.dir/rosidl_typesupport_c/sensor_msgs/msg/nav_sat_fix__type_support.cpp.o[0m
[185.646s] [ 45%] [32mBuilding CXX object CMakeFiles/sensor_msgs__rosidl_typesupport_c.dir/rosidl_typesupport_c/sensor_msgs/msg/nav_sat_status__type_support.cpp.o[0m
[185.757s] [ 45%] [32mBuilding CXX object CMakeFiles/sensor_msgs__rosidl_typesupport_c.dir/rosidl_typesupport_c/sensor_msgs/msg/point_cloud__type_support.cpp.o[0m
[185.874s] [ 45%] [32mBuilding CXX object CMakeFiles/sensor_msgs__rosidl_typesupport_c.dir/rosidl_typesupport_c/sensor_msgs/msg/point_cloud2__type_support.cpp.o[0m
[185.989s] [ 46%] [32mBuilding CXX object CMakeFiles/sensor_msgs__rosidl_typesupport_c.dir/rosidl_typesupport_c/sensor_msgs/msg/point_field__type_support.cpp.o[0m
[186.102s] [ 46%] [32mBuilding CXX object CMakeFiles/sensor_msgs__rosidl_typesupport_c.dir/rosidl_typesupport_c/sensor_msgs/msg/range__type_support.cpp.o[0m
[186.217s] [ 47%] [32mBuilding CXX object CMakeFiles/sensor_msgs__rosidl_typesupport_c.dir/rosidl_typesupport_c/sensor_msgs/msg/region_of_interest__type_support.cpp.o[0m
[186.356s] [ 47%] [32mBuilding CXX object CMakeFiles/sensor_msgs__rosidl_typesupport_c.dir/rosidl_typesupport_c/sensor_msgs/msg/relative_humidity__type_support.cpp.o[0m
[186.469s] [ 47%] [32mBuilding CXX object CMakeFiles/sensor_msgs__rosidl_typesupport_c.dir/rosidl_typesupport_c/sensor_msgs/msg/temperature__type_support.cpp.o[0m
[186.582s] [ 48%] [32mBuilding CXX object CMakeFiles/sensor_msgs__rosidl_typesupport_c.dir/rosidl_typesupport_c/sensor_msgs/msg/time_reference__type_support.cpp.o[0m
[186.693s] [ 48%] [32mBuilding CXX object CMakeFiles/sensor_msgs__rosidl_typesupport_c.dir/rosidl_typesupport_c/sensor_msgs/srv/set_camera_info__type_support.cpp.o[0m
[186.813s] [ 49%] [32m[1mLinking CXX shared library libsensor_msgs__rosidl_typesupport_c.so[0m
[186.968s] [ 49%] Built target sensor_msgs__rosidl_typesupport_c
[187.056s] [ 49%] Built target ament_cmake_python_copy_sensor_msgs
[187.131s] [ 49%] [34m[1mGenerating C++ code for ROS interfaces[0m
[211.937s] [ 49%] Built target sensor_msgs__cpp
[211.973s] [ 49%] [34m[1mGenerating C++ type support for eProsima Fast-RTPS[0m
[212.876s] running egg_info
[212.878s] creating sensor_msgs.egg-info
[212.879s] writing sensor_msgs.egg-info/PKG-INFO
[212.880s] writing dependency_links to sensor_msgs.egg-info/dependency_links.txt
[212.880s] writing top-level names to sensor_msgs.egg-info/top_level.txt
[212.881s] writing manifest file 'sensor_msgs.egg-info/SOURCES.txt'
[212.889s] reading manifest file 'sensor_msgs.egg-info/SOURCES.txt'
[212.891s] writing manifest file 'sensor_msgs.egg-info/SOURCES.txt'
[213.010s] [ 49%] Built target ament_cmake_python_build_sensor_msgs_egg
[213.044s] [ 50%] [34m[1mGenerating C++ type support dispatch for ROS interfaces[0m
[230.728s] [ 51%] [32mBuilding CXX object CMakeFiles/sensor_msgs__rosidl_typesupport_cpp.dir/rosidl_typesupport_cpp/sensor_msgs/msg/battery_state__type_support.cpp.o[0m
[230.729s] [ 51%] [32mBuilding CXX object CMakeFiles/sensor_msgs__rosidl_typesupport_cpp.dir/rosidl_typesupport_cpp/sensor_msgs/msg/camera_info__type_support.cpp.o[0m
[231.892s] [ 51%] [32mBuilding CXX object CMakeFiles/sensor_msgs__rosidl_typesupport_cpp.dir/rosidl_typesupport_cpp/sensor_msgs/msg/channel_float32__type_support.cpp.o[0m
[231.939s] [ 51%] [32mBuilding CXX object CMakeFiles/sensor_msgs__rosidl_typesupport_cpp.dir/rosidl_typesupport_cpp/sensor_msgs/msg/compressed_image__type_support.cpp.o[0m
[232.656s] [ 51%] [32mBuilding CXX object CMakeFiles/sensor_msgs__rosidl_typesupport_fastrtps_cpp.dir/rosidl_typesupport_fastrtps_cpp/sensor_msgs/msg/detail/dds_fastrtps/battery_state__type_support.cpp.o[0m
[233.050s] [ 52%] [32mBuilding CXX object CMakeFiles/sensor_msgs__rosidl_typesupport_cpp.dir/rosidl_typesupport_cpp/sensor_msgs/msg/fluid_pressure__type_support.cpp.o[0m
[233.098s] [ 52%] [32mBuilding CXX object CMakeFiles/sensor_msgs__rosidl_typesupport_cpp.dir/rosidl_typesupport_cpp/sensor_msgs/msg/illuminance__type_support.cpp.o[0m
[234.185s] [ 53%] [32mBuilding CXX object CMakeFiles/sensor_msgs__rosidl_typesupport_fastrtps_cpp.dir/rosidl_typesupport_fastrtps_cpp/sensor_msgs/msg/detail/dds_fastrtps/camera_info__type_support.cpp.o[0m
[234.323s] [ 54%] [32mBuilding CXX object CMakeFiles/sensor_msgs__rosidl_typesupport_cpp.dir/rosidl_typesupport_cpp/sensor_msgs/msg/image__type_support.cpp.o[0m
[234.632s] [ 54%] [32mBuilding CXX object CMakeFiles/sensor_msgs__rosidl_typesupport_fastrtps_cpp.dir/rosidl_typesupport_fastrtps_cpp/sensor_msgs/msg/detail/dds_fastrtps/channel_float32__type_support.cpp.o[0m
[235.473s] [ 54%] [32mBuilding CXX object CMakeFiles/sensor_msgs__rosidl_typesupport_cpp.dir/rosidl_typesupport_cpp/sensor_msgs/msg/imu__type_support.cpp.o[0m
[236.169s] [ 54%] [32mBuilding CXX object CMakeFiles/sensor_msgs__rosidl_typesupport_cpp.dir/rosidl_typesupport_cpp/sensor_msgs/msg/joint_state__type_support.cpp.o[0m
[236.541s] [ 55%] [32mBuilding CXX object CMakeFiles/sensor_msgs__rosidl_typesupport_fastrtps_cpp.dir/rosidl_typesupport_fastrtps_cpp/sensor_msgs/msg/detail/dds_fastrtps/compressed_image__type_support.cpp.o[0m
[236.661s] [ 55%] [32mBuilding CXX object CMakeFiles/sensor_msgs__rosidl_typesupport_fastrtps_cpp.dir/rosidl_typesupport_fastrtps_cpp/sensor_msgs/msg/detail/dds_fastrtps/fluid_pressure__type_support.cpp.o[0m
[237.311s] [ 56%] [32mBuilding CXX object CMakeFiles/sensor_msgs__rosidl_typesupport_cpp.dir/rosidl_typesupport_cpp/sensor_msgs/msg/joy__type_support.cpp.o[0m
[238.379s] [ 56%] [32mBuilding CXX object CMakeFiles/sensor_msgs__rosidl_typesupport_fastrtps_cpp.dir/rosidl_typesupport_fastrtps_cpp/sensor_msgs/msg/detail/dds_fastrtps/illuminance__type_support.cpp.o[0m
[238.689s] [ 56%] [32mBuilding CXX object CMakeFiles/sensor_msgs__rosidl_typesupport_cpp.dir/rosidl_typesupport_cpp/sensor_msgs/msg/joy_feedback__type_support.cpp.o[0m
[238.700s] [ 56%] [32mBuilding CXX object CMakeFiles/sensor_msgs__rosidl_typesupport_cpp.dir/rosidl_typesupport_cpp/sensor_msgs/msg/joy_feedback_array__type_support.cpp.o[0m
[239.834s] [ 57%] [32mBuilding CXX object CMakeFiles/sensor_msgs__rosidl_typesupport_cpp.dir/rosidl_typesupport_cpp/sensor_msgs/msg/laser_echo__type_support.cpp.o[0m
[239.844s] [ 57%] [32mBuilding CXX object CMakeFiles/sensor_msgs__rosidl_typesupport_cpp.dir/rosidl_typesupport_cpp/sensor_msgs/msg/laser_scan__type_support.cpp.o[0m
[240.046s] [ 58%] [32mBuilding CXX object CMakeFiles/sensor_msgs__rosidl_typesupport_fastrtps_cpp.dir/rosidl_typesupport_fastrtps_cpp/sensor_msgs/msg/detail/dds_fastrtps/image__type_support.cpp.o[0m
[240.956s] [ 59%] [32mBuilding CXX object CMakeFiles/sensor_msgs__rosidl_typesupport_cpp.dir/rosidl_typesupport_cpp/sensor_msgs/msg/magnetic_field__type_support.cpp.o[0m
[240.961s] [ 59%] [32mBuilding CXX object CMakeFiles/sensor_msgs__rosidl_typesupport_fastrtps_cpp.dir/rosidl_typesupport_fastrtps_cpp/sensor_msgs/msg/detail/dds_fastrtps/imu__type_support.cpp.o[0m
[241.972s] [ 60%] [32mBuilding CXX object CMakeFiles/sensor_msgs__rosidl_typesupport_fastrtps_cpp.dir/rosidl_typesupport_fastrtps_cpp/sensor_msgs/msg/detail/dds_fastrtps/joint_state__type_support.cpp.o[0m
[242.128s] [ 60%] [32mBuilding CXX object CMakeFiles/sensor_msgs__rosidl_typesupport_cpp.dir/rosidl_typesupport_cpp/sensor_msgs/msg/multi_dof_joint_state__type_support.cpp.o[0m
[242.708s] [ 60%] [32mBuilding CXX object CMakeFiles/sensor_msgs__rosidl_typesupport_fastrtps_cpp.dir/rosidl_typesupport_fastrtps_cpp/sensor_msgs/msg/detail/dds_fastrtps/joy__type_support.cpp.o[0m
[243.297s] [ 60%] [32mBuilding CXX object CMakeFiles/sensor_msgs__rosidl_typesupport_cpp.dir/rosidl_typesupport_cpp/sensor_msgs/msg/multi_echo_laser_scan__type_support.cpp.o[0m
[244.098s] [ 61%] [32mBuilding CXX object CMakeFiles/sensor_msgs__rosidl_typesupport_cpp.dir/rosidl_typesupport_cpp/sensor_msgs/msg/nav_sat_fix__type_support.cpp.o[0m
[244.468s] [ 61%] [32mBuilding CXX object CMakeFiles/sensor_msgs__rosidl_typesupport_fastrtps_cpp.dir/rosidl_typesupport_fastrtps_cpp/sensor_msgs/msg/detail/dds_fastrtps/joy_feedback__type_support.cpp.o[0m
[244.823s] [ 62%] [32mBuilding CXX object CMakeFiles/sensor_msgs__rosidl_typesupport_fastrtps_cpp.dir/rosidl_typesupport_fastrtps_cpp/sensor_msgs/msg/detail/dds_fastrtps/joy_feedback_array__type_support.cpp.o[0m
[245.284s] [ 62%] [32mBuilding CXX object CMakeFiles/sensor_msgs__rosidl_typesupport_cpp.dir/rosidl_typesupport_cpp/sensor_msgs/msg/nav_sat_status__type_support.cpp.o[0m
[246.150s] [ 63%] [32mBuilding CXX object CMakeFiles/sensor_msgs__rosidl_typesupport_cpp.dir/rosidl_typesupport_cpp/sensor_msgs/msg/point_cloud__type_support.cpp.o[0m
[246.438s] [ 63%] [32mBuilding CXX object CMakeFiles/sensor_msgs__rosidl_typesupport_cpp.dir/rosidl_typesupport_cpp/sensor_msgs/msg/point_cloud2__type_support.cpp.o[0m
[246.681s] [ 63%] [32mBuilding CXX object CMakeFiles/sensor_msgs__rosidl_typesupport_fastrtps_cpp.dir/rosidl_typesupport_fastrtps_cpp/sensor_msgs/msg/detail/dds_fastrtps/laser_echo__type_support.cpp.o[0m
[247.306s] [ 63%] [32mBuilding CXX object CMakeFiles/sensor_msgs__rosidl_typesupport_fastrtps_cpp.dir/rosidl_typesupport_fastrtps_cpp/sensor_msgs/msg/detail/dds_fastrtps/laser_scan__type_support.cpp.o[0m
[247.585s] [ 63%] [32mBuilding CXX object CMakeFiles/sensor_msgs__rosidl_typesupport_cpp.dir/rosidl_typesupport_cpp/sensor_msgs/msg/point_field__type_support.cpp.o[0m
[248.564s] [ 64%] [32mBuilding CXX object CMakeFiles/sensor_msgs__rosidl_typesupport_fastrtps_cpp.dir/rosidl_typesupport_fastrtps_cpp/sensor_msgs/msg/detail/dds_fastrtps/magnetic_field__type_support.cpp.o[0m
[248.737s] [ 65%] [32mBuilding CXX object CMakeFiles/sensor_msgs__rosidl_typesupport_cpp.dir/rosidl_typesupport_cpp/sensor_msgs/msg/range__type_support.cpp.o[0m
[249.238s] [ 65%] [32mBuilding CXX object CMakeFiles/sensor_msgs__rosidl_typesupport_fastrtps_cpp.dir/rosidl_typesupport_fastrtps_cpp/sensor_msgs/msg/detail/dds_fastrtps/multi_dof_joint_state__type_support.cpp.o[0m
[249.881s] [ 65%] [32mBuilding CXX object CMakeFiles/sensor_msgs__rosidl_typesupport_cpp.dir/rosidl_typesupport_cpp/sensor_msgs/msg/region_of_interest__type_support.cpp.o[0m
[250.298s] [ 66%] [32mBuilding CXX object CMakeFiles/sensor_msgs__rosidl_typesupport_fastrtps_cpp.dir/rosidl_typesupport_fastrtps_cpp/sensor_msgs/msg/detail/dds_fastrtps/multi_echo_laser_scan__type_support.cpp.o[0m
[251.019s] [ 67%] [32mBuilding CXX object CMakeFiles/sensor_msgs__rosidl_typesupport_cpp.dir/rosidl_typesupport_cpp/sensor_msgs/msg/relative_humidity__type_support.cpp.o[0m
[251.730s] [ 67%] [32mBuilding CXX object CMakeFiles/sensor_msgs__rosidl_typesupport_fastrtps_cpp.dir/rosidl_typesupport_fastrtps_cpp/sensor_msgs/msg/detail/dds_fastrtps/nav_sat_fix__type_support.cpp.o[0m
[252.189s] [ 67%] [32mBuilding CXX object CMakeFiles/sensor_msgs__rosidl_typesupport_cpp.dir/rosidl_typesupport_cpp/sensor_msgs/msg/temperature__type_support.cpp.o[0m
[252.328s] [ 67%] [32mBuilding CXX object CMakeFiles/sensor_msgs__rosidl_typesupport_cpp.dir/rosidl_typesupport_cpp/sensor_msgs/msg/time_reference__type_support.cpp.o[0m
[253.324s] [ 67%] [32mBuilding CXX object CMakeFiles/sensor_msgs__rosidl_typesupport_fastrtps_cpp.dir/rosidl_typesupport_fastrtps_cpp/sensor_msgs/msg/detail/dds_fastrtps/nav_sat_status__type_support.cpp.o[0m
[253.468s] [ 68%] [32mBuilding CXX object CMakeFiles/sensor_msgs__rosidl_typesupport_fastrtps_cpp.dir/rosidl_typesupport_fastrtps_cpp/sensor_msgs/msg/detail/dds_fastrtps/point_cloud__type_support.cpp.o[0m
[253.478s] [ 69%] [32mBuilding CXX object CMakeFiles/sensor_msgs__rosidl_typesupport_cpp.dir/rosidl_typesupport_cpp/sensor_msgs/srv/set_camera_info__type_support.cpp.o[0m
[254.647s] [ 69%] [32m[1mLinking CXX shared library libsensor_msgs__rosidl_typesupport_cpp.so[0m
[254.806s] [ 69%] Built target sensor_msgs__rosidl_typesupport_cpp
[254.844s] [ 69%] [32mBuilding CXX object CMakeFiles/sensor_msgs__rosidl_typesupport_fastrtps_cpp.dir/rosidl_typesupport_fastrtps_cpp/sensor_msgs/msg/detail/dds_fastrtps/point_cloud2__type_support.cpp.o[0m
[254.851s] [ 69%] [34m[1mGenerating C++ introspection for ROS interfaces[0m
[255.032s] [ 70%] [32mBuilding CXX object CMakeFiles/sensor_msgs__rosidl_typesupport_fastrtps_cpp.dir/rosidl_typesupport_fastrtps_cpp/sensor_msgs/msg/detail/dds_fastrtps/point_field__type_support.cpp.o[0m
[255.671s] [ 70%] [32mBuilding CXX object CMakeFiles/sensor_msgs__rosidl_typesupport_fastrtps_cpp.dir/rosidl_typesupport_fastrtps_cpp/sensor_msgs/msg/detail/dds_fastrtps/range__type_support.cpp.o[0m
[256.829s] [ 70%] [32mBuilding CXX object CMakeFiles/sensor_msgs__rosidl_typesupport_fastrtps_cpp.dir/rosidl_typesupport_fastrtps_cpp/sensor_msgs/msg/detail/dds_fastrtps/region_of_interest__type_support.cpp.o[0m
[257.146s] [ 71%] [32mBuilding CXX object CMakeFiles/sensor_msgs__rosidl_typesupport_fastrtps_cpp.dir/rosidl_typesupport_fastrtps_cpp/sensor_msgs/msg/detail/dds_fastrtps/relative_humidity__type_support.cpp.o[0m
[257.542s] [ 71%] [32mBuilding CXX object CMakeFiles/sensor_msgs__rosidl_typesupport_fastrtps_cpp.dir/rosidl_typesupport_fastrtps_cpp/sensor_msgs/msg/detail/dds_fastrtps/temperature__type_support.cpp.o[0m
[258.607s] [ 72%] [32mBuilding CXX object CMakeFiles/sensor_msgs__rosidl_typesupport_fastrtps_cpp.dir/rosidl_typesupport_fastrtps_cpp/sensor_msgs/msg/detail/dds_fastrtps/time_reference__type_support.cpp.o[0m
[258.925s] [ 72%] [32mBuilding CXX object CMakeFiles/sensor_msgs__rosidl_typesupport_fastrtps_cpp.dir/rosidl_typesupport_fastrtps_cpp/sensor_msgs/srv/detail/dds_fastrtps/set_camera_info__type_support.cpp.o[0m
[260.701s] [ 72%] [32m[1mLinking CXX shared library libsensor_msgs__rosidl_typesupport_fastrtps_cpp.so[0m
[261.099s] [ 72%] Built target sensor_msgs__rosidl_typesupport_fastrtps_cpp
[272.933s] [ 74%] [32mBuilding CXX object CMakeFiles/sensor_msgs__rosidl_typesupport_introspection_cpp.dir/rosidl_typesupport_introspection_cpp/sensor_msgs/msg/detail/channel_float32__type_support.cpp.o[0m
[272.934s] [ 74%] [32mBuilding CXX object CMakeFiles/sensor_msgs__rosidl_typesupport_introspection_cpp.dir/rosidl_typesupport_introspection_cpp/sensor_msgs/msg/detail/battery_state__type_support.cpp.o[0m
[272.934s] [ 74%] [32mBuilding CXX object CMakeFiles/sensor_msgs__rosidl_typesupport_introspection_cpp.dir/rosidl_typesupport_introspection_cpp/sensor_msgs/msg/detail/camera_info__type_support.cpp.o[0m
[272.935s] [ 74%] [32mBuilding CXX object CMakeFiles/sensor_msgs__rosidl_typesupport_introspection_cpp.dir/rosidl_typesupport_introspection_cpp/sensor_msgs/msg/detail/compressed_image__type_support.cpp.o[0m
[274.824s] [ 74%] [32mBuilding CXX object CMakeFiles/sensor_msgs__rosidl_typesupport_introspection_cpp.dir/rosidl_typesupport_introspection_cpp/sensor_msgs/msg/detail/fluid_pressure__type_support.cpp.o[0m
[274.841s] [ 75%] [32mBuilding CXX object CMakeFiles/sensor_msgs__rosidl_typesupport_introspection_cpp.dir/rosidl_typesupport_introspection_cpp/sensor_msgs/msg/detail/illuminance__type_support.cpp.o[0m
[274.846s] [ 75%] [32mBuilding CXX object CMakeFiles/sensor_msgs__rosidl_typesupport_introspection_cpp.dir/rosidl_typesupport_introspection_cpp/sensor_msgs/msg/detail/image__type_support.cpp.o[0m
[274.941s] [ 75%] [32mBuilding CXX object CMakeFiles/sensor_msgs__rosidl_typesupport_introspection_cpp.dir/rosidl_typesupport_introspection_cpp/sensor_msgs/msg/detail/imu__type_support.cpp.o[0m
[276.552s] [ 76%] [32mBuilding CXX object CMakeFiles/sensor_msgs__rosidl_typesupport_introspection_cpp.dir/rosidl_typesupport_introspection_cpp/sensor_msgs/msg/detail/joint_state__type_support.cpp.o[0m
[276.589s] [ 76%] [32mBuilding CXX object CMakeFiles/sensor_msgs__rosidl_typesupport_introspection_cpp.dir/rosidl_typesupport_introspection_cpp/sensor_msgs/msg/detail/joy__type_support.cpp.o[0m
[276.731s] [ 77%] [32mBuilding CXX object CMakeFiles/sensor_msgs__rosidl_typesupport_introspection_cpp.dir/rosidl_typesupport_introspection_cpp/sensor_msgs/msg/detail/joy_feedback__type_support.cpp.o[0m
[276.811s] [ 77%] [32mBuilding CXX object CMakeFiles/sensor_msgs__rosidl_typesupport_introspection_cpp.dir/rosidl_typesupport_introspection_cpp/sensor_msgs/msg/detail/joy_feedback_array__type_support.cpp.o[0m
[278.447s] [ 77%] [32mBuilding CXX object CMakeFiles/sensor_msgs__rosidl_typesupport_introspection_cpp.dir/rosidl_typesupport_introspection_cpp/sensor_msgs/msg/detail/laser_echo__type_support.cpp.o[0m
[278.618s] [ 78%] [32mBuilding CXX object CMakeFiles/sensor_msgs__rosidl_typesupport_introspection_cpp.dir/rosidl_typesupport_introspection_cpp/sensor_msgs/msg/detail/laser_scan__type_support.cpp.o[0m
[278.670s] [ 78%] [32mBuilding CXX object CMakeFiles/sensor_msgs__rosidl_typesupport_introspection_cpp.dir/rosidl_typesupport_introspection_cpp/sensor_msgs/msg/detail/magnetic_field__type_support.cpp.o[0m
[278.779s] [ 78%] [32mBuilding CXX object CMakeFiles/sensor_msgs__rosidl_typesupport_introspection_cpp.dir/rosidl_typesupport_introspection_cpp/sensor_msgs/msg/detail/multi_dof_joint_state__type_support.cpp.o[0m
[280.318s] [ 79%] [32mBuilding CXX object CMakeFiles/sensor_msgs__rosidl_typesupport_introspection_cpp.dir/rosidl_typesupport_introspection_cpp/sensor_msgs/msg/detail/multi_echo_laser_scan__type_support.cpp.o[0m
[280.483s] [ 79%] [32mBuilding CXX object CMakeFiles/sensor_msgs__rosidl_typesupport_introspection_cpp.dir/rosidl_typesupport_introspection_cpp/sensor_msgs/msg/detail/nav_sat_fix__type_support.cpp.o[0m
[280.525s] [ 80%] [32mBuilding CXX object CMakeFiles/sensor_msgs__rosidl_typesupport_introspection_cpp.dir/rosidl_typesupport_introspection_cpp/sensor_msgs/msg/detail/nav_sat_status__type_support.cpp.o[0m
[281.300s] [ 80%] [32mBuilding CXX object CMakeFiles/sensor_msgs__rosidl_typesupport_introspection_cpp.dir/rosidl_typesupport_introspection_cpp/sensor_msgs/msg/detail/point_cloud__type_support.cpp.o[0m
[282.291s] [ 80%] [32mBuilding CXX object CMakeFiles/sensor_msgs__rosidl_typesupport_introspection_cpp.dir/rosidl_typesupport_introspection_cpp/sensor_msgs/msg/detail/point_cloud2__type_support.cpp.o[0m
[282.303s] [ 81%] [32mBuilding CXX object CMakeFiles/sensor_msgs__rosidl_typesupport_introspection_cpp.dir/rosidl_typesupport_introspection_cpp/sensor_msgs/msg/detail/point_field__type_support.cpp.o[0m
[282.486s] [ 81%] [32mBuilding CXX object CMakeFiles/sensor_msgs__rosidl_typesupport_introspection_cpp.dir/rosidl_typesupport_introspection_cpp/sensor_msgs/msg/detail/range__type_support.cpp.o[0m
[283.652s] [ 82%] [32mBuilding CXX object CMakeFiles/sensor_msgs__rosidl_typesupport_introspection_cpp.dir/rosidl_typesupport_introspection_cpp/sensor_msgs/msg/detail/region_of_interest__type_support.cpp.o[0m
[284.040s] [ 82%] [32mBuilding CXX object CMakeFiles/sensor_msgs__rosidl_typesupport_introspection_cpp.dir/rosidl_typesupport_introspection_cpp/sensor_msgs/msg/detail/relative_humidity__type_support.cpp.o[0m
[284.266s] [ 82%] [32mBuilding CXX object CMakeFiles/sensor_msgs__rosidl_typesupport_introspection_cpp.dir/rosidl_typesupport_introspection_cpp/sensor_msgs/msg/detail/temperature__type_support.cpp.o[0m
[284.456s] [ 83%] [32mBuilding CXX object CMakeFiles/sensor_msgs__rosidl_typesupport_introspection_cpp.dir/rosidl_typesupport_introspection_cpp/sensor_msgs/msg/detail/time_reference__type_support.cpp.o[0m
[285.413s] [ 83%] [32mBuilding CXX object CMakeFiles/sensor_msgs__rosidl_typesupport_introspection_cpp.dir/rosidl_typesupport_introspection_cpp/sensor_msgs/srv/detail/set_camera_info__type_support.cpp.o[0m
[287.065s] [ 84%] [32m[1mLinking CXX shared library libsensor_msgs__rosidl_typesupport_introspection_cpp.so[0m
[287.448s] [ 84%] Built target sensor_msgs__rosidl_typesupport_introspection_cpp
[287.507s] [ 84%] Built target sensor_msgs
[287.567s] [ 85%] [32mBuilding CXX object CMakeFiles/test_sensor_msgs.dir/test/test_image_encodings.cpp.o[0m
[287.568s] [ 85%] [32mBuilding CXX object CMakeFiles/test_sensor_msgs.dir/test/test_pointcloud_conversion.cpp.o[0m
[287.580s] [ 86%] [34m[1mGenerating Python code for ROS interfaces[0m
[287.581s] [ 86%] [32mBuilding CXX object CMakeFiles/test_sensor_msgs.dir/test/test_pointcloud_iterator.cpp.o[0m
[292.610s] [ 87%] [32m[1mLinking CXX executable test_sensor_msgs[0m
[293.212s] [ 87%] Built target test_sensor_msgs
[326.790s] [ 87%] Built target sensor_msgs__py
[326.854s] [ 87%] [32mBuilding C object CMakeFiles/sensor_msgs__rosidl_generator_py.dir/rosidl_generator_py/sensor_msgs/msg/_battery_state_s.c.o[0m
[326.855s] [ 87%] [32mBuilding C object CMakeFiles/sensor_msgs__rosidl_generator_py.dir/rosidl_generator_py/sensor_msgs/msg/_camera_info_s.c.o[0m
[326.857s] [ 87%] [32mBuilding C object CMakeFiles/sensor_msgs__rosidl_generator_py.dir/rosidl_generator_py/sensor_msgs/msg/_compressed_image_s.c.o[0m
[326.864s] [ 88%] [32mBuilding C object CMakeFiles/sensor_msgs__rosidl_generator_py.dir/rosidl_generator_py/sensor_msgs/msg/_channel_float32_s.c.o[0m
[327.358s] [ 89%] [32mBuilding C object CMakeFiles/sensor_msgs__rosidl_generator_py.dir/rosidl_generator_py/sensor_msgs/msg/_fluid_pressure_s.c.o[0m
[327.363s] [ 89%] [32mBuilding C object CMakeFiles/sensor_msgs__rosidl_generator_py.dir/rosidl_generator_py/sensor_msgs/msg/_illuminance_s.c.o[0m
[327.437s] [ 90%] [32mBuilding C object CMakeFiles/sensor_msgs__rosidl_generator_py.dir/rosidl_generator_py/sensor_msgs/msg/_image_s.c.o[0m
[327.438s] [ 90%] [32mBuilding C object CMakeFiles/sensor_msgs__rosidl_generator_py.dir/rosidl_generator_py/sensor_msgs/msg/_imu_s.c.o[0m
[327.808s] [ 90%] [32mBuilding C object CMakeFiles/sensor_msgs__rosidl_generator_py.dir/rosidl_generator_py/sensor_msgs/msg/_joint_state_s.c.o[0m
[327.822s] [ 90%] [32mBuilding C object CMakeFiles/sensor_msgs__rosidl_generator_py.dir/rosidl_generator_py/sensor_msgs/msg/_joy_s.c.o[0m
[327.958s] [ 91%] [32mBuilding C object CMakeFiles/sensor_msgs__rosidl_generator_py.dir/rosidl_generator_py/sensor_msgs/msg/_joy_feedback_s.c.o[0m
[327.970s] [ 91%] [32mBuilding C object CMakeFiles/sensor_msgs__rosidl_generator_py.dir/rosidl_generator_py/sensor_msgs/msg/_joy_feedback_array_s.c.o[0m
[328.350s] [ 92%] [32mBuilding C object CMakeFiles/sensor_msgs__rosidl_generator_py.dir/rosidl_generator_py/sensor_msgs/msg/_laser_echo_s.c.o[0m
[328.396s] [ 92%] [32mBuilding C object CMakeFiles/sensor_msgs__rosidl_generator_py.dir/rosidl_generator_py/sensor_msgs/msg/_laser_scan_s.c.o[0m
[328.423s] [ 92%] [32mBuilding C object CMakeFiles/sensor_msgs__rosidl_generator_py.dir/rosidl_generator_py/sensor_msgs/msg/_magnetic_field_s.c.o[0m
[328.454s] [ 93%] [32mBuilding C object CMakeFiles/sensor_msgs__rosidl_generator_py.dir/rosidl_generator_py/sensor_msgs/msg/_multi_dof_joint_state_s.c.o[0m
[328.828s] [ 93%] [32mBuilding C object CMakeFiles/sensor_msgs__rosidl_generator_py.dir/rosidl_generator_py/sensor_msgs/msg/_multi_echo_laser_scan_s.c.o[0m
[328.903s] [ 94%] [32mBuilding C object CMakeFiles/sensor_msgs__rosidl_generator_py.dir/rosidl_generator_py/sensor_msgs/msg/_nav_sat_fix_s.c.o[0m
[328.948s] [ 94%] [32mBuilding C object CMakeFiles/sensor_msgs__rosidl_generator_py.dir/rosidl_generator_py/sensor_msgs/msg/_nav_sat_status_s.c.o[0m
[329.001s] [ 94%] [32mBuilding C object CMakeFiles/sensor_msgs__rosidl_generator_py.dir/rosidl_generator_py/sensor_msgs/msg/_point_cloud_s.c.o[0m
[329.350s] [ 95%] [32mBuilding C object CMakeFiles/sensor_msgs__rosidl_generator_py.dir/rosidl_generator_py/sensor_msgs/msg/_point_cloud2_s.c.o[0m
[329.404s] [ 96%] [32mBuilding C object CMakeFiles/sensor_msgs__rosidl_generator_py.dir/rosidl_generator_py/sensor_msgs/msg/_point_field_s.c.o[0m
[329.405s] [ 96%] [32mBuilding C object CMakeFiles/sensor_msgs__rosidl_generator_py.dir/rosidl_generator_py/sensor_msgs/msg/_range_s.c.o[0m
[329.507s] [ 96%] [32mBuilding C object CMakeFiles/sensor_msgs__rosidl_generator_py.dir/rosidl_generator_py/sensor_msgs/msg/_region_of_interest_s.c.o[0m
[329.871s] [ 96%] [32mBuilding C object CMakeFiles/sensor_msgs__rosidl_generator_py.dir/rosidl_generator_py/sensor_msgs/msg/_relative_humidity_s.c.o[0m
[329.886s] [ 97%] [32mBuilding C object CMakeFiles/sensor_msgs__rosidl_generator_py.dir/rosidl_generator_py/sensor_msgs/msg/_temperature_s.c.o[0m
[329.890s] [ 97%] [32mBuilding C object CMakeFiles/sensor_msgs__rosidl_generator_py.dir/rosidl_generator_py/sensor_msgs/msg/_time_reference_s.c.o[0m
[329.975s] [ 98%] [32mBuilding C object CMakeFiles/sensor_msgs__rosidl_generator_py.dir/rosidl_generator_py/sensor_msgs/srv/_set_camera_info_s.c.o[0m
[330.452s] [ 98%] [32m[1mLinking C shared library rosidl_generator_py/sensor_msgs/libsensor_msgs__rosidl_generator_py.so[0m
[330.621s] [ 98%] Built target sensor_msgs__rosidl_generator_py
[330.683s] [ 98%] [32mBuilding C object CMakeFiles/sensor_msgs__rosidl_typesupport_fastrtps_c__pyext.dir/rosidl_generator_py/sensor_msgs/_sensor_msgs_s.ep.rosidl_typesupport_fastrtps_c.c.o[0m
[330.684s] [ 98%] [32mBuilding C object CMakeFiles/sensor_msgs__rosidl_typesupport_introspection_c__pyext.dir/rosidl_generator_py/sensor_msgs/_sensor_msgs_s.ep.rosidl_typesupport_introspection_c.c.o[0m
[330.691s] [ 98%] [32mBuilding C object CMakeFiles/sensor_msgs__rosidl_typesupport_c__pyext.dir/rosidl_generator_py/sensor_msgs/_sensor_msgs_s.ep.rosidl_typesupport_c.c.o[0m
[331.512s] [100%] [32m[1mLinking C shared library rosidl_generator_py/sensor_msgs/sensor_msgs_s__rosidl_typesupport_fastrtps_c.cpython-310-aarch64-linux-gnu.so[0m
[331.513s] [100%] [32m[1mLinking C shared library rosidl_generator_py/sensor_msgs/sensor_msgs_s__rosidl_typesupport_introspection_c.cpython-310-aarch64-linux-gnu.so[0m
[331.520s] [100%] [32m[1mLinking C shared library rosidl_generator_py/sensor_msgs/sensor_msgs_s__rosidl_typesupport_c.cpython-310-aarch64-linux-gnu.so[0m
[331.692s] [100%] Built target sensor_msgs__rosidl_typesupport_fastrtps_c__pyext
[331.696s] [100%] Built target sensor_msgs__rosidl_typesupport_introspection_c__pyext
[331.697s] [100%] Built target sensor_msgs__rosidl_typesupport_c__pyext
[331.734s] Invoked command in '/ros2_ws/build/sensor_msgs' returned '0': AMENT_PREFIX_PATH=/ros2_ws/install/geometry_msgs:/ros2_ws/install/std_msgs:${AMENT_PREFIX_PATH} CMAKE_PREFIX_PATH=/ros2_ws/install/geometry_msgs:/ros2_ws/install/std_msgs:/opt/ros/humble LD_LIBRARY_PATH=/ros2_ws/install/geometry_msgs/lib:/ros2_ws/install/std_msgs/lib:${LD_LIBRARY_PATH} PYTHONPATH=/ros2_ws/install/geometry_msgs/local/lib/python3.10/dist-packages:/ros2_ws/install/std_msgs/local/lib/python3.10/dist-packages:${PYTHONPATH} /usr/bin/cmake --build /ros2_ws/build/sensor_msgs -- -j4 -l4
[331.739s] Invoking command in '/ros2_ws/build/sensor_msgs': AMENT_PREFIX_PATH=/ros2_ws/install/geometry_msgs:/ros2_ws/install/std_msgs:${AMENT_PREFIX_PATH} CMAKE_PREFIX_PATH=/ros2_ws/install/geometry_msgs:/ros2_ws/install/std_msgs:/opt/ros/humble LD_LIBRARY_PATH=/ros2_ws/install/geometry_msgs/lib:/ros2_ws/install/std_msgs/lib:${LD_LIBRARY_PATH} PYTHONPATH=/ros2_ws/install/geometry_msgs/local/lib/python3.10/dist-packages:/ros2_ws/install/std_msgs/local/lib/python3.10/dist-packages:${PYTHONPATH} /usr/bin/cmake --install /ros2_ws/build/sensor_msgs
[331.762s] -- Install configuration: ""
[331.763s] -- Installing: /ros2_ws/install/sensor_msgs/share/ament_index/resource_index/rosidl_interfaces/sensor_msgs
[331.764s] -- Installing: /ros2_ws/install/sensor_msgs/include/sensor_msgs/sensor_msgs
[331.764s] -- Installing: /ros2_ws/install/sensor_msgs/include/sensor_msgs/sensor_msgs/srv
[331.765s] -- Installing: /ros2_ws/install/sensor_msgs/include/sensor_msgs/sensor_msgs/srv/set_camera_info.h
[331.765s] -- Installing: /ros2_ws/install/sensor_msgs/include/sensor_msgs/sensor_msgs/srv/detail
[331.766s] -- Installing: /ros2_ws/install/sensor_msgs/include/sensor_msgs/sensor_msgs/srv/detail/set_camera_info__struct.h
[331.766s] -- Installing: /ros2_ws/install/sensor_msgs/include/sensor_msgs/sensor_msgs/srv/detail/set_camera_info__functions.h
[331.767s] -- Installing: /ros2_ws/install/sensor_msgs/include/sensor_msgs/sensor_msgs/srv/detail/set_camera_info__functions.c
[331.767s] -- Installing: /ros2_ws/install/sensor_msgs/include/sensor_msgs/sensor_msgs/srv/detail/set_camera_info__type_support.h
[331.768s] -- Installing: /ros2_ws/install/sensor_msgs/include/sensor_msgs/sensor_msgs/msg
[331.768s] -- Installing: /ros2_ws/install/sensor_msgs/include/sensor_msgs/sensor_msgs/msg/battery_state.h
[331.768s] -- Installing: /ros2_ws/install/sensor_msgs/include/sensor_msgs/sensor_msgs/msg/multi_echo_laser_scan.h
[331.769s] -- Installing: /ros2_ws/install/sensor_msgs/include/sensor_msgs/sensor_msgs/msg/camera_info.h
[331.769s] -- Installing: /ros2_ws/install/sensor_msgs/include/sensor_msgs/sensor_msgs/msg/multi_dof_joint_state.h
[331.770s] -- Installing: /ros2_ws/install/sensor_msgs/include/sensor_msgs/sensor_msgs/msg/image.h
[331.770s] -- Installing: /ros2_ws/install/sensor_msgs/include/sensor_msgs/sensor_msgs/msg/joy_feedback_array.h
[331.770s] -- Installing: /ros2_ws/install/sensor_msgs/include/sensor_msgs/sensor_msgs/msg/fluid_pressure.h
[331.771s] -- Installing: /ros2_ws/install/sensor_msgs/include/sensor_msgs/sensor_msgs/msg/joy.h
[331.771s] -- Installing: /ros2_ws/install/sensor_msgs/include/sensor_msgs/sensor_msgs/msg/nav_sat_fix.h
[331.771s] -- Installing: /ros2_ws/install/sensor_msgs/include/sensor_msgs/sensor_msgs/msg/compressed_image.h
[331.772s] -- Installing: /ros2_ws/install/sensor_msgs/include/sensor_msgs/sensor_msgs/msg/laser_scan.h
[331.772s] -- Installing: /ros2_ws/install/sensor_msgs/include/sensor_msgs/sensor_msgs/msg/laser_echo.h
[331.772s] -- Installing: /ros2_ws/install/sensor_msgs/include/sensor_msgs/sensor_msgs/msg/magnetic_field.h
[331.773s] -- Installing: /ros2_ws/install/sensor_msgs/include/sensor_msgs/sensor_msgs/msg/nav_sat_status.h
[331.773s] -- Installing: /ros2_ws/install/sensor_msgs/include/sensor_msgs/sensor_msgs/msg/joy_feedback.h
[331.774s] -- Installing: /ros2_ws/install/sensor_msgs/include/sensor_msgs/sensor_msgs/msg/imu.h
[331.774s] -- Installing: /ros2_ws/install/sensor_msgs/include/sensor_msgs/sensor_msgs/msg/illuminance.h
[331.774s] -- Installing: /ros2_ws/install/sensor_msgs/include/sensor_msgs/sensor_msgs/msg/point_cloud.h
[331.775s] -- Installing: /ros2_ws/install/sensor_msgs/include/sensor_msgs/sensor_msgs/msg/relative_humidity.h
[331.775s] -- Installing: /ros2_ws/install/sensor_msgs/include/sensor_msgs/sensor_msgs/msg/point_cloud2.h
[331.775s] -- Installing: /ros2_ws/install/sensor_msgs/include/sensor_msgs/sensor_msgs/msg/channel_float32.h
[331.776s] -- Installing: /ros2_ws/install/sensor_msgs/include/sensor_msgs/sensor_msgs/msg/point_field.h
[331.776s] -- Installing: /ros2_ws/install/sensor_msgs/include/sensor_msgs/sensor_msgs/msg/range.h
[331.777s] -- Installing: /ros2_ws/install/sensor_msgs/include/sensor_msgs/sensor_msgs/msg/temperature.h
[331.777s] -- Installing: /ros2_ws/install/sensor_msgs/include/sensor_msgs/sensor_msgs/msg/region_of_interest.h
[331.777s] -- Installing: /ros2_ws/install/sensor_msgs/include/sensor_msgs/sensor_msgs/msg/detail
[331.778s] -- Installing: /ros2_ws/install/sensor_msgs/include/sensor_msgs/sensor_msgs/msg/detail/nav_sat_fix__functions.c
[331.779s] -- Installing: /ros2_ws/install/sensor_msgs/include/sensor_msgs/sensor_msgs/msg/detail/point_field__functions.h
[331.779s] -- Installing: /ros2_ws/install/sensor_msgs/include/sensor_msgs/sensor_msgs/msg/detail/time_reference__functions.c
[331.780s] -- Installing: /ros2_ws/install/sensor_msgs/include/sensor_msgs/sensor_msgs/msg/detail/compressed_image__functions.c
[331.780s] -- Installing: /ros2_ws/install/sensor_msgs/include/sensor_msgs/sensor_msgs/msg/detail/joy_feedback__functions.h
[331.780s] -- Installing: /ros2_ws/install/sensor_msgs/include/sensor_msgs/sensor_msgs/msg/detail/temperature__struct.h
[331.781s] -- Installing: /ros2_ws/install/sensor_msgs/include/sensor_msgs/sensor_msgs/msg/detail/region_of_interest__struct.h
[331.781s] -- Installing: /ros2_ws/install/sensor_msgs/include/sensor_msgs/sensor_msgs/msg/detail/image__type_support.h
[331.782s] -- Installing: /ros2_ws/install/sensor_msgs/include/sensor_msgs/sensor_msgs/msg/detail/joy__functions.c
[331.782s] -- Installing: /ros2_ws/install/sensor_msgs/include/sensor_msgs/sensor_msgs/msg/detail/image__functions.h
[331.783s] -- Installing: /ros2_ws/install/sensor_msgs/include/sensor_msgs/sensor_msgs/msg/detail/laser_scan__type_support.h
[331.783s] -- Installing: /ros2_ws/install/sensor_msgs/include/sensor_msgs/sensor_msgs/msg/detail/compressed_image__struct.h
[331.783s] -- Installing: /ros2_ws/install/sensor_msgs/include/sensor_msgs/sensor_msgs/msg/detail/laser_echo__struct.h
[331.784s] -- Installing: /ros2_ws/install/sensor_msgs/include/sensor_msgs/sensor_msgs/msg/detail/camera_info__functions.c
[331.784s] -- Installing: /ros2_ws/install/sensor_msgs/include/sensor_msgs/sensor_msgs/msg/detail/nav_sat_status__struct.h
[331.785s] -- Installing: /ros2_ws/install/sensor_msgs/include/sensor_msgs/sensor_msgs/msg/detail/multi_echo_laser_scan__functions.h
[331.785s] -- Installing: /ros2_ws/install/sensor_msgs/include/sensor_msgs/sensor_msgs/msg/detail/point_cloud2__type_support.h
[331.785s] -- Installing: /ros2_ws/install/sensor_msgs/include/sensor_msgs/sensor_msgs/msg/detail/multi_echo_laser_scan__type_support.h
[331.786s] -- Installing: /ros2_ws/install/sensor_msgs/include/sensor_msgs/sensor_msgs/msg/detail/fluid_pressure__functions.c
[331.786s] -- Installing: /ros2_ws/install/sensor_msgs/include/sensor_msgs/sensor_msgs/msg/detail/image__functions.c
[331.787s] -- Installing: /ros2_ws/install/sensor_msgs/include/sensor_msgs/sensor_msgs/msg/detail/range__functions.c
[331.787s] -- Installing: /ros2_ws/install/sensor_msgs/include/sensor_msgs/sensor_msgs/msg/detail/point_cloud__functions.h
[331.788s] -- Installing: /ros2_ws/install/sensor_msgs/include/sensor_msgs/sensor_msgs/msg/detail/joy__type_support.h
[331.788s] -- Installing: /ros2_ws/install/sensor_msgs/include/sensor_msgs/sensor_msgs/msg/detail/fluid_pressure__struct.h
[331.788s] -- Installing: /ros2_ws/install/sensor_msgs/include/sensor_msgs/sensor_msgs/msg/detail/compressed_image__type_support.h
[331.789s] -- Installing: /ros2_ws/install/sensor_msgs/include/sensor_msgs/sensor_msgs/msg/detail/image__struct.h
[331.789s] -- Installing: /ros2_ws/install/sensor_msgs/include/sensor_msgs/sensor_msgs/msg/detail/battery_state__type_support.h
[331.790s] -- Installing: /ros2_ws/install/sensor_msgs/include/sensor_msgs/sensor_msgs/msg/detail/camera_info__functions.h
[331.790s] -- Installing: /ros2_ws/install/sensor_msgs/include/sensor_msgs/sensor_msgs/msg/detail/multi_dof_joint_state__struct.h
[331.790s] -- Installing: /ros2_ws/install/sensor_msgs/include/sensor_msgs/sensor_msgs/msg/detail/joint_state__functions.c
[331.791s] -- Installing: /ros2_ws/install/sensor_msgs/include/sensor_msgs/sensor_msgs/msg/detail/imu__functions.c
[331.791s] -- Installing: /ros2_ws/install/sensor_msgs/include/sensor_msgs/sensor_msgs/msg/detail/time_reference__functions.h
[331.792s] -- Installing: /ros2_ws/install/sensor_msgs/include/sensor_msgs/sensor_msgs/msg/detail/magnetic_field__type_support.h
[331.792s] -- Installing: /ros2_ws/install/sensor_msgs/include/sensor_msgs/sensor_msgs/msg/detail/relative_humidity__functions.h
[331.793s] -- Installing: /ros2_ws/install/sensor_msgs/include/sensor_msgs/sensor_msgs/msg/detail/joint_state__struct.h
[331.793s] -- Installing: /ros2_ws/install/sensor_msgs/include/sensor_msgs/sensor_msgs/msg/detail/joy_feedback_array__functions.c
[331.793s] -- Installing: /ros2_ws/install/sensor_msgs/include/sensor_msgs/sensor_msgs/msg/detail/region_of_interest__functions.h
[331.794s] -- Installing: /ros2_ws/install/sensor_msgs/include/sensor_msgs/sensor_msgs/msg/detail/point_field__type_support.h
[331.794s] -- Installing: /ros2_ws/install/sensor_msgs/include/sensor_msgs/sensor_msgs/msg/detail/laser_echo__functions.c
[331.795s] -- Installing: /ros2_ws/install/sensor_msgs/include/sensor_msgs/sensor_msgs/msg/detail/battery_state__struct.h
[331.795s] -- Installing: /ros2_ws/install/sensor_msgs/include/sensor_msgs/sensor_msgs/msg/detail/point_cloud__struct.h
[331.795s] -- Installing: /ros2_ws/install/sensor_msgs/include/sensor_msgs/sensor_msgs/msg/detail/joy_feedback_array__type_support.h
[331.796s] -- Installing: /ros2_ws/install/sensor_msgs/include/sensor_msgs/sensor_msgs/msg/detail/joy_feedback__functions.c
[331.796s] -- Installing: /ros2_ws/install/sensor_msgs/include/sensor_msgs/sensor_msgs/msg/detail/illuminance__functions.c
[331.797s] -- Installing: /ros2_ws/install/sensor_msgs/include/sensor_msgs/sensor_msgs/msg/detail/point_cloud2__functions.h
[331.797s] -- Installing: /ros2_ws/install/sensor_msgs/include/sensor_msgs/sensor_msgs/msg/detail/nav_sat_fix__type_support.h
[331.798s] -- Installing: /ros2_ws/install/sensor_msgs/include/sensor_msgs/sensor_msgs/msg/detail/joy__struct.h
[331.798s] -- Installing: /ros2_ws/install/sensor_msgs/include/sensor_msgs/sensor_msgs/msg/detail/temperature__functions.c
[331.798s] -- Installing: /ros2_ws/install/sensor_msgs/include/sensor_msgs/sensor_msgs/msg/detail/joy_feedback_array__functions.h
[331.799s] -- Installing: /ros2_ws/install/sensor_msgs/include/sensor_msgs/sensor_msgs/msg/detail/joy__functions.h
[331.799s] -- Installing: /ros2_ws/install/sensor_msgs/include/sensor_msgs/sensor_msgs/msg/detail/joy_feedback__type_support.h
[331.800s] -- Installing: /ros2_ws/install/sensor_msgs/include/sensor_msgs/sensor_msgs/msg/detail/multi_dof_joint_state__functions.h
[331.800s] -- Installing: /ros2_ws/install/sensor_msgs/include/sensor_msgs/sensor_msgs/msg/detail/laser_scan__functions.h
[331.800s] -- Installing: /ros2_ws/install/sensor_msgs/include/sensor_msgs/sensor_msgs/msg/detail/imu__type_support.h
[331.801s] -- Installing: /ros2_ws/install/sensor_msgs/include/sensor_msgs/sensor_msgs/msg/detail/relative_humidity__struct.h
[331.801s] -- Installing: /ros2_ws/install/sensor_msgs/include/sensor_msgs/sensor_msgs/msg/detail/channel_float32__struct.h
[331.802s] -- Installing: /ros2_ws/install/sensor_msgs/include/sensor_msgs/sensor_msgs/msg/detail/point_cloud__functions.c
[331.802s] -- Installing: /ros2_ws/install/sensor_msgs/include/sensor_msgs/sensor_msgs/msg/detail/multi_dof_joint_state__functions.c
[331.802s] -- Installing: /ros2_ws/install/sensor_msgs/include/sensor_msgs/sensor_msgs/msg/detail/point_field__struct.h
[331.803s] -- Installing: /ros2_ws/install/sensor_msgs/include/sensor_msgs/sensor_msgs/msg/detail/imu__functions.h
[331.803s] -- Installing: /ros2_ws/install/sensor_msgs/include/sensor_msgs/sensor_msgs/msg/detail/nav_sat_fix__functions.h
[331.804s] -- Installing: /ros2_ws/install/sensor_msgs/include/sensor_msgs/sensor_msgs/msg/detail/nav_sat_fix__struct.h
[331.804s] -- Installing: /ros2_ws/install/sensor_msgs/include/sensor_msgs/sensor_msgs/msg/detail/multi_dof_joint_state__type_support.h
[331.805s] -- Installing: /ros2_ws/install/sensor_msgs/include/sensor_msgs/sensor_msgs/msg/detail/region_of_interest__functions.c
[331.805s] -- Installing: /ros2_ws/install/sensor_msgs/include/sensor_msgs/sensor_msgs/msg/detail/nav_sat_status__type_support.h
[331.805s] -- Installing: /ros2_ws/install/sensor_msgs/include/sensor_msgs/sensor_msgs/msg/detail/region_of_interest__type_support.h
[331.806s] -- Installing: /ros2_ws/install/sensor_msgs/include/sensor_msgs/sensor_msgs/msg/detail/time_reference__type_support.h
[331.806s] -- Installing: /ros2_ws/install/sensor_msgs/include/sensor_msgs/sensor_msgs/msg/detail/illuminance__type_support.h
[331.807s] -- Installing: /ros2_ws/install/sensor_msgs/include/sensor_msgs/sensor_msgs/msg/detail/camera_info__struct.h
[331.807s] -- Installing: /ros2_ws/install/sensor_msgs/include/sensor_msgs/sensor_msgs/msg/detail/point_field__functions.c
[331.807s] -- Installing: /ros2_ws/install/sensor_msgs/include/sensor_msgs/sensor_msgs/msg/detail/illuminance__struct.h
[331.808s] -- Installing: /ros2_ws/install/sensor_msgs/include/sensor_msgs/sensor_msgs/msg/detail/range__struct.h
[331.808s] -- Installing: /ros2_ws/install/sensor_msgs/include/sensor_msgs/sensor_msgs/msg/detail/temperature__type_support.h
[331.809s] -- Installing: /ros2_ws/install/sensor_msgs/include/sensor_msgs/sensor_msgs/msg/detail/joint_state__functions.h
[331.809s] -- Installing: /ros2_ws/install/sensor_msgs/include/sensor_msgs/sensor_msgs/msg/detail/laser_echo__type_support.h
[331.809s] -- Installing: /ros2_ws/install/sensor_msgs/include/sensor_msgs/sensor_msgs/msg/detail/range__functions.h
[331.810s] -- Installing: /ros2_ws/install/sensor_msgs/include/sensor_msgs/sensor_msgs/msg/detail/channel_float32__type_support.h
[331.810s] -- Installing: /ros2_ws/install/sensor_msgs/include/sensor_msgs/sensor_msgs/msg/detail/multi_echo_laser_scan__functions.c
[331.811s] -- Installing: /ros2_ws/install/sensor_msgs/include/sensor_msgs/sensor_msgs/msg/detail/relative_humidity__functions.c
[331.811s] -- Installing: /ros2_ws/install/sensor_msgs/include/sensor_msgs/sensor_msgs/msg/detail/battery_state__functions.c
[331.812s] -- Installing: /ros2_ws/install/sensor_msgs/include/sensor_msgs/sensor_msgs/msg/detail/time_reference__struct.h
[331.812s] -- Installing: /ros2_ws/install/sensor_msgs/include/sensor_msgs/sensor_msgs/msg/detail/compressed_image__functions.h
[331.812s] -- Installing: /ros2_ws/install/sensor_msgs/include/sensor_msgs/sensor_msgs/msg/detail/nav_sat_status__functions.c
[331.813s] -- Installing: /ros2_ws/install/sensor_msgs/include/sensor_msgs/sensor_msgs/msg/detail/nav_sat_status__functions.h
[331.813s] -- Installing: /ros2_ws/install/sensor_msgs/include/sensor_msgs/sensor_msgs/msg/detail/camera_info__type_support.h
[331.814s] -- Installing: /ros2_ws/install/sensor_msgs/include/sensor_msgs/sensor_msgs/msg/detail/laser_scan__struct.h
[331.814s] -- Installing: /ros2_ws/install/sensor_msgs/include/sensor_msgs/sensor_msgs/msg/detail/fluid_pressure__type_support.h
[331.815s] -- Installing: /ros2_ws/install/sensor_msgs/include/sensor_msgs/sensor_msgs/msg/detail/imu__struct.h
[331.815s] -- Installing: /ros2_ws/install/sensor_msgs/include/sensor_msgs/sensor_msgs/msg/detail/multi_echo_laser_scan__struct.h
[331.815s] -- Installing: /ros2_ws/install/sensor_msgs/include/sensor_msgs/sensor_msgs/msg/detail/range__type_support.h
[331.816s] -- Installing: /ros2_ws/install/sensor_msgs/include/sensor_msgs/sensor_msgs/msg/detail/laser_echo__functions.h
[331.816s] -- Installing: /ros2_ws/install/sensor_msgs/include/sensor_msgs/sensor_msgs/msg/detail/battery_state__functions.h
[331.817s] -- Installing: /ros2_ws/install/sensor_msgs/include/sensor_msgs/sensor_msgs/msg/detail/magnetic_field__functions.c
[331.817s] -- Installing: /ros2_ws/install/sensor_msgs/include/sensor_msgs/sensor_msgs/msg/detail/illuminance__functions.h
[331.817s] -- Installing: /ros2_ws/install/sensor_msgs/include/sensor_msgs/sensor_msgs/msg/detail/joy_feedback__struct.h
[331.818s] -- Installing: /ros2_ws/install/sensor_msgs/include/sensor_msgs/sensor_msgs/msg/detail/magnetic_field__struct.h
[331.818s] -- Installing: /ros2_ws/install/sensor_msgs/include/sensor_msgs/sensor_msgs/msg/detail/point_cloud2__struct.h
[331.819s] -- Installing: /ros2_ws/install/sensor_msgs/include/sensor_msgs/sensor_msgs/msg/detail/fluid_pressure__functions.h
[331.819s] -- Installing: /ros2_ws/install/sensor_msgs/include/sensor_msgs/sensor_msgs/msg/detail/point_cloud__type_support.h
[331.820s] -- Installing: /ros2_ws/install/sensor_msgs/include/sensor_msgs/sensor_msgs/msg/detail/channel_float32__functions.h
[331.820s] -- Installing: /ros2_ws/install/sensor_msgs/include/sensor_msgs/sensor_msgs/msg/detail/channel_float32__functions.c
[331.820s] -- Installing: /ros2_ws/install/sensor_msgs/include/sensor_msgs/sensor_msgs/msg/detail/magnetic_field__functions.h
[331.821s] -- Installing: /ros2_ws/install/sensor_msgs/include/sensor_msgs/sensor_msgs/msg/detail/relative_humidity__type_support.h
[331.821s] -- Installing: /ros2_ws/install/sensor_msgs/include/sensor_msgs/sensor_msgs/msg/detail/temperature__functions.h
[331.822s] -- Installing: /ros2_ws/install/sensor_msgs/include/sensor_msgs/sensor_msgs/msg/detail/joint_state__type_support.h
[331.822s] -- Installing: /ros2_ws/install/sensor_msgs/include/sensor_msgs/sensor_msgs/msg/detail/point_cloud2__functions.c
[331.823s] -- Installing: /ros2_ws/install/sensor_msgs/include/sensor_msgs/sensor_msgs/msg/detail/laser_scan__functions.c
[331.823s] -- Installing: /ros2_ws/install/sensor_msgs/include/sensor_msgs/sensor_msgs/msg/detail/joy_feedback_array__struct.h
[331.823s] -- Installing: /ros2_ws/install/sensor_msgs/include/sensor_msgs/sensor_msgs/msg/time_reference.h
[331.824s] -- Installing: /ros2_ws/install/sensor_msgs/include/sensor_msgs/sensor_msgs/msg/rosidl_generator_c__visibility_control.h
[331.824s] -- Installing: /ros2_ws/install/sensor_msgs/include/sensor_msgs/sensor_msgs/msg/joint_state.h
[331.825s] -- Installing: /ros2_ws/install/sensor_msgs/share/sensor_msgs/environment/library_path.sh
[331.826s] -- Installing: /ros2_ws/install/sensor_msgs/share/sensor_msgs/environment/library_path.dsv
[331.826s] -- Installing: /ros2_ws/install/sensor_msgs/lib/libsensor_msgs__rosidl_generator_c.so
[331.829s] -- Set runtime path of "/ros2_ws/install/sensor_msgs/lib/libsensor_msgs__rosidl_generator_c.so" to ""
[331.829s] -- Up-to-date: /ros2_ws/install/sensor_msgs/include/sensor_msgs/sensor_msgs
[331.829s] -- Up-to-date: /ros2_ws/install/sensor_msgs/include/sensor_msgs/sensor_msgs/srv
[331.830s] -- Up-to-date: /ros2_ws/install/sensor_msgs/include/sensor_msgs/sensor_msgs/srv/detail
[331.830s] -- Installing: /ros2_ws/install/sensor_msgs/include/sensor_msgs/sensor_msgs/srv/detail/set_camera_info__rosidl_typesupport_fastrtps_c.h
[331.830s] -- Up-to-date: /ros2_ws/install/sensor_msgs/include/sensor_msgs/sensor_msgs/msg
[331.831s] -- Installing: /ros2_ws/install/sensor_msgs/include/sensor_msgs/sensor_msgs/msg/rosidl_typesupport_fastrtps_c__visibility_control.h
[331.831s] -- Up-to-date: /ros2_ws/install/sensor_msgs/include/sensor_msgs/sensor_msgs/msg/detail
[331.831s] -- Installing: /ros2_ws/install/sensor_msgs/include/sensor_msgs/sensor_msgs/msg/detail/relative_humidity__rosidl_typesupport_fastrtps_c.h
[331.832s] -- Installing: /ros2_ws/install/sensor_msgs/include/sensor_msgs/sensor_msgs/msg/detail/time_reference__rosidl_typesupport_fastrtps_c.h
[331.832s] -- Installing: /ros2_ws/install/sensor_msgs/include/sensor_msgs/sensor_msgs/msg/detail/multi_echo_laser_scan__rosidl_typesupport_fastrtps_c.h
[331.832s] -- Installing: /ros2_ws/install/sensor_msgs/include/sensor_msgs/sensor_msgs/msg/detail/fluid_pressure__rosidl_typesupport_fastrtps_c.h
[331.833s] -- Installing: /ros2_ws/install/sensor_msgs/include/sensor_msgs/sensor_msgs/msg/detail/channel_float32__rosidl_typesupport_fastrtps_c.h
[331.833s] -- Installing: /ros2_ws/install/sensor_msgs/include/sensor_msgs/sensor_msgs/msg/detail/region_of_interest__rosidl_typesupport_fastrtps_c.h
[331.833s] -- Installing: /ros2_ws/install/sensor_msgs/include/sensor_msgs/sensor_msgs/msg/detail/joy_feedback__rosidl_typesupport_fastrtps_c.h
[331.834s] -- Installing: /ros2_ws/install/sensor_msgs/include/sensor_msgs/sensor_msgs/msg/detail/range__rosidl_typesupport_fastrtps_c.h
[331.834s] -- Installing: /ros2_ws/install/sensor_msgs/include/sensor_msgs/sensor_msgs/msg/detail/compressed_image__rosidl_typesupport_fastrtps_c.h
[331.835s] -- Installing: /ros2_ws/install/sensor_msgs/include/sensor_msgs/sensor_msgs/msg/detail/nav_sat_status__rosidl_typesupport_fastrtps_c.h
[331.835s] -- Installing: /ros2_ws/install/sensor_msgs/include/sensor_msgs/sensor_msgs/msg/detail/point_cloud2__rosidl_typesupport_fastrtps_c.h
[331.836s] -- Installing: /ros2_ws/install/sensor_msgs/include/sensor_msgs/sensor_msgs/msg/detail/laser_echo__rosidl_typesupport_fastrtps_c.h
[331.836s] -- Installing: /ros2_ws/install/sensor_msgs/include/sensor_msgs/sensor_msgs/msg/detail/joint_state__rosidl_typesupport_fastrtps_c.h
[331.837s] -- Installing: /ros2_ws/install/sensor_msgs/include/sensor_msgs/sensor_msgs/msg/detail/nav_sat_fix__rosidl_typesupport_fastrtps_c.h
[331.837s] -- Installing: /ros2_ws/install/sensor_msgs/include/sensor_msgs/sensor_msgs/msg/detail/magnetic_field__rosidl_typesupport_fastrtps_c.h
[331.838s] -- Installing: /ros2_ws/install/sensor_msgs/include/sensor_msgs/sensor_msgs/msg/detail/illuminance__rosidl_typesupport_fastrtps_c.h
[331.838s] -- Installing: /ros2_ws/install/sensor_msgs/include/sensor_msgs/sensor_msgs/msg/detail/image__rosidl_typesupport_fastrtps_c.h
[331.838s] -- Installing: /ros2_ws/install/sensor_msgs/include/sensor_msgs/sensor_msgs/msg/detail/point_field__rosidl_typesupport_fastrtps_c.h
[331.839s] -- Installing: /ros2_ws/install/sensor_msgs/include/sensor_msgs/sensor_msgs/msg/detail/multi_dof_joint_state__rosidl_typesupport_fastrtps_c.h
[331.839s] -- Installing: /ros2_ws/install/sensor_msgs/include/sensor_msgs/sensor_msgs/msg/detail/battery_state__rosidl_typesupport_fastrtps_c.h
[331.840s] -- Installing: /ros2_ws/install/sensor_msgs/include/sensor_msgs/sensor_msgs/msg/detail/temperature__rosidl_typesupport_fastrtps_c.h
[331.840s] -- Installing: /ros2_ws/install/sensor_msgs/include/sensor_msgs/sensor_msgs/msg/detail/joy__rosidl_typesupport_fastrtps_c.h
[331.841s] -- Installing: /ros2_ws/install/sensor_msgs/include/sensor_msgs/sensor_msgs/msg/detail/imu__rosidl_typesupport_fastrtps_c.h
[331.841s] -- Installing: /ros2_ws/install/sensor_msgs/include/sensor_msgs/sensor_msgs/msg/detail/laser_scan__rosidl_typesupport_fastrtps_c.h
[331.842s] -- Installing: /ros2_ws/install/sensor_msgs/include/sensor_msgs/sensor_msgs/msg/detail/camera_info__rosidl_typesupport_fastrtps_c.h
[331.842s] -- Installing: /ros2_ws/install/sensor_msgs/include/sensor_msgs/sensor_msgs/msg/detail/point_cloud__rosidl_typesupport_fastrtps_c.h
[331.842s] -- Installing: /ros2_ws/install/sensor_msgs/include/sensor_msgs/sensor_msgs/msg/detail/joy_feedback_array__rosidl_typesupport_fastrtps_c.h
[331.843s] -- Installing: /ros2_ws/install/sensor_msgs/lib/libsensor_msgs__rosidl_typesupport_fastrtps_c.so
[331.845s] -- Set runtime path of "/ros2_ws/install/sensor_msgs/lib/libsensor_msgs__rosidl_typesupport_fastrtps_c.so" to ""
[331.846s] -- Up-to-date: /ros2_ws/install/sensor_msgs/include/sensor_msgs/sensor_msgs
[331.846s] -- Up-to-date: /ros2_ws/install/sensor_msgs/include/sensor_msgs/sensor_msgs/srv
[331.847s] -- Installing: /ros2_ws/install/sensor_msgs/include/sensor_msgs/sensor_msgs/srv/set_camera_info.hpp
[331.848s] -- Up-to-date: /ros2_ws/install/sensor_msgs/include/sensor_msgs/sensor_msgs/srv/detail
[331.848s] -- Installing: /ros2_ws/install/sensor_msgs/include/sensor_msgs/sensor_msgs/srv/detail/set_camera_info__traits.hpp
[331.848s] -- Installing: /ros2_ws/install/sensor_msgs/include/sensor_msgs/sensor_msgs/srv/detail/set_camera_info__builder.hpp
[331.849s] -- Installing: /ros2_ws/install/sensor_msgs/include/sensor_msgs/sensor_msgs/srv/detail/set_camera_info__struct.hpp
[331.849s] -- Installing: /ros2_ws/install/sensor_msgs/include/sensor_msgs/sensor_msgs/srv/detail/set_camera_info__type_support.hpp
[331.850s] -- Up-to-date: /ros2_ws/install/sensor_msgs/include/sensor_msgs/sensor_msgs/msg
[331.850s] -- Installing: /ros2_ws/install/sensor_msgs/include/sensor_msgs/sensor_msgs/msg/temperature.hpp
[331.850s] -- Installing: /ros2_ws/install/sensor_msgs/include/sensor_msgs/sensor_msgs/msg/point_cloud.hpp
[331.851s] -- Installing: /ros2_ws/install/sensor_msgs/include/sensor_msgs/sensor_msgs/msg/joy.hpp
[331.851s] -- Installing: /ros2_ws/install/sensor_msgs/include/sensor_msgs/sensor_msgs/msg/time_reference.hpp
[331.851s] -- Installing: /ros2_ws/install/sensor_msgs/include/sensor_msgs/sensor_msgs/msg/image.hpp
[331.852s] -- Installing: /ros2_ws/install/sensor_msgs/include/sensor_msgs/sensor_msgs/msg/compressed_image.hpp
[331.852s] -- Installing: /ros2_ws/install/sensor_msgs/include/sensor_msgs/sensor_msgs/msg/imu.hpp
[331.852s] -- Installing: /ros2_ws/install/sensor_msgs/include/sensor_msgs/sensor_msgs/msg/channel_float32.hpp
[331.853s] -- Installing: /ros2_ws/install/sensor_msgs/include/sensor_msgs/sensor_msgs/msg/camera_info.hpp
[331.853s] -- Installing: /ros2_ws/install/sensor_msgs/include/sensor_msgs/sensor_msgs/msg/magnetic_field.hpp
[331.854s] -- Installing: /ros2_ws/install/sensor_msgs/include/sensor_msgs/sensor_msgs/msg/laser_echo.hpp
[331.854s] -- Installing: /ros2_ws/install/sensor_msgs/include/sensor_msgs/sensor_msgs/msg/joy_feedback_array.hpp
[331.854s] -- Installing: /ros2_ws/install/sensor_msgs/include/sensor_msgs/sensor_msgs/msg/nav_sat_status.hpp
[331.855s] -- Installing: /ros2_ws/install/sensor_msgs/include/sensor_msgs/sensor_msgs/msg/battery_state.hpp
[331.855s] -- Installing: /ros2_ws/install/sensor_msgs/include/sensor_msgs/sensor_msgs/msg/fluid_pressure.hpp
[331.855s] -- Installing: /ros2_ws/install/sensor_msgs/include/sensor_msgs/sensor_msgs/msg/point_cloud2.hpp
[331.856s] -- Installing: /ros2_ws/install/sensor_msgs/include/sensor_msgs/sensor_msgs/msg/laser_scan.hpp
[331.856s] -- Installing: /ros2_ws/install/sensor_msgs/include/sensor_msgs/sensor_msgs/msg/illuminance.hpp
[331.857s] -- Installing: /ros2_ws/install/sensor_msgs/include/sensor_msgs/sensor_msgs/msg/point_field.hpp
[331.857s] -- Installing: /ros2_ws/install/sensor_msgs/include/sensor_msgs/sensor_msgs/msg/rosidl_generator_cpp__visibility_control.hpp
[331.857s] -- Installing: /ros2_ws/install/sensor_msgs/include/sensor_msgs/sensor_msgs/msg/joy_feedback.hpp
[331.858s] -- Installing: /ros2_ws/install/sensor_msgs/include/sensor_msgs/sensor_msgs/msg/multi_echo_laser_scan.hpp
[331.858s] -- Installing: /ros2_ws/install/sensor_msgs/include/sensor_msgs/sensor_msgs/msg/range.hpp
[331.858s] -- Installing: /ros2_ws/install/sensor_msgs/include/sensor_msgs/sensor_msgs/msg/region_of_interest.hpp
[331.859s] -- Up-to-date: /ros2_ws/install/sensor_msgs/include/sensor_msgs/sensor_msgs/msg/detail
[331.859s] -- Installing: /ros2_ws/install/sensor_msgs/include/sensor_msgs/sensor_msgs/msg/detail/multi_dof_joint_state__builder.hpp
[331.860s] -- Installing: /ros2_ws/install/sensor_msgs/include/sensor_msgs/sensor_msgs/msg/detail/joy_feedback__type_support.hpp
[331.860s] -- Installing: /ros2_ws/install/sensor_msgs/include/sensor_msgs/sensor_msgs/msg/detail/range__type_support.hpp
[331.861s] -- Installing: /ros2_ws/install/sensor_msgs/include/sensor_msgs/sensor_msgs/msg/detail/imu__builder.hpp
[331.861s] -- Installing: /ros2_ws/install/sensor_msgs/include/sensor_msgs/sensor_msgs/msg/detail/nav_sat_status__builder.hpp
[331.862s] -- Installing: /ros2_ws/install/sensor_msgs/include/sensor_msgs/sensor_msgs/msg/detail/joy__type_support.hpp
[331.862s] -- Installing: /ros2_ws/install/sensor_msgs/include/sensor_msgs/sensor_msgs/msg/detail/battery_state__type_support.hpp
[331.862s] -- Installing: /ros2_ws/install/sensor_msgs/include/sensor_msgs/sensor_msgs/msg/detail/laser_echo__struct.hpp
[331.863s] -- Installing: /ros2_ws/install/sensor_msgs/include/sensor_msgs/sensor_msgs/msg/detail/imu__struct.hpp
[331.863s] -- Installing: /ros2_ws/install/sensor_msgs/include/sensor_msgs/sensor_msgs/msg/detail/fluid_pressure__builder.hpp
[331.864s] -- Installing: /ros2_ws/install/sensor_msgs/include/sensor_msgs/sensor_msgs/msg/detail/camera_info__builder.hpp
[331.864s] -- Installing: /ros2_ws/install/sensor_msgs/include/sensor_msgs/sensor_msgs/msg/detail/point_cloud__struct.hpp
[331.865s] -- Installing: /ros2_ws/install/sensor_msgs/include/sensor_msgs/sensor_msgs/msg/detail/image__struct.hpp
[331.865s] -- Installing: /ros2_ws/install/sensor_msgs/include/sensor_msgs/sensor_msgs/msg/detail/laser_scan__traits.hpp
[331.866s] -- Installing: /ros2_ws/install/sensor_msgs/include/sensor_msgs/sensor_msgs/msg/detail/point_field__type_support.hpp
[331.866s] -- Installing: /ros2_ws/install/sensor_msgs/include/sensor_msgs/sensor_msgs/msg/detail/multi_dof_joint_state__traits.hpp
[331.866s] -- Installing: /ros2_ws/install/sensor_msgs/include/sensor_msgs/sensor_msgs/msg/detail/joy__traits.hpp
[331.867s] -- Installing: /ros2_ws/install/sensor_msgs/include/sensor_msgs/sensor_msgs/msg/detail/joy_feedback_array__struct.hpp
[331.867s] -- Installing: /ros2_ws/install/sensor_msgs/include/sensor_msgs/sensor_msgs/msg/detail/point_cloud2__struct.hpp
[331.868s] -- Installing: /ros2_ws/install/sensor_msgs/include/sensor_msgs/sensor_msgs/msg/detail/time_reference__type_support.hpp
[331.868s] -- Installing: /ros2_ws/install/sensor_msgs/include/sensor_msgs/sensor_msgs/msg/detail/illuminance__builder.hpp
[331.868s] -- Installing: /ros2_ws/install/sensor_msgs/include/sensor_msgs/sensor_msgs/msg/detail/range__builder.hpp
[331.869s] -- Installing: /ros2_ws/install/sensor_msgs/include/sensor_msgs/sensor_msgs/msg/detail/imu__type_support.hpp
[331.869s] -- Installing: /ros2_ws/install/sensor_msgs/include/sensor_msgs/sensor_msgs/msg/detail/nav_sat_status__type_support.hpp
[331.870s] -- Installing: /ros2_ws/install/sensor_msgs/include/sensor_msgs/sensor_msgs/msg/detail/compressed_image__traits.hpp
[331.870s] -- Installing: /ros2_ws/install/sensor_msgs/include/sensor_msgs/sensor_msgs/msg/detail/channel_float32__type_support.hpp
[331.871s] -- Installing: /ros2_ws/install/sensor_msgs/include/sensor_msgs/sensor_msgs/msg/detail/laser_scan__struct.hpp
[331.871s] -- Installing: /ros2_ws/install/sensor_msgs/include/sensor_msgs/sensor_msgs/msg/detail/laser_scan__builder.hpp
[331.871s] -- Installing: /ros2_ws/install/sensor_msgs/include/sensor_msgs/sensor_msgs/msg/detail/magnetic_field__traits.hpp
[331.872s] -- Installing: /ros2_ws/install/sensor_msgs/include/sensor_msgs/sensor_msgs/msg/detail/magnetic_field__builder.hpp
[331.872s] -- Installing: /ros2_ws/install/sensor_msgs/include/sensor_msgs/sensor_msgs/msg/detail/joy_feedback__traits.hpp
[331.873s] -- Installing: /ros2_ws/install/sensor_msgs/include/sensor_msgs/sensor_msgs/msg/detail/joy_feedback_array__builder.hpp
[331.873s] -- Installing: /ros2_ws/install/sensor_msgs/include/sensor_msgs/sensor_msgs/msg/detail/magnetic_field__struct.hpp
[331.874s] -- Installing: /ros2_ws/install/sensor_msgs/include/sensor_msgs/sensor_msgs/msg/detail/joy_feedback_array__traits.hpp
[331.874s] -- Installing: /ros2_ws/install/sensor_msgs/include/sensor_msgs/sensor_msgs/msg/detail/fluid_pressure__traits.hpp
[331.874s] -- Installing: /ros2_ws/install/sensor_msgs/include/sensor_msgs/sensor_msgs/msg/detail/fluid_pressure__struct.hpp
[331.875s] -- Installing: /ros2_ws/install/sensor_msgs/include/sensor_msgs/sensor_msgs/msg/detail/compressed_image__struct.hpp
[331.875s] -- Installing: /ros2_ws/install/sensor_msgs/include/sensor_msgs/sensor_msgs/msg/detail/time_reference__builder.hpp
[331.876s] -- Installing: /ros2_ws/install/sensor_msgs/include/sensor_msgs/sensor_msgs/msg/detail/relative_humidity__struct.hpp
[331.876s] -- Installing: /ros2_ws/install/sensor_msgs/include/sensor_msgs/sensor_msgs/msg/detail/time_reference__traits.hpp
[331.877s] -- Installing: /ros2_ws/install/sensor_msgs/include/sensor_msgs/sensor_msgs/msg/detail/multi_dof_joint_state__type_support.hpp
[331.877s] -- Installing: /ros2_ws/install/sensor_msgs/include/sensor_msgs/sensor_msgs/msg/detail/time_reference__struct.hpp
[331.878s] -- Installing: /ros2_ws/install/sensor_msgs/include/sensor_msgs/sensor_msgs/msg/detail/image__traits.hpp
[331.879s] -- Installing: /ros2_ws/install/sensor_msgs/include/sensor_msgs/sensor_msgs/msg/detail/battery_state__builder.hpp
[331.879s] -- Installing: /ros2_ws/install/sensor_msgs/include/sensor_msgs/sensor_msgs/msg/detail/joy_feedback_array__type_support.hpp
[331.880s] -- Installing: /ros2_ws/install/sensor_msgs/include/sensor_msgs/sensor_msgs/msg/detail/joint_state__struct.hpp
[331.880s] -- Installing: /ros2_ws/install/sensor_msgs/include/sensor_msgs/sensor_msgs/msg/detail/point_field__builder.hpp
[331.880s] -- Installing: /ros2_ws/install/sensor_msgs/include/sensor_msgs/sensor_msgs/msg/detail/image__builder.hpp
[331.881s] -- Installing: /ros2_ws/install/sensor_msgs/include/sensor_msgs/sensor_msgs/msg/detail/relative_humidity__builder.hpp
[331.881s] -- Installing: /ros2_ws/install/sensor_msgs/include/sensor_msgs/sensor_msgs/msg/detail/camera_info__traits.hpp
[331.882s] -- Installing: /ros2_ws/install/sensor_msgs/include/sensor_msgs/sensor_msgs/msg/detail/nav_sat_fix__type_support.hpp
[331.882s] -- Installing: /ros2_ws/install/sensor_msgs/include/sensor_msgs/sensor_msgs/msg/detail/point_cloud__traits.hpp
[331.882s] -- Installing: /ros2_ws/install/sensor_msgs/include/sensor_msgs/sensor_msgs/msg/detail/multi_dof_joint_state__struct.hpp
[331.883s] -- Installing: /ros2_ws/install/sensor_msgs/include/sensor_msgs/sensor_msgs/msg/detail/nav_sat_status__struct.hpp
[331.883s] -- Installing: /ros2_ws/install/sensor_msgs/include/sensor_msgs/sensor_msgs/msg/detail/camera_info__type_support.hpp
[331.884s] -- Installing: /ros2_ws/install/sensor_msgs/include/sensor_msgs/sensor_msgs/msg/detail/point_cloud2__type_support.hpp
[331.884s] -- Installing: /ros2_ws/install/sensor_msgs/include/sensor_msgs/sensor_msgs/msg/detail/laser_echo__builder.hpp
[331.884s] -- Installing: /ros2_ws/install/sensor_msgs/include/sensor_msgs/sensor_msgs/msg/detail/laser_scan__type_support.hpp
[331.885s] -- Installing: /ros2_ws/install/sensor_msgs/include/sensor_msgs/sensor_msgs/msg/detail/laser_echo__traits.hpp
[331.885s] -- Installing: /ros2_ws/install/sensor_msgs/include/sensor_msgs/sensor_msgs/msg/detail/nav_sat_status__traits.hpp
[331.886s] -- Installing: /ros2_ws/install/sensor_msgs/include/sensor_msgs/sensor_msgs/msg/detail/joy__struct.hpp
[331.886s] -- Installing: /ros2_ws/install/sensor_msgs/include/sensor_msgs/sensor_msgs/msg/detail/multi_echo_laser_scan__type_support.hpp
[331.886s] -- Installing: /ros2_ws/install/sensor_msgs/include/sensor_msgs/sensor_msgs/msg/detail/temperature__builder.hpp
[331.887s] -- Installing: /ros2_ws/install/sensor_msgs/include/sensor_msgs/sensor_msgs/msg/detail/illuminance__type_support.hpp
[331.887s] -- Installing: /ros2_ws/install/sensor_msgs/include/sensor_msgs/sensor_msgs/msg/detail/joy_feedback__builder.hpp
[331.888s] -- Installing: /ros2_ws/install/sensor_msgs/include/sensor_msgs/sensor_msgs/msg/detail/region_of_interest__builder.hpp
[331.888s] -- Installing: /ros2_ws/install/sensor_msgs/include/sensor_msgs/sensor_msgs/msg/detail/joint_state__type_support.hpp
[331.889s] -- Installing: /ros2_ws/install/sensor_msgs/include/sensor_msgs/sensor_msgs/msg/detail/range__struct.hpp
[331.889s] -- Installing: /ros2_ws/install/sensor_msgs/include/sensor_msgs/sensor_msgs/msg/detail/point_cloud2__builder.hpp
[331.889s] -- Installing: /ros2_ws/install/sensor_msgs/include/sensor_msgs/sensor_msgs/msg/detail/nav_sat_fix__builder.hpp
[331.890s] -- Installing: /ros2_ws/install/sensor_msgs/include/sensor_msgs/sensor_msgs/msg/detail/range__traits.hpp
[331.890s] -- Installing: /ros2_ws/install/sensor_msgs/include/sensor_msgs/sensor_msgs/msg/detail/magnetic_field__type_support.hpp
[331.891s] -- Installing: /ros2_ws/install/sensor_msgs/include/sensor_msgs/sensor_msgs/msg/detail/relative_humidity__traits.hpp
[331.891s] -- Installing: /ros2_ws/install/sensor_msgs/include/sensor_msgs/sensor_msgs/msg/detail/relative_humidity__type_support.hpp
[331.892s] -- Installing: /ros2_ws/install/sensor_msgs/include/sensor_msgs/sensor_msgs/msg/detail/battery_state__struct.hpp
[331.892s] -- Installing: /ros2_ws/install/sensor_msgs/include/sensor_msgs/sensor_msgs/msg/detail/point_cloud__type_support.hpp
[331.892s] -- Installing: /ros2_ws/install/sensor_msgs/include/sensor_msgs/sensor_msgs/msg/detail/multi_echo_laser_scan__traits.hpp
[331.893s] -- Installing: /ros2_ws/install/sensor_msgs/include/sensor_msgs/sensor_msgs/msg/detail/channel_float32__traits.hpp
[331.893s] -- Installing: /ros2_ws/install/sensor_msgs/include/sensor_msgs/sensor_msgs/msg/detail/point_cloud2__traits.hpp
[331.894s] -- Installing: /ros2_ws/install/sensor_msgs/include/sensor_msgs/sensor_msgs/msg/detail/joint_state__builder.hpp
[331.894s] -- Installing: /ros2_ws/install/sensor_msgs/include/sensor_msgs/sensor_msgs/msg/detail/multi_echo_laser_scan__struct.hpp
[331.895s] -- Installing: /ros2_ws/install/sensor_msgs/include/sensor_msgs/sensor_msgs/msg/detail/camera_info__struct.hpp
[331.895s] -- Installing: /ros2_ws/install/sensor_msgs/include/sensor_msgs/sensor_msgs/msg/detail/compressed_image__builder.hpp
[331.896s] -- Installing: /ros2_ws/install/sensor_msgs/include/sensor_msgs/sensor_msgs/msg/detail/region_of_interest__struct.hpp
[331.896s] -- Installing: /ros2_ws/install/sensor_msgs/include/sensor_msgs/sensor_msgs/msg/detail/nav_sat_fix__traits.hpp
[331.896s] -- Installing: /ros2_ws/install/sensor_msgs/include/sensor_msgs/sensor_msgs/msg/detail/point_field__traits.hpp
[331.897s] -- Installing: /ros2_ws/install/sensor_msgs/include/sensor_msgs/sensor_msgs/msg/detail/joy_feedback__struct.hpp
[331.897s] -- Installing: /ros2_ws/install/sensor_msgs/include/sensor_msgs/sensor_msgs/msg/detail/image__type_support.hpp
[331.898s] -- Installing: /ros2_ws/install/sensor_msgs/include/sensor_msgs/sensor_msgs/msg/detail/multi_echo_laser_scan__builder.hpp
[331.898s] -- Installing: /ros2_ws/install/sensor_msgs/include/sensor_msgs/sensor_msgs/msg/detail/nav_sat_fix__struct.hpp
[331.899s] -- Installing: /ros2_ws/install/sensor_msgs/include/sensor_msgs/sensor_msgs/msg/detail/battery_state__traits.hpp
[331.899s] -- Installing: /ros2_ws/install/sensor_msgs/include/sensor_msgs/sensor_msgs/msg/detail/channel_float32__struct.hpp
[331.900s] -- Installing: /ros2_ws/install/sensor_msgs/include/sensor_msgs/sensor_msgs/msg/detail/channel_float32__builder.hpp
[331.900s] -- Installing: /ros2_ws/install/sensor_msgs/include/sensor_msgs/sensor_msgs/msg/detail/illuminance__struct.hpp
[331.900s] -- Installing: /ros2_ws/install/sensor_msgs/include/sensor_msgs/sensor_msgs/msg/detail/temperature__type_support.hpp
[331.901s] -- Installing: /ros2_ws/install/sensor_msgs/include/sensor_msgs/sensor_msgs/msg/detail/region_of_interest__traits.hpp
[331.901s] -- Installing: /ros2_ws/install/sensor_msgs/include/sensor_msgs/sensor_msgs/msg/detail/laser_echo__type_support.hpp
[331.902s] -- Installing: /ros2_ws/install/sensor_msgs/include/sensor_msgs/sensor_msgs/msg/detail/temperature__struct.hpp
[331.902s] -- Installing: /ros2_ws/install/sensor_msgs/include/sensor_msgs/sensor_msgs/msg/detail/region_of_interest__type_support.hpp
[331.903s] -- Installing: /ros2_ws/install/sensor_msgs/include/sensor_msgs/sensor_msgs/msg/detail/compressed_image__type_support.hpp
[331.903s] -- Installing: /ros2_ws/install/sensor_msgs/include/sensor_msgs/sensor_msgs/msg/detail/imu__traits.hpp
[331.903s] -- Installing: /ros2_ws/install/sensor_msgs/include/sensor_msgs/sensor_msgs/msg/detail/joy__builder.hpp
[331.904s] -- Installing: /ros2_ws/install/sensor_msgs/include/sensor_msgs/sensor_msgs/msg/detail/point_field__struct.hpp
[331.904s] -- Installing: /ros2_ws/install/sensor_msgs/include/sensor_msgs/sensor_msgs/msg/detail/temperature__traits.hpp
[331.905s] -- Installing: /ros2_ws/install/sensor_msgs/include/sensor_msgs/sensor_msgs/msg/detail/fluid_pressure__type_support.hpp
[331.905s] -- Installing: /ros2_ws/install/sensor_msgs/include/sensor_msgs/sensor_msgs/msg/detail/illuminance__traits.hpp
[331.905s] -- Installing: /ros2_ws/install/sensor_msgs/include/sensor_msgs/sensor_msgs/msg/detail/point_cloud__builder.hpp
[331.906s] -- Installing: /ros2_ws/install/sensor_msgs/include/sensor_msgs/sensor_msgs/msg/detail/joint_state__traits.hpp
[331.906s] -- Installing: /ros2_ws/install/sensor_msgs/include/sensor_msgs/sensor_msgs/msg/relative_humidity.hpp
[331.907s] -- Installing: /ros2_ws/install/sensor_msgs/include/sensor_msgs/sensor_msgs/msg/nav_sat_fix.hpp
[331.907s] -- Installing: /ros2_ws/install/sensor_msgs/include/sensor_msgs/sensor_msgs/msg/multi_dof_joint_state.hpp
[331.907s] -- Installing: /ros2_ws/install/sensor_msgs/include/sensor_msgs/sensor_msgs/msg/joint_state.hpp
[331.908s] -- Up-to-date: /ros2_ws/install/sensor_msgs/include/sensor_msgs/sensor_msgs
[331.908s] -- Up-to-date: /ros2_ws/install/sensor_msgs/include/sensor_msgs/sensor_msgs/srv
[331.909s] -- Up-to-date: /ros2_ws/install/sensor_msgs/include/sensor_msgs/sensor_msgs/srv/detail
[331.909s] -- Installing: /ros2_ws/install/sensor_msgs/include/sensor_msgs/sensor_msgs/srv/detail/set_camera_info__rosidl_typesupport_fastrtps_cpp.hpp
[331.910s] -- Installing: /ros2_ws/install/sensor_msgs/include/sensor_msgs/sensor_msgs/srv/detail/dds_fastrtps
[331.910s] -- Up-to-date: /ros2_ws/install/sensor_msgs/include/sensor_msgs/sensor_msgs/msg
[331.910s] -- Installing: /ros2_ws/install/sensor_msgs/include/sensor_msgs/sensor_msgs/msg/rosidl_typesupport_fastrtps_cpp__visibility_control.h
[331.911s] -- Up-to-date: /ros2_ws/install/sensor_msgs/include/sensor_msgs/sensor_msgs/msg/detail
[331.911s] -- Installing: /ros2_ws/install/sensor_msgs/include/sensor_msgs/sensor_msgs/msg/detail/laser_echo__rosidl_typesupport_fastrtps_cpp.hpp
[331.911s] -- Installing: /ros2_ws/install/sensor_msgs/include/sensor_msgs/sensor_msgs/msg/detail/nav_sat_status__rosidl_typesupport_fastrtps_cpp.hpp
[331.912s] -- Installing: /ros2_ws/install/sensor_msgs/include/sensor_msgs/sensor_msgs/msg/detail/compressed_image__rosidl_typesupport_fastrtps_cpp.hpp
[331.912s] -- Installing: /ros2_ws/install/sensor_msgs/include/sensor_msgs/sensor_msgs/msg/detail/multi_dof_joint_state__rosidl_typesupport_fastrtps_cpp.hpp
[331.912s] -- Installing: /ros2_ws/install/sensor_msgs/include/sensor_msgs/sensor_msgs/msg/detail/magnetic_field__rosidl_typesupport_fastrtps_cpp.hpp
[331.913s] -- Installing: /ros2_ws/install/sensor_msgs/include/sensor_msgs/sensor_msgs/msg/detail/imu__rosidl_typesupport_fastrtps_cpp.hpp
[331.913s] -- Installing: /ros2_ws/install/sensor_msgs/include/sensor_msgs/sensor_msgs/msg/detail/channel_float32__rosidl_typesupport_fastrtps_cpp.hpp
[331.914s] -- Installing: /ros2_ws/install/sensor_msgs/include/sensor_msgs/sensor_msgs/msg/detail/laser_scan__rosidl_typesupport_fastrtps_cpp.hpp
[331.914s] -- Installing: /ros2_ws/install/sensor_msgs/include/sensor_msgs/sensor_msgs/msg/detail/nav_sat_fix__rosidl_typesupport_fastrtps_cpp.hpp
[331.914s] -- Installing: /ros2_ws/install/sensor_msgs/include/sensor_msgs/sensor_msgs/msg/detail/region_of_interest__rosidl_typesupport_fastrtps_cpp.hpp
[331.915s] -- Installing: /ros2_ws/install/sensor_msgs/include/sensor_msgs/sensor_msgs/msg/detail/multi_echo_laser_scan__rosidl_typesupport_fastrtps_cpp.hpp
[331.915s] -- Installing: /ros2_ws/install/sensor_msgs/include/sensor_msgs/sensor_msgs/msg/detail/camera_info__rosidl_typesupport_fastrtps_cpp.hpp
[331.916s] -- Installing: /ros2_ws/install/sensor_msgs/include/sensor_msgs/sensor_msgs/msg/detail/relative_humidity__rosidl_typesupport_fastrtps_cpp.hpp
[331.916s] -- Installing: /ros2_ws/install/sensor_msgs/include/sensor_msgs/sensor_msgs/msg/detail/point_cloud__rosidl_typesupport_fastrtps_cpp.hpp
[331.917s] -- Installing: /ros2_ws/install/sensor_msgs/include/sensor_msgs/sensor_msgs/msg/detail/time_reference__rosidl_typesupport_fastrtps_cpp.hpp
[331.917s] -- Installing: /ros2_ws/install/sensor_msgs/include/sensor_msgs/sensor_msgs/msg/detail/illuminance__rosidl_typesupport_fastrtps_cpp.hpp
[331.918s] -- Installing: /ros2_ws/install/sensor_msgs/include/sensor_msgs/sensor_msgs/msg/detail/joy_feedback__rosidl_typesupport_fastrtps_cpp.hpp
[331.918s] -- Installing: /ros2_ws/install/sensor_msgs/include/sensor_msgs/sensor_msgs/msg/detail/temperature__rosidl_typesupport_fastrtps_cpp.hpp
[331.919s] -- Installing: /ros2_ws/install/sensor_msgs/include/sensor_msgs/sensor_msgs/msg/detail/fluid_pressure__rosidl_typesupport_fastrtps_cpp.hpp
[331.919s] -- Installing: /ros2_ws/install/sensor_msgs/include/sensor_msgs/sensor_msgs/msg/detail/point_field__rosidl_typesupport_fastrtps_cpp.hpp
[331.919s] -- Installing: /ros2_ws/install/sensor_msgs/include/sensor_msgs/sensor_msgs/msg/detail/point_cloud2__rosidl_typesupport_fastrtps_cpp.hpp
[331.920s] -- Installing: /ros2_ws/install/sensor_msgs/include/sensor_msgs/sensor_msgs/msg/detail/joint_state__rosidl_typesupport_fastrtps_cpp.hpp
[331.920s] -- Installing: /ros2_ws/install/sensor_msgs/include/sensor_msgs/sensor_msgs/msg/detail/image__rosidl_typesupport_fastrtps_cpp.hpp
[331.921s] -- Installing: /ros2_ws/install/sensor_msgs/include/sensor_msgs/sensor_msgs/msg/detail/joy_feedback_array__rosidl_typesupport_fastrtps_cpp.hpp
[331.921s] -- Installing: /ros2_ws/install/sensor_msgs/include/sensor_msgs/sensor_msgs/msg/detail/battery_state__rosidl_typesupport_fastrtps_cpp.hpp
[331.922s] -- Installing: /ros2_ws/install/sensor_msgs/include/sensor_msgs/sensor_msgs/msg/detail/joy__rosidl_typesupport_fastrtps_cpp.hpp
[331.922s] -- Installing: /ros2_ws/install/sensor_msgs/include/sensor_msgs/sensor_msgs/msg/detail/dds_fastrtps
[331.923s] -- Installing: /ros2_ws/install/sensor_msgs/include/sensor_msgs/sensor_msgs/msg/detail/range__rosidl_typesupport_fastrtps_cpp.hpp
[331.923s] -- Installing: /ros2_ws/install/sensor_msgs/lib/libsensor_msgs__rosidl_typesupport_fastrtps_cpp.so
[331.927s] -- Set runtime path of "/ros2_ws/install/sensor_msgs/lib/libsensor_msgs__rosidl_typesupport_fastrtps_cpp.so" to ""
[331.928s] -- Up-to-date: /ros2_ws/install/sensor_msgs/include/sensor_msgs/sensor_msgs
[331.928s] -- Up-to-date: /ros2_ws/install/sensor_msgs/include/sensor_msgs/sensor_msgs/srv
[331.928s] -- Up-to-date: /ros2_ws/install/sensor_msgs/include/sensor_msgs/sensor_msgs/srv/detail
[331.929s] -- Installing: /ros2_ws/install/sensor_msgs/include/sensor_msgs/sensor_msgs/srv/detail/set_camera_info__rosidl_typesupport_introspection_c.h
[331.929s] -- Installing: /ros2_ws/install/sensor_msgs/include/sensor_msgs/sensor_msgs/srv/detail/set_camera_info__type_support.c
[331.929s] -- Up-to-date: /ros2_ws/install/sensor_msgs/include/sensor_msgs/sensor_msgs/msg
[331.930s] -- Up-to-date: /ros2_ws/install/sensor_msgs/include/sensor_msgs/sensor_msgs/msg/detail
[331.930s] -- Installing: /ros2_ws/install/sensor_msgs/include/sensor_msgs/sensor_msgs/msg/detail/nav_sat_fix__type_support.c
[331.930s] -- Installing: /ros2_ws/install/sensor_msgs/include/sensor_msgs/sensor_msgs/msg/detail/battery_state__type_support.c
[331.931s] -- Installing: /ros2_ws/install/sensor_msgs/include/sensor_msgs/sensor_msgs/msg/detail/point_field__rosidl_typesupport_introspection_c.h
[331.931s] -- Installing: /ros2_ws/install/sensor_msgs/include/sensor_msgs/sensor_msgs/msg/detail/nav_sat_status__type_support.c
[331.931s] -- Installing: /ros2_ws/install/sensor_msgs/include/sensor_msgs/sensor_msgs/msg/detail/nav_sat_fix__rosidl_typesupport_introspection_c.h
[331.932s] -- Installing: /ros2_ws/install/sensor_msgs/include/sensor_msgs/sensor_msgs/msg/detail/range__rosidl_typesupport_introspection_c.h
[331.932s] -- Installing: /ros2_ws/install/sensor_msgs/include/sensor_msgs/sensor_msgs/msg/detail/time_reference__rosidl_typesupport_introspection_c.h
[331.933s] -- Installing: /ros2_ws/install/sensor_msgs/include/sensor_msgs/sensor_msgs/msg/detail/point_cloud2__type_support.c
[331.933s] -- Installing: /ros2_ws/install/sensor_msgs/include/sensor_msgs/sensor_msgs/msg/detail/illuminance__type_support.c
[331.934s] -- Installing: /ros2_ws/install/sensor_msgs/include/sensor_msgs/sensor_msgs/msg/detail/joy__type_support.c
[331.934s] -- Installing: /ros2_ws/install/sensor_msgs/include/sensor_msgs/sensor_msgs/msg/detail/laser_echo__rosidl_typesupport_introspection_c.h
[331.934s] -- Installing: /ros2_ws/install/sensor_msgs/include/sensor_msgs/sensor_msgs/msg/detail/joy_feedback_array__type_support.c
[331.935s] -- Installing: /ros2_ws/install/sensor_msgs/include/sensor_msgs/sensor_msgs/msg/detail/temperature__rosidl_typesupport_introspection_c.h
[331.935s] -- Installing: /ros2_ws/install/sensor_msgs/include/sensor_msgs/sensor_msgs/msg/detail/camera_info__rosidl_typesupport_introspection_c.h
[331.936s] -- Installing: /ros2_ws/install/sensor_msgs/include/sensor_msgs/sensor_msgs/msg/detail/multi_dof_joint_state__type_support.c
[331.936s] -- Installing: /ros2_ws/install/sensor_msgs/include/sensor_msgs/sensor_msgs/msg/detail/laser_scan__rosidl_typesupport_introspection_c.h
[331.937s] -- Installing: /ros2_ws/install/sensor_msgs/include/sensor_msgs/sensor_msgs/msg/detail/time_reference__type_support.c
[331.937s] -- Installing: /ros2_ws/install/sensor_msgs/include/sensor_msgs/sensor_msgs/msg/detail/channel_float32__type_support.c
[331.938s] -- Installing: /ros2_ws/install/sensor_msgs/include/sensor_msgs/sensor_msgs/msg/detail/point_cloud__rosidl_typesupport_introspection_c.h
[331.938s] -- Installing: /ros2_ws/install/sensor_msgs/include/sensor_msgs/sensor_msgs/msg/detail/fluid_pressure__rosidl_typesupport_introspection_c.h
[331.939s] -- Installing: /ros2_ws/install/sensor_msgs/include/sensor_msgs/sensor_msgs/msg/detail/joy_feedback__type_support.c
[331.939s] -- Installing: /ros2_ws/install/sensor_msgs/include/sensor_msgs/sensor_msgs/msg/detail/point_field__type_support.c
[331.939s] -- Installing: /ros2_ws/install/sensor_msgs/include/sensor_msgs/sensor_msgs/msg/detail/image__rosidl_typesupport_introspection_c.h
[331.940s] -- Installing: /ros2_ws/install/sensor_msgs/include/sensor_msgs/sensor_msgs/msg/detail/joint_state__type_support.c
[331.940s] -- Installing: /ros2_ws/install/sensor_msgs/include/sensor_msgs/sensor_msgs/msg/detail/compressed_image__rosidl_typesupport_introspection_c.h
[331.941s] -- Installing: /ros2_ws/install/sensor_msgs/include/sensor_msgs/sensor_msgs/msg/detail/range__type_support.c
[331.941s] -- Installing: /ros2_ws/install/sensor_msgs/include/sensor_msgs/sensor_msgs/msg/detail/magnetic_field__rosidl_typesupport_introspection_c.h
[331.942s] -- Installing: /ros2_ws/install/sensor_msgs/include/sensor_msgs/sensor_msgs/msg/detail/temperature__type_support.c
[331.942s] -- Installing: /ros2_ws/install/sensor_msgs/include/sensor_msgs/sensor_msgs/msg/detail/multi_echo_laser_scan__rosidl_typesupport_introspection_c.h
[331.943s] -- Installing: /ros2_ws/install/sensor_msgs/include/sensor_msgs/sensor_msgs/msg/detail/laser_scan__type_support.c
[331.943s] -- Installing: /ros2_ws/install/sensor_msgs/include/sensor_msgs/sensor_msgs/msg/detail/camera_info__type_support.c
[331.944s] -- Installing: /ros2_ws/install/sensor_msgs/include/sensor_msgs/sensor_msgs/msg/detail/fluid_pressure__type_support.c
[331.944s] -- Installing: /ros2_ws/install/sensor_msgs/include/sensor_msgs/sensor_msgs/msg/detail/point_cloud2__rosidl_typesupport_introspection_c.h
[331.945s] -- Installing: /ros2_ws/install/sensor_msgs/include/sensor_msgs/sensor_msgs/msg/detail/multi_echo_laser_scan__type_support.c
[331.945s] -- Installing: /ros2_ws/install/sensor_msgs/include/sensor_msgs/sensor_msgs/msg/detail/battery_state__rosidl_typesupport_introspection_c.h
[331.946s] -- Installing: /ros2_ws/install/sensor_msgs/include/sensor_msgs/sensor_msgs/msg/detail/imu__type_support.c
[331.946s] -- Installing: /ros2_ws/install/sensor_msgs/include/sensor_msgs/sensor_msgs/msg/detail/channel_float32__rosidl_typesupport_introspection_c.h
[331.946s] -- Installing: /ros2_ws/install/sensor_msgs/include/sensor_msgs/sensor_msgs/msg/detail/compressed_image__type_support.c
[331.947s] -- Installing: /ros2_ws/install/sensor_msgs/include/sensor_msgs/sensor_msgs/msg/detail/relative_humidity__rosidl_typesupport_introspection_c.h
[331.947s] -- Installing: /ros2_ws/install/sensor_msgs/include/sensor_msgs/sensor_msgs/msg/detail/region_of_interest__rosidl_typesupport_introspection_c.h
[331.948s] -- Installing: /ros2_ws/install/sensor_msgs/include/sensor_msgs/sensor_msgs/msg/detail/nav_sat_status__rosidl_typesupport_introspection_c.h
[331.948s] -- Installing: /ros2_ws/install/sensor_msgs/include/sensor_msgs/sensor_msgs/msg/detail/point_cloud__type_support.c
[331.949s] -- Installing: /ros2_ws/install/sensor_msgs/include/sensor_msgs/sensor_msgs/msg/detail/joy_feedback__rosidl_typesupport_introspection_c.h
[331.949s] -- Installing: /ros2_ws/install/sensor_msgs/include/sensor_msgs/sensor_msgs/msg/detail/illuminance__rosidl_typesupport_introspection_c.h
[331.950s] -- Installing: /ros2_ws/install/sensor_msgs/include/sensor_msgs/sensor_msgs/msg/detail/joy_feedback_array__rosidl_typesupport_introspection_c.h
[331.950s] -- Installing: /ros2_ws/install/sensor_msgs/include/sensor_msgs/sensor_msgs/msg/detail/image__type_support.c
[331.951s] -- Installing: /ros2_ws/install/sensor_msgs/include/sensor_msgs/sensor_msgs/msg/detail/imu__rosidl_typesupport_introspection_c.h
[331.951s] -- Installing: /ros2_ws/install/sensor_msgs/include/sensor_msgs/sensor_msgs/msg/detail/relative_humidity__type_support.c
[331.952s] -- Installing: /ros2_ws/install/sensor_msgs/include/sensor_msgs/sensor_msgs/msg/detail/laser_echo__type_support.c
[331.952s] -- Installing: /ros2_ws/install/sensor_msgs/include/sensor_msgs/sensor_msgs/msg/detail/joint_state__rosidl_typesupport_introspection_c.h
[331.952s] -- Installing: /ros2_ws/install/sensor_msgs/include/sensor_msgs/sensor_msgs/msg/detail/magnetic_field__type_support.c
[331.953s] -- Installing: /ros2_ws/install/sensor_msgs/include/sensor_msgs/sensor_msgs/msg/detail/joy__rosidl_typesupport_introspection_c.h
[331.953s] -- Installing: /ros2_ws/install/sensor_msgs/include/sensor_msgs/sensor_msgs/msg/detail/multi_dof_joint_state__rosidl_typesupport_introspection_c.h
[331.954s] -- Installing: /ros2_ws/install/sensor_msgs/include/sensor_msgs/sensor_msgs/msg/detail/region_of_interest__type_support.c
[331.954s] -- Installing: /ros2_ws/install/sensor_msgs/include/sensor_msgs/sensor_msgs/msg/rosidl_typesupport_introspection_c__visibility_control.h
[331.955s] -- Installing: /ros2_ws/install/sensor_msgs/lib/libsensor_msgs__rosidl_typesupport_introspection_c.so
[331.957s] -- Set runtime path of "/ros2_ws/install/sensor_msgs/lib/libsensor_msgs__rosidl_typesupport_introspection_c.so" to ""
[331.958s] -- Installing: /ros2_ws/install/sensor_msgs/lib/libsensor_msgs__rosidl_typesupport_c.so
[331.959s] -- Set runtime path of "/ros2_ws/install/sensor_msgs/lib/libsensor_msgs__rosidl_typesupport_c.so" to ""
[331.959s] -- Up-to-date: /ros2_ws/install/sensor_msgs/include/sensor_msgs/sensor_msgs
[331.960s] -- Up-to-date: /ros2_ws/install/sensor_msgs/include/sensor_msgs/sensor_msgs/srv
[331.960s] -- Up-to-date: /ros2_ws/install/sensor_msgs/include/sensor_msgs/sensor_msgs/srv/detail
[331.961s] -- Installing: /ros2_ws/install/sensor_msgs/include/sensor_msgs/sensor_msgs/srv/detail/set_camera_info__type_support.cpp
[331.961s] -- Installing: /ros2_ws/install/sensor_msgs/include/sensor_msgs/sensor_msgs/srv/detail/set_camera_info__rosidl_typesupport_introspection_cpp.hpp
[331.961s] -- Up-to-date: /ros2_ws/install/sensor_msgs/include/sensor_msgs/sensor_msgs/msg
[331.962s] -- Up-to-date: /ros2_ws/install/sensor_msgs/include/sensor_msgs/sensor_msgs/msg/detail
[331.962s] -- Installing: /ros2_ws/install/sensor_msgs/include/sensor_msgs/sensor_msgs/msg/detail/nav_sat_status__type_support.cpp
[331.962s] -- Installing: /ros2_ws/install/sensor_msgs/include/sensor_msgs/sensor_msgs/msg/detail/multi_dof_joint_state__type_support.cpp
[331.963s] -- Installing: /ros2_ws/install/sensor_msgs/include/sensor_msgs/sensor_msgs/msg/detail/joy__rosidl_typesupport_introspection_cpp.hpp
[331.963s] -- Installing: /ros2_ws/install/sensor_msgs/include/sensor_msgs/sensor_msgs/msg/detail/joy_feedback_array__rosidl_typesupport_introspection_cpp.hpp
[331.963s] -- Installing: /ros2_ws/install/sensor_msgs/include/sensor_msgs/sensor_msgs/msg/detail/image__rosidl_typesupport_introspection_cpp.hpp
[331.964s] -- Installing: /ros2_ws/install/sensor_msgs/include/sensor_msgs/sensor_msgs/msg/detail/joy__type_support.cpp
[331.964s] -- Installing: /ros2_ws/install/sensor_msgs/include/sensor_msgs/sensor_msgs/msg/detail/illuminance__type_support.cpp
[331.964s] -- Installing: /ros2_ws/install/sensor_msgs/include/sensor_msgs/sensor_msgs/msg/detail/camera_info__type_support.cpp
[331.965s] -- Installing: /ros2_ws/install/sensor_msgs/include/sensor_msgs/sensor_msgs/msg/detail/relative_humidity__rosidl_typesupport_introspection_cpp.hpp
[331.965s] -- Installing: /ros2_ws/install/sensor_msgs/include/sensor_msgs/sensor_msgs/msg/detail/joint_state__type_support.cpp
[331.966s] -- Installing: /ros2_ws/install/sensor_msgs/include/sensor_msgs/sensor_msgs/msg/detail/joy_feedback_array__type_support.cpp
[331.966s] -- Installing: /ros2_ws/install/sensor_msgs/include/sensor_msgs/sensor_msgs/msg/detail/magnetic_field__type_support.cpp
[331.967s] -- Installing: /ros2_ws/install/sensor_msgs/include/sensor_msgs/sensor_msgs/msg/detail/relative_humidity__type_support.cpp
[331.967s] -- Installing: /ros2_ws/install/sensor_msgs/include/sensor_msgs/sensor_msgs/msg/detail/fluid_pressure__rosidl_typesupport_introspection_cpp.hpp
[331.968s] -- Installing: /ros2_ws/install/sensor_msgs/include/sensor_msgs/sensor_msgs/msg/detail/illuminance__rosidl_typesupport_introspection_cpp.hpp
[331.968s] -- Installing: /ros2_ws/install/sensor_msgs/include/sensor_msgs/sensor_msgs/msg/detail/channel_float32__type_support.cpp
[331.969s] -- Installing: /ros2_ws/install/sensor_msgs/include/sensor_msgs/sensor_msgs/msg/detail/time_reference__type_support.cpp
[331.969s] -- Installing: /ros2_ws/install/sensor_msgs/include/sensor_msgs/sensor_msgs/msg/detail/magnetic_field__rosidl_typesupport_introspection_cpp.hpp
[331.970s] -- Installing: /ros2_ws/install/sensor_msgs/include/sensor_msgs/sensor_msgs/msg/detail/imu__rosidl_typesupport_introspection_cpp.hpp
[331.970s] -- Installing: /ros2_ws/install/sensor_msgs/include/sensor_msgs/sensor_msgs/msg/detail/laser_scan__rosidl_typesupport_introspection_cpp.hpp
[331.971s] -- Installing: /ros2_ws/install/sensor_msgs/include/sensor_msgs/sensor_msgs/msg/detail/battery_state__rosidl_typesupport_introspection_cpp.hpp
[331.971s] -- Installing: /ros2_ws/install/sensor_msgs/include/sensor_msgs/sensor_msgs/msg/detail/battery_state__type_support.cpp
[331.971s] -- Installing: /ros2_ws/install/sensor_msgs/include/sensor_msgs/sensor_msgs/msg/detail/joy_feedback__type_support.cpp
[331.972s] -- Installing: /ros2_ws/install/sensor_msgs/include/sensor_msgs/sensor_msgs/msg/detail/temperature__rosidl_typesupport_introspection_cpp.hpp
[331.972s] -- Installing: /ros2_ws/install/sensor_msgs/include/sensor_msgs/sensor_msgs/msg/detail/point_cloud2__rosidl_typesupport_introspection_cpp.hpp
[331.973s] -- Installing: /ros2_ws/install/sensor_msgs/include/sensor_msgs/sensor_msgs/msg/detail/point_cloud__rosidl_typesupport_introspection_cpp.hpp
[331.973s] -- Installing: /ros2_ws/install/sensor_msgs/include/sensor_msgs/sensor_msgs/msg/detail/point_cloud2__type_support.cpp
[331.974s] -- Installing: /ros2_ws/install/sensor_msgs/include/sensor_msgs/sensor_msgs/msg/detail/laser_echo__type_support.cpp
[331.974s] -- Installing: /ros2_ws/install/sensor_msgs/include/sensor_msgs/sensor_msgs/msg/detail/point_field__rosidl_typesupport_introspection_cpp.hpp
[331.975s] -- Installing: /ros2_ws/install/sensor_msgs/include/sensor_msgs/sensor_msgs/msg/detail/nav_sat_status__rosidl_typesupport_introspection_cpp.hpp
[331.975s] -- Installing: /ros2_ws/install/sensor_msgs/include/sensor_msgs/sensor_msgs/msg/detail/compressed_image__type_support.cpp
[331.976s] -- Installing: /ros2_ws/install/sensor_msgs/include/sensor_msgs/sensor_msgs/msg/detail/temperature__type_support.cpp
[331.976s] -- Installing: /ros2_ws/install/sensor_msgs/include/sensor_msgs/sensor_msgs/msg/detail/point_field__type_support.cpp
[331.977s] -- Installing: /ros2_ws/install/sensor_msgs/include/sensor_msgs/sensor_msgs/msg/detail/camera_info__rosidl_typesupport_introspection_cpp.hpp
[331.977s] -- Installing: /ros2_ws/install/sensor_msgs/include/sensor_msgs/sensor_msgs/msg/detail/channel_float32__rosidl_typesupport_introspection_cpp.hpp
[331.977s] -- Installing: /ros2_ws/install/sensor_msgs/include/sensor_msgs/sensor_msgs/msg/detail/range__type_support.cpp
[331.978s] -- Installing: /ros2_ws/install/sensor_msgs/include/sensor_msgs/sensor_msgs/msg/detail/region_of_interest__type_support.cpp
[331.979s] -- Installing: /ros2_ws/install/sensor_msgs/include/sensor_msgs/sensor_msgs/msg/detail/compressed_image__rosidl_typesupport_introspection_cpp.hpp
[331.979s] -- Installing: /ros2_ws/install/sensor_msgs/include/sensor_msgs/sensor_msgs/msg/detail/laser_scan__type_support.cpp
[331.980s] -- Installing: /ros2_ws/install/sensor_msgs/include/sensor_msgs/sensor_msgs/msg/detail/fluid_pressure__type_support.cpp
[331.980s] -- Installing: /ros2_ws/install/sensor_msgs/include/sensor_msgs/sensor_msgs/msg/detail/range__rosidl_typesupport_introspection_cpp.hpp
[331.980s] -- Installing: /ros2_ws/install/sensor_msgs/include/sensor_msgs/sensor_msgs/msg/detail/image__type_support.cpp
[331.981s] -- Installing: /ros2_ws/install/sensor_msgs/include/sensor_msgs/sensor_msgs/msg/detail/region_of_interest__rosidl_typesupport_introspection_cpp.hpp
[331.981s] -- Installing: /ros2_ws/install/sensor_msgs/include/sensor_msgs/sensor_msgs/msg/detail/nav_sat_fix__rosidl_typesupport_introspection_cpp.hpp
[331.982s] -- Installing: /ros2_ws/install/sensor_msgs/include/sensor_msgs/sensor_msgs/msg/detail/laser_echo__rosidl_typesupport_introspection_cpp.hpp
[331.982s] -- Installing: /ros2_ws/install/sensor_msgs/include/sensor_msgs/sensor_msgs/msg/detail/multi_echo_laser_scan__type_support.cpp
[331.983s] -- Installing: /ros2_ws/install/sensor_msgs/include/sensor_msgs/sensor_msgs/msg/detail/point_cloud__type_support.cpp
[331.983s] -- Installing: /ros2_ws/install/sensor_msgs/include/sensor_msgs/sensor_msgs/msg/detail/multi_echo_laser_scan__rosidl_typesupport_introspection_cpp.hpp
[331.984s] -- Installing: /ros2_ws/install/sensor_msgs/include/sensor_msgs/sensor_msgs/msg/detail/imu__type_support.cpp
[331.984s] -- Installing: /ros2_ws/install/sensor_msgs/include/sensor_msgs/sensor_msgs/msg/detail/time_reference__rosidl_typesupport_introspection_cpp.hpp
[331.985s] -- Installing: /ros2_ws/install/sensor_msgs/include/sensor_msgs/sensor_msgs/msg/detail/joint_state__rosidl_typesupport_introspection_cpp.hpp
[331.985s] -- Installing: /ros2_ws/install/sensor_msgs/include/sensor_msgs/sensor_msgs/msg/detail/joy_feedback__rosidl_typesupport_introspection_cpp.hpp
[331.986s] -- Installing: /ros2_ws/install/sensor_msgs/include/sensor_msgs/sensor_msgs/msg/detail/multi_dof_joint_state__rosidl_typesupport_introspection_cpp.hpp
[331.986s] -- Installing: /ros2_ws/install/sensor_msgs/include/sensor_msgs/sensor_msgs/msg/detail/nav_sat_fix__type_support.cpp
[331.987s] -- Installing: /ros2_ws/install/sensor_msgs/lib/libsensor_msgs__rosidl_typesupport_introspection_cpp.so
[331.991s] -- Set runtime path of "/ros2_ws/install/sensor_msgs/lib/libsensor_msgs__rosidl_typesupport_introspection_cpp.so" to ""
[331.991s] -- Installing: /ros2_ws/install/sensor_msgs/lib/libsensor_msgs__rosidl_typesupport_cpp.so
[331.992s] -- Set runtime path of "/ros2_ws/install/sensor_msgs/lib/libsensor_msgs__rosidl_typesupport_cpp.so" to ""
[331.993s] -- Installing: /ros2_ws/install/sensor_msgs/share/sensor_msgs/environment/pythonpath.sh
[331.993s] -- Installing: /ros2_ws/install/sensor_msgs/share/sensor_msgs/environment/pythonpath.dsv
[331.994s] -- Installing: /ros2_ws/install/sensor_msgs/local/lib/python3.10/dist-packages/sensor_msgs-2.0.5-py3.10.egg-info
[331.994s] -- Installing: /ros2_ws/install/sensor_msgs/local/lib/python3.10/dist-packages/sensor_msgs-2.0.5-py3.10.egg-info/SOURCES.txt
[331.995s] -- Installing: /ros2_ws/install/sensor_msgs/local/lib/python3.10/dist-packages/sensor_msgs-2.0.5-py3.10.egg-info/dependency_links.txt
[331.995s] -- Installing: /ros2_ws/install/sensor_msgs/local/lib/python3.10/dist-packages/sensor_msgs-2.0.5-py3.10.egg-info/top_level.txt
[331.995s] -- Installing: /ros2_ws/install/sensor_msgs/local/lib/python3.10/dist-packages/sensor_msgs-2.0.5-py3.10.egg-info/PKG-INFO
[331.996s] -- Installing: /ros2_ws/install/sensor_msgs/local/lib/python3.10/dist-packages/sensor_msgs
[331.996s] -- Installing: /ros2_ws/install/sensor_msgs/local/lib/python3.10/dist-packages/sensor_msgs/_sensor_msgs_s.ep.rosidl_typesupport_introspection_c.c
[331.997s] -- Installing: /ros2_ws/install/sensor_msgs/local/lib/python3.10/dist-packages/sensor_msgs/_sensor_msgs_s.ep.rosidl_typesupport_fastrtps_c.c
[331.998s] -- Installing: /ros2_ws/install/sensor_msgs/local/lib/python3.10/dist-packages/sensor_msgs/srv
[331.999s] -- Installing: /ros2_ws/install/sensor_msgs/local/lib/python3.10/dist-packages/sensor_msgs/srv/__init__.py
[331.999s] -- Installing: /ros2_ws/install/sensor_msgs/local/lib/python3.10/dist-packages/sensor_msgs/srv/_set_camera_info_s.c
[332.000s] -- Installing: /ros2_ws/install/sensor_msgs/local/lib/python3.10/dist-packages/sensor_msgs/srv/_set_camera_info.py
[332.000s] -- Installing: /ros2_ws/install/sensor_msgs/local/lib/python3.10/dist-packages/sensor_msgs/sensor_msgs_s__rosidl_typesupport_fastrtps_c.cpython-310-aarch64-linux-gnu.so
[332.001s] -- Installing: /ros2_ws/install/sensor_msgs/local/lib/python3.10/dist-packages/sensor_msgs/__init__.py
[332.001s] -- Installing: /ros2_ws/install/sensor_msgs/local/lib/python3.10/dist-packages/sensor_msgs/libsensor_msgs__rosidl_generator_py.so
[332.003s] -- Installing: /ros2_ws/install/sensor_msgs/local/lib/python3.10/dist-packages/sensor_msgs/sensor_msgs_s__rosidl_typesupport_c.cpython-310-aarch64-linux-gnu.so
[332.003s] -- Installing: /ros2_ws/install/sensor_msgs/local/lib/python3.10/dist-packages/sensor_msgs/msg
[332.004s] -- Installing: /ros2_ws/install/sensor_msgs/local/lib/python3.10/dist-packages/sensor_msgs/msg/_relative_humidity.py
[332.004s] -- Installing: /ros2_ws/install/sensor_msgs/local/lib/python3.10/dist-packages/sensor_msgs/msg/_compressed_image.py
[332.005s] -- Installing: /ros2_ws/install/sensor_msgs/local/lib/python3.10/dist-packages/sensor_msgs/msg/__init__.py
[332.005s] -- Installing: /ros2_ws/install/sensor_msgs/local/lib/python3.10/dist-packages/sensor_msgs/msg/_range_s.c
[332.005s] -- Installing: /ros2_ws/install/sensor_msgs/local/lib/python3.10/dist-packages/sensor_msgs/msg/_joy_s.c
[332.006s] -- Installing: /ros2_ws/install/sensor_msgs/local/lib/python3.10/dist-packages/sensor_msgs/msg/_multi_dof_joint_state.py
[332.006s] -- Installing: /ros2_ws/install/sensor_msgs/local/lib/python3.10/dist-packages/sensor_msgs/msg/_joint_state.py
[332.007s] -- Installing: /ros2_ws/install/sensor_msgs/local/lib/python3.10/dist-packages/sensor_msgs/msg/_laser_scan_s.c
[332.007s] -- Installing: /ros2_ws/install/sensor_msgs/local/lib/python3.10/dist-packages/sensor_msgs/msg/_multi_echo_laser_scan.py
[332.008s] -- Installing: /ros2_ws/install/sensor_msgs/local/lib/python3.10/dist-packages/sensor_msgs/msg/_fluid_pressure.py
[332.008s] -- Installing: /ros2_ws/install/sensor_msgs/local/lib/python3.10/dist-packages/sensor_msgs/msg/_point_field_s.c
[332.008s] -- Installing: /ros2_ws/install/sensor_msgs/local/lib/python3.10/dist-packages/sensor_msgs/msg/_point_cloud.py
[332.009s] -- Installing: /ros2_ws/install/sensor_msgs/local/lib/python3.10/dist-packages/sensor_msgs/msg/_battery_state_s.c
[332.009s] -- Installing: /ros2_ws/install/sensor_msgs/local/lib/python3.10/dist-packages/sensor_msgs/msg/_temperature.py
[332.010s] -- Installing: /ros2_ws/install/sensor_msgs/local/lib/python3.10/dist-packages/sensor_msgs/msg/_camera_info.py
[332.010s] -- Installing: /ros2_ws/install/sensor_msgs/local/lib/python3.10/dist-packages/sensor_msgs/msg/_nav_sat_fix_s.c
[332.011s] -- Installing: /ros2_ws/install/sensor_msgs/local/lib/python3.10/dist-packages/sensor_msgs/msg/_fluid_pressure_s.c
[332.011s] -- Installing: /ros2_ws/install/sensor_msgs/local/lib/python3.10/dist-packages/sensor_msgs/msg/_compressed_image_s.c
[332.012s] -- Installing: /ros2_ws/install/sensor_msgs/local/lib/python3.10/dist-packages/sensor_msgs/msg/_joint_state_s.c
[332.012s] -- Installing: /ros2_ws/install/sensor_msgs/local/lib/python3.10/dist-packages/sensor_msgs/msg/_range.py
[332.012s] -- Installing: /ros2_ws/install/sensor_msgs/local/lib/python3.10/dist-packages/sensor_msgs/msg/_time_reference.py
[332.013s] -- Installing: /ros2_ws/install/sensor_msgs/local/lib/python3.10/dist-packages/sensor_msgs/msg/_magnetic_field_s.c
[332.013s] -- Installing: /ros2_ws/install/sensor_msgs/local/lib/python3.10/dist-packages/sensor_msgs/msg/_nav_sat_status_s.c
[332.014s] -- Installing: /ros2_ws/install/sensor_msgs/local/lib/python3.10/dist-packages/sensor_msgs/msg/_battery_state.py
[332.014s] -- Installing: /ros2_ws/install/sensor_msgs/local/lib/python3.10/dist-packages/sensor_msgs/msg/_illuminance.py
[332.015s] -- Installing: /ros2_ws/install/sensor_msgs/local/lib/python3.10/dist-packages/sensor_msgs/msg/_laser_echo_s.c
[332.015s] -- Installing: /ros2_ws/install/sensor_msgs/local/lib/python3.10/dist-packages/sensor_msgs/msg/_multi_echo_laser_scan_s.c
[332.015s] -- Installing: /ros2_ws/install/sensor_msgs/local/lib/python3.10/dist-packages/sensor_msgs/msg/_relative_humidity_s.c
[332.016s] -- Installing: /ros2_ws/install/sensor_msgs/local/lib/python3.10/dist-packages/sensor_msgs/msg/_imu_s.c
[332.016s] -- Installing: /ros2_ws/install/sensor_msgs/local/lib/python3.10/dist-packages/sensor_msgs/msg/_illuminance_s.c
[332.017s] -- Installing: /ros2_ws/install/sensor_msgs/local/lib/python3.10/dist-packages/sensor_msgs/msg/_laser_scan.py
[332.017s] -- Installing: /ros2_ws/install/sensor_msgs/local/lib/python3.10/dist-packages/sensor_msgs/msg/_point_cloud2_s.c
[332.018s] -- Installing: /ros2_ws/install/sensor_msgs/local/lib/python3.10/dist-packages/sensor_msgs/msg/_joy_feedback_s.c
[332.018s] -- Installing: /ros2_ws/install/sensor_msgs/local/lib/python3.10/dist-packages/sensor_msgs/msg/_point_cloud_s.c
[332.018s] -- Installing: /ros2_ws/install/sensor_msgs/local/lib/python3.10/dist-packages/sensor_msgs/msg/_nav_sat_fix.py
[332.019s] -- Installing: /ros2_ws/install/sensor_msgs/local/lib/python3.10/dist-packages/sensor_msgs/msg/_laser_echo.py
[332.019s] -- Installing: /ros2_ws/install/sensor_msgs/local/lib/python3.10/dist-packages/sensor_msgs/msg/_point_field.py
[332.020s] -- Installing: /ros2_ws/install/sensor_msgs/local/lib/python3.10/dist-packages/sensor_msgs/msg/_joy.py
[332.020s] -- Installing: /ros2_ws/install/sensor_msgs/local/lib/python3.10/dist-packages/sensor_msgs/msg/_imu.py
[332.020s] -- Installing: /ros2_ws/install/sensor_msgs/local/lib/python3.10/dist-packages/sensor_msgs/msg/_joy_feedback_array_s.c
[332.021s] -- Installing: /ros2_ws/install/sensor_msgs/local/lib/python3.10/dist-packages/sensor_msgs/msg/_time_reference_s.c
[332.021s] -- Installing: /ros2_ws/install/sensor_msgs/local/lib/python3.10/dist-packages/sensor_msgs/msg/_image_s.c
[332.022s] -- Installing: /ros2_ws/install/sensor_msgs/local/lib/python3.10/dist-packages/sensor_msgs/msg/_channel_float32.py
[332.022s] -- Installing: /ros2_ws/install/sensor_msgs/local/lib/python3.10/dist-packages/sensor_msgs/msg/_joy_feedback_array.py
[332.023s] -- Installing: /ros2_ws/install/sensor_msgs/local/lib/python3.10/dist-packages/sensor_msgs/msg/_channel_float32_s.c
[332.023s] -- Installing: /ros2_ws/install/sensor_msgs/local/lib/python3.10/dist-packages/sensor_msgs/msg/_magnetic_field.py
[332.024s] -- Installing: /ros2_ws/install/sensor_msgs/local/lib/python3.10/dist-packages/sensor_msgs/msg/_nav_sat_status.py
[332.024s] -- Installing: /ros2_ws/install/sensor_msgs/local/lib/python3.10/dist-packages/sensor_msgs/msg/_camera_info_s.c
[332.024s] -- Installing: /ros2_ws/install/sensor_msgs/local/lib/python3.10/dist-packages/sensor_msgs/msg/_region_of_interest_s.c
[332.025s] -- Installing: /ros2_ws/install/sensor_msgs/local/lib/python3.10/dist-packages/sensor_msgs/msg/_joy_feedback.py
[332.025s] -- Installing: /ros2_ws/install/sensor_msgs/local/lib/python3.10/dist-packages/sensor_msgs/msg/_region_of_interest.py
[332.026s] -- Installing: /ros2_ws/install/sensor_msgs/local/lib/python3.10/dist-packages/sensor_msgs/msg/_point_cloud2.py
[332.026s] -- Installing: /ros2_ws/install/sensor_msgs/local/lib/python3.10/dist-packages/sensor_msgs/msg/_temperature_s.c
[332.027s] -- Installing: /ros2_ws/install/sensor_msgs/local/lib/python3.10/dist-packages/sensor_msgs/msg/_multi_dof_joint_state_s.c
[332.027s] -- Installing: /ros2_ws/install/sensor_msgs/local/lib/python3.10/dist-packages/sensor_msgs/msg/_image.py
[332.027s] -- Installing: /ros2_ws/install/sensor_msgs/local/lib/python3.10/dist-packages/sensor_msgs/sensor_msgs_s__rosidl_typesupport_introspection_c.cpython-310-aarch64-linux-gnu.so
[332.028s] -- Installing: /ros2_ws/install/sensor_msgs/local/lib/python3.10/dist-packages/sensor_msgs/_sensor_msgs_s.ep.rosidl_typesupport_c.c
[332.303s] Listing '/ros2_ws/install/sensor_msgs/local/lib/python3.10/dist-packages/sensor_msgs'...
[332.303s] Compiling '/ros2_ws/install/sensor_msgs/local/lib/python3.10/dist-packages/sensor_msgs/__init__.py'...
[332.304s] Listing '/ros2_ws/install/sensor_msgs/local/lib/python3.10/dist-packages/sensor_msgs/msg'...
[332.304s] Compiling '/ros2_ws/install/sensor_msgs/local/lib/python3.10/dist-packages/sensor_msgs/msg/__init__.py'...
[332.304s] Compiling '/ros2_ws/install/sensor_msgs/local/lib/python3.10/dist-packages/sensor_msgs/msg/_battery_state.py'...
[332.305s] Compiling '/ros2_ws/install/sensor_msgs/local/lib/python3.10/dist-packages/sensor_msgs/msg/_camera_info.py'...
[332.305s] Compiling '/ros2_ws/install/sensor_msgs/local/lib/python3.10/dist-packages/sensor_msgs/msg/_channel_float32.py'...
[332.306s] Compiling '/ros2_ws/install/sensor_msgs/local/lib/python3.10/dist-packages/sensor_msgs/msg/_compressed_image.py'...
[332.306s] Compiling '/ros2_ws/install/sensor_msgs/local/lib/python3.10/dist-packages/sensor_msgs/msg/_fluid_pressure.py'...
[332.306s] Compiling '/ros2_ws/install/sensor_msgs/local/lib/python3.10/dist-packages/sensor_msgs/msg/_illuminance.py'...
[332.307s] Compiling '/ros2_ws/install/sensor_msgs/local/lib/python3.10/dist-packages/sensor_msgs/msg/_image.py'...
[332.307s] Compiling '/ros2_ws/install/sensor_msgs/local/lib/python3.10/dist-packages/sensor_msgs/msg/_imu.py'...
[332.308s] Compiling '/ros2_ws/install/sensor_msgs/local/lib/python3.10/dist-packages/sensor_msgs/msg/_joint_state.py'...
[332.308s] Compiling '/ros2_ws/install/sensor_msgs/local/lib/python3.10/dist-packages/sensor_msgs/msg/_joy.py'...
[332.308s] Compiling '/ros2_ws/install/sensor_msgs/local/lib/python3.10/dist-packages/sensor_msgs/msg/_joy_feedback.py'...
[332.309s] Compiling '/ros2_ws/install/sensor_msgs/local/lib/python3.10/dist-packages/sensor_msgs/msg/_joy_feedback_array.py'...
[332.309s] Compiling '/ros2_ws/install/sensor_msgs/local/lib/python3.10/dist-packages/sensor_msgs/msg/_laser_echo.py'...
[332.310s] Compiling '/ros2_ws/install/sensor_msgs/local/lib/python3.10/dist-packages/sensor_msgs/msg/_laser_scan.py'...
[332.310s] Compiling '/ros2_ws/install/sensor_msgs/local/lib/python3.10/dist-packages/sensor_msgs/msg/_magnetic_field.py'...
[332.310s] Compiling '/ros2_ws/install/sensor_msgs/local/lib/python3.10/dist-packages/sensor_msgs/msg/_multi_dof_joint_state.py'...
[332.311s] Compiling '/ros2_ws/install/sensor_msgs/local/lib/python3.10/dist-packages/sensor_msgs/msg/_multi_echo_laser_scan.py'...
[332.311s] Compiling '/ros2_ws/install/sensor_msgs/local/lib/python3.10/dist-packages/sensor_msgs/msg/_nav_sat_fix.py'...
[332.311s] Compiling '/ros2_ws/install/sensor_msgs/local/lib/python3.10/dist-packages/sensor_msgs/msg/_nav_sat_status.py'...
[332.312s] Compiling '/ros2_ws/install/sensor_msgs/local/lib/python3.10/dist-packages/sensor_msgs/msg/_point_cloud.py'...
[332.312s] Compiling '/ros2_ws/install/sensor_msgs/local/lib/python3.10/dist-packages/sensor_msgs/msg/_point_cloud2.py'...
[332.312s] Compiling '/ros2_ws/install/sensor_msgs/local/lib/python3.10/dist-packages/sensor_msgs/msg/_point_field.py'...
[332.313s] Compiling '/ros2_ws/install/sensor_msgs/local/lib/python3.10/dist-packages/sensor_msgs/msg/_range.py'...
[332.313s] Compiling '/ros2_ws/install/sensor_msgs/local/lib/python3.10/dist-packages/sensor_msgs/msg/_region_of_interest.py'...
[332.314s] Compiling '/ros2_ws/install/sensor_msgs/local/lib/python3.10/dist-packages/sensor_msgs/msg/_relative_humidity.py'...
[332.314s] Compiling '/ros2_ws/install/sensor_msgs/local/lib/python3.10/dist-packages/sensor_msgs/msg/_temperature.py'...
[332.314s] Compiling '/ros2_ws/install/sensor_msgs/local/lib/python3.10/dist-packages/sensor_msgs/msg/_time_reference.py'...
[332.315s] Listing '/ros2_ws/install/sensor_msgs/local/lib/python3.10/dist-packages/sensor_msgs/srv'...
[332.315s] Compiling '/ros2_ws/install/sensor_msgs/local/lib/python3.10/dist-packages/sensor_msgs/srv/__init__.py'...
[332.315s] Compiling '/ros2_ws/install/sensor_msgs/local/lib/python3.10/dist-packages/sensor_msgs/srv/_set_camera_info.py'...
[332.327s] -- Installing: /ros2_ws/install/sensor_msgs/local/lib/python3.10/dist-packages/sensor_msgs/sensor_msgs_s__rosidl_typesupport_fastrtps_c.cpython-310-aarch64-linux-gnu.so
[332.329s] -- Set runtime path of "/ros2_ws/install/sensor_msgs/local/lib/python3.10/dist-packages/sensor_msgs/sensor_msgs_s__rosidl_typesupport_fastrtps_c.cpython-310-aarch64-linux-gnu.so" to ""
[332.330s] -- Installing: /ros2_ws/install/sensor_msgs/local/lib/python3.10/dist-packages/sensor_msgs/sensor_msgs_s__rosidl_typesupport_introspection_c.cpython-310-aarch64-linux-gnu.so
[332.331s] -- Set runtime path of "/ros2_ws/install/sensor_msgs/local/lib/python3.10/dist-packages/sensor_msgs/sensor_msgs_s__rosidl_typesupport_introspection_c.cpython-310-aarch64-linux-gnu.so" to ""
[332.332s] -- Installing: /ros2_ws/install/sensor_msgs/local/lib/python3.10/dist-packages/sensor_msgs/sensor_msgs_s__rosidl_typesupport_c.cpython-310-aarch64-linux-gnu.so
[332.334s] -- Set runtime path of "/ros2_ws/install/sensor_msgs/local/lib/python3.10/dist-packages/sensor_msgs/sensor_msgs_s__rosidl_typesupport_c.cpython-310-aarch64-linux-gnu.so" to ""
[332.334s] -- Installing: /ros2_ws/install/sensor_msgs/lib/libsensor_msgs__rosidl_generator_py.so
[332.336s] -- Set runtime path of "/ros2_ws/install/sensor_msgs/lib/libsensor_msgs__rosidl_generator_py.so" to ""
[332.337s] -- Installing: /ros2_ws/install/sensor_msgs/share/ament_index/resource_index/rust_packages/sensor_msgs
[332.337s] -- Installing: /ros2_ws/install/sensor_msgs/share/sensor_msgs/rust
[332.338s] -- Installing: /ros2_ws/install/sensor_msgs/share/sensor_msgs/rust/src
[332.338s] -- Installing: /ros2_ws/install/sensor_msgs/share/sensor_msgs/rust/src/srv
[332.338s] -- Installing: /ros2_ws/install/sensor_msgs/share/sensor_msgs/rust/src/srv/rmw.rs
[332.339s] -- Installing: /ros2_ws/install/sensor_msgs/share/sensor_msgs/rust/src/srv.rs
[332.339s] -- Installing: /ros2_ws/install/sensor_msgs/share/sensor_msgs/rust/src/msg
[332.339s] -- Installing: /ros2_ws/install/sensor_msgs/share/sensor_msgs/rust/src/msg/rmw.rs
[332.340s] -- Installing: /ros2_ws/install/sensor_msgs/share/sensor_msgs/rust/src/msg.rs
[332.340s] -- Installing: /ros2_ws/install/sensor_msgs/share/sensor_msgs/rust/src/lib.rs
[332.341s] -- Installing: /ros2_ws/install/sensor_msgs/share/sensor_msgs/rust/Cargo.toml
[332.341s] -- Installing: /ros2_ws/install/sensor_msgs/share/sensor_msgs/rust/build.rs
[332.342s] -- Installing: /ros2_ws/install/sensor_msgs/share/sensor_msgs/msg/BatteryState.idl
[332.342s] -- Installing: /ros2_ws/install/sensor_msgs/share/sensor_msgs/msg/CameraInfo.idl
[332.343s] -- Installing: /ros2_ws/install/sensor_msgs/share/sensor_msgs/msg/ChannelFloat32.idl
[332.343s] -- Installing: /ros2_ws/install/sensor_msgs/share/sensor_msgs/msg/CompressedImage.idl
[332.344s] -- Installing: /ros2_ws/install/sensor_msgs/share/sensor_msgs/msg/FluidPressure.idl
[332.344s] -- Installing: /ros2_ws/install/sensor_msgs/share/sensor_msgs/msg/Illuminance.idl
[332.345s] -- Installing: /ros2_ws/install/sensor_msgs/share/sensor_msgs/msg/Image.idl
[332.346s] -- Installing: /ros2_ws/install/sensor_msgs/share/sensor_msgs/msg/Imu.idl
[332.346s] -- Installing: /ros2_ws/install/sensor_msgs/share/sensor_msgs/msg/JointState.idl
[332.347s] -- Installing: /ros2_ws/install/sensor_msgs/share/sensor_msgs/msg/Joy.idl
[332.347s] -- Installing: /ros2_ws/install/sensor_msgs/share/sensor_msgs/msg/JoyFeedback.idl
[332.348s] -- Installing: /ros2_ws/install/sensor_msgs/share/sensor_msgs/msg/JoyFeedbackArray.idl
[332.348s] -- Installing: /ros2_ws/install/sensor_msgs/share/sensor_msgs/msg/LaserEcho.idl
[332.349s] -- Installing: /ros2_ws/install/sensor_msgs/share/sensor_msgs/msg/LaserScan.idl
[332.349s] -- Installing: /ros2_ws/install/sensor_msgs/share/sensor_msgs/msg/MagneticField.idl
[332.350s] -- Installing: /ros2_ws/install/sensor_msgs/share/sensor_msgs/msg/MultiDOFJointState.idl
[332.350s] -- Installing: /ros2_ws/install/sensor_msgs/share/sensor_msgs/msg/MultiEchoLaserScan.idl
[332.351s] -- Installing: /ros2_ws/install/sensor_msgs/share/sensor_msgs/msg/NavSatFix.idl
[332.351s] -- Installing: /ros2_ws/install/sensor_msgs/share/sensor_msgs/msg/NavSatStatus.idl
[332.352s] -- Installing: /ros2_ws/install/sensor_msgs/share/sensor_msgs/msg/PointCloud.idl
[332.353s] -- Installing: /ros2_ws/install/sensor_msgs/share/sensor_msgs/msg/PointCloud2.idl
[332.353s] -- Installing: /ros2_ws/install/sensor_msgs/share/sensor_msgs/msg/PointField.idl
[332.354s] -- Installing: /ros2_ws/install/sensor_msgs/share/sensor_msgs/msg/Range.idl
[332.354s] -- Installing: /ros2_ws/install/sensor_msgs/share/sensor_msgs/msg/RegionOfInterest.idl
[332.355s] -- Installing: /ros2_ws/install/sensor_msgs/share/sensor_msgs/msg/RelativeHumidity.idl
[332.355s] -- Installing: /ros2_ws/install/sensor_msgs/share/sensor_msgs/msg/Temperature.idl
[332.356s] -- Installing: /ros2_ws/install/sensor_msgs/share/sensor_msgs/msg/TimeReference.idl
[332.356s] -- Installing: /ros2_ws/install/sensor_msgs/share/sensor_msgs/srv/SetCameraInfo.idl
[332.357s] -- Installing: /ros2_ws/install/sensor_msgs/share/sensor_msgs/msg/BatteryState.msg
[332.358s] -- Installing: /ros2_ws/install/sensor_msgs/share/sensor_msgs/msg/CameraInfo.msg
[332.358s] -- Installing: /ros2_ws/install/sensor_msgs/share/sensor_msgs/msg/ChannelFloat32.msg
[332.359s] -- Installing: /ros2_ws/install/sensor_msgs/share/sensor_msgs/msg/CompressedImage.msg
[332.359s] -- Installing: /ros2_ws/install/sensor_msgs/share/sensor_msgs/msg/FluidPressure.msg
[332.360s] -- Installing: /ros2_ws/install/sensor_msgs/share/sensor_msgs/msg/Illuminance.msg
[332.360s] -- Installing: /ros2_ws/install/sensor_msgs/share/sensor_msgs/msg/Image.msg
[332.361s] -- Installing: /ros2_ws/install/sensor_msgs/share/sensor_msgs/msg/Imu.msg
[332.361s] -- Installing: /ros2_ws/install/sensor_msgs/share/sensor_msgs/msg/JointState.msg
[332.362s] -- Installing: /ros2_ws/install/sensor_msgs/share/sensor_msgs/msg/Joy.msg
[332.362s] -- Installing: /ros2_ws/install/sensor_msgs/share/sensor_msgs/msg/JoyFeedback.msg
[332.363s] -- Installing: /ros2_ws/install/sensor_msgs/share/sensor_msgs/msg/JoyFeedbackArray.msg
[332.363s] -- Installing: /ros2_ws/install/sensor_msgs/share/sensor_msgs/msg/LaserEcho.msg
[332.364s] -- Installing: /ros2_ws/install/sensor_msgs/share/sensor_msgs/msg/LaserScan.msg
[332.364s] -- Installing: /ros2_ws/install/sensor_msgs/share/sensor_msgs/msg/MagneticField.msg
[332.365s] -- Installing: /ros2_ws/install/sensor_msgs/share/sensor_msgs/msg/MultiDOFJointState.msg
[332.366s] -- Installing: /ros2_ws/install/sensor_msgs/share/sensor_msgs/msg/MultiEchoLaserScan.msg
[332.366s] -- Installing: /ros2_ws/install/sensor_msgs/share/sensor_msgs/msg/NavSatFix.msg
[332.367s] -- Installing: /ros2_ws/install/sensor_msgs/share/sensor_msgs/msg/NavSatStatus.msg
[332.367s] -- Installing: /ros2_ws/install/sensor_msgs/share/sensor_msgs/msg/PointCloud.msg
[332.368s] -- Installing: /ros2_ws/install/sensor_msgs/share/sensor_msgs/msg/PointCloud2.msg
[332.368s] -- Installing: /ros2_ws/install/sensor_msgs/share/sensor_msgs/msg/PointField.msg
[332.369s] -- Installing: /ros2_ws/install/sensor_msgs/share/sensor_msgs/msg/Range.msg
[332.369s] -- Installing: /ros2_ws/install/sensor_msgs/share/sensor_msgs/msg/RegionOfInterest.msg
[332.370s] -- Installing: /ros2_ws/install/sensor_msgs/share/sensor_msgs/msg/RelativeHumidity.msg
[332.370s] -- Installing: /ros2_ws/install/sensor_msgs/share/sensor_msgs/msg/Temperature.msg
[332.371s] -- Installing: /ros2_ws/install/sensor_msgs/share/sensor_msgs/msg/TimeReference.msg
[332.371s] -- Installing: /ros2_ws/install/sensor_msgs/share/sensor_msgs/srv/SetCameraInfo.srv
[332.372s] -- Installing: /ros2_ws/install/sensor_msgs/share/sensor_msgs/srv/SetCameraInfo_Request.msg
[332.372s] -- Installing: /ros2_ws/install/sensor_msgs/share/sensor_msgs/srv/SetCameraInfo_Response.msg
[332.373s] -- Up-to-date: /ros2_ws/install/sensor_msgs/include/sensor_msgs
[332.373s] -- Installing: /ros2_ws/install/sensor_msgs/include/sensor_msgs/point_cloud_conversion.hpp
[332.374s] -- Installing: /ros2_ws/install/sensor_msgs/include/sensor_msgs/distortion_models.hpp
[332.374s] -- Installing: /ros2_ws/install/sensor_msgs/include/sensor_msgs/fill_image.hpp
[332.375s] -- Installing: /ros2_ws/install/sensor_msgs/include/sensor_msgs/point_field_conversion.hpp
[332.375s] -- Installing: /ros2_ws/install/sensor_msgs/include/sensor_msgs/impl
[332.375s] -- Installing: /ros2_ws/install/sensor_msgs/include/sensor_msgs/impl/point_cloud2_iterator.hpp
[332.376s] -- Installing: /ros2_ws/install/sensor_msgs/include/sensor_msgs/image_encodings.hpp
[332.376s] -- Installing: /ros2_ws/install/sensor_msgs/include/sensor_msgs/point_cloud2_iterator.hpp
[332.377s] -- Installing: /ros2_ws/install/sensor_msgs/share/ament_index/resource_index/package_run_dependencies/sensor_msgs
[332.377s] -- Installing: /ros2_ws/install/sensor_msgs/share/ament_index/resource_index/parent_prefix_path/sensor_msgs
[332.378s] -- Installing: /ros2_ws/install/sensor_msgs/share/sensor_msgs/environment/ament_prefix_path.sh
[332.379s] -- Installing: /ros2_ws/install/sensor_msgs/share/sensor_msgs/environment/ament_prefix_path.dsv
[332.379s] -- Installing: /ros2_ws/install/sensor_msgs/share/sensor_msgs/environment/path.sh
[332.380s] -- Installing: /ros2_ws/install/sensor_msgs/share/sensor_msgs/environment/path.dsv
[332.380s] -- Installing: /ros2_ws/install/sensor_msgs/share/sensor_msgs/local_setup.bash
[332.381s] -- Installing: /ros2_ws/install/sensor_msgs/share/sensor_msgs/local_setup.sh
[332.382s] -- Installing: /ros2_ws/install/sensor_msgs/share/sensor_msgs/local_setup.zsh
[332.382s] -- Installing: /ros2_ws/install/sensor_msgs/share/sensor_msgs/local_setup.dsv
[332.383s] -- Installing: /ros2_ws/install/sensor_msgs/share/sensor_msgs/package.dsv
[332.383s] -- Installing: /ros2_ws/install/sensor_msgs/share/ament_index/resource_index/packages/sensor_msgs
[332.384s] -- Installing: /ros2_ws/install/sensor_msgs/share/sensor_msgs/cmake/export_sensor_msgs__rosidl_generator_cExport.cmake
[332.385s] -- Installing: /ros2_ws/install/sensor_msgs/share/sensor_msgs/cmake/export_sensor_msgs__rosidl_generator_cExport-noconfig.cmake
[332.386s] -- Installing: /ros2_ws/install/sensor_msgs/share/sensor_msgs/cmake/export_sensor_msgs__rosidl_typesupport_fastrtps_cExport.cmake
[332.386s] -- Installing: /ros2_ws/install/sensor_msgs/share/sensor_msgs/cmake/export_sensor_msgs__rosidl_typesupport_fastrtps_cExport-noconfig.cmake
[332.387s] -- Installing: /ros2_ws/install/sensor_msgs/share/sensor_msgs/cmake/export_sensor_msgs__rosidl_generator_cppExport.cmake
[332.388s] -- Installing: /ros2_ws/install/sensor_msgs/share/sensor_msgs/cmake/export_sensor_msgs__rosidl_typesupport_fastrtps_cppExport.cmake
[332.388s] -- Installing: /ros2_ws/install/sensor_msgs/share/sensor_msgs/cmake/export_sensor_msgs__rosidl_typesupport_fastrtps_cppExport-noconfig.cmake
[332.389s] -- Installing: /ros2_ws/install/sensor_msgs/share/sensor_msgs/cmake/sensor_msgs__rosidl_typesupport_introspection_cExport.cmake
[332.390s] -- Installing: /ros2_ws/install/sensor_msgs/share/sensor_msgs/cmake/sensor_msgs__rosidl_typesupport_introspection_cExport-noconfig.cmake
[332.390s] -- Installing: /ros2_ws/install/sensor_msgs/share/sensor_msgs/cmake/sensor_msgs__rosidl_typesupport_cExport.cmake
[332.391s] -- Installing: /ros2_ws/install/sensor_msgs/share/sensor_msgs/cmake/sensor_msgs__rosidl_typesupport_cExport-noconfig.cmake
[332.392s] -- Installing: /ros2_ws/install/sensor_msgs/share/sensor_msgs/cmake/sensor_msgs__rosidl_typesupport_introspection_cppExport.cmake
[332.392s] -- Installing: /ros2_ws/install/sensor_msgs/share/sensor_msgs/cmake/sensor_msgs__rosidl_typesupport_introspection_cppExport-noconfig.cmake
[332.393s] -- Installing: /ros2_ws/install/sensor_msgs/share/sensor_msgs/cmake/sensor_msgs__rosidl_typesupport_cppExport.cmake
[332.394s] -- Installing: /ros2_ws/install/sensor_msgs/share/sensor_msgs/cmake/sensor_msgs__rosidl_typesupport_cppExport-noconfig.cmake
[332.394s] -- Installing: /ros2_ws/install/sensor_msgs/share/sensor_msgs/cmake/export_sensor_msgs__rosidl_generator_pyExport.cmake
[332.395s] -- Installing: /ros2_ws/install/sensor_msgs/share/sensor_msgs/cmake/export_sensor_msgs__rosidl_generator_pyExport-noconfig.cmake
[332.396s] -- Installing: /ros2_ws/install/sensor_msgs/share/sensor_msgs/cmake/rosidl_cmake-extras.cmake
[332.396s] -- Installing: /ros2_ws/install/sensor_msgs/share/sensor_msgs/cmake/ament_cmake_export_dependencies-extras.cmake
[332.397s] -- Installing: /ros2_ws/install/sensor_msgs/share/sensor_msgs/cmake/ament_cmake_export_include_directories-extras.cmake
[332.397s] -- Installing: /ros2_ws/install/sensor_msgs/share/sensor_msgs/cmake/ament_cmake_export_libraries-extras.cmake
[332.398s] -- Installing: /ros2_ws/install/sensor_msgs/share/sensor_msgs/cmake/ament_cmake_export_targets-extras.cmake
[332.399s] -- Installing: /ros2_ws/install/sensor_msgs/share/sensor_msgs/cmake/rosidl_cmake_export_typesupport_targets-extras.cmake
[332.399s] -- Installing: /ros2_ws/install/sensor_msgs/share/sensor_msgs/cmake/rosidl_cmake_export_typesupport_libraries-extras.cmake
[332.400s] -- Installing: /ros2_ws/install/sensor_msgs/share/sensor_msgs/cmake/sensor_msgsConfig.cmake
[332.400s] -- Installing: /ros2_ws/install/sensor_msgs/share/sensor_msgs/cmake/sensor_msgsConfig-version.cmake
[332.401s] -- Installing: /ros2_ws/install/sensor_msgs/share/sensor_msgs/package.xml
[332.414s] Invoked command in '/ros2_ws/build/sensor_msgs' returned '0': AMENT_PREFIX_PATH=/ros2_ws/install/geometry_msgs:/ros2_ws/install/std_msgs:${AMENT_PREFIX_PATH} CMAKE_PREFIX_PATH=/ros2_ws/install/geometry_msgs:/ros2_ws/install/std_msgs:/opt/ros/humble LD_LIBRARY_PATH=/ros2_ws/install/geometry_msgs/lib:/ros2_ws/install/std_msgs/lib:${LD_LIBRARY_PATH} PYTHONPATH=/ros2_ws/install/geometry_msgs/local/lib/python3.10/dist-packages:/ros2_ws/install/std_msgs/local/lib/python3.10/dist-packages:${PYTHONPATH} /usr/bin/cmake --install /ros2_ws/build/sensor_msgs
