[0.000000] (-) TimerEvent: {}
[0.000554] (rosapi_msgs) JobQueued: {'identifier': 'rosapi_msgs', 'dependencies': OrderedDict()}
[0.000746] (rosbridge_msgs) JobQueued: {'identifier': 'rosbridge_msgs', 'dependencies': OrderedDict()}
[0.000925] (rosbridge_test_msgs) JobQueued: {'identifier': 'rosbridge_test_msgs', 'dependencies': OrderedDict()}
[0.002001] (rosbridge_library) JobQueued: {'identifier': 'rosbridge_library', 'dependencies': OrderedDict([('rosbridge_test_msgs', '/ros2_ws/install/rosbridge_test_msgs')])}
[0.002235] (rosapi) JobQueued: {'identifier': 'rosapi', 'dependencies': OrderedDict([('rosapi_msgs', '/ros2_ws/install/rosapi_msgs'), ('rosbridge_library', '/ros2_ws/install/rosbridge_library')])}
[0.003681] (rosbridge_server) JobQueued: {'identifier': 'rosbridge_server', 'dependencies': OrderedDict([('rosapi_msgs', '/ros2_ws/install/rosapi_msgs'), ('rosbridge_msgs', '/ros2_ws/install/rosbridge_msgs'), ('rosbridge_library', '/ros2_ws/install/rosbridge_library'), ('rosapi', '/ros2_ws/install/rosapi')])}
[0.003984] (rosbridge_suite) JobQueued: {'identifier': 'rosbridge_suite', 'dependencies': OrderedDict([('rosapi_msgs', '/ros2_ws/install/rosapi_msgs'), ('rosbridge_msgs', '/ros2_ws/install/rosbridge_msgs'), ('rosbridge_library', '/ros2_ws/install/rosbridge_library'), ('rosapi', '/ros2_ws/install/rosapi'), ('rosbridge_server', '/ros2_ws/install/rosbridge_server')])}
[0.004365] (rosapi_msgs) JobStarted: {'identifier': 'rosapi_msgs'}
[0.081116] (rosbridge_msgs) JobStarted: {'identifier': 'rosbridge_msgs'}
[0.095996] (-) TimerEvent: {}
[0.143777] (rosbridge_test_msgs) JobStarted: {'identifier': 'rosbridge_test_msgs'}
[0.196231] (-) TimerEvent: {}
[0.217607] (rosapi_msgs) JobProgress: {'identifier': 'rosapi_msgs', 'progress': 'cmake'}
[0.218478] (rosapi_msgs) Command: {'cmd': ['/usr/local/bin/cmake', '/ros2_ws/src/rosapi_msgs', '-DAMENT_CMAKE_SYMLINK_INSTALL=1', '-DCMAKE_INSTALL_PREFIX=/ros2_ws/install/rosapi_msgs'], 'cwd': '/ros2_ws/build/rosapi_msgs', 'env': OrderedDict([('OPENBLAS_CORETYPE', 'ARMV8'), ('PYTHONIOENCODING', 'utf-8'), ('HOSTNAME', 'eyerobot-desktop'), ('LD_LIBRARY_PATH', '/ros2_ws/src/install/rplidar_ros/lib:/ros2_ws/my_ros2_project/install/rosbridge_test_msgs/lib:/ros2_ws/my_ros2_project/install/rosbridge_msgs/lib:/ros2_ws/my_ros2_project/install/rosapi_msgs/lib:/opt/ros/foxy/install/opt/yaml_cpp_vendor/lib:/opt/ros/foxy/install/opt/rviz_ogre_vendor/lib:/opt/ros/foxy/install/lib:/usr/local/cuda-10.2/targets/aarch64-linux/lib:'), ('SHLVL', '1'), ('OLDPWD', '/'), ('HOME', '/root'), ('ROS_PYTHON_VERSION', '3'), ('COLCON_PREFIX_PATH', '/ros2_ws/install:/opt/ros/foxy/install:/ros2_ws/src/install:/ros2_ws/my_ros2_project/install'), ('ROS_DISTRO', 'foxy'), ('_', '/usr/bin/colcon'), ('ROS_VERSION', '2'), ('NVIDIA_DRIVER_CAPABILITIES', 'all'), ('PKG_CONFIG_PATH', '/opt/ros/foxy/install/lib/aarch64-linux-gnu/pkgconfig:/opt/ros/foxy/install/lib/pkgconfig'), ('TERM', 'xterm'), ('ROS_LOCALHOST_ONLY', '0'), ('PATH', '/opt/ros/foxy/install/bin:/usr/local/cuda-10.2/bin:/usr/local/cuda/bin:/usr/local/sbin:/usr/local/bin:/usr/sbin:/usr/bin:/sbin:/bin'), ('LANG', 'en_US.UTF-8'), ('RMW_IMPLEMENTATION', 'rmw_cyclonedds_cpp'), ('LS_COLORS', 'rs=0:di=01;34:ln=01;36:mh=00:pi=40;33:so=01;35:do=01;35:bd=40;33;01:cd=40;33;01:or=40;31;01:mi=00:su=37;41:sg=30;43:ca=30;41:tw=30;42:ow=34;42:st=37;44:ex=01;32:*.tar=01;31:*.tgz=01;31:*.arc=01;31:*.arj=01;31:*.taz=01;31:*.lha=01;31:*.lz4=01;31:*.lzh=01;31:*.lzma=01;31:*.tlz=01;31:*.txz=01;31:*.tzo=01;31:*.t7z=01;31:*.zip=01;31:*.z=01;31:*.Z=01;31:*.dz=01;31:*.gz=01;31:*.lrz=01;31:*.lz=01;31:*.lzo=01;31:*.xz=01;31:*.zst=01;31:*.tzst=01;31:*.bz2=01;31:*.bz=01;31:*.tbz=01;31:*.tbz2=01;31:*.tz=01;31:*.deb=01;31:*.rpm=01;31:*.jar=01;31:*.war=01;31:*.ear=01;31:*.sar=01;31:*.rar=01;31:*.alz=01;31:*.ace=01;31:*.zoo=01;31:*.cpio=01;31:*.7z=01;31:*.rz=01;31:*.cab=01;31:*.wim=01;31:*.swm=01;31:*.dwm=01;31:*.esd=01;31:*.jpg=01;35:*.jpeg=01;35:*.mjpg=01;35:*.mjpeg=01;35:*.gif=01;35:*.bmp=01;35:*.pbm=01;35:*.pgm=01;35:*.ppm=01;35:*.tga=01;35:*.xbm=01;35:*.xpm=01;35:*.tif=01;35:*.tiff=01;35:*.png=01;35:*.svg=01;35:*.svgz=01;35:*.mng=01;35:*.pcx=01;35:*.mov=01;35:*.mpg=01;35:*.mpeg=01;35:*.m2v=01;35:*.mkv=01;35:*.webm=01;35:*.ogm=01;35:*.mp4=01;35:*.m4v=01;35:*.mp4v=01;35:*.vob=01;35:*.qt=01;35:*.nuv=01;35:*.wmv=01;35:*.asf=01;35:*.rm=01;35:*.rmvb=01;35:*.flc=01;35:*.avi=01;35:*.fli=01;35:*.flv=01;35:*.gl=01;35:*.dl=01;35:*.xcf=01;35:*.xwd=01;35:*.yuv=01;35:*.cgm=01;35:*.emf=01;35:*.ogv=01;35:*.ogx=01;35:*.aac=00;36:*.au=00;36:*.flac=00;36:*.m4a=00;36:*.mid=00;36:*.midi=00;36:*.mka=00;36:*.mp3=00;36:*.mpc=00;36:*.ogg=00;36:*.ra=00;36:*.wav=00;36:*.oga=00;36:*.opus=00;36:*.spx=00;36:*.xspf=00;36:'), ('ROS_ROOT', '/opt/ros/foxy'), ('AMENT_PREFIX_PATH', '/ros2_ws/install/rosbridge_suite:/ros2_ws/src/install/rplidar_ros:/opt/ros/foxy/install'), ('DEBIAN_FRONTEND', 'noninteractive'), ('SHELL', '/bin/bash'), ('PWD', '/ros2_ws/build/rosapi_msgs'), ('PYTHONPATH', '/ros2_ws/my_ros2_project/install/rosbridge_test_msgs/lib/python3.6/site-packages:/ros2_ws/my_ros2_project/install/rosbridge_server/lib/python3.6/site-packages:/ros2_ws/my_ros2_project/install/rosbridge_msgs/lib/python3.6/site-packages:/ros2_ws/my_ros2_project/install/rosapi/lib/python3.6/site-packages:/ros2_ws/my_ros2_project/install/rosbridge_library/lib/python3.6/site-packages:/ros2_ws/my_ros2_project/install/rosapi_msgs/lib/python3.6/site-packages:/opt/ros/foxy/install/lib/python3.6/site-packages'), ('NVIDIA_VISIBLE_DEVICES', 'all'), ('COLCON', '1'), ('CMAKE_PREFIX_PATH', '/ros2_ws/install/rosbridge_suite:/ros2_ws/src/install/rplidar_ros:/ros2_ws/my_ros2_project/install/rplidar_ros:/ros2_ws/my_ros2_project/install/rosbridge_test_msgs:/ros2_ws/my_ros2_project/install/rosbridge_server:/ros2_ws/my_ros2_project/install/rosbridge_msgs:/ros2_ws/my_ros2_project/install/rosapi:/ros2_ws/my_ros2_project/install/rosbridge_library:/ros2_ws/my_ros2_project/install/rosapi_msgs:/opt/ros/foxy/install')]), 'shell': False}
[0.237852] (rosbridge_msgs) JobProgress: {'identifier': 'rosbridge_msgs', 'progress': 'cmake'}
[0.243235] (rosbridge_msgs) Command: {'cmd': ['/usr/local/bin/cmake', '/ros2_ws/src/rosbridge_msgs', '-DAMENT_CMAKE_SYMLINK_INSTALL=1', '-DCMAKE_INSTALL_PREFIX=/ros2_ws/install/rosbridge_msgs'], 'cwd': '/ros2_ws/build/rosbridge_msgs', 'env': OrderedDict([('OPENBLAS_CORETYPE', 'ARMV8'), ('PYTHONIOENCODING', 'utf-8'), ('HOSTNAME', 'eyerobot-desktop'), ('LD_LIBRARY_PATH', '/ros2_ws/src/install/rplidar_ros/lib:/ros2_ws/my_ros2_project/install/rosbridge_test_msgs/lib:/ros2_ws/my_ros2_project/install/rosbridge_msgs/lib:/ros2_ws/my_ros2_project/install/rosapi_msgs/lib:/opt/ros/foxy/install/opt/yaml_cpp_vendor/lib:/opt/ros/foxy/install/opt/rviz_ogre_vendor/lib:/opt/ros/foxy/install/lib:/usr/local/cuda-10.2/targets/aarch64-linux/lib:'), ('SHLVL', '1'), ('OLDPWD', '/'), ('HOME', '/root'), ('ROS_PYTHON_VERSION', '3'), ('COLCON_PREFIX_PATH', '/ros2_ws/install:/opt/ros/foxy/install:/ros2_ws/src/install:/ros2_ws/my_ros2_project/install'), ('ROS_DISTRO', 'foxy'), ('_', '/usr/bin/colcon'), ('ROS_VERSION', '2'), ('NVIDIA_DRIVER_CAPABILITIES', 'all'), ('PKG_CONFIG_PATH', '/opt/ros/foxy/install/lib/aarch64-linux-gnu/pkgconfig:/opt/ros/foxy/install/lib/pkgconfig'), ('TERM', 'xterm'), ('ROS_LOCALHOST_ONLY', '0'), ('PATH', '/opt/ros/foxy/install/bin:/usr/local/cuda-10.2/bin:/usr/local/cuda/bin:/usr/local/sbin:/usr/local/bin:/usr/sbin:/usr/bin:/sbin:/bin'), ('LANG', 'en_US.UTF-8'), ('RMW_IMPLEMENTATION', 'rmw_cyclonedds_cpp'), ('LS_COLORS', 'rs=0:di=01;34:ln=01;36:mh=00:pi=40;33:so=01;35:do=01;35:bd=40;33;01:cd=40;33;01:or=40;31;01:mi=00:su=37;41:sg=30;43:ca=30;41:tw=30;42:ow=34;42:st=37;44:ex=01;32:*.tar=01;31:*.tgz=01;31:*.arc=01;31:*.arj=01;31:*.taz=01;31:*.lha=01;31:*.lz4=01;31:*.lzh=01;31:*.lzma=01;31:*.tlz=01;31:*.txz=01;31:*.tzo=01;31:*.t7z=01;31:*.zip=01;31:*.z=01;31:*.Z=01;31:*.dz=01;31:*.gz=01;31:*.lrz=01;31:*.lz=01;31:*.lzo=01;31:*.xz=01;31:*.zst=01;31:*.tzst=01;31:*.bz2=01;31:*.bz=01;31:*.tbz=01;31:*.tbz2=01;31:*.tz=01;31:*.deb=01;31:*.rpm=01;31:*.jar=01;31:*.war=01;31:*.ear=01;31:*.sar=01;31:*.rar=01;31:*.alz=01;31:*.ace=01;31:*.zoo=01;31:*.cpio=01;31:*.7z=01;31:*.rz=01;31:*.cab=01;31:*.wim=01;31:*.swm=01;31:*.dwm=01;31:*.esd=01;31:*.jpg=01;35:*.jpeg=01;35:*.mjpg=01;35:*.mjpeg=01;35:*.gif=01;35:*.bmp=01;35:*.pbm=01;35:*.pgm=01;35:*.ppm=01;35:*.tga=01;35:*.xbm=01;35:*.xpm=01;35:*.tif=01;35:*.tiff=01;35:*.png=01;35:*.svg=01;35:*.svgz=01;35:*.mng=01;35:*.pcx=01;35:*.mov=01;35:*.mpg=01;35:*.mpeg=01;35:*.m2v=01;35:*.mkv=01;35:*.webm=01;35:*.ogm=01;35:*.mp4=01;35:*.m4v=01;35:*.mp4v=01;35:*.vob=01;35:*.qt=01;35:*.nuv=01;35:*.wmv=01;35:*.asf=01;35:*.rm=01;35:*.rmvb=01;35:*.flc=01;35:*.avi=01;35:*.fli=01;35:*.flv=01;35:*.gl=01;35:*.dl=01;35:*.xcf=01;35:*.xwd=01;35:*.yuv=01;35:*.cgm=01;35:*.emf=01;35:*.ogv=01;35:*.ogx=01;35:*.aac=00;36:*.au=00;36:*.flac=00;36:*.m4a=00;36:*.mid=00;36:*.midi=00;36:*.mka=00;36:*.mp3=00;36:*.mpc=00;36:*.ogg=00;36:*.ra=00;36:*.wav=00;36:*.oga=00;36:*.opus=00;36:*.spx=00;36:*.xspf=00;36:'), ('ROS_ROOT', '/opt/ros/foxy'), ('AMENT_PREFIX_PATH', '/ros2_ws/install/rosbridge_suite:/ros2_ws/src/install/rplidar_ros:/opt/ros/foxy/install'), ('DEBIAN_FRONTEND', 'noninteractive'), ('SHELL', '/bin/bash'), ('PWD', '/ros2_ws/build/rosbridge_msgs'), ('PYTHONPATH', '/ros2_ws/my_ros2_project/install/rosbridge_test_msgs/lib/python3.6/site-packages:/ros2_ws/my_ros2_project/install/rosbridge_server/lib/python3.6/site-packages:/ros2_ws/my_ros2_project/install/rosbridge_msgs/lib/python3.6/site-packages:/ros2_ws/my_ros2_project/install/rosapi/lib/python3.6/site-packages:/ros2_ws/my_ros2_project/install/rosbridge_library/lib/python3.6/site-packages:/ros2_ws/my_ros2_project/install/rosapi_msgs/lib/python3.6/site-packages:/opt/ros/foxy/install/lib/python3.6/site-packages'), ('NVIDIA_VISIBLE_DEVICES', 'all'), ('COLCON', '1'), ('CMAKE_PREFIX_PATH', '/ros2_ws/install/rosbridge_suite:/ros2_ws/src/install/rplidar_ros:/ros2_ws/my_ros2_project/install/rplidar_ros:/ros2_ws/my_ros2_project/install/rosbridge_test_msgs:/ros2_ws/my_ros2_project/install/rosbridge_server:/ros2_ws/my_ros2_project/install/rosbridge_msgs:/ros2_ws/my_ros2_project/install/rosapi:/ros2_ws/my_ros2_project/install/rosbridge_library:/ros2_ws/my_ros2_project/install/rosapi_msgs:/opt/ros/foxy/install')]), 'shell': False}
[0.255364] (rosbridge_test_msgs) JobProgress: {'identifier': 'rosbridge_test_msgs', 'progress': 'cmake'}
[0.256385] (rosbridge_test_msgs) Command: {'cmd': ['/usr/local/bin/cmake', '/ros2_ws/src/rosbridge_test_msgs', '-DAMENT_CMAKE_SYMLINK_INSTALL=1', '-DCMAKE_INSTALL_PREFIX=/ros2_ws/install/rosbridge_test_msgs'], 'cwd': '/ros2_ws/build/rosbridge_test_msgs', 'env': OrderedDict([('OPENBLAS_CORETYPE', 'ARMV8'), ('PYTHONIOENCODING', 'utf-8'), ('HOSTNAME', 'eyerobot-desktop'), ('LD_LIBRARY_PATH', '/ros2_ws/src/install/rplidar_ros/lib:/ros2_ws/my_ros2_project/install/rosbridge_test_msgs/lib:/ros2_ws/my_ros2_project/install/rosbridge_msgs/lib:/ros2_ws/my_ros2_project/install/rosapi_msgs/lib:/opt/ros/foxy/install/opt/yaml_cpp_vendor/lib:/opt/ros/foxy/install/opt/rviz_ogre_vendor/lib:/opt/ros/foxy/install/lib:/usr/local/cuda-10.2/targets/aarch64-linux/lib:'), ('SHLVL', '1'), ('OLDPWD', '/'), ('HOME', '/root'), ('ROS_PYTHON_VERSION', '3'), ('COLCON_PREFIX_PATH', '/ros2_ws/install:/opt/ros/foxy/install:/ros2_ws/src/install:/ros2_ws/my_ros2_project/install'), ('ROS_DISTRO', 'foxy'), ('_', '/usr/bin/colcon'), ('ROS_VERSION', '2'), ('NVIDIA_DRIVER_CAPABILITIES', 'all'), ('PKG_CONFIG_PATH', '/opt/ros/foxy/install/lib/aarch64-linux-gnu/pkgconfig:/opt/ros/foxy/install/lib/pkgconfig'), ('TERM', 'xterm'), ('ROS_LOCALHOST_ONLY', '0'), ('PATH', '/opt/ros/foxy/install/bin:/usr/local/cuda-10.2/bin:/usr/local/cuda/bin:/usr/local/sbin:/usr/local/bin:/usr/sbin:/usr/bin:/sbin:/bin'), ('LANG', 'en_US.UTF-8'), ('RMW_IMPLEMENTATION', 'rmw_cyclonedds_cpp'), ('LS_COLORS', 'rs=0:di=01;34:ln=01;36:mh=00:pi=40;33:so=01;35:do=01;35:bd=40;33;01:cd=40;33;01:or=40;31;01:mi=00:su=37;41:sg=30;43:ca=30;41:tw=30;42:ow=34;42:st=37;44:ex=01;32:*.tar=01;31:*.tgz=01;31:*.arc=01;31:*.arj=01;31:*.taz=01;31:*.lha=01;31:*.lz4=01;31:*.lzh=01;31:*.lzma=01;31:*.tlz=01;31:*.txz=01;31:*.tzo=01;31:*.t7z=01;31:*.zip=01;31:*.z=01;31:*.Z=01;31:*.dz=01;31:*.gz=01;31:*.lrz=01;31:*.lz=01;31:*.lzo=01;31:*.xz=01;31:*.zst=01;31:*.tzst=01;31:*.bz2=01;31:*.bz=01;31:*.tbz=01;31:*.tbz2=01;31:*.tz=01;31:*.deb=01;31:*.rpm=01;31:*.jar=01;31:*.war=01;31:*.ear=01;31:*.sar=01;31:*.rar=01;31:*.alz=01;31:*.ace=01;31:*.zoo=01;31:*.cpio=01;31:*.7z=01;31:*.rz=01;31:*.cab=01;31:*.wim=01;31:*.swm=01;31:*.dwm=01;31:*.esd=01;31:*.jpg=01;35:*.jpeg=01;35:*.mjpg=01;35:*.mjpeg=01;35:*.gif=01;35:*.bmp=01;35:*.pbm=01;35:*.pgm=01;35:*.ppm=01;35:*.tga=01;35:*.xbm=01;35:*.xpm=01;35:*.tif=01;35:*.tiff=01;35:*.png=01;35:*.svg=01;35:*.svgz=01;35:*.mng=01;35:*.pcx=01;35:*.mov=01;35:*.mpg=01;35:*.mpeg=01;35:*.m2v=01;35:*.mkv=01;35:*.webm=01;35:*.ogm=01;35:*.mp4=01;35:*.m4v=01;35:*.mp4v=01;35:*.vob=01;35:*.qt=01;35:*.nuv=01;35:*.wmv=01;35:*.asf=01;35:*.rm=01;35:*.rmvb=01;35:*.flc=01;35:*.avi=01;35:*.fli=01;35:*.flv=01;35:*.gl=01;35:*.dl=01;35:*.xcf=01;35:*.xwd=01;35:*.yuv=01;35:*.cgm=01;35:*.emf=01;35:*.ogv=01;35:*.ogx=01;35:*.aac=00;36:*.au=00;36:*.flac=00;36:*.m4a=00;36:*.mid=00;36:*.midi=00;36:*.mka=00;36:*.mp3=00;36:*.mpc=00;36:*.ogg=00;36:*.ra=00;36:*.wav=00;36:*.oga=00;36:*.opus=00;36:*.spx=00;36:*.xspf=00;36:'), ('ROS_ROOT', '/opt/ros/foxy'), ('AMENT_PREFIX_PATH', '/ros2_ws/install/rosbridge_suite:/ros2_ws/src/install/rplidar_ros:/opt/ros/foxy/install'), ('DEBIAN_FRONTEND', 'noninteractive'), ('SHELL', '/bin/bash'), ('PWD', '/ros2_ws/build/rosbridge_test_msgs'), ('PYTHONPATH', '/ros2_ws/my_ros2_project/install/rosbridge_test_msgs/lib/python3.6/site-packages:/ros2_ws/my_ros2_project/install/rosbridge_server/lib/python3.6/site-packages:/ros2_ws/my_ros2_project/install/rosbridge_msgs/lib/python3.6/site-packages:/ros2_ws/my_ros2_project/install/rosapi/lib/python3.6/site-packages:/ros2_ws/my_ros2_project/install/rosbridge_library/lib/python3.6/site-packages:/ros2_ws/my_ros2_project/install/rosapi_msgs/lib/python3.6/site-packages:/opt/ros/foxy/install/lib/python3.6/site-packages'), ('NVIDIA_VISIBLE_DEVICES', 'all'), ('COLCON', '1'), ('CMAKE_PREFIX_PATH', '/ros2_ws/install/rosbridge_suite:/ros2_ws/src/install/rplidar_ros:/ros2_ws/my_ros2_project/install/rplidar_ros:/ros2_ws/my_ros2_project/install/rosbridge_test_msgs:/ros2_ws/my_ros2_project/install/rosbridge_server:/ros2_ws/my_ros2_project/install/rosbridge_msgs:/ros2_ws/my_ros2_project/install/rosapi:/ros2_ws/my_ros2_project/install/rosbridge_library:/ros2_ws/my_ros2_project/install/rosapi_msgs:/opt/ros/foxy/install')]), 'shell': False}
[0.296563] (-) TimerEvent: {}
[0.397593] (-) TimerEvent: {}
[0.499538] (-) TimerEvent: {}
[0.600438] (-) TimerEvent: {}
[0.701296] (-) TimerEvent: {}
[0.803371] (-) TimerEvent: {}
[0.908187] (-) TimerEvent: {}
[0.925650] (rosbridge_test_msgs) StdoutLine: {'line': b'-- The C compiler identification is GNU 7.5.0\n'}
[0.926892] (rosbridge_msgs) StdoutLine: {'line': b'-- The C compiler identification is GNU 7.5.0\n'}
[0.927851] (rosapi_msgs) StdoutLine: {'line': b'-- The C compiler identification is GNU 7.5.0\n'}
[1.008375] (-) TimerEvent: {}
[1.109258] (-) TimerEvent: {}
[1.210088] (-) TimerEvent: {}
[1.311092] (-) TimerEvent: {}
[1.390269] (rosbridge_test_msgs) StdoutLine: {'line': b'-- The CXX compiler identification is GNU 7.5.0\n'}
[1.394293] (rosapi_msgs) StdoutLine: {'line': b'-- The CXX compiler identification is GNU 7.5.0\n'}
[1.395151] (rosbridge_msgs) StdoutLine: {'line': b'-- The CXX compiler identification is GNU 7.5.0\n'}
[1.411276] (-) TimerEvent: {}
[1.472412] (rosapi_msgs) StdoutLine: {'line': b'-- Detecting C compiler ABI info\n'}
[1.473281] (rosbridge_test_msgs) StdoutLine: {'line': b'-- Detecting C compiler ABI info\n'}
[1.474086] (rosbridge_msgs) StdoutLine: {'line': b'-- Detecting C compiler ABI info\n'}
[1.511463] (-) TimerEvent: {}
[1.612979] (-) TimerEvent: {}
[1.714121] (-) TimerEvent: {}
[1.722215] (rosbridge_msgs) StdoutLine: {'line': b'-- Detecting C compiler ABI info - done\n'}
[1.723368] (rosbridge_test_msgs) StdoutLine: {'line': b'-- Detecting C compiler ABI info - done\n'}
[1.730521] (rosapi_msgs) StdoutLine: {'line': b'-- Detecting C compiler ABI info - done\n'}
[1.774880] (rosbridge_msgs) StdoutLine: {'line': b'-- Check for working C compiler: /usr/bin/cc - skipped\n'}
[1.776408] (rosbridge_test_msgs) StdoutLine: {'line': b'-- Check for working C compiler: /usr/bin/cc - skipped\n'}
[1.777847] (rosbridge_msgs) StdoutLine: {'line': b'-- Detecting C compile features\n'}
[1.778579] (rosbridge_test_msgs) StdoutLine: {'line': b'-- Detecting C compile features\n'}
[1.780414] (rosbridge_test_msgs) StdoutLine: {'line': b'-- Detecting C compile features - done\n'}
[1.781029] (rosbridge_msgs) StdoutLine: {'line': b'-- Detecting C compile features - done\n'}
[1.783886] (rosapi_msgs) StdoutLine: {'line': b'-- Check for working C compiler: /usr/bin/cc - skipped\n'}
[1.784947] (rosapi_msgs) StdoutLine: {'line': b'-- Detecting C compile features\n'}
[1.787048] (rosapi_msgs) StdoutLine: {'line': b'-- Detecting C compile features - done\n'}
[1.814310] (-) TimerEvent: {}
[1.827147] (rosbridge_test_msgs) StdoutLine: {'line': b'-- Detecting CXX compiler ABI info\n'}
[1.828227] (rosbridge_msgs) StdoutLine: {'line': b'-- Detecting CXX compiler ABI info\n'}
[1.832824] (rosapi_msgs) StdoutLine: {'line': b'-- Detecting CXX compiler ABI info\n'}
[1.914576] (-) TimerEvent: {}
[2.016759] (-) TimerEvent: {}
[2.109218] (rosbridge_test_msgs) StdoutLine: {'line': b'-- Detecting CXX compiler ABI info - done\n'}
[2.116940] (-) TimerEvent: {}
[2.118972] (rosbridge_msgs) StdoutLine: {'line': b'-- Detecting CXX compiler ABI info - done\n'}
[2.128116] (rosapi_msgs) StdoutLine: {'line': b'-- Detecting CXX compiler ABI info - done\n'}
[2.161472] (rosbridge_test_msgs) StdoutLine: {'line': b'-- Check for working CXX compiler: /usr/bin/c++ - skipped\n'}
[2.162739] (rosbridge_test_msgs) StdoutLine: {'line': b'-- Detecting CXX compile features\n'}
[2.164873] (rosbridge_test_msgs) StdoutLine: {'line': b'-- Detecting CXX compile features - done\n'}
[2.170430] (rosbridge_msgs) StdoutLine: {'line': b'-- Check for working CXX compiler: /usr/bin/c++ - skipped\n'}
[2.171665] (rosbridge_msgs) StdoutLine: {'line': b'-- Detecting CXX compile features\n'}
[2.173002] (rosapi_msgs) StdoutLine: {'line': b'-- Check for working CXX compiler: /usr/bin/c++ - skipped\n'}
[2.173989] (rosbridge_msgs) StdoutLine: {'line': b'-- Detecting CXX compile features - done\n'}
[2.174786] (rosapi_msgs) StdoutLine: {'line': b'-- Detecting CXX compile features\n'}
[2.176672] (rosapi_msgs) StdoutLine: {'line': b'-- Detecting CXX compile features - done\n'}
[2.177537] (rosbridge_test_msgs) StdoutLine: {'line': b'-- Found ament_cmake_core: 0.9.12 (/opt/ros/foxy/install/share/ament_cmake_core/cmake)\n'}
[2.180994] (rosbridge_test_msgs) StderrLine: {'line': b'\x1b[33mCMake Warning (dev) at /opt/ros/foxy/install/share/ament_cmake_core/cmake/core/python.cmake:22 (find_package):\n'}
[2.181941] (rosbridge_test_msgs) StderrLine: {'line': b'  Policy CMP0148 is not set: The FindPythonInterp and FindPythonLibs modules\n'}
[2.182441] (rosbridge_test_msgs) StderrLine: {'line': b'  are removed.  Run "cmake --help-policy CMP0148" for policy details.  Use\n'}
[2.183030] (rosbridge_test_msgs) StderrLine: {'line': b'  the cmake_policy command to set the policy and suppress this warning.\n'}
[2.183556] (rosbridge_test_msgs) StderrLine: {'line': b'\n'}
[2.184050] (rosbridge_test_msgs) StderrLine: {'line': b'Call Stack (most recent call first):\n'}
[2.184500] (rosbridge_test_msgs) StderrLine: {'line': b'  /opt/ros/foxy/install/share/ament_cmake_core/cmake/core/all.cmake:53 (include)\n'}
[2.184916] (rosbridge_test_msgs) StderrLine: {'line': b'  /opt/ros/foxy/install/share/ament_cmake_core/cmake/ament_cmake_core-extras.cmake:17 (include)\n'}
[2.185344] (rosbridge_test_msgs) StderrLine: {'line': b'  /opt/ros/foxy/install/share/ament_cmake_core/cmake/ament_cmake_coreConfig.cmake:41 (include)\n'}
[2.185758] (rosbridge_test_msgs) StderrLine: {'line': b'  CMakeLists.txt:4 (find_package)\n'}
[2.186165] (rosbridge_test_msgs) StderrLine: {'line': b'This warning is for project developers.  Use -Wno-dev to suppress it.\n'}
[2.186884] (rosbridge_test_msgs) StderrLine: {'line': b'\x1b[0m\n'}
[2.189265] (rosbridge_msgs) StdoutLine: {'line': b'-- Found ament_cmake_ros: 0.9.2 (/opt/ros/foxy/install/share/ament_cmake_ros/cmake)\n'}
[2.191253] (rosapi_msgs) StdoutLine: {'line': b'-- Found ament_cmake_ros: 0.9.2 (/opt/ros/foxy/install/share/ament_cmake_ros/cmake)\n'}
[2.217106] (-) TimerEvent: {}
[2.291853] (rosbridge_msgs) StderrLine: {'line': b'\x1b[33mCMake Warning (dev) at /opt/ros/foxy/install/share/ament_cmake_core/cmake/core/python.cmake:22 (find_package):\n'}
[2.292672] (rosbridge_msgs) StderrLine: {'line': b'  Policy CMP0148 is not set: The FindPythonInterp and FindPythonLibs modules\n'}
[2.293296] (rosbridge_msgs) StderrLine: {'line': b'  are removed.  Run "cmake --help-policy CMP0148" for policy details.  Use\n'}
[2.293955] (rosbridge_msgs) StderrLine: {'line': b'  the cmake_policy command to set the policy and suppress this warning.\n'}
[2.294557] (rosbridge_msgs) StderrLine: {'line': b'\n'}
[2.295230] (rosbridge_msgs) StderrLine: {'line': b'Call Stack (most recent call first):\n'}
[2.295699] (rosbridge_msgs) StderrLine: {'line': b'  /opt/ros/foxy/install/share/ament_cmake_core/cmake/core/all.cmake:53 (include)\n'}
[2.296204] (rosbridge_msgs) StderrLine: {'line': b'  /opt/ros/foxy/install/share/ament_cmake_core/cmake/ament_cmake_core-extras.cmake:17 (include)\n'}
[2.296743] (rosbridge_msgs) StderrLine: {'line': b'  /opt/ros/foxy/install/share/ament_cmake_core/cmake/ament_cmake_coreConfig.cmake:41 (include)\n'}
[2.297270] (rosbridge_msgs) StderrLine: {'line': b'  /opt/ros/foxy/install/share/ament_cmake_test/cmake/ament_cmake_test-extras.cmake:39 (find_package)\n'}
[2.297777] (rosbridge_msgs) StderrLine: {'line': b'  /opt/ros/foxy/install/share/ament_cmake_test/cmake/ament_cmake_testConfig.cmake:41 (include)\n'}
[2.298319] (rosbridge_msgs) StderrLine: {'line': b'  /opt/ros/foxy/install/share/ament_cmake_pytest/cmake/ament_cmake_pytest-extras.cmake:17 (find_package)\n'}
[2.298941] (rosbridge_msgs) StderrLine: {'line': b'  /opt/ros/foxy/install/share/ament_cmake_pytest/cmake/ament_cmake_pytestConfig.cmake:41 (include)\n'}
[2.299521] (rosbridge_msgs) StderrLine: {'line': b'  /opt/ros/foxy/install/share/ament_cmake_ros/cmake/ament_cmake_ros-extras.cmake:19 (find_package)\n'}
[2.300078] (rosbridge_msgs) StderrLine: {'line': b'  /opt/ros/foxy/install/share/ament_cmake_ros/cmake/ament_cmake_rosConfig.cmake:41 (include)\n'}
[2.301112] (rosbridge_msgs) StderrLine: {'line': b'  CMakeLists.txt:4 (find_package)\n'}
[2.301696] (rosbridge_msgs) StderrLine: {'line': b'This warning is for project developers.  Use -Wno-dev to suppress it.\n'}
[2.302217] (rosbridge_msgs) StderrLine: {'line': b'\x1b[0m\n'}
[2.302903] (rosapi_msgs) StderrLine: {'line': b'\x1b[33mCMake Warning (dev) at /opt/ros/foxy/install/share/ament_cmake_core/cmake/core/python.cmake:22 (find_package):\n'}
[2.303574] (rosapi_msgs) StderrLine: {'line': b'  Policy CMP0148 is not set: The FindPythonInterp and FindPythonLibs modules\n'}
[2.304161] (rosapi_msgs) StderrLine: {'line': b'  are removed.  Run "cmake --help-policy CMP0148" for policy details.  Use\n'}
[2.304720] (rosapi_msgs) StderrLine: {'line': b'  the cmake_policy command to set the policy and suppress this warning.\n'}
[2.305283] (rosapi_msgs) StderrLine: {'line': b'\n'}
[2.305796] (rosapi_msgs) StderrLine: {'line': b'Call Stack (most recent call first):\n'}
[2.306332] (rosapi_msgs) StderrLine: {'line': b'  /opt/ros/foxy/install/share/ament_cmake_core/cmake/core/all.cmake:53 (include)\n'}
[2.307011] (rosapi_msgs) StderrLine: {'line': b'  /opt/ros/foxy/install/share/ament_cmake_core/cmake/ament_cmake_core-extras.cmake:17 (include)\n'}
[2.307618] (rosapi_msgs) StderrLine: {'line': b'  /opt/ros/foxy/install/share/ament_cmake_core/cmake/ament_cmake_coreConfig.cmake:41 (include)\n'}
[2.308170] (rosapi_msgs) StderrLine: {'line': b'  /opt/ros/foxy/install/share/ament_cmake_test/cmake/ament_cmake_test-extras.cmake:39 (find_package)\n'}
[2.308671] (rosapi_msgs) StderrLine: {'line': b'  /opt/ros/foxy/install/share/ament_cmake_test/cmake/ament_cmake_testConfig.cmake:41 (include)\n'}
[2.309161] (rosapi_msgs) StderrLine: {'line': b'  /opt/ros/foxy/install/share/ament_cmake_pytest/cmake/ament_cmake_pytest-extras.cmake:17 (find_package)\n'}
[2.309677] (rosapi_msgs) StderrLine: {'line': b'  /opt/ros/foxy/install/share/ament_cmake_pytest/cmake/ament_cmake_pytestConfig.cmake:41 (include)\n'}
[2.310164] (rosapi_msgs) StderrLine: {'line': b'  /opt/ros/foxy/install/share/ament_cmake_ros/cmake/ament_cmake_ros-extras.cmake:19 (find_package)\n'}
[2.310714] (rosapi_msgs) StderrLine: {'line': b'  /opt/ros/foxy/install/share/ament_cmake_ros/cmake/ament_cmake_rosConfig.cmake:41 (include)\n'}
[2.311251] (rosapi_msgs) StderrLine: {'line': b'  CMakeLists.txt:4 (find_package)\n'}
[2.311746] (rosapi_msgs) StderrLine: {'line': b'This warning is for project developers.  Use -Wno-dev to suppress it.\n'}
[2.312209] (rosapi_msgs) StderrLine: {'line': b'\x1b[0m\n'}
[2.312659] (rosbridge_test_msgs) StdoutLine: {'line': b'-- Found PythonInterp: /usr/bin/python3 (found suitable version "3.6.9", minimum required is "3") \n'}
[2.313154] (rosbridge_test_msgs) StdoutLine: {'line': b'-- Using PYTHON_EXECUTABLE: /usr/bin/python3\n'}
[2.317258] (-) TimerEvent: {}
[2.415112] (rosapi_msgs) StdoutLine: {'line': b'-- Found PythonInterp: /usr/bin/python3 (found suitable version "3.6.9", minimum required is "3") \n'}
[2.416322] (rosbridge_msgs) StdoutLine: {'line': b'-- Found PythonInterp: /usr/bin/python3 (found suitable version "3.6.9", minimum required is "3") \n'}
[2.416929] (rosapi_msgs) StdoutLine: {'line': b'-- Using PYTHON_EXECUTABLE: /usr/bin/python3\n'}
[2.417452] (-) TimerEvent: {}
[2.418933] (rosbridge_msgs) StdoutLine: {'line': b'-- Using PYTHON_EXECUTABLE: /usr/bin/python3\n'}
[2.517642] (-) TimerEvent: {}
[2.618403] (-) TimerEvent: {}
[2.719911] (-) TimerEvent: {}
[2.820768] (-) TimerEvent: {}
[2.921628] (-) TimerEvent: {}
[3.023760] (-) TimerEvent: {}
[3.126272] (-) TimerEvent: {}
[3.227143] (-) TimerEvent: {}
[3.329222] (-) TimerEvent: {}
[3.431103] (-) TimerEvent: {}
[3.461873] (rosbridge_test_msgs) StdoutLine: {'line': b'-- Override CMake install command with custom implementation using symlinks instead of copying resources\n'}
[3.484712] (rosbridge_test_msgs) StdoutLine: {'line': b'-- Found ament_cmake_python: 0.9.12 (/opt/ros/foxy/install/share/ament_cmake_python/cmake)\n'}
[3.500124] (rosbridge_test_msgs) StdoutLine: {'line': b'-- Found builtin_interfaces: 1.0.0 (/opt/ros/foxy/install/share/builtin_interfaces/cmake)\n'}
[3.531440] (-) TimerEvent: {}
[3.547294] (rosapi_msgs) StdoutLine: {'line': b'-- Override CMake install command with custom implementation using symlinks instead of copying resources\n'}
[3.566177] (rosbridge_msgs) StdoutLine: {'line': b'-- Override CMake install command with custom implementation using symlinks instead of copying resources\n'}
[3.631627] (-) TimerEvent: {}
[3.732534] (-) TimerEvent: {}
[3.805890] (rosbridge_msgs) StdoutLine: {'line': b'-- Found builtin_interfaces: 1.0.0 (/opt/ros/foxy/install/share/builtin_interfaces/cmake)\n'}
[3.806791] (rosapi_msgs) StdoutLine: {'line': b'-- Found builtin_interfaces: 1.0.0 (/opt/ros/foxy/install/share/builtin_interfaces/cmake)\n'}
[3.832784] (-) TimerEvent: {}
[3.934245] (-) TimerEvent: {}
[3.941920] (rosbridge_test_msgs) StdoutLine: {'line': b'-- Using all available rosidl_typesupport_c: rosidl_typesupport_fastrtps_c;rosidl_typesupport_introspection_c\n'}
[4.008177] (rosapi_msgs) StdoutLine: {'line': b'-- Using all available rosidl_typesupport_c: rosidl_typesupport_fastrtps_c;rosidl_typesupport_introspection_c\n'}
[4.009531] (rosbridge_test_msgs) StdoutLine: {'line': b'-- Found rosidl_adapter: 1.3.1 (/opt/ros/foxy/install/share/rosidl_adapter/cmake)\n'}
[4.010511] (rosbridge_msgs) StdoutLine: {'line': b'-- Using all available rosidl_typesupport_c: rosidl_typesupport_fastrtps_c;rosidl_typesupport_introspection_c\n'}
[4.034430] (-) TimerEvent: {}
[4.061331] (rosapi_msgs) StdoutLine: {'line': b'-- Found rosidl_adapter: 1.3.1 (/opt/ros/foxy/install/share/rosidl_adapter/cmake)\n'}
[4.069086] (rosbridge_msgs) StdoutLine: {'line': b'-- Found rosidl_adapter: 1.3.1 (/opt/ros/foxy/install/share/rosidl_adapter/cmake)\n'}
[4.134686] (-) TimerEvent: {}
[4.237206] (-) TimerEvent: {}
[4.338026] (-) TimerEvent: {}
[4.439125] (-) TimerEvent: {}
[4.488987] (rosbridge_test_msgs) StdoutLine: {'line': b'-- Found OpenSSL: /usr/lib/aarch64-linux-gnu/libcrypto.so (found version "1.1.1")  \n'}
[4.490036] (rosapi_msgs) StdoutLine: {'line': b'-- Found OpenSSL: /usr/lib/aarch64-linux-gnu/libcrypto.so (found version "1.1.1")  \n'}
[4.491019] (rosbridge_msgs) StdoutLine: {'line': b'-- Found OpenSSL: /usr/lib/aarch64-linux-gnu/libcrypto.so (found version "1.1.1")  \n'}
[4.539308] (-) TimerEvent: {}
[4.640363] (-) TimerEvent: {}
[4.662405] (rosapi_msgs) StdoutLine: {'line': b'-- Found FastRTPS: /opt/ros/foxy/install/include  \n'}
[4.664465] (rosbridge_test_msgs) StdoutLine: {'line': b'-- Found FastRTPS: /opt/ros/foxy/install/include  \n'}
[4.665144] (rosbridge_msgs) StdoutLine: {'line': b'-- Found FastRTPS: /opt/ros/foxy/install/include  \n'}
[4.740622] (-) TimerEvent: {}
[4.841984] (-) TimerEvent: {}
[4.942842] (-) TimerEvent: {}
[5.044883] (-) TimerEvent: {}
[5.147316] (-) TimerEvent: {}
[5.162774] (rosbridge_msgs) StdoutLine: {'line': b'-- Using all available rosidl_typesupport_cpp: rosidl_typesupport_fastrtps_cpp;rosidl_typesupport_introspection_cpp\n'}
[5.187832] (rosbridge_test_msgs) StdoutLine: {'line': b'-- Using all available rosidl_typesupport_cpp: rosidl_typesupport_fastrtps_cpp;rosidl_typesupport_introspection_cpp\n'}
[5.188616] (rosapi_msgs) StdoutLine: {'line': b'-- Using all available rosidl_typesupport_cpp: rosidl_typesupport_fastrtps_cpp;rosidl_typesupport_introspection_cpp\n'}
[5.247503] (-) TimerEvent: {}
[5.344343] (rosbridge_msgs) StdoutLine: {'line': b'-- Found rosidl_default_generators: 1.0.1 (/opt/ros/foxy/install/share/rosidl_default_generators/cmake)\n'}
[5.347648] (-) TimerEvent: {}
[5.354370] (rosapi_msgs) StdoutLine: {'line': b'-- Found rosidl_default_generators: 1.0.1 (/opt/ros/foxy/install/share/rosidl_default_generators/cmake)\n'}
[5.359664] (rosbridge_test_msgs) StdoutLine: {'line': b'-- Found geometry_msgs: 2.0.5 (/opt/ros/foxy/install/share/geometry_msgs/cmake)\n'}
[5.427277] (rosbridge_msgs) StderrLine: {'line': b'\x1b[33mCMake Warning (dev) at /opt/ros/foxy/install/share/rosidl_adapter/cmake/rosidl_adapt_interfaces.cmake:40 (find_package):\n'}
[5.428018] (rosbridge_msgs) StderrLine: {'line': b'  Policy CMP0148 is not set: The FindPythonInterp and FindPythonLibs modules\n'}
[5.428587] (rosbridge_msgs) StderrLine: {'line': b'  are removed.  Run "cmake --help-policy CMP0148" for policy details.  Use\n'}
[5.429056] (rosbridge_msgs) StderrLine: {'line': b'  the cmake_policy command to set the policy and suppress this warning.\n'}
[5.429494] (rosbridge_msgs) StderrLine: {'line': b'\n'}
[5.429928] (rosbridge_msgs) StderrLine: {'line': b'Call Stack (most recent call first):\n'}
[5.430361] (rosbridge_msgs) StderrLine: {'line': b'  /opt/ros/foxy/install/share/rosidl_cmake/cmake/rosidl_generate_interfaces.cmake:130 (rosidl_adapt_interfaces)\n'}
[5.431012] (rosbridge_msgs) StderrLine: {'line': b'  CMakeLists.txt:12 (rosidl_generate_interfaces)\n'}
[5.431525] (rosbridge_msgs) StderrLine: {'line': b'This warning is for project developers.  Use -Wno-dev to suppress it.\n'}
[5.431983] (rosbridge_msgs) StderrLine: {'line': b'\x1b[0m\n'}
[5.441952] (rosapi_msgs) StderrLine: {'line': b'\x1b[33mCMake Warning (dev) at /opt/ros/foxy/install/share/rosidl_adapter/cmake/rosidl_adapt_interfaces.cmake:40 (find_package):\n'}
[5.442858] (rosapi_msgs) StderrLine: {'line': b'  Policy CMP0148 is not set: The FindPythonInterp and FindPythonLibs modules\n'}
[5.443484] (rosapi_msgs) StderrLine: {'line': b'  are removed.  Run "cmake --help-policy CMP0148" for policy details.  Use\n'}
[5.444060] (rosapi_msgs) StderrLine: {'line': b'  the cmake_policy command to set the policy and suppress this warning.\n'}
[5.444574] (rosapi_msgs) StderrLine: {'line': b'\n'}
[5.445067] (rosapi_msgs) StderrLine: {'line': b'Call Stack (most recent call first):\n'}
[5.445604] (rosapi_msgs) StderrLine: {'line': b'  /opt/ros/foxy/install/share/rosidl_cmake/cmake/rosidl_generate_interfaces.cmake:130 (rosidl_adapt_interfaces)\n'}
[5.446164] (rosapi_msgs) StderrLine: {'line': b'  CMakeLists.txt:8 (rosidl_generate_interfaces)\n'}
[5.446739] (rosapi_msgs) StderrLine: {'line': b'This warning is for project developers.  Use -Wno-dev to suppress it.\n'}
[5.447286] (rosapi_msgs) StderrLine: {'line': b'\x1b[0m\n'}
[5.447769] (-) TimerEvent: {}
[5.548569] (-) TimerEvent: {}
[5.551929] (rosbridge_msgs) StdoutLine: {'line': b'-- Found PythonInterp: /usr/bin/python3 (found version "3.6.9") \n'}
[5.570737] (rosapi_msgs) StdoutLine: {'line': b'-- Found PythonInterp: /usr/bin/python3 (found version "3.6.9") \n'}
[5.648827] (-) TimerEvent: {}
[5.699933] (rosbridge_test_msgs) StdoutLine: {'line': b'-- Found rosidl_default_generators: 1.0.1 (/opt/ros/foxy/install/share/rosidl_default_generators/cmake)\n'}
[5.749013] (-) TimerEvent: {}
[5.785671] (rosbridge_test_msgs) StderrLine: {'line': b'\x1b[33mCMake Warning (dev) at /opt/ros/foxy/install/share/rosidl_adapter/cmake/rosidl_adapt_interfaces.cmake:40 (find_package):\n'}
[5.786502] (rosbridge_test_msgs) StderrLine: {'line': b'  Policy CMP0148 is not set: The FindPythonInterp and FindPythonLibs modules\n'}
[5.788269] (rosbridge_test_msgs) StderrLine: {'line': b'  are removed.  Run "cmake --help-policy CMP0148" for policy details.  Use\n'}
[5.789122] (rosbridge_test_msgs) StderrLine: {'line': b'  the cmake_policy command to set the policy and suppress this warning.\n'}
[5.789688] (rosbridge_test_msgs) StderrLine: {'line': b'\n'}
[5.790189] (rosbridge_test_msgs) StderrLine: {'line': b'Call Stack (most recent call first):\n'}
[5.790696] (rosbridge_test_msgs) StderrLine: {'line': b'  /opt/ros/foxy/install/share/rosidl_cmake/cmake/rosidl_generate_interfaces.cmake:130 (rosidl_adapt_interfaces)\n'}
[5.791209] (rosbridge_test_msgs) StderrLine: {'line': b'  CMakeLists.txt:11 (rosidl_generate_interfaces)\n'}
[5.791683] (rosbridge_test_msgs) StderrLine: {'line': b'This warning is for project developers.  Use -Wno-dev to suppress it.\n'}
[5.792149] (rosbridge_test_msgs) StderrLine: {'line': b'\x1b[0m\n'}
[5.849252] (-) TimerEvent: {}
[5.911311] (rosbridge_test_msgs) StdoutLine: {'line': b'-- Found PythonInterp: /usr/bin/python3 (found version "3.6.9") \n'}
[5.949500] (-) TimerEvent: {}
[6.051500] (-) TimerEvent: {}
[6.153092] (-) TimerEvent: {}
[6.253929] (-) TimerEvent: {}
[6.354786] (-) TimerEvent: {}
[6.455605] (-) TimerEvent: {}
[6.558004] (-) TimerEvent: {}
[6.660131] (-) TimerEvent: {}
[6.762255] (-) TimerEvent: {}
[6.864482] (-) TimerEvent: {}
[6.966518] (-) TimerEvent: {}
[7.037777] (rosbridge_msgs) StdoutLine: {'line': b'-- Using all available rosidl_typesupport_c: rosidl_typesupport_fastrtps_c;rosidl_typesupport_introspection_c\n'}
[7.066804] (-) TimerEvent: {}
[7.114793] (rosbridge_msgs) StdoutLine: {'line': b'-- Using all available rosidl_typesupport_cpp: rosidl_typesupport_fastrtps_cpp;rosidl_typesupport_introspection_cpp\n'}
[7.130529] (rosbridge_msgs) StderrLine: {'line': b'\x1b[33mCMake Warning (dev) at /opt/ros/foxy/install/share/rosidl_generator_py/cmake/rosidl_generator_py_generate_interfaces.cmake:20 (find_package):\n'}
[7.131269] (rosbridge_msgs) StderrLine: {'line': b'  Policy CMP0148 is not set: The FindPythonInterp and FindPythonLibs modules\n'}
[7.131798] (rosbridge_msgs) StderrLine: {'line': b'  are removed.  Run "cmake --help-policy CMP0148" for policy details.  Use\n'}
[7.132334] (rosbridge_msgs) StderrLine: {'line': b'  the cmake_policy command to set the policy and suppress this warning.\n'}
[7.132824] (rosbridge_msgs) StderrLine: {'line': b'\n'}
[7.133254] (rosbridge_msgs) StderrLine: {'line': b'Call Stack (most recent call first):\n'}
[7.133676] (rosbridge_msgs) StderrLine: {'line': b'  /opt/ros/foxy/install/share/ament_cmake_core/cmake/core/ament_execute_extensions.cmake:48 (include)\n'}
[7.134087] (rosbridge_msgs) StderrLine: {'line': b'  /opt/ros/foxy/install/share/rosidl_cmake/cmake/rosidl_generate_interfaces.cmake:286 (ament_execute_extensions)\n'}
[7.134511] (rosbridge_msgs) StderrLine: {'line': b'  CMakeLists.txt:12 (rosidl_generate_interfaces)\n'}
[7.135057] (rosbridge_msgs) StderrLine: {'line': b'This warning is for project developers.  Use -Wno-dev to suppress it.\n'}
[7.135551] (rosbridge_msgs) StderrLine: {'line': b'\x1b[0m\n'}
[7.167015] (-) TimerEvent: {}
[7.252521] (rosbridge_msgs) StdoutLine: {'line': b'-- Found PythonInterp: /usr/bin/python3 (found suitable version "3.6.9", minimum required is "3.5") \n'}
[7.265232] (rosbridge_msgs) StdoutLine: {'line': b'-- Found python_cmake_module: 0.8.1 (/opt/ros/foxy/install/share/python_cmake_module/cmake)\n'}
[7.267135] (-) TimerEvent: {}
[7.269490] (rosbridge_msgs) StderrLine: {'line': b'\x1b[33mCMake Warning (dev) at /opt/ros/foxy/install/share/python_cmake_module/cmake/Modules/FindPythonExtra.cmake:45 (find_package):\n'}
[7.270224] (rosbridge_msgs) StderrLine: {'line': b'  Policy CMP0148 is not set: The FindPythonInterp and FindPythonLibs modules\n'}
[7.270895] (rosbridge_msgs) StderrLine: {'line': b'  are removed.  Run "cmake --help-policy CMP0148" for policy details.  Use\n'}
[7.271393] (rosbridge_msgs) StderrLine: {'line': b'  the cmake_policy command to set the policy and suppress this warning.\n'}
[7.271828] (rosbridge_msgs) StderrLine: {'line': b'\n'}
[7.272251] (rosbridge_msgs) StderrLine: {'line': b'Call Stack (most recent call first):\n'}
[7.272668] (rosbridge_msgs) StderrLine: {'line': b'  /opt/ros/foxy/install/share/rosidl_generator_py/cmake/rosidl_generator_py_generate_interfaces.cmake:23 (find_package)\n'}
[7.273108] (rosbridge_msgs) StderrLine: {'line': b'  /opt/ros/foxy/install/share/ament_cmake_core/cmake/core/ament_execute_extensions.cmake:48 (include)\n'}
[7.273574] (rosbridge_msgs) StderrLine: {'line': b'  /opt/ros/foxy/install/share/rosidl_cmake/cmake/rosidl_generate_interfaces.cmake:286 (ament_execute_extensions)\n'}
[7.274032] (rosbridge_msgs) StderrLine: {'line': b'  CMakeLists.txt:12 (rosidl_generate_interfaces)\n'}
[7.274456] (rosbridge_msgs) StderrLine: {'line': b'This warning is for project developers.  Use -Wno-dev to suppress it.\n'}
[7.274963] (rosbridge_msgs) StderrLine: {'line': b'\x1b[0m\n'}
[7.367368] (-) TimerEvent: {}
[7.390108] (rosbridge_msgs) StderrLine: {'line': b'\x1b[33mCMake Warning (dev) at /opt/ros/foxy/install/share/python_cmake_module/cmake/Modules/FindPythonExtra.cmake:133 (find_package):\n'}
[7.391126] (rosbridge_msgs) StderrLine: {'line': b'  Policy CMP0148 is not set: The FindPythonInterp and FindPythonLibs modules\n'}
[7.391642] (rosbridge_msgs) StderrLine: {'line': b'  are removed.  Run "cmake --help-policy CMP0148" for policy details.  Use\n'}
[7.392234] (rosbridge_msgs) StderrLine: {'line': b'  the cmake_policy command to set the policy and suppress this warning.\n'}
[7.392825] (rosbridge_msgs) StderrLine: {'line': b'\n'}
[7.393295] (rosbridge_msgs) StderrLine: {'line': b'Call Stack (most recent call first):\n'}
[7.393754] (rosbridge_msgs) StderrLine: {'line': b'  /opt/ros/foxy/install/share/rosidl_generator_py/cmake/rosidl_generator_py_generate_interfaces.cmake:23 (find_package)\n'}
[7.394200] (rosbridge_msgs) StderrLine: {'line': b'  /opt/ros/foxy/install/share/ament_cmake_core/cmake/core/ament_execute_extensions.cmake:48 (include)\n'}
[7.394845] (rosbridge_msgs) StderrLine: {'line': b'  /opt/ros/foxy/install/share/rosidl_cmake/cmake/rosidl_generate_interfaces.cmake:286 (ament_execute_extensions)\n'}
[7.395451] (rosbridge_msgs) StderrLine: {'line': b'  CMakeLists.txt:12 (rosidl_generate_interfaces)\n'}
[7.396039] (rosbridge_msgs) StderrLine: {'line': b'This warning is for project developers.  Use -Wno-dev to suppress it.\n'}
[7.396602] (rosbridge_msgs) StderrLine: {'line': b'\x1b[0m\n'}
[7.421257] (rosbridge_msgs) StdoutLine: {'line': b'-- Found PythonLibs: /usr/lib/aarch64-linux-gnu/libpython3.6m.so (found suitable version "3.6.9", minimum required is "3.5") \n'}
[7.422275] (rosbridge_msgs) StdoutLine: {'line': b'-- Using PYTHON_EXECUTABLE: /usr/bin/python3\n'}
[7.422954] (rosbridge_msgs) StdoutLine: {'line': b'-- Using PYTHON_INCLUDE_DIRS: /usr/include/python3.6m\n'}
[7.423477] (rosbridge_msgs) StdoutLine: {'line': b'-- Using PYTHON_LIBRARIES: /usr/lib/aarch64-linux-gnu/libpython3.6m.so\n'}
[7.467616] (-) TimerEvent: {}
[7.547649] (rosbridge_msgs) StdoutLine: {'line': b'-- Found PythonExtra: .so  \n'}
[7.567794] (-) TimerEvent: {}
[7.670131] (-) TimerEvent: {}
[7.771176] (-) TimerEvent: {}
[7.873457] (-) TimerEvent: {}
[7.974341] (-) TimerEvent: {}
[8.075240] (-) TimerEvent: {}
[8.177401] (-) TimerEvent: {}
[8.279836] (-) TimerEvent: {}
[8.353288] (rosbridge_test_msgs) StdoutLine: {'line': b'-- Found ament_cmake_ros: 0.9.2 (/opt/ros/foxy/install/share/ament_cmake_ros/cmake)\n'}
[8.380026] (-) TimerEvent: {}
[8.480817] (-) TimerEvent: {}
[8.581670] (-) TimerEvent: {}
[8.682544] (-) TimerEvent: {}
[8.755146] (rosapi_msgs) StdoutLine: {'line': b'-- Using all available rosidl_typesupport_c: rosidl_typesupport_fastrtps_c;rosidl_typesupport_introspection_c\n'}
[8.782832] (-) TimerEvent: {}
[8.792443] (rosbridge_msgs) StdoutLine: {'line': b'-- Using numpy include directory: /usr/local/lib/python3.6/dist-packages/numpy/core/include\n'}
[8.853972] (rosapi_msgs) StdoutLine: {'line': b'-- Using all available rosidl_typesupport_cpp: rosidl_typesupport_fastrtps_cpp;rosidl_typesupport_introspection_cpp\n'}
[8.869474] (rosapi_msgs) StderrLine: {'line': b'\x1b[33mCMake Warning (dev) at /opt/ros/foxy/install/share/rosidl_generator_py/cmake/rosidl_generator_py_generate_interfaces.cmake:20 (find_package):\n'}
[8.870270] (rosapi_msgs) StderrLine: {'line': b'  Policy CMP0148 is not set: The FindPythonInterp and FindPythonLibs modules\n'}
[8.871195] (rosapi_msgs) StderrLine: {'line': b'  are removed.  Run "cmake --help-policy CMP0148" for policy details.  Use\n'}
[8.871798] (rosapi_msgs) StderrLine: {'line': b'  the cmake_policy command to set the policy and suppress this warning.\n'}
[8.872318] (rosapi_msgs) StderrLine: {'line': b'\n'}
[8.872968] (rosapi_msgs) StderrLine: {'line': b'Call Stack (most recent call first):\n'}
[8.873524] (rosapi_msgs) StderrLine: {'line': b'  /opt/ros/foxy/install/share/ament_cmake_core/cmake/core/ament_execute_extensions.cmake:48 (include)\n'}
[8.874048] (rosapi_msgs) StderrLine: {'line': b'  /opt/ros/foxy/install/share/rosidl_cmake/cmake/rosidl_generate_interfaces.cmake:286 (ament_execute_extensions)\n'}
[8.874512] (rosapi_msgs) StderrLine: {'line': b'  CMakeLists.txt:8 (rosidl_generate_interfaces)\n'}
[8.875019] (rosapi_msgs) StderrLine: {'line': b'This warning is for project developers.  Use -Wno-dev to suppress it.\n'}
[8.875471] (rosapi_msgs) StderrLine: {'line': b'\x1b[0m\n'}
[8.883020] (-) TimerEvent: {}
[8.899417] (rosbridge_msgs) StdoutLine: {'line': b'-- Configuring done (8.5s)\n'}
[8.983210] (-) TimerEvent: {}
[8.996327] (rosapi_msgs) StdoutLine: {'line': b'-- Found PythonInterp: /usr/bin/python3 (found suitable version "3.6.9", minimum required is "3.5") \n'}
[9.007052] (rosapi_msgs) StdoutLine: {'line': b'-- Found python_cmake_module: 0.8.1 (/opt/ros/foxy/install/share/python_cmake_module/cmake)\n'}
[9.008921] (rosapi_msgs) StderrLine: {'line': b'\x1b[33mCMake Warning (dev) at /opt/ros/foxy/install/share/python_cmake_module/cmake/Modules/FindPythonExtra.cmake:45 (find_package):\n'}
[9.009575] (rosapi_msgs) StderrLine: {'line': b'  Policy CMP0148 is not set: The FindPythonInterp and FindPythonLibs modules\n'}
[9.010125] (rosapi_msgs) StderrLine: {'line': b'  are removed.  Run "cmake --help-policy CMP0148" for policy details.  Use\n'}
[9.011546] (rosapi_msgs) StderrLine: {'line': b'  the cmake_policy command to set the policy and suppress this warning.\n'}
[9.012292] (rosapi_msgs) StderrLine: {'line': b'\n'}
[9.012917] (rosapi_msgs) StderrLine: {'line': b'Call Stack (most recent call first):\n'}
[9.013493] (rosapi_msgs) StderrLine: {'line': b'  /opt/ros/foxy/install/share/rosidl_generator_py/cmake/rosidl_generator_py_generate_interfaces.cmake:23 (find_package)\n'}
[9.014094] (rosapi_msgs) StderrLine: {'line': b'  /opt/ros/foxy/install/share/ament_cmake_core/cmake/core/ament_execute_extensions.cmake:48 (include)\n'}
[9.014792] (rosapi_msgs) StderrLine: {'line': b'  /opt/ros/foxy/install/share/rosidl_cmake/cmake/rosidl_generate_interfaces.cmake:286 (ament_execute_extensions)\n'}
[9.015438] (rosapi_msgs) StderrLine: {'line': b'  CMakeLists.txt:8 (rosidl_generate_interfaces)\n'}
[9.016006] (rosapi_msgs) StderrLine: {'line': b'This warning is for project developers.  Use -Wno-dev to suppress it.\n'}
[9.016609] (rosapi_msgs) StderrLine: {'line': b'\x1b[0m\n'}
[9.083410] (-) TimerEvent: {}
[9.091230] (rosbridge_msgs) StdoutLine: {'line': b'-- Generating done (0.2s)\n'}
[9.103755] (rosbridge_msgs) StdoutLine: {'line': b'-- Build files have been written to: /ros2_ws/build/rosbridge_msgs\n'}
[9.141363] (rosapi_msgs) StderrLine: {'line': b'\x1b[33mCMake Warning (dev) at /opt/ros/foxy/install/share/python_cmake_module/cmake/Modules/FindPythonExtra.cmake:133 (find_package):\n'}
[9.142436] (rosapi_msgs) StderrLine: {'line': b'  Policy CMP0148 is not set: The FindPythonInterp and FindPythonLibs modules\n'}
[9.143347] (rosapi_msgs) StderrLine: {'line': b'  are removed.  Run "cmake --help-policy CMP0148" for policy details.  Use\n'}
[9.144035] (rosapi_msgs) StderrLine: {'line': b'  the cmake_policy command to set the policy and suppress this warning.\n'}
[9.144695] (rosapi_msgs) StderrLine: {'line': b'\n'}
[9.145302] (rosapi_msgs) StderrLine: {'line': b'Call Stack (most recent call first):\n'}
[9.145890] (rosapi_msgs) StderrLine: {'line': b'  /opt/ros/foxy/install/share/rosidl_generator_py/cmake/rosidl_generator_py_generate_interfaces.cmake:23 (find_package)\n'}
[9.146446] (rosapi_msgs) StderrLine: {'line': b'  /opt/ros/foxy/install/share/ament_cmake_core/cmake/core/ament_execute_extensions.cmake:48 (include)\n'}
[9.147165] (rosapi_msgs) StderrLine: {'line': b'  /opt/ros/foxy/install/share/rosidl_cmake/cmake/rosidl_generate_interfaces.cmake:286 (ament_execute_extensions)\n'}
[9.147828] (rosapi_msgs) StderrLine: {'line': b'  CMakeLists.txt:8 (rosidl_generate_interfaces)\n'}
[9.148368] (rosapi_msgs) StderrLine: {'line': b'This warning is for project developers.  Use -Wno-dev to suppress it.\n'}
[9.149133] (rosapi_msgs) StderrLine: {'line': b'\x1b[0m\n'}
[9.159517] (rosbridge_msgs) CommandEnded: {'returncode': 0}
[9.162187] (rosbridge_msgs) JobProgress: {'identifier': 'rosbridge_msgs', 'progress': 'build'}
[9.162515] (rosapi_msgs) StdoutLine: {'line': b'-- Found PythonLibs: /usr/lib/aarch64-linux-gnu/libpython3.6m.so (found suitable version "3.6.9", minimum required is "3.5") \n'}
[9.163757] (rosapi_msgs) StdoutLine: {'line': b'-- Using PYTHON_EXECUTABLE: /usr/bin/python3\n'}
[9.173148] (rosapi_msgs) StdoutLine: {'line': b'-- Using PYTHON_INCLUDE_DIRS: /usr/include/python3.6m\n'}
[9.173835] (rosapi_msgs) StdoutLine: {'line': b'-- Using PYTHON_LIBRARIES: /usr/lib/aarch64-linux-gnu/libpython3.6m.so\n'}
[9.174509] (rosbridge_msgs) Command: {'cmd': ['/usr/local/bin/cmake', '--build', '/ros2_ws/build/rosbridge_msgs', '--', '-j4', '-l4'], 'cwd': '/ros2_ws/build/rosbridge_msgs', 'env': OrderedDict([('OPENBLAS_CORETYPE', 'ARMV8'), ('PYTHONIOENCODING', 'utf-8'), ('HOSTNAME', 'eyerobot-desktop'), ('LD_LIBRARY_PATH', '/ros2_ws/src/install/rplidar_ros/lib:/ros2_ws/my_ros2_project/install/rosbridge_test_msgs/lib:/ros2_ws/my_ros2_project/install/rosbridge_msgs/lib:/ros2_ws/my_ros2_project/install/rosapi_msgs/lib:/opt/ros/foxy/install/opt/yaml_cpp_vendor/lib:/opt/ros/foxy/install/opt/rviz_ogre_vendor/lib:/opt/ros/foxy/install/lib:/usr/local/cuda-10.2/targets/aarch64-linux/lib:'), ('SHLVL', '1'), ('OLDPWD', '/'), ('HOME', '/root'), ('ROS_PYTHON_VERSION', '3'), ('COLCON_PREFIX_PATH', '/ros2_ws/install:/opt/ros/foxy/install:/ros2_ws/src/install:/ros2_ws/my_ros2_project/install'), ('ROS_DISTRO', 'foxy'), ('_', '/usr/bin/colcon'), ('ROS_VERSION', '2'), ('NVIDIA_DRIVER_CAPABILITIES', 'all'), ('PKG_CONFIG_PATH', '/opt/ros/foxy/install/lib/aarch64-linux-gnu/pkgconfig:/opt/ros/foxy/install/lib/pkgconfig'), ('TERM', 'xterm'), ('ROS_LOCALHOST_ONLY', '0'), ('PATH', '/opt/ros/foxy/install/bin:/usr/local/cuda-10.2/bin:/usr/local/cuda/bin:/usr/local/sbin:/usr/local/bin:/usr/sbin:/usr/bin:/sbin:/bin'), ('LANG', 'en_US.UTF-8'), ('RMW_IMPLEMENTATION', 'rmw_cyclonedds_cpp'), ('LS_COLORS', 'rs=0:di=01;34:ln=01;36:mh=00:pi=40;33:so=01;35:do=01;35:bd=40;33;01:cd=40;33;01:or=40;31;01:mi=00:su=37;41:sg=30;43:ca=30;41:tw=30;42:ow=34;42:st=37;44:ex=01;32:*.tar=01;31:*.tgz=01;31:*.arc=01;31:*.arj=01;31:*.taz=01;31:*.lha=01;31:*.lz4=01;31:*.lzh=01;31:*.lzma=01;31:*.tlz=01;31:*.txz=01;31:*.tzo=01;31:*.t7z=01;31:*.zip=01;31:*.z=01;31:*.Z=01;31:*.dz=01;31:*.gz=01;31:*.lrz=01;31:*.lz=01;31:*.lzo=01;31:*.xz=01;31:*.zst=01;31:*.tzst=01;31:*.bz2=01;31:*.bz=01;31:*.tbz=01;31:*.tbz2=01;31:*.tz=01;31:*.deb=01;31:*.rpm=01;31:*.jar=01;31:*.war=01;31:*.ear=01;31:*.sar=01;31:*.rar=01;31:*.alz=01;31:*.ace=01;31:*.zoo=01;31:*.cpio=01;31:*.7z=01;31:*.rz=01;31:*.cab=01;31:*.wim=01;31:*.swm=01;31:*.dwm=01;31:*.esd=01;31:*.jpg=01;35:*.jpeg=01;35:*.mjpg=01;35:*.mjpeg=01;35:*.gif=01;35:*.bmp=01;35:*.pbm=01;35:*.pgm=01;35:*.ppm=01;35:*.tga=01;35:*.xbm=01;35:*.xpm=01;35:*.tif=01;35:*.tiff=01;35:*.png=01;35:*.svg=01;35:*.svgz=01;35:*.mng=01;35:*.pcx=01;35:*.mov=01;35:*.mpg=01;35:*.mpeg=01;35:*.m2v=01;35:*.mkv=01;35:*.webm=01;35:*.ogm=01;35:*.mp4=01;35:*.m4v=01;35:*.mp4v=01;35:*.vob=01;35:*.qt=01;35:*.nuv=01;35:*.wmv=01;35:*.asf=01;35:*.rm=01;35:*.rmvb=01;35:*.flc=01;35:*.avi=01;35:*.fli=01;35:*.flv=01;35:*.gl=01;35:*.dl=01;35:*.xcf=01;35:*.xwd=01;35:*.yuv=01;35:*.cgm=01;35:*.emf=01;35:*.ogv=01;35:*.ogx=01;35:*.aac=00;36:*.au=00;36:*.flac=00;36:*.m4a=00;36:*.mid=00;36:*.midi=00;36:*.mka=00;36:*.mp3=00;36:*.mpc=00;36:*.ogg=00;36:*.ra=00;36:*.wav=00;36:*.oga=00;36:*.opus=00;36:*.spx=00;36:*.xspf=00;36:'), ('ROS_ROOT', '/opt/ros/foxy'), ('AMENT_PREFIX_PATH', '/ros2_ws/install/rosbridge_suite:/ros2_ws/src/install/rplidar_ros:/opt/ros/foxy/install'), ('DEBIAN_FRONTEND', 'noninteractive'), ('SHELL', '/bin/bash'), ('PWD', '/ros2_ws/build/rosbridge_msgs'), ('PYTHONPATH', '/ros2_ws/my_ros2_project/install/rosbridge_test_msgs/lib/python3.6/site-packages:/ros2_ws/my_ros2_project/install/rosbridge_server/lib/python3.6/site-packages:/ros2_ws/my_ros2_project/install/rosbridge_msgs/lib/python3.6/site-packages:/ros2_ws/my_ros2_project/install/rosapi/lib/python3.6/site-packages:/ros2_ws/my_ros2_project/install/rosbridge_library/lib/python3.6/site-packages:/ros2_ws/my_ros2_project/install/rosapi_msgs/lib/python3.6/site-packages:/opt/ros/foxy/install/lib/python3.6/site-packages'), ('NVIDIA_VISIBLE_DEVICES', 'all'), ('COLCON', '1'), ('CMAKE_PREFIX_PATH', '/ros2_ws/install/rosbridge_suite:/ros2_ws/src/install/rplidar_ros:/ros2_ws/my_ros2_project/install/rplidar_ros:/ros2_ws/my_ros2_project/install/rosbridge_test_msgs:/ros2_ws/my_ros2_project/install/rosbridge_server:/ros2_ws/my_ros2_project/install/rosbridge_msgs:/ros2_ws/my_ros2_project/install/rosapi:/ros2_ws/my_ros2_project/install/rosbridge_library:/ros2_ws/my_ros2_project/install/rosapi_msgs:/opt/ros/foxy/install')]), 'shell': False}
[9.183630] (-) TimerEvent: {}
[9.285960] (-) TimerEvent: {}
[9.290003] (rosapi_msgs) StdoutLine: {'line': b'-- Found PythonExtra: .so  \n'}
[9.386155] (-) TimerEvent: {}
[9.402213] (rosbridge_msgs) StdoutLine: {'line': b'[  2%] \x1b[34m\x1b[1mGenerating C code for ROS interfaces\x1b[0m\n'}
[9.407993] (rosbridge_msgs) StdoutLine: {'line': b'[  5%] \x1b[34m\x1b[1mGenerating C++ code for ROS interfaces\x1b[0m\n'}
[9.486355] (-) TimerEvent: {}
[9.587271] (-) TimerEvent: {}
[9.689369] (-) TimerEvent: {}
[9.791644] (-) TimerEvent: {}
[9.893725] (-) TimerEvent: {}
[9.995726] (-) TimerEvent: {}
[9.998194] (rosbridge_test_msgs) StdoutLine: {'line': b'-- Using all available rosidl_typesupport_c: rosidl_typesupport_fastrtps_c;rosidl_typesupport_introspection_c\n'}
[10.095919] (-) TimerEvent: {}
[10.196822] (-) TimerEvent: {}
[10.272760] (rosapi_msgs) StdoutLine: {'line': b'-- Using numpy include directory: /usr/local/lib/python3.6/dist-packages/numpy/core/include\n'}
[10.297012] (-) TimerEvent: {}
[10.397881] (-) TimerEvent: {}
[10.458342] (rosapi_msgs) StdoutLine: {'line': b'-- Configuring done (10.1s)\n'}
[10.498086] (-) TimerEvent: {}
[10.600174] (-) TimerEvent: {}
[10.702206] (-) TimerEvent: {}
[10.764005] (rosbridge_test_msgs) StdoutLine: {'line': b'-- Using all available rosidl_typesupport_cpp: rosidl_typesupport_fastrtps_cpp;rosidl_typesupport_introspection_cpp\n'}
[10.787573] (rosbridge_test_msgs) StderrLine: {'line': b'\x1b[33mCMake Warning (dev) at /opt/ros/foxy/install/share/rosidl_generator_py/cmake/rosidl_generator_py_generate_interfaces.cmake:20 (find_package):\n'}
[10.788344] (rosbridge_test_msgs) StderrLine: {'line': b'  Policy CMP0148 is not set: The FindPythonInterp and FindPythonLibs modules\n'}
[10.788887] (rosbridge_test_msgs) StderrLine: {'line': b'  are removed.  Run "cmake --help-policy CMP0148" for policy details.  Use\n'}
[10.789432] (rosbridge_test_msgs) StderrLine: {'line': b'  the cmake_policy command to set the policy and suppress this warning.\n'}
[10.789949] (rosbridge_test_msgs) StderrLine: {'line': b'\n'}
[10.790451] (rosbridge_test_msgs) StderrLine: {'line': b'Call Stack (most recent call first):\n'}
[10.791048] (rosbridge_test_msgs) StderrLine: {'line': b'  /opt/ros/foxy/install/share/ament_cmake_core/cmake/core/ament_execute_extensions.cmake:48 (include)\n'}
[10.791595] (rosbridge_test_msgs) StderrLine: {'line': b'  /opt/ros/foxy/install/share/rosidl_cmake/cmake/rosidl_generate_interfaces.cmake:286 (ament_execute_extensions)\n'}
[10.792124] (rosbridge_test_msgs) StderrLine: {'line': b'  CMakeLists.txt:11 (rosidl_generate_interfaces)\n'}
[10.792680] (rosbridge_test_msgs) StderrLine: {'line': b'This warning is for project developers.  Use -Wno-dev to suppress it.\n'}
[10.793254] (rosbridge_test_msgs) StderrLine: {'line': b'\x1b[0m\n'}
[10.802403] (-) TimerEvent: {}
[10.894915] (rosapi_msgs) StdoutLine: {'line': b'-- Generating done (0.3s)\n'}
[10.902611] (-) TimerEvent: {}
[10.909600] (rosapi_msgs) StdoutLine: {'line': b'-- Build files have been written to: /ros2_ws/build/rosapi_msgs\n'}
[10.910761] (rosbridge_test_msgs) StdoutLine: {'line': b'-- Found PythonInterp: /usr/bin/python3 (found suitable version "3.6.9", minimum required is "3.5") \n'}
[10.922124] (rosbridge_test_msgs) StdoutLine: {'line': b'-- Found python_cmake_module: 0.8.1 (/opt/ros/foxy/install/share/python_cmake_module/cmake)\n'}
[10.925254] (rosbridge_test_msgs) StderrLine: {'line': b'\x1b[33mCMake Warning (dev) at /opt/ros/foxy/install/share/python_cmake_module/cmake/Modules/FindPythonExtra.cmake:45 (find_package):\n'}
[10.926215] (rosbridge_test_msgs) StderrLine: {'line': b'  Policy CMP0148 is not set: The FindPythonInterp and FindPythonLibs modules\n'}
[10.927109] (rosbridge_test_msgs) StderrLine: {'line': b'  are removed.  Run "cmake --help-policy CMP0148" for policy details.  Use\n'}
[10.928022] (rosbridge_test_msgs) StderrLine: {'line': b'  the cmake_policy command to set the policy and suppress this warning.\n'}
[10.928588] (rosbridge_test_msgs) StderrLine: {'line': b'\n'}
[10.929085] (rosbridge_test_msgs) StderrLine: {'line': b'Call Stack (most recent call first):\n'}
[10.929573] (rosbridge_test_msgs) StderrLine: {'line': b'  /opt/ros/foxy/install/share/rosidl_generator_py/cmake/rosidl_generator_py_generate_interfaces.cmake:23 (find_package)\n'}
[10.930393] (rosbridge_test_msgs) StderrLine: {'line': b'  /opt/ros/foxy/install/share/ament_cmake_core/cmake/core/ament_execute_extensions.cmake:48 (include)\n'}
[10.931578] (rosbridge_test_msgs) StderrLine: {'line': b'  /opt/ros/foxy/install/share/rosidl_cmake/cmake/rosidl_generate_interfaces.cmake:286 (ament_execute_extensions)\n'}
[10.935831] (rosbridge_test_msgs) StderrLine: {'line': b'  CMakeLists.txt:11 (rosidl_generate_interfaces)\n'}
[10.936982] (rosbridge_test_msgs) StderrLine: {'line': b'This warning is for project developers.  Use -Wno-dev to suppress it.\n'}
[10.938004] (rosbridge_test_msgs) StderrLine: {'line': b'\x1b[0m\n'}
[10.971090] (rosapi_msgs) CommandEnded: {'returncode': 0}
[10.972749] (rosapi_msgs) JobProgress: {'identifier': 'rosapi_msgs', 'progress': 'build'}
[10.972912] (rosapi_msgs) Command: {'cmd': ['/usr/local/bin/cmake', '--build', '/ros2_ws/build/rosapi_msgs', '--', '-j4', '-l4'], 'cwd': '/ros2_ws/build/rosapi_msgs', 'env': OrderedDict([('OPENBLAS_CORETYPE', 'ARMV8'), ('PYTHONIOENCODING', 'utf-8'), ('HOSTNAME', 'eyerobot-desktop'), ('LD_LIBRARY_PATH', '/ros2_ws/src/install/rplidar_ros/lib:/ros2_ws/my_ros2_project/install/rosbridge_test_msgs/lib:/ros2_ws/my_ros2_project/install/rosbridge_msgs/lib:/ros2_ws/my_ros2_project/install/rosapi_msgs/lib:/opt/ros/foxy/install/opt/yaml_cpp_vendor/lib:/opt/ros/foxy/install/opt/rviz_ogre_vendor/lib:/opt/ros/foxy/install/lib:/usr/local/cuda-10.2/targets/aarch64-linux/lib:'), ('SHLVL', '1'), ('OLDPWD', '/'), ('HOME', '/root'), ('ROS_PYTHON_VERSION', '3'), ('COLCON_PREFIX_PATH', '/ros2_ws/install:/opt/ros/foxy/install:/ros2_ws/src/install:/ros2_ws/my_ros2_project/install'), ('ROS_DISTRO', 'foxy'), ('_', '/usr/bin/colcon'), ('ROS_VERSION', '2'), ('NVIDIA_DRIVER_CAPABILITIES', 'all'), ('PKG_CONFIG_PATH', '/opt/ros/foxy/install/lib/aarch64-linux-gnu/pkgconfig:/opt/ros/foxy/install/lib/pkgconfig'), ('TERM', 'xterm'), ('ROS_LOCALHOST_ONLY', '0'), ('PATH', '/opt/ros/foxy/install/bin:/usr/local/cuda-10.2/bin:/usr/local/cuda/bin:/usr/local/sbin:/usr/local/bin:/usr/sbin:/usr/bin:/sbin:/bin'), ('LANG', 'en_US.UTF-8'), ('RMW_IMPLEMENTATION', 'rmw_cyclonedds_cpp'), ('LS_COLORS', 'rs=0:di=01;34:ln=01;36:mh=00:pi=40;33:so=01;35:do=01;35:bd=40;33;01:cd=40;33;01:or=40;31;01:mi=00:su=37;41:sg=30;43:ca=30;41:tw=30;42:ow=34;42:st=37;44:ex=01;32:*.tar=01;31:*.tgz=01;31:*.arc=01;31:*.arj=01;31:*.taz=01;31:*.lha=01;31:*.lz4=01;31:*.lzh=01;31:*.lzma=01;31:*.tlz=01;31:*.txz=01;31:*.tzo=01;31:*.t7z=01;31:*.zip=01;31:*.z=01;31:*.Z=01;31:*.dz=01;31:*.gz=01;31:*.lrz=01;31:*.lz=01;31:*.lzo=01;31:*.xz=01;31:*.zst=01;31:*.tzst=01;31:*.bz2=01;31:*.bz=01;31:*.tbz=01;31:*.tbz2=01;31:*.tz=01;31:*.deb=01;31:*.rpm=01;31:*.jar=01;31:*.war=01;31:*.ear=01;31:*.sar=01;31:*.rar=01;31:*.alz=01;31:*.ace=01;31:*.zoo=01;31:*.cpio=01;31:*.7z=01;31:*.rz=01;31:*.cab=01;31:*.wim=01;31:*.swm=01;31:*.dwm=01;31:*.esd=01;31:*.jpg=01;35:*.jpeg=01;35:*.mjpg=01;35:*.mjpeg=01;35:*.gif=01;35:*.bmp=01;35:*.pbm=01;35:*.pgm=01;35:*.ppm=01;35:*.tga=01;35:*.xbm=01;35:*.xpm=01;35:*.tif=01;35:*.tiff=01;35:*.png=01;35:*.svg=01;35:*.svgz=01;35:*.mng=01;35:*.pcx=01;35:*.mov=01;35:*.mpg=01;35:*.mpeg=01;35:*.m2v=01;35:*.mkv=01;35:*.webm=01;35:*.ogm=01;35:*.mp4=01;35:*.m4v=01;35:*.mp4v=01;35:*.vob=01;35:*.qt=01;35:*.nuv=01;35:*.wmv=01;35:*.asf=01;35:*.rm=01;35:*.rmvb=01;35:*.flc=01;35:*.avi=01;35:*.fli=01;35:*.flv=01;35:*.gl=01;35:*.dl=01;35:*.xcf=01;35:*.xwd=01;35:*.yuv=01;35:*.cgm=01;35:*.emf=01;35:*.ogv=01;35:*.ogx=01;35:*.aac=00;36:*.au=00;36:*.flac=00;36:*.m4a=00;36:*.mid=00;36:*.midi=00;36:*.mka=00;36:*.mp3=00;36:*.mpc=00;36:*.ogg=00;36:*.ra=00;36:*.wav=00;36:*.oga=00;36:*.opus=00;36:*.spx=00;36:*.xspf=00;36:'), ('ROS_ROOT', '/opt/ros/foxy'), ('AMENT_PREFIX_PATH', '/ros2_ws/install/rosbridge_suite:/ros2_ws/src/install/rplidar_ros:/opt/ros/foxy/install'), ('DEBIAN_FRONTEND', 'noninteractive'), ('SHELL', '/bin/bash'), ('PWD', '/ros2_ws/build/rosapi_msgs'), ('PYTHONPATH', '/ros2_ws/my_ros2_project/install/rosbridge_test_msgs/lib/python3.6/site-packages:/ros2_ws/my_ros2_project/install/rosbridge_server/lib/python3.6/site-packages:/ros2_ws/my_ros2_project/install/rosbridge_msgs/lib/python3.6/site-packages:/ros2_ws/my_ros2_project/install/rosapi/lib/python3.6/site-packages:/ros2_ws/my_ros2_project/install/rosbridge_library/lib/python3.6/site-packages:/ros2_ws/my_ros2_project/install/rosapi_msgs/lib/python3.6/site-packages:/opt/ros/foxy/install/lib/python3.6/site-packages'), ('NVIDIA_VISIBLE_DEVICES', 'all'), ('COLCON', '1'), ('CMAKE_PREFIX_PATH', '/ros2_ws/install/rosbridge_suite:/ros2_ws/src/install/rplidar_ros:/ros2_ws/my_ros2_project/install/rplidar_ros:/ros2_ws/my_ros2_project/install/rosbridge_test_msgs:/ros2_ws/my_ros2_project/install/rosbridge_server:/ros2_ws/my_ros2_project/install/rosbridge_msgs:/ros2_ws/my_ros2_project/install/rosapi:/ros2_ws/my_ros2_project/install/rosbridge_library:/ros2_ws/my_ros2_project/install/rosapi_msgs:/opt/ros/foxy/install')]), 'shell': False}
[11.002848] (-) TimerEvent: {}
[11.067778] (rosbridge_test_msgs) StderrLine: {'line': b'\x1b[33mCMake Warning (dev) at /opt/ros/foxy/install/share/python_cmake_module/cmake/Modules/FindPythonExtra.cmake:133 (find_package):\n'}
[11.068677] (rosbridge_test_msgs) StderrLine: {'line': b'  Policy CMP0148 is not set: The FindPythonInterp and FindPythonLibs modules\n'}
[11.069242] (rosbridge_test_msgs) StderrLine: {'line': b'  are removed.  Run "cmake --help-policy CMP0148" for policy details.  Use\n'}
[11.069711] (rosbridge_test_msgs) StderrLine: {'line': b'  the cmake_policy command to set the policy and suppress this warning.\n'}
[11.070177] (rosbridge_test_msgs) StderrLine: {'line': b'\n'}
[11.070657] (rosbridge_test_msgs) StderrLine: {'line': b'Call Stack (most recent call first):\n'}
[11.071170] (rosbridge_test_msgs) StderrLine: {'line': b'  /opt/ros/foxy/install/share/rosidl_generator_py/cmake/rosidl_generator_py_generate_interfaces.cmake:23 (find_package)\n'}
[11.071614] (rosbridge_test_msgs) StderrLine: {'line': b'  /opt/ros/foxy/install/share/ament_cmake_core/cmake/core/ament_execute_extensions.cmake:48 (include)\n'}
[11.072079] (rosbridge_test_msgs) StderrLine: {'line': b'  /opt/ros/foxy/install/share/rosidl_cmake/cmake/rosidl_generate_interfaces.cmake:286 (ament_execute_extensions)\n'}
[11.072557] (rosbridge_test_msgs) StderrLine: {'line': b'  CMakeLists.txt:11 (rosidl_generate_interfaces)\n'}
[11.073000] (rosbridge_test_msgs) StderrLine: {'line': b'This warning is for project developers.  Use -Wno-dev to suppress it.\n'}
[11.073444] (rosbridge_test_msgs) StderrLine: {'line': b'\x1b[0m\n'}
[11.091275] (rosbridge_test_msgs) StdoutLine: {'line': b'-- Found PythonLibs: /usr/lib/aarch64-linux-gnu/libpython3.6m.so (found suitable version "3.6.9", minimum required is "3.5") \n'}
[11.093399] (rosbridge_test_msgs) StdoutLine: {'line': b'-- Using PYTHON_EXECUTABLE: /usr/bin/python3\n'}
[11.094421] (rosbridge_test_msgs) StdoutLine: {'line': b'-- Using PYTHON_INCLUDE_DIRS: /usr/include/python3.6m\n'}
[11.095336] (rosbridge_test_msgs) StdoutLine: {'line': b'-- Using PYTHON_LIBRARIES: /usr/lib/aarch64-linux-gnu/libpython3.6m.so\n'}
[11.102987] (-) TimerEvent: {}
[11.204854] (-) TimerEvent: {}
[11.226083] (rosbridge_test_msgs) StdoutLine: {'line': b'-- Found PythonExtra: .so  \n'}
[11.305046] (-) TimerEvent: {}
[11.306983] (rosapi_msgs) StdoutLine: {'line': b'[  1%] \x1b[34m\x1b[1mGenerating C code for ROS interfaces\x1b[0m\n'}
[11.405366] (-) TimerEvent: {}
[11.406535] (rosapi_msgs) StdoutLine: {'line': b'[  1%] \x1b[34m\x1b[1mGenerating C++ code for ROS interfaces\x1b[0m\n'}
[11.505548] (-) TimerEvent: {}
[11.533874] (rosbridge_msgs) StdoutLine: {'line': b'[  5%] Built target rosbridge_msgs__cpp\n'}
[11.605907] (-) TimerEvent: {}
[11.625463] (rosbridge_msgs) StdoutLine: {'line': b'[  7%] \x1b[34m\x1b[1mGenerating C++ type support dispatch for ROS interfaces\x1b[0m\n'}
[11.652514] (rosbridge_msgs) StdoutLine: {'line': b'[ 10%] \x1b[34m\x1b[1mGenerating C++ type support for eProsima Fast-RTPS\x1b[0m\n'}
[11.673166] (rosbridge_msgs) StdoutLine: {'line': b'[ 12%] \x1b[34m\x1b[1mGenerating C++ introspection for ROS interfaces\x1b[0m\n'}
[11.698304] (rosbridge_msgs) StdoutLine: {'line': b'[ 15%] \x1b[32mBuilding C object CMakeFiles/rosbridge_msgs__rosidl_generator_c.dir/rosidl_generator_c/rosbridge_msgs/msg/detail/connected_client__functions.c.o\x1b[0m\n'}
[11.706086] (-) TimerEvent: {}
[11.809565] (-) TimerEvent: {}
[11.910525] (-) TimerEvent: {}
[12.011468] (-) TimerEvent: {}
[12.112381] (-) TimerEvent: {}
[12.155016] (rosbridge_msgs) StdoutLine: {'line': b'[ 17%] \x1b[32mBuilding C object CMakeFiles/rosbridge_msgs__rosidl_generator_c.dir/rosidl_generator_c/rosbridge_msgs/msg/detail/connected_clients__functions.c.o\x1b[0m\n'}
[12.212578] (-) TimerEvent: {}
[12.314974] (-) TimerEvent: {}
[12.415822] (-) TimerEvent: {}
[12.518155] (-) TimerEvent: {}
[12.537166] (rosbridge_msgs) StdoutLine: {'line': b'[ 20%] \x1b[32m\x1b[1mLinking C shared library librosbridge_msgs__rosidl_generator_c.so\x1b[0m\n'}
[12.618344] (-) TimerEvent: {}
[12.720454] (-) TimerEvent: {}
[12.787938] (rosbridge_msgs) StdoutLine: {'line': b'[ 20%] Built target rosbridge_msgs__rosidl_generator_c\n'}
[12.820717] (-) TimerEvent: {}
[12.846970] (rosbridge_msgs) StdoutLine: {'line': b'[ 23%] \x1b[34m\x1b[1mGenerating C introspection for ROS interfaces\x1b[0m\n'}
[12.920894] (-) TimerEvent: {}
[13.021723] (-) TimerEvent: {}
[13.122563] (-) TimerEvent: {}
[13.167544] (rosbridge_test_msgs) StdoutLine: {'line': b'-- Using numpy include directory: /usr/local/lib/python3.6/dist-packages/numpy/core/include\n'}
[13.222777] (-) TimerEvent: {}
[13.324928] (-) TimerEvent: {}
[13.425781] (-) TimerEvent: {}
[13.526643] (-) TimerEvent: {}
[13.532514] (rosbridge_test_msgs) StdoutLine: {'line': b'-- Configuring done (13.1s)\n'}
[13.626841] (-) TimerEvent: {}
[13.729003] (-) TimerEvent: {}
[13.831123] (-) TimerEvent: {}
[13.933295] (-) TimerEvent: {}
[14.034099] (-) TimerEvent: {}
[14.134923] (-) TimerEvent: {}
[14.235709] (-) TimerEvent: {}
[14.336549] (-) TimerEvent: {}
[14.438728] (-) TimerEvent: {}
[14.444651] (rosbridge_test_msgs) StdoutLine: {'line': b'-- Generating done (0.7s)\n'}
[14.476804] (rosbridge_test_msgs) StdoutLine: {'line': b'-- Build files have been written to: /ros2_ws/build/rosbridge_test_msgs\n'}
[14.538903] (-) TimerEvent: {}
[14.612512] (rosbridge_test_msgs) CommandEnded: {'returncode': 0}
[14.616955] (rosbridge_test_msgs) JobProgress: {'identifier': 'rosbridge_test_msgs', 'progress': 'build'}
[14.617250] (rosbridge_test_msgs) Command: {'cmd': ['/usr/local/bin/cmake', '--build', '/ros2_ws/build/rosbridge_test_msgs', '--', '-j4', '-l4'], 'cwd': '/ros2_ws/build/rosbridge_test_msgs', 'env': OrderedDict([('OPENBLAS_CORETYPE', 'ARMV8'), ('PYTHONIOENCODING', 'utf-8'), ('HOSTNAME', 'eyerobot-desktop'), ('LD_LIBRARY_PATH', '/ros2_ws/src/install/rplidar_ros/lib:/ros2_ws/my_ros2_project/install/rosbridge_test_msgs/lib:/ros2_ws/my_ros2_project/install/rosbridge_msgs/lib:/ros2_ws/my_ros2_project/install/rosapi_msgs/lib:/opt/ros/foxy/install/opt/yaml_cpp_vendor/lib:/opt/ros/foxy/install/opt/rviz_ogre_vendor/lib:/opt/ros/foxy/install/lib:/usr/local/cuda-10.2/targets/aarch64-linux/lib:'), ('SHLVL', '1'), ('OLDPWD', '/'), ('HOME', '/root'), ('ROS_PYTHON_VERSION', '3'), ('COLCON_PREFIX_PATH', '/ros2_ws/install:/opt/ros/foxy/install:/ros2_ws/src/install:/ros2_ws/my_ros2_project/install'), ('ROS_DISTRO', 'foxy'), ('_', '/usr/bin/colcon'), ('ROS_VERSION', '2'), ('NVIDIA_DRIVER_CAPABILITIES', 'all'), ('PKG_CONFIG_PATH', '/opt/ros/foxy/install/lib/aarch64-linux-gnu/pkgconfig:/opt/ros/foxy/install/lib/pkgconfig'), ('TERM', 'xterm'), ('ROS_LOCALHOST_ONLY', '0'), ('PATH', '/opt/ros/foxy/install/bin:/usr/local/cuda-10.2/bin:/usr/local/cuda/bin:/usr/local/sbin:/usr/local/bin:/usr/sbin:/usr/bin:/sbin:/bin'), ('LANG', 'en_US.UTF-8'), ('RMW_IMPLEMENTATION', 'rmw_cyclonedds_cpp'), ('LS_COLORS', 'rs=0:di=01;34:ln=01;36:mh=00:pi=40;33:so=01;35:do=01;35:bd=40;33;01:cd=40;33;01:or=40;31;01:mi=00:su=37;41:sg=30;43:ca=30;41:tw=30;42:ow=34;42:st=37;44:ex=01;32:*.tar=01;31:*.tgz=01;31:*.arc=01;31:*.arj=01;31:*.taz=01;31:*.lha=01;31:*.lz4=01;31:*.lzh=01;31:*.lzma=01;31:*.tlz=01;31:*.txz=01;31:*.tzo=01;31:*.t7z=01;31:*.zip=01;31:*.z=01;31:*.Z=01;31:*.dz=01;31:*.gz=01;31:*.lrz=01;31:*.lz=01;31:*.lzo=01;31:*.xz=01;31:*.zst=01;31:*.tzst=01;31:*.bz2=01;31:*.bz=01;31:*.tbz=01;31:*.tbz2=01;31:*.tz=01;31:*.deb=01;31:*.rpm=01;31:*.jar=01;31:*.war=01;31:*.ear=01;31:*.sar=01;31:*.rar=01;31:*.alz=01;31:*.ace=01;31:*.zoo=01;31:*.cpio=01;31:*.7z=01;31:*.rz=01;31:*.cab=01;31:*.wim=01;31:*.swm=01;31:*.dwm=01;31:*.esd=01;31:*.jpg=01;35:*.jpeg=01;35:*.mjpg=01;35:*.mjpeg=01;35:*.gif=01;35:*.bmp=01;35:*.pbm=01;35:*.pgm=01;35:*.ppm=01;35:*.tga=01;35:*.xbm=01;35:*.xpm=01;35:*.tif=01;35:*.tiff=01;35:*.png=01;35:*.svg=01;35:*.svgz=01;35:*.mng=01;35:*.pcx=01;35:*.mov=01;35:*.mpg=01;35:*.mpeg=01;35:*.m2v=01;35:*.mkv=01;35:*.webm=01;35:*.ogm=01;35:*.mp4=01;35:*.m4v=01;35:*.mp4v=01;35:*.vob=01;35:*.qt=01;35:*.nuv=01;35:*.wmv=01;35:*.asf=01;35:*.rm=01;35:*.rmvb=01;35:*.flc=01;35:*.avi=01;35:*.fli=01;35:*.flv=01;35:*.gl=01;35:*.dl=01;35:*.xcf=01;35:*.xwd=01;35:*.yuv=01;35:*.cgm=01;35:*.emf=01;35:*.ogv=01;35:*.ogx=01;35:*.aac=00;36:*.au=00;36:*.flac=00;36:*.m4a=00;36:*.mid=00;36:*.midi=00;36:*.mka=00;36:*.mp3=00;36:*.mpc=00;36:*.ogg=00;36:*.ra=00;36:*.wav=00;36:*.oga=00;36:*.opus=00;36:*.spx=00;36:*.xspf=00;36:'), ('ROS_ROOT', '/opt/ros/foxy'), ('AMENT_PREFIX_PATH', '/ros2_ws/install/rosbridge_suite:/ros2_ws/src/install/rplidar_ros:/opt/ros/foxy/install'), ('DEBIAN_FRONTEND', 'noninteractive'), ('SHELL', '/bin/bash'), ('PWD', '/ros2_ws/build/rosbridge_test_msgs'), ('PYTHONPATH', '/ros2_ws/my_ros2_project/install/rosbridge_test_msgs/lib/python3.6/site-packages:/ros2_ws/my_ros2_project/install/rosbridge_server/lib/python3.6/site-packages:/ros2_ws/my_ros2_project/install/rosbridge_msgs/lib/python3.6/site-packages:/ros2_ws/my_ros2_project/install/rosapi/lib/python3.6/site-packages:/ros2_ws/my_ros2_project/install/rosbridge_library/lib/python3.6/site-packages:/ros2_ws/my_ros2_project/install/rosapi_msgs/lib/python3.6/site-packages:/opt/ros/foxy/install/lib/python3.6/site-packages'), ('NVIDIA_VISIBLE_DEVICES', 'all'), ('COLCON', '1'), ('CMAKE_PREFIX_PATH', '/ros2_ws/install/rosbridge_suite:/ros2_ws/src/install/rplidar_ros:/ros2_ws/my_ros2_project/install/rplidar_ros:/ros2_ws/my_ros2_project/install/rosbridge_test_msgs:/ros2_ws/my_ros2_project/install/rosbridge_server:/ros2_ws/my_ros2_project/install/rosbridge_msgs:/ros2_ws/my_ros2_project/install/rosapi:/ros2_ws/my_ros2_project/install/rosbridge_library:/ros2_ws/my_ros2_project/install/rosapi_msgs:/opt/ros/foxy/install')]), 'shell': False}
[14.619256] (rosbridge_msgs) StdoutLine: {'line': b'[ 25%] \x1b[32mBuilding CXX object CMakeFiles/rosbridge_msgs__rosidl_typesupport_cpp.dir/rosidl_typesupport_cpp/rosbridge_msgs/msg/connected_client__type_support.cpp.o\x1b[0m\n'}
[14.639102] (-) TimerEvent: {}
[14.740102] (-) TimerEvent: {}
[14.745995] (rosbridge_msgs) StdoutLine: {'line': b'[ 28%] \x1b[32mBuilding CXX object CMakeFiles/rosbridge_msgs__rosidl_typesupport_introspection_cpp.dir/rosidl_typesupport_introspection_cpp/rosbridge_msgs/msg/detail/connected_client__type_support.cpp.o\x1b[0m\n'}
[14.840316] (-) TimerEvent: {}
[14.946533] (-) TimerEvent: {}
[15.047374] (-) TimerEvent: {}
[15.132420] (rosbridge_msgs) StdoutLine: {'line': b'[ 30%] \x1b[32mBuilding CXX object CMakeFiles/rosbridge_msgs__rosidl_typesupport_fastrtps_cpp.dir/rosidl_typesupport_fastrtps_cpp/rosbridge_msgs/msg/detail/dds_fastrtps/connected_client__type_support.cpp.o\x1b[0m\n'}
[15.147573] (-) TimerEvent: {}
[15.249535] (-) TimerEvent: {}
[15.270382] (rosbridge_test_msgs) StdoutLine: {'line': b'[  1%] \x1b[34m\x1b[1mGenerating C code for ROS interfaces\x1b[0m\n'}
[15.349732] (-) TimerEvent: {}
[15.351760] (rosbridge_test_msgs) StdoutLine: {'line': b'[  1%] \x1b[34m\x1b[1mGenerating C++ code for ROS interfaces\x1b[0m\n'}
[15.449937] (-) TimerEvent: {}
[15.550805] (-) TimerEvent: {}
[15.651814] (-) TimerEvent: {}
[15.753896] (-) TimerEvent: {}
[15.856230] (-) TimerEvent: {}
[15.962029] (-) TimerEvent: {}
[16.062947] (-) TimerEvent: {}
[16.165528] (-) TimerEvent: {}
[16.267971] (-) TimerEvent: {}
[16.370437] (-) TimerEvent: {}
[16.426000] (rosbridge_msgs) StdoutLine: {'line': b'[ 33%] \x1b[32mBuilding C object CMakeFiles/rosbridge_msgs__rosidl_typesupport_introspection_c.dir/rosidl_typesupport_introspection_c/rosbridge_msgs/msg/detail/connected_client__type_support.c.o\x1b[0m\n'}
[16.470690] (-) TimerEvent: {}
[16.573069] (-) TimerEvent: {}
[16.619135] (rosbridge_msgs) StdoutLine: {'line': b'[ 35%] \x1b[32mBuilding CXX object CMakeFiles/rosbridge_msgs__rosidl_typesupport_introspection_cpp.dir/rosidl_typesupport_introspection_cpp/rosbridge_msgs/msg/detail/connected_clients__type_support.cpp.o\x1b[0m\n'}
[16.673280] (-) TimerEvent: {}
[16.757765] (rosbridge_msgs) StdoutLine: {'line': b'[ 38%] \x1b[32mBuilding C object CMakeFiles/rosbridge_msgs__rosidl_typesupport_introspection_c.dir/rosidl_typesupport_introspection_c/rosbridge_msgs/msg/detail/connected_clients__type_support.c.o\x1b[0m\n'}
[16.773501] (-) TimerEvent: {}
[16.874390] (-) TimerEvent: {}
[16.950293] (rosbridge_msgs) StdoutLine: {'line': b'[ 41%] \x1b[32mBuilding CXX object CMakeFiles/rosbridge_msgs__rosidl_typesupport_cpp.dir/rosidl_typesupport_cpp/rosbridge_msgs/msg/connected_clients__type_support.cpp.o\x1b[0m\n'}
[16.974587] (-) TimerEvent: {}
[17.069681] (rosbridge_msgs) StdoutLine: {'line': b'[ 43%] \x1b[32m\x1b[1mLinking C shared library librosbridge_msgs__rosidl_typesupport_introspection_c.so\x1b[0m\n'}
[17.074780] (-) TimerEvent: {}
[17.176090] (-) TimerEvent: {}
[17.278330] (-) TimerEvent: {}
[17.315723] (rosbridge_msgs) StdoutLine: {'line': b'[ 43%] Built target rosbridge_msgs__rosidl_typesupport_introspection_c\n'}
[17.374955] (rosbridge_msgs) StdoutLine: {'line': b'[ 46%] \x1b[34m\x1b[1mGenerating C type support dispatch for ROS interfaces\x1b[0m\n'}
[17.378515] (-) TimerEvent: {}
[17.482038] (-) TimerEvent: {}
[17.584076] (-) TimerEvent: {}
[17.686374] (-) TimerEvent: {}
[17.789024] (-) TimerEvent: {}
[17.890730] (-) TimerEvent: {}
[17.993162] (-) TimerEvent: {}
[18.094909] (-) TimerEvent: {}
[18.191712] (rosbridge_msgs) StdoutLine: {'line': b'[ 48%] \x1b[32mBuilding CXX object CMakeFiles/rosbridge_msgs__rosidl_typesupport_fastrtps_cpp.dir/rosidl_typesupport_fastrtps_cpp/rosbridge_msgs/msg/detail/dds_fastrtps/connected_clients__type_support.cpp.o\x1b[0m\n'}
[18.195071] (-) TimerEvent: {}
[18.297169] (-) TimerEvent: {}
[18.399315] (-) TimerEvent: {}
[18.501203] (-) TimerEvent: {}
[18.603392] (-) TimerEvent: {}
[18.705409] (-) TimerEvent: {}
[18.807776] (-) TimerEvent: {}
[18.909913] (-) TimerEvent: {}
[19.011677] (-) TimerEvent: {}
[19.057216] (rosbridge_msgs) StdoutLine: {'line': b'[ 51%] \x1b[32m\x1b[1mLinking CXX shared library librosbridge_msgs__rosidl_typesupport_introspection_cpp.so\x1b[0m\n'}
[19.111879] (-) TimerEvent: {}
[19.186033] (rosbridge_msgs) StdoutLine: {'line': b'[ 53%] \x1b[32m\x1b[1mLinking CXX shared library librosbridge_msgs__rosidl_typesupport_cpp.so\x1b[0m\n'}
[19.212072] (-) TimerEvent: {}
[19.312905] (-) TimerEvent: {}
[19.400830] (rosbridge_msgs) StdoutLine: {'line': b'[ 53%] Built target rosbridge_msgs__rosidl_typesupport_cpp\n'}
[19.413096] (-) TimerEvent: {}
[19.515383] (-) TimerEvent: {}
[19.598914] (rosbridge_msgs) StdoutLine: {'line': b'[ 53%] Built target rosbridge_msgs__rosidl_typesupport_introspection_cpp\n'}
[19.615567] (-) TimerEvent: {}
[19.717643] (-) TimerEvent: {}
[19.819812] (-) TimerEvent: {}
[19.921692] (-) TimerEvent: {}
[20.023650] (-) TimerEvent: {}
[20.126152] (-) TimerEvent: {}
[20.226989] (-) TimerEvent: {}
[20.327798] (-) TimerEvent: {}
[20.430014] (-) TimerEvent: {}
[20.532230] (-) TimerEvent: {}
[20.633111] (-) TimerEvent: {}
[20.699423] (rosbridge_msgs) StdoutLine: {'line': b'[ 56%] \x1b[32mBuilding CXX object CMakeFiles/rosbridge_msgs__rosidl_typesupport_c.dir/rosidl_typesupport_c/rosbridge_msgs/msg/connected_client__type_support.cpp.o\x1b[0m\n'}
[20.711036] (rosbridge_msgs) StdoutLine: {'line': b'[ 58%] \x1b[32mBuilding CXX object CMakeFiles/rosbridge_msgs__rosidl_typesupport_c.dir/rosidl_typesupport_c/rosbridge_msgs/msg/connected_clients__type_support.cpp.o\x1b[0m\n'}
[20.733318] (-) TimerEvent: {}
[20.834225] (-) TimerEvent: {}
[20.906194] (rosbridge_msgs) StdoutLine: {'line': b'[ 61%] \x1b[32m\x1b[1mLinking CXX shared library librosbridge_msgs__rosidl_typesupport_fastrtps_cpp.so\x1b[0m\n'}
[20.934415] (-) TimerEvent: {}
[20.957487] (rosbridge_msgs) StdoutLine: {'line': b'[ 64%] \x1b[32m\x1b[1mLinking CXX shared library librosbridge_msgs__rosidl_typesupport_c.so\x1b[0m\n'}
[21.034611] (-) TimerEvent: {}
[21.135565] (-) TimerEvent: {}
[21.218494] (rosbridge_msgs) StdoutLine: {'line': b'[ 64%] Built target rosbridge_msgs__rosidl_typesupport_c\n'}
[21.235768] (-) TimerEvent: {}
[21.337326] (-) TimerEvent: {}
[21.438098] (-) TimerEvent: {}
[21.477079] (rosbridge_msgs) StdoutLine: {'line': b'[ 64%] Built target rosbridge_msgs__rosidl_typesupport_fastrtps_cpp\n'}
[21.538303] (-) TimerEvent: {}
[21.554099] (rosbridge_msgs) StdoutLine: {'line': b'[ 66%] \x1b[34m\x1b[1mGenerating C type support for eProsima Fast-RTPS\x1b[0m\n'}
[21.638492] (-) TimerEvent: {}
[21.740660] (-) TimerEvent: {}
[21.842920] (-) TimerEvent: {}
[21.945046] (-) TimerEvent: {}
[22.045841] (-) TimerEvent: {}
[22.147720] (-) TimerEvent: {}
[22.249822] (-) TimerEvent: {}
[22.351893] (-) TimerEvent: {}
[22.453949] (-) TimerEvent: {}
[22.555888] (-) TimerEvent: {}
[22.657665] (-) TimerEvent: {}
[22.759873] (-) TimerEvent: {}
[22.862107] (-) TimerEvent: {}
[22.964182] (-) TimerEvent: {}
[23.065991] (-) TimerEvent: {}
[23.169064] (-) TimerEvent: {}
[23.271276] (-) TimerEvent: {}
[23.373348] (-) TimerEvent: {}
[23.475586] (-) TimerEvent: {}
[23.577680] (-) TimerEvent: {}
[23.678486] (-) TimerEvent: {}
[23.780650] (-) TimerEvent: {}
[23.883035] (-) TimerEvent: {}
[23.985071] (-) TimerEvent: {}
[24.077413] (rosbridge_msgs) StdoutLine: {'line': b'[ 69%] \x1b[32mBuilding CXX object CMakeFiles/rosbridge_msgs__rosidl_typesupport_fastrtps_c.dir/rosidl_typesupport_fastrtps_c/rosbridge_msgs/msg/detail/connected_clients__type_support_c.cpp.o\x1b[0m\n'}
[24.085264] (-) TimerEvent: {}
[24.099285] (rosbridge_msgs) StdoutLine: {'line': b'[ 71%] \x1b[32mBuilding CXX object CMakeFiles/rosbridge_msgs__rosidl_typesupport_fastrtps_c.dir/rosidl_typesupport_fastrtps_c/rosbridge_msgs/msg/detail/connected_client__type_support_c.cpp.o\x1b[0m\n'}
[24.185444] (-) TimerEvent: {}
[24.286297] (-) TimerEvent: {}
[24.388511] (-) TimerEvent: {}
[24.490777] (-) TimerEvent: {}
[24.593041] (-) TimerEvent: {}
[24.695765] (-) TimerEvent: {}
[24.796999] (-) TimerEvent: {}
[24.897948] (-) TimerEvent: {}
[24.998990] (-) TimerEvent: {}
[25.101212] (-) TimerEvent: {}
[25.203390] (-) TimerEvent: {}
[25.305818] (-) TimerEvent: {}
[25.408073] (-) TimerEvent: {}
[25.508909] (-) TimerEvent: {}
[25.609758] (-) TimerEvent: {}
[25.712087] (-) TimerEvent: {}
[25.813945] (-) TimerEvent: {}
[25.914794] (-) TimerEvent: {}
[26.016943] (-) TimerEvent: {}
[26.119273] (-) TimerEvent: {}
[26.138660] (rosbridge_msgs) StdoutLine: {'line': b'[ 74%] \x1b[32m\x1b[1mLinking CXX shared library librosbridge_msgs__rosidl_typesupport_fastrtps_c.so\x1b[0m\n'}
[26.219442] (-) TimerEvent: {}
[26.320388] (-) TimerEvent: {}
[26.422126] (-) TimerEvent: {}
[26.526553] (-) TimerEvent: {}
[26.619417] (rosbridge_msgs) StdoutLine: {'line': b'[ 74%] Built target rosbridge_msgs__rosidl_typesupport_fastrtps_c\n'}
[26.626762] (-) TimerEvent: {}
[26.728991] (-) TimerEvent: {}
[26.757659] (rosbridge_msgs) StdoutLine: {'line': b'[ 74%] Built target rosbridge_msgs\n'}
[26.829198] (-) TimerEvent: {}
[26.877655] (rosbridge_msgs) StdoutLine: {'line': b'[ 76%] \x1b[34m\x1b[1mGenerating Python code for ROS interfaces\x1b[0m\n'}
[26.929782] (-) TimerEvent: {}
[27.031005] (-) TimerEvent: {}
[27.132800] (-) TimerEvent: {}
[27.233598] (-) TimerEvent: {}
[27.335036] (-) TimerEvent: {}
[27.437120] (-) TimerEvent: {}
[27.537927] (-) TimerEvent: {}
[27.638765] (-) TimerEvent: {}
[27.739702] (-) TimerEvent: {}
[27.840607] (-) TimerEvent: {}
[27.941406] (-) TimerEvent: {}
[28.042838] (-) TimerEvent: {}
[28.144778] (-) TimerEvent: {}
[28.246777] (-) TimerEvent: {}
[28.348766] (-) TimerEvent: {}
[28.450857] (-) TimerEvent: {}
[28.552645] (-) TimerEvent: {}
[28.654931] (-) TimerEvent: {}
[28.756572] (-) TimerEvent: {}
[28.857814] (-) TimerEvent: {}
[28.959859] (-) TimerEvent: {}
[29.061919] (-) TimerEvent: {}
[29.164055] (-) TimerEvent: {}
[29.266246] (-) TimerEvent: {}
[29.367130] (-) TimerEvent: {}
[29.467929] (-) TimerEvent: {}
[29.570077] (-) TimerEvent: {}
[29.671752] (-) TimerEvent: {}
[29.773407] (-) TimerEvent: {}
[29.874857] (-) TimerEvent: {}
[29.976463] (-) TimerEvent: {}
[30.077651] (-) TimerEvent: {}
[30.179119] (-) TimerEvent: {}
[30.281019] (-) TimerEvent: {}
[30.382897] (-) TimerEvent: {}
[30.483907] (-) TimerEvent: {}
[30.585972] (-) TimerEvent: {}
[30.688079] (-) TimerEvent: {}
[30.790054] (-) TimerEvent: {}
[30.890892] (-) TimerEvent: {}
[30.992993] (-) TimerEvent: {}
[31.095065] (-) TimerEvent: {}
[31.195888] (-) TimerEvent: {}
[31.298420] (-) TimerEvent: {}
[31.400658] (-) TimerEvent: {}
[31.430557] (rosbridge_msgs) StdoutLine: {'line': b'[ 76%] Built target rosbridge_msgs__py\n'}
[31.500837] (-) TimerEvent: {}
[31.553715] (rosbridge_msgs) StdoutLine: {'line': b'[ 79%] \x1b[32mBuilding C object CMakeFiles/rosbridge_msgs__python.dir/rosidl_generator_py/rosbridge_msgs/msg/_connected_client_s.c.o\x1b[0m\n'}
[31.565549] (rosbridge_msgs) StdoutLine: {'line': b'[ 82%] \x1b[32mBuilding C object CMakeFiles/rosbridge_msgs__python.dir/rosidl_generator_py/rosbridge_msgs/msg/_connected_clients_s.c.o\x1b[0m\n'}
[31.601029] (-) TimerEvent: {}
[31.703242] (-) TimerEvent: {}
[31.805131] (-) TimerEvent: {}
[31.907645] (-) TimerEvent: {}
[32.009973] (-) TimerEvent: {}
[32.111977] (-) TimerEvent: {}
[32.212958] (-) TimerEvent: {}
[32.288769] (rosbridge_msgs) StdoutLine: {'line': b'[ 84%] \x1b[32m\x1b[1mLinking C shared library rosidl_generator_py/rosbridge_msgs/librosbridge_msgs__python.so\x1b[0m\n'}
[32.313156] (-) TimerEvent: {}
[32.415925] (-) TimerEvent: {}
[32.462245] (rosbridge_msgs) StdoutLine: {'line': b'[ 84%] Built target rosbridge_msgs__python\n'}
[32.516119] (-) TimerEvent: {}
[32.561592] (rosbridge_msgs) StdoutLine: {'line': b'[ 87%] \x1b[32mBuilding C object CMakeFiles/rosbridge_msgs__rosidl_typesupport_introspection_c__pyext.dir/rosidl_generator_py/rosbridge_msgs/_rosbridge_msgs_s.ep.rosidl_typesupport_introspection_c.c.o\x1b[0m\n'}
[32.572262] (rosbridge_msgs) StdoutLine: {'line': b'[ 89%] \x1b[32mBuilding C object CMakeFiles/rosbridge_msgs__rosidl_typesupport_fastrtps_c__pyext.dir/rosidl_generator_py/rosbridge_msgs/_rosbridge_msgs_s.ep.rosidl_typesupport_fastrtps_c.c.o\x1b[0m\n'}
[32.595075] (rosbridge_msgs) StdoutLine: {'line': b'[ 92%] \x1b[32mBuilding C object CMakeFiles/rosbridge_msgs__rosidl_typesupport_c__pyext.dir/rosidl_generator_py/rosbridge_msgs/_rosbridge_msgs_s.ep.rosidl_typesupport_c.c.o\x1b[0m\n'}
[32.616461] (-) TimerEvent: {}
[32.718259] (-) TimerEvent: {}
[32.819686] (-) TimerEvent: {}
[32.920685] (-) TimerEvent: {}
[33.018230] (rosbridge_msgs) StdoutLine: {'line': b'[ 94%] \x1b[32m\x1b[1mLinking C shared library rosidl_generator_py/rosbridge_msgs/rosbridge_msgs_s__rosidl_typesupport_introspection_c.cpython-36m-aarch64-linux-gnu.so\x1b[0m\n'}
[33.020880] (-) TimerEvent: {}
[33.121892] (-) TimerEvent: {}
[33.205824] (rosbridge_msgs) StdoutLine: {'line': b'[ 97%] \x1b[32m\x1b[1mLinking CXX shared library rosidl_generator_py/rosbridge_msgs/rosbridge_msgs_s__rosidl_typesupport_fastrtps_c.cpython-36m-aarch64-linux-gnu.so\x1b[0m\n'}
[33.221808] (rosbridge_msgs) StdoutLine: {'line': b'[100%] \x1b[32m\x1b[1mLinking C shared library rosidl_generator_py/rosbridge_msgs/rosbridge_msgs_s__rosidl_typesupport_c.cpython-36m-aarch64-linux-gnu.so\x1b[0m\n'}
[33.222755] (-) TimerEvent: {}
[33.324736] (-) TimerEvent: {}
[33.368233] (rosbridge_msgs) StdoutLine: {'line': b'[100%] Built target rosbridge_msgs__rosidl_typesupport_c__pyext\n'}
[33.424930] (-) TimerEvent: {}
[33.454486] (rosbridge_msgs) StdoutLine: {'line': b'[100%] Built target rosbridge_msgs__rosidl_typesupport_introspection_c__pyext\n'}
[33.525135] (-) TimerEvent: {}
[33.601702] (rosbridge_msgs) StdoutLine: {'line': b'[100%] Built target rosbridge_msgs__rosidl_typesupport_fastrtps_c__pyext\n'}
[33.609516] (rosbridge_test_msgs) StdoutLine: {'line': b'[  1%] Built target rosbridge_test_msgs__cpp\n'}
[33.625340] (-) TimerEvent: {}
[33.674764] (rosbridge_test_msgs) StdoutLine: {'line': b'[  1%] \x1b[32mBuilding C object CMakeFiles/rosbridge_test_msgs__rosidl_generator_c.dir/rosidl_generator_c/rosbridge_test_msgs/msg/detail/num__functions.c.o\x1b[0m\n'}
[33.681750] (rosbridge_msgs) CommandEnded: {'returncode': 0}
[33.695623] (rosbridge_test_msgs) StdoutLine: {'line': b'[  2%] \x1b[34m\x1b[1mGenerating C++ type support dispatch for ROS interfaces\x1b[0m\n'}
[33.697555] (rosbridge_test_msgs) StdoutLine: {'line': b'[  3%] \x1b[34m\x1b[1mGenerating C++ introspection for ROS interfaces\x1b[0m\n'}
[33.710594] (rosbridge_test_msgs) StdoutLine: {'line': b'[  4%] \x1b[34m\x1b[1mGenerating C++ type support for eProsima Fast-RTPS\x1b[0m\n'}
[33.725560] (-) TimerEvent: {}
[33.827734] (-) TimerEvent: {}
[33.928612] (-) TimerEvent: {}
[34.030178] (-) TimerEvent: {}
[34.073808] (rosbridge_test_msgs) StdoutLine: {'line': b'[  5%] \x1b[32mBuilding C object CMakeFiles/rosbridge_test_msgs__rosidl_generator_c.dir/rosidl_generator_c/rosbridge_test_msgs/msg/detail/test_char__functions.c.o\x1b[0m\n'}
[34.130369] (-) TimerEvent: {}
[34.231810] (-) TimerEvent: {}
[34.247792] (rosapi_msgs) StdoutLine: {'line': b'[  1%] Built target rosapi_msgs__cpp\n'}
[34.328074] (rosapi_msgs) StdoutLine: {'line': b'[  2%] \x1b[34m\x1b[1mGenerating C++ introspection for ROS interfaces\x1b[0m\n'}
[34.331980] (-) TimerEvent: {}
[34.338491] (rosapi_msgs) StdoutLine: {'line': b'[  3%] \x1b[34m\x1b[1mGenerating C++ type support for eProsima Fast-RTPS\x1b[0m\n'}
[34.341212] (rosapi_msgs) StdoutLine: {'line': b'[  4%] \x1b[34m\x1b[1mGenerating C++ type support dispatch for ROS interfaces\x1b[0m\n'}
[34.432161] (-) TimerEvent: {}
[34.534778] (-) TimerEvent: {}
[34.625241] (rosbridge_test_msgs) StdoutLine: {'line': b'[  5%] \x1b[32mBuilding C object CMakeFiles/rosbridge_test_msgs__rosidl_generator_c.dir/rosidl_generator_c/rosbridge_test_msgs/msg/detail/test_duration_array__functions.c.o\x1b[0m\n'}
[34.634954] (-) TimerEvent: {}
[34.737351] (-) TimerEvent: {}
[34.838237] (-) TimerEvent: {}
[34.940654] (-) TimerEvent: {}
[35.042799] (-) TimerEvent: {}
[35.066701] (rosbridge_test_msgs) StdoutLine: {'line': b'[  6%] \x1b[32mBuilding C object CMakeFiles/rosbridge_test_msgs__rosidl_generator_c.dir/rosidl_generator_c/rosbridge_test_msgs/msg/detail/test_header_array__functions.c.o\x1b[0m\n'}
[35.142980] (-) TimerEvent: {}
[35.245184] (-) TimerEvent: {}
[35.347515] (-) TimerEvent: {}
[35.449765] (-) TimerEvent: {}
[35.453008] (rosbridge_test_msgs) StdoutLine: {'line': b'[  6%] \x1b[32mBuilding C object CMakeFiles/rosbridge_test_msgs__rosidl_generator_c.dir/rosidl_generator_c/rosbridge_test_msgs/msg/detail/test_header__functions.c.o\x1b[0m\n'}
[35.548320] (rosbridge_msgs) JobProgress: {'identifier': 'rosbridge_msgs', 'progress': 'install'}
[35.549971] (-) TimerEvent: {}
[35.652254] (-) TimerEvent: {}
[35.753226] (-) TimerEvent: {}
[35.854080] (-) TimerEvent: {}
[35.877399] (rosbridge_test_msgs) StdoutLine: {'line': b'[  7%] \x1b[32mBuilding C object CMakeFiles/rosbridge_test_msgs__rosidl_generator_c.dir/rosidl_generator_c/rosbridge_test_msgs/msg/detail/test_header_two__functions.c.o\x1b[0m\n'}
[35.954274] (-) TimerEvent: {}
[36.052558] (rosbridge_msgs) Command: {'cmd': ['/usr/local/bin/cmake', '--install', '/ros2_ws/build/rosbridge_msgs'], 'cwd': '/ros2_ws/build/rosbridge_msgs', 'env': OrderedDict([('OPENBLAS_CORETYPE', 'ARMV8'), ('PYTHONIOENCODING', 'utf-8'), ('HOSTNAME', 'eyerobot-desktop'), ('LD_LIBRARY_PATH', '/ros2_ws/src/install/rplidar_ros/lib:/ros2_ws/my_ros2_project/install/rosbridge_test_msgs/lib:/ros2_ws/my_ros2_project/install/rosbridge_msgs/lib:/ros2_ws/my_ros2_project/install/rosapi_msgs/lib:/opt/ros/foxy/install/opt/yaml_cpp_vendor/lib:/opt/ros/foxy/install/opt/rviz_ogre_vendor/lib:/opt/ros/foxy/install/lib:/usr/local/cuda-10.2/targets/aarch64-linux/lib:'), ('SHLVL', '1'), ('OLDPWD', '/'), ('HOME', '/root'), ('ROS_PYTHON_VERSION', '3'), ('COLCON_PREFIX_PATH', '/ros2_ws/install:/opt/ros/foxy/install:/ros2_ws/src/install:/ros2_ws/my_ros2_project/install'), ('ROS_DISTRO', 'foxy'), ('_', '/usr/bin/colcon'), ('ROS_VERSION', '2'), ('NVIDIA_DRIVER_CAPABILITIES', 'all'), ('PKG_CONFIG_PATH', '/opt/ros/foxy/install/lib/aarch64-linux-gnu/pkgconfig:/opt/ros/foxy/install/lib/pkgconfig'), ('TERM', 'xterm'), ('ROS_LOCALHOST_ONLY', '0'), ('PATH', '/opt/ros/foxy/install/bin:/usr/local/cuda-10.2/bin:/usr/local/cuda/bin:/usr/local/sbin:/usr/local/bin:/usr/sbin:/usr/bin:/sbin:/bin'), ('LANG', 'en_US.UTF-8'), ('RMW_IMPLEMENTATION', 'rmw_cyclonedds_cpp'), ('LS_COLORS', 'rs=0:di=01;34:ln=01;36:mh=00:pi=40;33:so=01;35:do=01;35:bd=40;33;01:cd=40;33;01:or=40;31;01:mi=00:su=37;41:sg=30;43:ca=30;41:tw=30;42:ow=34;42:st=37;44:ex=01;32:*.tar=01;31:*.tgz=01;31:*.arc=01;31:*.arj=01;31:*.taz=01;31:*.lha=01;31:*.lz4=01;31:*.lzh=01;31:*.lzma=01;31:*.tlz=01;31:*.txz=01;31:*.tzo=01;31:*.t7z=01;31:*.zip=01;31:*.z=01;31:*.Z=01;31:*.dz=01;31:*.gz=01;31:*.lrz=01;31:*.lz=01;31:*.lzo=01;31:*.xz=01;31:*.zst=01;31:*.tzst=01;31:*.bz2=01;31:*.bz=01;31:*.tbz=01;31:*.tbz2=01;31:*.tz=01;31:*.deb=01;31:*.rpm=01;31:*.jar=01;31:*.war=01;31:*.ear=01;31:*.sar=01;31:*.rar=01;31:*.alz=01;31:*.ace=01;31:*.zoo=01;31:*.cpio=01;31:*.7z=01;31:*.rz=01;31:*.cab=01;31:*.wim=01;31:*.swm=01;31:*.dwm=01;31:*.esd=01;31:*.jpg=01;35:*.jpeg=01;35:*.mjpg=01;35:*.mjpeg=01;35:*.gif=01;35:*.bmp=01;35:*.pbm=01;35:*.pgm=01;35:*.ppm=01;35:*.tga=01;35:*.xbm=01;35:*.xpm=01;35:*.tif=01;35:*.tiff=01;35:*.png=01;35:*.svg=01;35:*.svgz=01;35:*.mng=01;35:*.pcx=01;35:*.mov=01;35:*.mpg=01;35:*.mpeg=01;35:*.m2v=01;35:*.mkv=01;35:*.webm=01;35:*.ogm=01;35:*.mp4=01;35:*.m4v=01;35:*.mp4v=01;35:*.vob=01;35:*.qt=01;35:*.nuv=01;35:*.wmv=01;35:*.asf=01;35:*.rm=01;35:*.rmvb=01;35:*.flc=01;35:*.avi=01;35:*.fli=01;35:*.flv=01;35:*.gl=01;35:*.dl=01;35:*.xcf=01;35:*.xwd=01;35:*.yuv=01;35:*.cgm=01;35:*.emf=01;35:*.ogv=01;35:*.ogx=01;35:*.aac=00;36:*.au=00;36:*.flac=00;36:*.m4a=00;36:*.mid=00;36:*.midi=00;36:*.mka=00;36:*.mp3=00;36:*.mpc=00;36:*.ogg=00;36:*.ra=00;36:*.wav=00;36:*.oga=00;36:*.opus=00;36:*.spx=00;36:*.xspf=00;36:'), ('ROS_ROOT', '/opt/ros/foxy'), ('AMENT_PREFIX_PATH', '/ros2_ws/install/rosbridge_suite:/ros2_ws/src/install/rplidar_ros:/opt/ros/foxy/install'), ('DEBIAN_FRONTEND', 'noninteractive'), ('SHELL', '/bin/bash'), ('PWD', '/ros2_ws/build/rosbridge_msgs'), ('PYTHONPATH', '/ros2_ws/my_ros2_project/install/rosbridge_test_msgs/lib/python3.6/site-packages:/ros2_ws/my_ros2_project/install/rosbridge_server/lib/python3.6/site-packages:/ros2_ws/my_ros2_project/install/rosbridge_msgs/lib/python3.6/site-packages:/ros2_ws/my_ros2_project/install/rosapi/lib/python3.6/site-packages:/ros2_ws/my_ros2_project/install/rosbridge_library/lib/python3.6/site-packages:/ros2_ws/my_ros2_project/install/rosapi_msgs/lib/python3.6/site-packages:/opt/ros/foxy/install/lib/python3.6/site-packages'), ('NVIDIA_VISIBLE_DEVICES', 'all'), ('COLCON', '1'), ('CMAKE_PREFIX_PATH', '/ros2_ws/install/rosbridge_suite:/ros2_ws/src/install/rplidar_ros:/ros2_ws/my_ros2_project/install/rplidar_ros:/ros2_ws/my_ros2_project/install/rosbridge_test_msgs:/ros2_ws/my_ros2_project/install/rosbridge_server:/ros2_ws/my_ros2_project/install/rosbridge_msgs:/ros2_ws/my_ros2_project/install/rosapi:/ros2_ws/my_ros2_project/install/rosbridge_library:/ros2_ws/my_ros2_project/install/rosapi_msgs:/opt/ros/foxy/install')]), 'shell': False}
[36.055648] (-) TimerEvent: {}
[36.158167] (-) TimerEvent: {}
[36.260667] (-) TimerEvent: {}
[36.363044] (-) TimerEvent: {}
[36.407013] (rosbridge_test_msgs) StdoutLine: {'line': b'[  7%] \x1b[32mBuilding C object CMakeFiles/rosbridge_test_msgs__rosidl_generator_c.dir/rosidl_generator_c/rosbridge_test_msgs/msg/detail/test_time_array__functions.c.o\x1b[0m\n'}
[36.440427] (rosbridge_msgs) StdoutLine: {'line': b'-- Install configuration: ""\n'}
[36.443365] (rosbridge_msgs) StdoutLine: {'line': b'-- Execute custom install script\n'}
[36.444610] (rosbridge_msgs) StdoutLine: {'line': b'-- Symlinking: /ros2_ws/install/rosbridge_msgs/share/ament_index/resource_index/rosidl_interfaces/rosbridge_msgs\n'}
[36.463222] (-) TimerEvent: {}
[36.477264] (rosbridge_msgs) StdoutLine: {'line': b'-- Symlinking: /ros2_ws/install/rosbridge_msgs/include/rosbridge_msgs/msg/connected_client.h\n'}
[36.516572] (rosbridge_msgs) StdoutLine: {'line': b'-- Symlinking: /ros2_ws/install/rosbridge_msgs/include/rosbridge_msgs/msg/connected_clients.h\n'}
[36.551507] (rosbridge_msgs) StdoutLine: {'line': b'-- Symlinking: /ros2_ws/install/rosbridge_msgs/include/rosbridge_msgs/msg/detail/connected_client__functions.h\n'}
[36.563395] (-) TimerEvent: {}
[36.602852] (rosbridge_msgs) StdoutLine: {'line': b'-- Symlinking: /ros2_ws/install/rosbridge_msgs/include/rosbridge_msgs/msg/detail/connected_client__struct.h\n'}
[36.623752] (rosbridge_msgs) StdoutLine: {'line': b'-- Symlinking: /ros2_ws/install/rosbridge_msgs/include/rosbridge_msgs/msg/detail/connected_client__type_support.h\n'}
[36.655182] (rosbridge_msgs) StdoutLine: {'line': b'-- Symlinking: /ros2_ws/install/rosbridge_msgs/include/rosbridge_msgs/msg/detail/connected_clients__functions.h\n'}
[36.663575] (-) TimerEvent: {}
[36.688876] (rosbridge_msgs) StdoutLine: {'line': b'-- Symlinking: /ros2_ws/install/rosbridge_msgs/include/rosbridge_msgs/msg/detail/connected_clients__struct.h\n'}
[36.732186] (rosbridge_msgs) StdoutLine: {'line': b'-- Symlinking: /ros2_ws/install/rosbridge_msgs/include/rosbridge_msgs/msg/detail/connected_clients__type_support.h\n'}
[36.763773] (-) TimerEvent: {}
[36.781275] (rosbridge_msgs) StdoutLine: {'line': b'-- Symlinking: /ros2_ws/install/rosbridge_msgs/include/rosbridge_msgs/msg/rosidl_generator_c__visibility_control.h\n'}
[36.822732] (rosbridge_msgs) StdoutLine: {'line': b'-- Symlinking: /ros2_ws/install/rosbridge_msgs/share/rosbridge_msgs/environment/library_path.sh\n'}
[36.858672] (rosbridge_msgs) StdoutLine: {'line': b'-- Symlinking: /ros2_ws/install/rosbridge_msgs/share/rosbridge_msgs/environment/library_path.dsv\n'}
[36.863944] (-) TimerEvent: {}
[36.865594] (rosbridge_test_msgs) StdoutLine: {'line': b'[  8%] \x1b[32mBuilding C object CMakeFiles/rosbridge_test_msgs__rosidl_generator_c.dir/rosidl_generator_c/rosbridge_test_msgs/msg/detail/test_u_int8__functions.c.o\x1b[0m\n'}
[36.897452] (rosbridge_msgs) StdoutLine: {'line': b'-- Symlinking: /ros2_ws/install/rosbridge_msgs/include/rosbridge_msgs/msg/detail/connected_client__rosidl_typesupport_fastrtps_c.h\n'}
[36.931792] (rosbridge_msgs) StdoutLine: {'line': b'-- Symlinking: /ros2_ws/install/rosbridge_msgs/include/rosbridge_msgs/msg/detail/connected_clients__rosidl_typesupport_fastrtps_c.h\n'}
[36.956223] (rosbridge_msgs) StdoutLine: {'line': b'-- Symlinking: /ros2_ws/install/rosbridge_msgs/include/rosbridge_msgs/msg/rosidl_typesupport_fastrtps_c__visibility_control.h\n'}
[36.964131] (-) TimerEvent: {}
[36.993484] (rosbridge_msgs) StdoutLine: {'line': b'-- Symlinking: /ros2_ws/install/rosbridge_msgs/lib/librosbridge_msgs__rosidl_typesupport_fastrtps_c.so\n'}
[37.022044] (rosbridge_msgs) StdoutLine: {'line': b'-- Symlinking: /ros2_ws/install/rosbridge_msgs/include/rosbridge_msgs/msg/detail/connected_client__rosidl_typesupport_fastrtps_cpp.hpp\n'}
[37.064328] (-) TimerEvent: {}
[37.066786] (rosbridge_msgs) StdoutLine: {'line': b'-- Symlinking: /ros2_ws/install/rosbridge_msgs/include/rosbridge_msgs/msg/detail/connected_clients__rosidl_typesupport_fastrtps_cpp.hpp\n'}
[37.127935] (rosbridge_msgs) StdoutLine: {'line': b'-- Symlinking: /ros2_ws/install/rosbridge_msgs/include/rosbridge_msgs/msg/rosidl_typesupport_fastrtps_cpp__visibility_control.h\n'}
[37.164511] (-) TimerEvent: {}
[37.179022] (rosbridge_msgs) StdoutLine: {'line': b'-- Symlinking: /ros2_ws/install/rosbridge_msgs/lib/librosbridge_msgs__rosidl_typesupport_fastrtps_cpp.so\n'}
[37.228869] (rosbridge_msgs) StdoutLine: {'line': b'-- Symlinking: /ros2_ws/install/rosbridge_msgs/include/rosbridge_msgs/msg/detail/connected_client__rosidl_typesupport_introspection_c.h\n'}
[37.264705] (-) TimerEvent: {}
[37.285576] (rosbridge_msgs) StdoutLine: {'line': b'-- Symlinking: /ros2_ws/install/rosbridge_msgs/include/rosbridge_msgs/msg/detail/connected_clients__rosidl_typesupport_introspection_c.h\n'}
[37.331682] (rosbridge_msgs) StdoutLine: {'line': b'-- Symlinking: /ros2_ws/install/rosbridge_msgs/include/rosbridge_msgs/msg/rosidl_typesupport_introspection_c__visibility_control.h\n'}
[37.364904] (-) TimerEvent: {}
[37.376289] (rosbridge_msgs) StdoutLine: {'line': b'-- Symlinking: /ros2_ws/install/rosbridge_msgs/include/rosbridge_msgs/msg/connected_client.hpp\n'}
[37.432865] (rosbridge_msgs) StdoutLine: {'line': b'-- Symlinking: /ros2_ws/install/rosbridge_msgs/include/rosbridge_msgs/msg/connected_clients.hpp\n'}
[37.465092] (-) TimerEvent: {}
[37.483528] (rosbridge_msgs) StdoutLine: {'line': b'-- Symlinking: /ros2_ws/install/rosbridge_msgs/include/rosbridge_msgs/msg/detail/connected_client__builder.hpp\n'}
[37.499611] (rosbridge_test_msgs) StdoutLine: {'line': b'[  8%] \x1b[32mBuilding C object CMakeFiles/rosbridge_test_msgs__rosidl_generator_c.dir/rosidl_generator_c/rosbridge_test_msgs/msg/detail/test_u_int8_fixed_size_array16__functions.c.o\x1b[0m\n'}
[37.536304] (rosbridge_msgs) StdoutLine: {'line': b'-- Symlinking: /ros2_ws/install/rosbridge_msgs/include/rosbridge_msgs/msg/detail/connected_client__struct.hpp\n'}
[37.565279] (-) TimerEvent: {}
[37.574961] (rosbridge_msgs) StdoutLine: {'line': b'-- Symlinking: /ros2_ws/install/rosbridge_msgs/include/rosbridge_msgs/msg/detail/connected_client__traits.hpp\n'}
[37.612042] (rosbridge_msgs) StdoutLine: {'line': b'-- Symlinking: /ros2_ws/install/rosbridge_msgs/include/rosbridge_msgs/msg/detail/connected_client__type_support.hpp\n'}
[37.639983] (rosbridge_msgs) StdoutLine: {'line': b'-- Symlinking: /ros2_ws/install/rosbridge_msgs/include/rosbridge_msgs/msg/detail/connected_clients__builder.hpp\n'}
[37.664694] (rosbridge_msgs) StdoutLine: {'line': b'-- Symlinking: /ros2_ws/install/rosbridge_msgs/include/rosbridge_msgs/msg/detail/connected_clients__struct.hpp\n'}
[37.665401] (-) TimerEvent: {}
[37.687976] (rosbridge_msgs) StdoutLine: {'line': b'-- Symlinking: /ros2_ws/install/rosbridge_msgs/include/rosbridge_msgs/msg/detail/connected_clients__traits.hpp\n'}
[37.711081] (rosbridge_msgs) StdoutLine: {'line': b'-- Symlinking: /ros2_ws/install/rosbridge_msgs/include/rosbridge_msgs/msg/detail/connected_clients__type_support.hpp\n'}
[37.731793] (rosbridge_msgs) StdoutLine: {'line': b'-- Symlinking: /ros2_ws/install/rosbridge_msgs/include/rosbridge_msgs/msg/rosidl_generator_cpp__visibility_control.hpp\n'}
[37.765099] (rosbridge_msgs) StdoutLine: {'line': b'-- Symlinking: /ros2_ws/install/rosbridge_msgs/include/rosbridge_msgs/msg/detail/connected_client__rosidl_typesupport_introspection_cpp.hpp\n'}
[37.765822] (-) TimerEvent: {}
[37.793521] (rosbridge_msgs) StdoutLine: {'line': b'-- Symlinking: /ros2_ws/install/rosbridge_msgs/include/rosbridge_msgs/msg/detail/connected_clients__rosidl_typesupport_introspection_cpp.hpp\n'}
[37.846772] (rosbridge_msgs) StdoutLine: {'line': b'-- Symlinking: /ros2_ws/install/rosbridge_msgs/share/rosbridge_msgs/environment/pythonpath.sh\n'}
[37.866030] (-) TimerEvent: {}
[37.916636] (rosbridge_msgs) StdoutLine: {'line': b'-- Symlinking: /ros2_ws/install/rosbridge_msgs/share/rosbridge_msgs/environment/pythonpath.dsv\n'}
[37.962241] (rosbridge_msgs) StdoutLine: {'line': b'-- Symlinking: /ros2_ws/install/rosbridge_msgs/lib/python3.6/site-packages/rosbridge_msgs/__init__.py\n'}
[37.966207] (-) TimerEvent: {}
[37.981416] (rosbridge_test_msgs) StdoutLine: {'line': b'[  9%] \x1b[32mBuilding C object CMakeFiles/rosbridge_test_msgs__rosidl_generator_c.dir/rosidl_generator_c/rosbridge_test_msgs/msg/detail/test_float32_array__functions.c.o\x1b[0m\n'}
[38.011504] (rosbridge_msgs) StdoutLine: {'line': b'-- Symlinking: /ros2_ws/install/rosbridge_msgs/lib/python3.6/site-packages/rosbridge_msgs/msg/__init__.py\n'}
[38.047759] (rosbridge_msgs) StdoutLine: {'line': b'-- Symlinking: /ros2_ws/install/rosbridge_msgs/lib/python3.6/site-packages/rosbridge_msgs/msg/_connected_client.py\n'}
[38.066409] (-) TimerEvent: {}
[38.086729] (rosbridge_msgs) StdoutLine: {'line': b'-- Symlinking: /ros2_ws/install/rosbridge_msgs/lib/python3.6/site-packages/rosbridge_msgs/msg/_connected_clients.py\n'}
[38.133645] (rosbridge_msgs) StdoutLine: {'line': b'-- Symlinking: /ros2_ws/install/rosbridge_msgs/lib/python3.6/site-packages/rosbridge_msgs/rosbridge_msgs_s__rosidl_typesupport_fastrtps_c.cpython-36m-aarch64-linux-gnu.so\n'}
[38.166600] (-) TimerEvent: {}
[38.172660] (rosbridge_msgs) StdoutLine: {'line': b'-- Symlinking: /ros2_ws/install/rosbridge_msgs/lib/python3.6/site-packages/rosbridge_msgs/rosbridge_msgs_s__rosidl_typesupport_introspection_c.cpython-36m-aarch64-linux-gnu.so\n'}
[38.214582] (rosbridge_msgs) StdoutLine: {'line': b'-- Symlinking: /ros2_ws/install/rosbridge_msgs/lib/python3.6/site-packages/rosbridge_msgs/rosbridge_msgs_s__rosidl_typesupport_c.cpython-36m-aarch64-linux-gnu.so\n'}
[38.254375] (rosbridge_msgs) StdoutLine: {'line': b'-- Symlinking: /ros2_ws/install/rosbridge_msgs/lib/librosbridge_msgs__python.so\n'}
[38.267001] (-) TimerEvent: {}
[38.298679] (rosbridge_msgs) StdoutLine: {'line': b'-- Symlinking: /ros2_ws/install/rosbridge_msgs/share/rosbridge_msgs/msg/ConnectedClient.idl\n'}
[38.341156] (rosbridge_msgs) StdoutLine: {'line': b'-- Symlinking: /ros2_ws/install/rosbridge_msgs/share/rosbridge_msgs/msg/ConnectedClients.idl\n'}
[38.367180] (-) TimerEvent: {}
[38.375274] (rosbridge_msgs) StdoutLine: {'line': b'-- Symlinking: /ros2_ws/install/rosbridge_msgs/share/rosbridge_msgs/msg/ConnectedClient.msg\n'}
[38.412348] (rosbridge_msgs) StdoutLine: {'line': b'-- Symlinking: /ros2_ws/install/rosbridge_msgs/share/rosbridge_msgs/msg/ConnectedClients.msg\n'}
[38.413792] (rosbridge_test_msgs) StdoutLine: {'line': b'[  9%] \x1b[32mBuilding C object CMakeFiles/rosbridge_test_msgs__rosidl_generator_c.dir/rosidl_generator_c/rosbridge_test_msgs/msg/detail/test_float32_bounded_array__functions.c.o\x1b[0m\n'}
[38.449470] (rosbridge_msgs) StdoutLine: {'line': b'-- Symlinking: /ros2_ws/install/rosbridge_msgs/share/ament_index/resource_index/package_run_dependencies/rosbridge_msgs\n'}
[38.467355] (-) TimerEvent: {}
[38.492029] (rosbridge_msgs) StdoutLine: {'line': b'-- Symlinking: /ros2_ws/install/rosbridge_msgs/share/ament_index/resource_index/parent_prefix_path/rosbridge_msgs\n'}
[38.538965] (rosbridge_msgs) StdoutLine: {'line': b'-- Symlinking: /ros2_ws/install/rosbridge_msgs/share/rosbridge_msgs/environment/ament_prefix_path.sh\n'}
[38.567536] (-) TimerEvent: {}
[38.584656] (rosbridge_msgs) StdoutLine: {'line': b'-- Symlinking: /ros2_ws/install/rosbridge_msgs/share/rosbridge_msgs/environment/ament_prefix_path.dsv\n'}
[38.624825] (rosbridge_msgs) StdoutLine: {'line': b'-- Symlinking: /ros2_ws/install/rosbridge_msgs/share/rosbridge_msgs/environment/path.sh\n'}
[38.667730] (-) TimerEvent: {}
[38.674192] (rosbridge_msgs) StdoutLine: {'line': b'-- Symlinking: /ros2_ws/install/rosbridge_msgs/share/rosbridge_msgs/environment/path.dsv\n'}
[38.723437] (rosbridge_msgs) StdoutLine: {'line': b'-- Symlinking: /ros2_ws/install/rosbridge_msgs/share/rosbridge_msgs/local_setup.bash\n'}
[38.767908] (-) TimerEvent: {}
[38.770980] (rosbridge_msgs) StdoutLine: {'line': b'-- Symlinking: /ros2_ws/install/rosbridge_msgs/share/rosbridge_msgs/local_setup.sh\n'}
[38.822578] (rosbridge_msgs) StdoutLine: {'line': b'-- Symlinking: /ros2_ws/install/rosbridge_msgs/share/rosbridge_msgs/local_setup.zsh\n'}
[38.868104] (-) TimerEvent: {}
[38.870915] (rosbridge_msgs) StdoutLine: {'line': b'-- Symlinking: /ros2_ws/install/rosbridge_msgs/share/rosbridge_msgs/local_setup.dsv\n'}
[38.912778] (rosbridge_msgs) StdoutLine: {'line': b'-- Symlinking: /ros2_ws/install/rosbridge_msgs/share/rosbridge_msgs/package.dsv\n'}
[38.961113] (rosbridge_msgs) StdoutLine: {'line': b'-- Symlinking: /ros2_ws/install/rosbridge_msgs/share/ament_index/resource_index/packages/rosbridge_msgs\n'}
[38.968286] (-) TimerEvent: {}
[39.004987] (rosbridge_msgs) StdoutLine: {'line': b'-- Symlinking: /ros2_ws/install/rosbridge_msgs/share/rosbridge_msgs/cmake/rosidl_cmake-extras.cmake\n'}
[39.056880] (rosbridge_msgs) StdoutLine: {'line': b'-- Symlinking: /ros2_ws/install/rosbridge_msgs/share/rosbridge_msgs/cmake/ament_cmake_export_dependencies-extras.cmake\n'}
[39.068465] (-) TimerEvent: {}
[39.102056] (rosbridge_msgs) StdoutLine: {'line': b'-- Symlinking: /ros2_ws/install/rosbridge_msgs/share/rosbridge_msgs/cmake/ament_cmake_export_libraries-extras.cmake\n'}
[39.109757] (rosapi_msgs) StdoutLine: {'line': b'[  4%] \x1b[32mBuilding C object CMakeFiles/rosapi_msgs__rosidl_generator_c.dir/rosidl_generator_c/rosapi_msgs/msg/detail/type_def__functions.c.o\x1b[0m\n'}
[39.127353] (rosbridge_test_msgs) StdoutLine: {'line': b'[ 10%] \x1b[32mBuilding C object CMakeFiles/rosbridge_test_msgs__rosidl_generator_c.dir/rosidl_generator_c/rosbridge_test_msgs/srv/detail/add_two_ints__functions.c.o\x1b[0m\n'}
[39.132386] (rosbridge_msgs) StdoutLine: {'line': b'-- Symlinking: /ros2_ws/install/rosbridge_msgs/share/rosbridge_msgs/cmake/ament_cmake_export_targets-extras.cmake\n'}
[39.168647] (-) TimerEvent: {}
[39.173606] (rosbridge_msgs) StdoutLine: {'line': b'-- Symlinking: /ros2_ws/install/rosbridge_msgs/share/rosbridge_msgs/cmake/ament_cmake_export_include_directories-extras.cmake\n'}
[39.222078] (rosbridge_msgs) StdoutLine: {'line': b'-- Symlinking: /ros2_ws/install/rosbridge_msgs/share/rosbridge_msgs/cmake/rosidl_cmake_export_typesupport_libraries-extras.cmake\n'}
[39.268286] (rosbridge_msgs) StdoutLine: {'line': b'-- Symlinking: /ros2_ws/install/rosbridge_msgs/share/rosbridge_msgs/cmake/rosidl_cmake_export_typesupport_targets-extras.cmake\n'}
[39.269056] (-) TimerEvent: {}
[39.307024] (rosbridge_msgs) StdoutLine: {'line': b'-- Symlinking: /ros2_ws/install/rosbridge_msgs/share/rosbridge_msgs/cmake/rosbridge_msgsConfig.cmake\n'}
[39.338293] (rosbridge_msgs) StdoutLine: {'line': b'-- Symlinking: /ros2_ws/install/rosbridge_msgs/share/rosbridge_msgs/cmake/rosbridge_msgsConfig-version.cmake\n'}
[39.368569] (rosbridge_msgs) StdoutLine: {'line': b'-- Symlinking: /ros2_ws/install/rosbridge_msgs/share/rosbridge_msgs/package.xml\n'}
[39.369260] (-) TimerEvent: {}
[39.407810] (rosbridge_msgs) StdoutLine: {'line': b'-- Installing: /ros2_ws/install/rosbridge_msgs/lib/librosbridge_msgs__rosidl_generator_c.so\n'}
[39.410589] (rosbridge_msgs) StdoutLine: {'line': b'-- Set runtime path of "/ros2_ws/install/rosbridge_msgs/lib/librosbridge_msgs__rosidl_generator_c.so" to ""\n'}
[39.412186] (rosbridge_msgs) StdoutLine: {'line': b'-- Installing: /ros2_ws/install/rosbridge_msgs/lib/librosbridge_msgs__rosidl_typesupport_introspection_c.so\n'}
[39.414467] (rosbridge_msgs) StdoutLine: {'line': b'-- Set runtime path of "/ros2_ws/install/rosbridge_msgs/lib/librosbridge_msgs__rosidl_typesupport_introspection_c.so" to ""\n'}
[39.415899] (rosbridge_msgs) StdoutLine: {'line': b'-- Installing: /ros2_ws/install/rosbridge_msgs/lib/librosbridge_msgs__rosidl_typesupport_c.so\n'}
[39.418092] (rosbridge_msgs) StdoutLine: {'line': b'-- Set runtime path of "/ros2_ws/install/rosbridge_msgs/lib/librosbridge_msgs__rosidl_typesupport_c.so" to ""\n'}
[39.419517] (rosbridge_msgs) StdoutLine: {'line': b'-- Installing: /ros2_ws/install/rosbridge_msgs/lib/librosbridge_msgs__rosidl_typesupport_introspection_cpp.so\n'}
[39.422214] (rosbridge_msgs) StdoutLine: {'line': b'-- Set runtime path of "/ros2_ws/install/rosbridge_msgs/lib/librosbridge_msgs__rosidl_typesupport_introspection_cpp.so" to ""\n'}
[39.423565] (rosbridge_msgs) StdoutLine: {'line': b'-- Installing: /ros2_ws/install/rosbridge_msgs/lib/librosbridge_msgs__rosidl_typesupport_cpp.so\n'}
[39.431144] (rosbridge_msgs) StdoutLine: {'line': b'-- Set runtime path of "/ros2_ws/install/rosbridge_msgs/lib/librosbridge_msgs__rosidl_typesupport_cpp.so" to ""\n'}
[39.469470] (-) TimerEvent: {}
[39.571790] (-) TimerEvent: {}
[39.620978] (rosapi_msgs) StdoutLine: {'line': b'[  4%] \x1b[32mBuilding C object CMakeFiles/rosapi_msgs__rosidl_generator_c.dir/rosidl_generator_c/rosapi_msgs/srv/detail/delete_param__functions.c.o\x1b[0m\n'}
[39.654920] (rosbridge_test_msgs) StdoutLine: {'line': b'[ 10%] \x1b[32mBuilding C object CMakeFiles/rosbridge_test_msgs__rosidl_generator_c.dir/rosidl_generator_c/rosbridge_test_msgs/srv/detail/send_bytes__functions.c.o\x1b[0m\n'}
[39.671971] (-) TimerEvent: {}
[39.772980] (-) TimerEvent: {}
[39.835576] (rosbridge_msgs) StdoutLine: {'line': b"Compiling '/ros2_ws/install/rosbridge_msgs/lib/python3.6/site-packages/rosbridge_msgs/__init__.py'...\n"}
[39.873171] (-) TimerEvent: {}
[39.901289] (rosbridge_msgs) StdoutLine: {'line': b'-- Installing: /ros2_ws/install/rosbridge_msgs/share/rosbridge_msgs/cmake/rosbridge_msgs__rosidl_generator_cExport.cmake\n'}
[39.906157] (rosbridge_msgs) StdoutLine: {'line': b'-- Installing: /ros2_ws/install/rosbridge_msgs/share/rosbridge_msgs/cmake/rosbridge_msgs__rosidl_generator_cExport-noconfig.cmake\n'}
[39.908835] (rosbridge_msgs) StdoutLine: {'line': b'-- Installing: /ros2_ws/install/rosbridge_msgs/share/rosbridge_msgs/cmake/rosbridge_msgs__rosidl_typesupport_introspection_cExport.cmake\n'}
[39.911252] (rosbridge_msgs) StdoutLine: {'line': b'-- Installing: /ros2_ws/install/rosbridge_msgs/share/rosbridge_msgs/cmake/rosbridge_msgs__rosidl_typesupport_introspection_cExport-noconfig.cmake\n'}
[39.913422] (rosbridge_msgs) StdoutLine: {'line': b'-- Installing: /ros2_ws/install/rosbridge_msgs/share/rosbridge_msgs/cmake/rosbridge_msgs__rosidl_typesupport_cExport.cmake\n'}
[39.915566] (rosbridge_msgs) StdoutLine: {'line': b'-- Installing: /ros2_ws/install/rosbridge_msgs/share/rosbridge_msgs/cmake/rosbridge_msgs__rosidl_typesupport_cExport-noconfig.cmake\n'}
[39.917740] (rosbridge_msgs) StdoutLine: {'line': b'-- Installing: /ros2_ws/install/rosbridge_msgs/share/rosbridge_msgs/cmake/rosbridge_msgs__rosidl_generator_cppExport.cmake\n'}
[39.920264] (rosbridge_msgs) StdoutLine: {'line': b'-- Installing: /ros2_ws/install/rosbridge_msgs/share/rosbridge_msgs/cmake/rosbridge_msgs__rosidl_typesupport_introspection_cppExport.cmake\n'}
[39.922733] (rosbridge_msgs) StdoutLine: {'line': b'-- Installing: /ros2_ws/install/rosbridge_msgs/share/rosbridge_msgs/cmake/rosbridge_msgs__rosidl_typesupport_introspection_cppExport-noconfig.cmake\n'}
[39.924779] (rosbridge_msgs) StdoutLine: {'line': b'-- Installing: /ros2_ws/install/rosbridge_msgs/share/rosbridge_msgs/cmake/rosbridge_msgs__rosidl_typesupport_cppExport.cmake\n'}
[39.926821] (rosbridge_msgs) StdoutLine: {'line': b'-- Installing: /ros2_ws/install/rosbridge_msgs/share/rosbridge_msgs/cmake/rosbridge_msgs__rosidl_typesupport_cppExport-noconfig.cmake\n'}
[39.973341] (-) TimerEvent: {}
[39.988479] (rosbridge_msgs) CommandEnded: {'returncode': 0}
[40.082859] (-) TimerEvent: {}
[40.188793] (-) TimerEvent: {}
[40.257918] (rosapi_msgs) StdoutLine: {'line': b'[  5%] \x1b[32mBuilding C object CMakeFiles/rosapi_msgs__rosidl_generator_c.dir/rosidl_generator_c/rosapi_msgs/srv/detail/get_action_servers__functions.c.o\x1b[0m\n'}
[40.289488] (rosbridge_test_msgs) StdoutLine: {'line': b'[ 11%] \x1b[32mBuilding C object CMakeFiles/rosbridge_test_msgs__rosidl_generator_c.dir/rosidl_generator_c/rosbridge_test_msgs/srv/detail/test_array_request__functions.c.o\x1b[0m\n'}
[40.291255] (-) TimerEvent: {}
[40.392664] (-) TimerEvent: {}
[40.494431] (-) TimerEvent: {}
[40.596134] (-) TimerEvent: {}
[40.697611] (-) TimerEvent: {}
[40.717236] (rosapi_msgs) StdoutLine: {'line': b'[  5%] \x1b[32mBuilding C object CMakeFiles/rosapi_msgs__rosidl_generator_c.dir/rosidl_generator_c/rosapi_msgs/srv/detail/get_param__functions.c.o\x1b[0m\n'}
[40.732071] (rosbridge_test_msgs) StdoutLine: {'line': b'[ 11%] \x1b[32mBuilding C object CMakeFiles/rosbridge_test_msgs__rosidl_generator_c.dir/rosidl_generator_c/rosbridge_test_msgs/srv/detail/test_empty__functions.c.o\x1b[0m\n'}
[40.797844] (-) TimerEvent: {}
[40.901420] (-) TimerEvent: {}
[41.003834] (-) TimerEvent: {}
[41.104702] (-) TimerEvent: {}
[41.205552] (-) TimerEvent: {}
[41.246709] (rosbridge_test_msgs) StdoutLine: {'line': b'[ 12%] \x1b[32mBuilding C object CMakeFiles/rosbridge_test_msgs__rosidl_generator_c.dir/rosidl_generator_c/rosbridge_test_msgs/srv/detail/test_multiple_request_fields__functions.c.o\x1b[0m\n'}
[41.305745] (-) TimerEvent: {}
[41.406541] (-) TimerEvent: {}
[41.479024] (rosapi_msgs) StdoutLine: {'line': b'[  6%] \x1b[32mBuilding C object CMakeFiles/rosapi_msgs__rosidl_generator_c.dir/rosidl_generator_c/rosapi_msgs/srv/detail/get_param_names__functions.c.o\x1b[0m\n'}
[41.506752] (-) TimerEvent: {}
[41.607775] (-) TimerEvent: {}
[41.709931] (-) TimerEvent: {}
[41.746578] (rosbridge_test_msgs) StdoutLine: {'line': b'[ 12%] \x1b[32mBuilding C object CMakeFiles/rosbridge_test_msgs__rosidl_generator_c.dir/rosidl_generator_c/rosbridge_test_msgs/srv/detail/test_multiple_response_fields__functions.c.o\x1b[0m\n'}
[41.810139] (-) TimerEvent: {}
[41.912435] (-) TimerEvent: {}
[41.985882] (rosapi_msgs) StdoutLine: {'line': b'[  6%] \x1b[32mBuilding C object CMakeFiles/rosapi_msgs__rosidl_generator_c.dir/rosidl_generator_c/rosapi_msgs/srv/detail/get_ros_version__functions.c.o\x1b[0m\n'}
[42.012626] (-) TimerEvent: {}
[42.114112] (-) TimerEvent: {}
[42.215161] (-) TimerEvent: {}
[42.268065] (rosbridge_test_msgs) StdoutLine: {'line': b'[ 13%] \x1b[32mBuilding C object CMakeFiles/rosbridge_test_msgs__rosidl_generator_c.dir/rosidl_generator_c/rosbridge_test_msgs/srv/detail/test_nested_service__functions.c.o\x1b[0m\n'}
[42.315340] (-) TimerEvent: {}
[42.417570] (-) TimerEvent: {}
[42.521807] (-) TimerEvent: {}
[42.601048] (rosapi_msgs) StdoutLine: {'line': b'[  7%] \x1b[32mBuilding C object CMakeFiles/rosapi_msgs__rosidl_generator_c.dir/rosidl_generator_c/rosapi_msgs/srv/detail/get_time__functions.c.o\x1b[0m\n'}
[42.626895] (-) TimerEvent: {}
[42.629608] (rosbridge_msgs) JobEnded: {'identifier': 'rosbridge_msgs', 'rc': 0}
[42.727085] (-) TimerEvent: {}
[42.827954] (-) TimerEvent: {}
[42.836356] (rosbridge_test_msgs) StdoutLine: {'line': b'[ 14%] \x1b[32mBuilding C object CMakeFiles/rosbridge_test_msgs__rosidl_generator_c.dir/rosidl_generator_c/rosbridge_test_msgs/srv/detail/test_request_and_response__functions.c.o\x1b[0m\n'}
[42.928139] (-) TimerEvent: {}
[43.030211] (-) TimerEvent: {}
[43.132281] (-) TimerEvent: {}
[43.161711] (rosapi_msgs) StdoutLine: {'line': b'[  7%] \x1b[32mBuilding C object CMakeFiles/rosapi_msgs__rosidl_generator_c.dir/rosidl_generator_c/rosapi_msgs/srv/detail/has_param__functions.c.o\x1b[0m\n'}
[43.232472] (-) TimerEvent: {}
[43.334130] (-) TimerEvent: {}
[43.364721] (rosbridge_test_msgs) StdoutLine: {'line': b'[ 14%] \x1b[32mBuilding C object CMakeFiles/rosbridge_test_msgs__rosidl_generator_c.dir/rosidl_generator_c/rosbridge_test_msgs/srv/detail/test_request_only__functions.c.o\x1b[0m\n'}
[43.434328] (-) TimerEvent: {}
[43.535243] (-) TimerEvent: {}
[43.636210] (-) TimerEvent: {}
[43.641538] (rosapi_msgs) StdoutLine: {'line': b'[  8%] \x1b[32mBuilding C object CMakeFiles/rosapi_msgs__rosidl_generator_c.dir/rosidl_generator_c/rosapi_msgs/srv/detail/message_details__functions.c.o\x1b[0m\n'}
[43.736395] (-) TimerEvent: {}
[43.831017] (rosbridge_test_msgs) StdoutLine: {'line': b'[ 15%] \x1b[32mBuilding C object CMakeFiles/rosbridge_test_msgs__rosidl_generator_c.dir/rosidl_generator_c/rosbridge_test_msgs/srv/detail/test_response_only__functions.c.o\x1b[0m\n'}
[43.836553] (-) TimerEvent: {}
[43.937362] (-) TimerEvent: {}
[44.038227] (-) TimerEvent: {}
[44.118991] (rosapi_msgs) StdoutLine: {'line': b'[  8%] \x1b[32mBuilding C object CMakeFiles/rosapi_msgs__rosidl_generator_c.dir/rosidl_generator_c/rosapi_msgs/srv/detail/nodes__functions.c.o\x1b[0m\n'}
[44.138416] (-) TimerEvent: {}
[44.239266] (-) TimerEvent: {}
[44.340058] (-) TimerEvent: {}
[44.359068] (rosbridge_test_msgs) StdoutLine: {'line': b'[ 15%] \x1b[32m\x1b[1mLinking C shared library librosbridge_test_msgs__rosidl_generator_c.so\x1b[0m\n'}
[44.440240] (-) TimerEvent: {}
[44.542184] (-) TimerEvent: {}
[44.615030] (rosapi_msgs) StdoutLine: {'line': b'[  8%] \x1b[32mBuilding C object CMakeFiles/rosapi_msgs__rosidl_generator_c.dir/rosidl_generator_c/rosapi_msgs/srv/detail/node_details__functions.c.o\x1b[0m\n'}
[44.642393] (-) TimerEvent: {}
[44.744621] (-) TimerEvent: {}
[44.747930] (rosbridge_test_msgs) StdoutLine: {'line': b'[ 15%] Built target rosbridge_test_msgs__rosidl_generator_c\n'}
[44.837573] (rosbridge_test_msgs) StdoutLine: {'line': b'[ 16%] \x1b[34m\x1b[1mGenerating C introspection for ROS interfaces\x1b[0m\n'}
[44.844810] (-) TimerEvent: {}
[44.946449] (-) TimerEvent: {}
[45.048117] (-) TimerEvent: {}
[45.150324] (-) TimerEvent: {}
[45.205797] (rosapi_msgs) StdoutLine: {'line': b'[  9%] \x1b[32mBuilding C object CMakeFiles/rosapi_msgs__rosidl_generator_c.dir/rosidl_generator_c/rosapi_msgs/srv/detail/publishers__functions.c.o\x1b[0m\n'}
[45.250521] (-) TimerEvent: {}
[45.352650] (-) TimerEvent: {}
[45.454794] (-) TimerEvent: {}
[45.556990] (-) TimerEvent: {}
[45.626866] (rosbridge_test_msgs) StdoutLine: {'line': b'[ 16%] \x1b[32mBuilding CXX object CMakeFiles/rosbridge_test_msgs__rosidl_typesupport_cpp.dir/rosidl_typesupport_cpp/rosbridge_test_msgs/msg/num__type_support.cpp.o\x1b[0m\n'}
[45.648791] (rosapi_msgs) StdoutLine: {'line': b'[  9%] \x1b[32mBuilding C object CMakeFiles/rosapi_msgs__rosidl_generator_c.dir/rosidl_generator_c/rosapi_msgs/srv/detail/service_node__functions.c.o\x1b[0m\n'}
[45.657191] (-) TimerEvent: {}
[45.757984] (-) TimerEvent: {}
[45.858790] (-) TimerEvent: {}
[45.960599] (-) TimerEvent: {}
[46.062037] (-) TimerEvent: {}
[46.110034] (rosapi_msgs) StdoutLine: {'line': b'[ 10%] \x1b[32mBuilding C object CMakeFiles/rosapi_msgs__rosidl_generator_c.dir/rosidl_generator_c/rosapi_msgs/srv/detail/service_providers__functions.c.o\x1b[0m\n'}
[46.162239] (-) TimerEvent: {}
[46.263061] (-) TimerEvent: {}
[46.364689] (-) TimerEvent: {}
[46.466357] (-) TimerEvent: {}
[46.510167] (rosapi_msgs) StdoutLine: {'line': b'[ 10%] \x1b[32mBuilding C object CMakeFiles/rosapi_msgs__rosidl_generator_c.dir/rosidl_generator_c/rosapi_msgs/srv/detail/service_request_details__functions.c.o\x1b[0m\n'}
[46.566551] (-) TimerEvent: {}
[46.668687] (-) TimerEvent: {}
[46.769485] (-) TimerEvent: {}
[46.870283] (-) TimerEvent: {}
[46.971091] (-) TimerEvent: {}
[47.071877] (-) TimerEvent: {}
[47.124804] (rosapi_msgs) StdoutLine: {'line': b'[ 11%] \x1b[32mBuilding C object CMakeFiles/rosapi_msgs__rosidl_generator_c.dir/rosidl_generator_c/rosapi_msgs/srv/detail/service_response_details__functions.c.o\x1b[0m\n'}
[47.172064] (-) TimerEvent: {}
[47.274272] (-) TimerEvent: {}
[47.376506] (-) TimerEvent: {}
[47.477658] (-) TimerEvent: {}
[47.580065] (-) TimerEvent: {}
[47.654215] (rosbridge_test_msgs) StdoutLine: {'line': b'[ 17%] \x1b[32mBuilding CXX object CMakeFiles/rosbridge_test_msgs__rosidl_typesupport_cpp.dir/rosidl_typesupport_cpp/rosbridge_test_msgs/msg/test_char__type_support.cpp.o\x1b[0m\n'}
[47.667074] (rosapi_msgs) StdoutLine: {'line': b'[ 11%] \x1b[32mBuilding C object CMakeFiles/rosapi_msgs__rosidl_generator_c.dir/rosidl_generator_c/rosapi_msgs/srv/detail/services__functions.c.o\x1b[0m\n'}
[47.680246] (-) TimerEvent: {}
[47.781234] (-) TimerEvent: {}
[47.883465] (-) TimerEvent: {}
[47.985692] (-) TimerEvent: {}
[48.087920] (-) TimerEvent: {}
[48.188713] (-) TimerEvent: {}
[48.206525] (rosapi_msgs) StdoutLine: {'line': b'[ 12%] \x1b[32mBuilding C object CMakeFiles/rosapi_msgs__rosidl_generator_c.dir/rosidl_generator_c/rosapi_msgs/srv/detail/services_for_type__functions.c.o\x1b[0m\n'}
[48.288902] (-) TimerEvent: {}
[48.401246] (-) TimerEvent: {}
[48.503454] (-) TimerEvent: {}
[48.605606] (-) TimerEvent: {}
[48.707809] (-) TimerEvent: {}
[48.717098] (rosapi_msgs) StdoutLine: {'line': b'[ 12%] \x1b[32mBuilding C object CMakeFiles/rosapi_msgs__rosidl_generator_c.dir/rosidl_generator_c/rosapi_msgs/srv/detail/service_type__functions.c.o\x1b[0m\n'}
[48.807997] (-) TimerEvent: {}
[48.910381] (-) TimerEvent: {}
[49.012657] (-) TimerEvent: {}
[49.115018] (-) TimerEvent: {}
[49.217321] (-) TimerEvent: {}
[49.234991] (rosapi_msgs) StdoutLine: {'line': b'[ 12%] \x1b[32mBuilding C object CMakeFiles/rosapi_msgs__rosidl_generator_c.dir/rosidl_generator_c/rosapi_msgs/srv/detail/set_param__functions.c.o\x1b[0m\n'}
[49.317527] (-) TimerEvent: {}
[49.418398] (-) TimerEvent: {}
[49.520174] (-) TimerEvent: {}
[49.622041] (-) TimerEvent: {}
[49.722880] (-) TimerEvent: {}
[49.741815] (rosapi_msgs) StdoutLine: {'line': b'[ 13%] \x1b[32mBuilding C object CMakeFiles/rosapi_msgs__rosidl_generator_c.dir/rosidl_generator_c/rosapi_msgs/srv/detail/subscribers__functions.c.o\x1b[0m\n'}
[49.767123] (rosbridge_test_msgs) StdoutLine: {'line': b'[ 17%] \x1b[32mBuilding CXX object CMakeFiles/rosbridge_test_msgs__rosidl_typesupport_cpp.dir/rosidl_typesupport_cpp/rosbridge_test_msgs/msg/test_duration_array__type_support.cpp.o\x1b[0m\n'}
[49.823062] (-) TimerEvent: {}
[49.923883] (-) TimerEvent: {}
[50.024701] (-) TimerEvent: {}
[50.125469] (-) TimerEvent: {}
[50.226695] (-) TimerEvent: {}
[50.248068] (rosapi_msgs) StdoutLine: {'line': b'[ 13%] \x1b[32mBuilding C object CMakeFiles/rosapi_msgs__rosidl_generator_c.dir/rosidl_generator_c/rosapi_msgs/srv/detail/topics__functions.c.o\x1b[0m\n'}
[50.326888] (-) TimerEvent: {}
[50.427703] (-) TimerEvent: {}
[50.528517] (-) TimerEvent: {}
[50.629344] (-) TimerEvent: {}
[50.731851] (-) TimerEvent: {}
[50.774045] (rosapi_msgs) StdoutLine: {'line': b'[ 14%] \x1b[32mBuilding C object CMakeFiles/rosapi_msgs__rosidl_generator_c.dir/rosidl_generator_c/rosapi_msgs/srv/detail/topics_and_raw_types__functions.c.o\x1b[0m\n'}
[50.832042] (-) TimerEvent: {}
[50.933121] (-) TimerEvent: {}
[51.035539] (-) TimerEvent: {}
[51.137959] (-) TimerEvent: {}
[51.189777] (rosbridge_test_msgs) StdoutLine: {'line': b'[ 18%] \x1b[32mBuilding CXX object CMakeFiles/rosbridge_test_msgs__rosidl_typesupport_introspection_cpp.dir/rosidl_typesupport_introspection_cpp/rosbridge_test_msgs/msg/detail/num__type_support.cpp.o\x1b[0m\n'}
[51.238157] (-) TimerEvent: {}
[51.315007] (rosapi_msgs) StdoutLine: {'line': b'[ 14%] \x1b[32mBuilding C object CMakeFiles/rosapi_msgs__rosidl_generator_c.dir/rosidl_generator_c/rosapi_msgs/srv/detail/topics_for_type__functions.c.o\x1b[0m\n'}
[51.338373] (-) TimerEvent: {}
[51.441048] (-) TimerEvent: {}
[51.533363] (rosbridge_test_msgs) StdoutLine: {'line': b'[ 19%] \x1b[32mBuilding CXX object CMakeFiles/rosbridge_test_msgs__rosidl_typesupport_cpp.dir/rosidl_typesupport_cpp/rosbridge_test_msgs/msg/test_header_array__type_support.cpp.o\x1b[0m\n'}
[51.541244] (-) TimerEvent: {}
[51.643098] (-) TimerEvent: {}
[51.705557] (rosapi_msgs) StdoutLine: {'line': b'[ 14%] \x1b[32mBuilding CXX object CMakeFiles/rosapi_msgs__rosidl_typesupport_cpp.dir/rosidl_typesupport_cpp/rosapi_msgs/msg/type_def__type_support.cpp.o\x1b[0m\n'}
[51.743291] (-) TimerEvent: {}
[51.845617] (-) TimerEvent: {}
[51.898131] (rosapi_msgs) StdoutLine: {'line': b'[ 15%] \x1b[32mBuilding C object CMakeFiles/rosapi_msgs__rosidl_generator_c.dir/rosidl_generator_c/rosapi_msgs/srv/detail/topic_type__functions.c.o\x1b[0m\n'}
[51.945831] (-) TimerEvent: {}
[52.048139] (-) TimerEvent: {}
[52.150493] (-) TimerEvent: {}
[52.252683] (-) TimerEvent: {}
[52.357600] (-) TimerEvent: {}
[52.458498] (-) TimerEvent: {}
[52.465992] (rosapi_msgs) StdoutLine: {'line': b'[ 15%] \x1b[32m\x1b[1mLinking C shared library librosapi_msgs__rosidl_generator_c.so\x1b[0m\n'}
[52.558748] (-) TimerEvent: {}
[52.659574] (-) TimerEvent: {}
[52.707556] (rosbridge_test_msgs) StdoutLine: {'line': b'[ 19%] \x1b[32mBuilding CXX object CMakeFiles/rosbridge_test_msgs__rosidl_typesupport_introspection_cpp.dir/rosidl_typesupport_introspection_cpp/rosbridge_test_msgs/msg/detail/test_char__type_support.cpp.o\x1b[0m\n'}
[52.759786] (-) TimerEvent: {}
[52.835012] (rosapi_msgs) StdoutLine: {'line': b'[ 15%] Built target rosapi_msgs__rosidl_generator_c\n'}
[52.859980] (-) TimerEvent: {}
[52.960869] (-) TimerEvent: {}
[53.063081] (-) TimerEvent: {}
[53.165317] (-) TimerEvent: {}
[53.267649] (-) TimerEvent: {}
[53.369925] (-) TimerEvent: {}
[53.472251] (-) TimerEvent: {}
[53.574587] (-) TimerEvent: {}
[53.639348] (rosbridge_test_msgs) StdoutLine: {'line': b'[ 19%] \x1b[32mBuilding CXX object CMakeFiles/rosbridge_test_msgs__rosidl_typesupport_cpp.dir/rosidl_typesupport_cpp/rosbridge_test_msgs/msg/test_header__type_support.cpp.o\x1b[0m\n'}
[53.674798] (-) TimerEvent: {}
[53.679070] (rosapi_msgs) StdoutLine: {'line': b'[ 16%] \x1b[32mBuilding CXX object CMakeFiles/rosapi_msgs__rosidl_typesupport_cpp.dir/rosidl_typesupport_cpp/rosapi_msgs/srv/delete_param__type_support.cpp.o\x1b[0m\n'}
[53.774973] (-) TimerEvent: {}
[53.877242] (-) TimerEvent: {}
[53.979592] (-) TimerEvent: {}
[54.081925] (-) TimerEvent: {}
[54.184278] (-) TimerEvent: {}
[54.286407] (-) TimerEvent: {}
[54.390861] (-) TimerEvent: {}
[54.412152] (rosbridge_test_msgs) StdoutLine: {'line': b'[ 20%] \x1b[32mBuilding CXX object CMakeFiles/rosbridge_test_msgs__rosidl_typesupport_introspection_cpp.dir/rosidl_typesupport_introspection_cpp/rosbridge_test_msgs/msg/detail/test_duration_array__type_support.cpp.o\x1b[0m\n'}
[54.451031] (rosbridge_test_msgs) StdoutLine: {'line': b'[ 20%] \x1b[32mBuilding CXX object CMakeFiles/rosbridge_test_msgs__rosidl_typesupport_fastrtps_cpp.dir/rosidl_typesupport_fastrtps_cpp/rosbridge_test_msgs/msg/detail/dds_fastrtps/num__type_support.cpp.o\x1b[0m\n'}
[54.491052] (-) TimerEvent: {}
[54.593313] (-) TimerEvent: {}
[54.695044] (-) TimerEvent: {}
[54.796518] (-) TimerEvent: {}
[54.898472] (-) TimerEvent: {}
[55.000899] (-) TimerEvent: {}
[55.101766] (-) TimerEvent: {}
[55.202570] (-) TimerEvent: {}
[55.303425] (-) TimerEvent: {}
[55.404325] (-) TimerEvent: {}
[55.505653] (-) TimerEvent: {}
[55.604115] (rosbridge_test_msgs) StdoutLine: {'line': b'[ 21%] \x1b[32mBuilding CXX object CMakeFiles/rosbridge_test_msgs__rosidl_typesupport_cpp.dir/rosidl_typesupport_cpp/rosbridge_test_msgs/msg/test_header_two__type_support.cpp.o\x1b[0m\n'}
[55.605830] (-) TimerEvent: {}
[55.630124] (rosapi_msgs) StdoutLine: {'line': b'[ 16%] \x1b[32mBuilding CXX object CMakeFiles/rosapi_msgs__rosidl_typesupport_cpp.dir/rosidl_typesupport_cpp/rosapi_msgs/srv/get_action_servers__type_support.cpp.o\x1b[0m\n'}
[55.706046] (-) TimerEvent: {}
[55.806910] (-) TimerEvent: {}
[55.909086] (-) TimerEvent: {}
[56.011244] (-) TimerEvent: {}
[56.113336] (-) TimerEvent: {}
[56.215347] (-) TimerEvent: {}
[56.317638] (-) TimerEvent: {}
[56.420036] (-) TimerEvent: {}
[56.522494] (-) TimerEvent: {}
[56.600071] (rosbridge_test_msgs) StdoutLine: {'line': b'[ 21%] \x1b[32mBuilding CXX object CMakeFiles/rosbridge_test_msgs__rosidl_typesupport_introspection_cpp.dir/rosidl_typesupport_introspection_cpp/rosbridge_test_msgs/msg/detail/test_header_array__type_support.cpp.o\x1b[0m\n'}
[56.622746] (-) TimerEvent: {}
[56.723629] (-) TimerEvent: {}
[56.824494] (-) TimerEvent: {}
[56.926803] (-) TimerEvent: {}
[57.029387] (-) TimerEvent: {}
[57.130290] (-) TimerEvent: {}
[57.221501] (rosbridge_test_msgs) StdoutLine: {'line': b'[ 21%] \x1b[32mBuilding CXX object CMakeFiles/rosbridge_test_msgs__rosidl_typesupport_cpp.dir/rosidl_typesupport_cpp/rosbridge_test_msgs/msg/test_time_array__type_support.cpp.o\x1b[0m\n'}
[57.230474] (-) TimerEvent: {}
[57.331443] (-) TimerEvent: {}
[57.432367] (-) TimerEvent: {}
[57.483795] (rosapi_msgs) StdoutLine: {'line': b'[ 16%] \x1b[32mBuilding CXX object CMakeFiles/rosapi_msgs__rosidl_typesupport_cpp.dir/rosidl_typesupport_cpp/rosapi_msgs/srv/get_param__type_support.cpp.o\x1b[0m\n'}
[57.532569] (-) TimerEvent: {}
[57.634819] (-) TimerEvent: {}
[57.670358] (rosbridge_test_msgs) StdoutLine: {'line': b'[ 22%] \x1b[32mBuilding CXX object CMakeFiles/rosbridge_test_msgs__rosidl_typesupport_fastrtps_cpp.dir/rosidl_typesupport_fastrtps_cpp/rosbridge_test_msgs/msg/detail/dds_fastrtps/test_char__type_support.cpp.o\x1b[0m\n'}
[57.735012] (-) TimerEvent: {}
[57.835858] (-) TimerEvent: {}
[57.936960] (-) TimerEvent: {}
[58.039336] (-) TimerEvent: {}
[58.141561] (-) TimerEvent: {}
[58.146043] (rosapi_msgs) StdoutLine: {'line': b'[ 16%] \x1b[32mBuilding CXX object CMakeFiles/rosapi_msgs__rosidl_typesupport_introspection_cpp.dir/rosidl_typesupport_introspection_cpp/rosapi_msgs/msg/detail/type_def__type_support.cpp.o\x1b[0m\n'}
[58.241771] (-) TimerEvent: {}
[58.344286] (-) TimerEvent: {}
[58.445398] (-) TimerEvent: {}
[58.455040] (rosbridge_test_msgs) StdoutLine: {'line': b'[ 23%] \x1b[32mBuilding CXX object CMakeFiles/rosbridge_test_msgs__rosidl_typesupport_introspection_cpp.dir/rosidl_typesupport_introspection_cpp/rosbridge_test_msgs/msg/detail/test_header__type_support.cpp.o\x1b[0m\n'}
[58.545598] (-) TimerEvent: {}
[58.647861] (-) TimerEvent: {}
[58.748716] (-) TimerEvent: {}
[58.841904] (rosbridge_test_msgs) StdoutLine: {'line': b'[ 24%] \x1b[32mBuilding CXX object CMakeFiles/rosbridge_test_msgs__rosidl_typesupport_cpp.dir/rosidl_typesupport_cpp/rosbridge_test_msgs/msg/test_u_int8__type_support.cpp.o\x1b[0m\n'}
[58.848918] (-) TimerEvent: {}
[58.950214] (-) TimerEvent: {}
[59.051823] (-) TimerEvent: {}
[59.152719] (-) TimerEvent: {}
[59.253608] (-) TimerEvent: {}
[59.355958] (-) TimerEvent: {}
[59.458366] (-) TimerEvent: {}
[59.481859] (rosapi_msgs) StdoutLine: {'line': b'[ 17%] \x1b[32mBuilding CXX object CMakeFiles/rosapi_msgs__rosidl_typesupport_cpp.dir/rosidl_typesupport_cpp/rosapi_msgs/srv/get_param_names__type_support.cpp.o\x1b[0m\n'}
[59.558556] (-) TimerEvent: {}
[59.660987] (-) TimerEvent: {}
[59.763283] (-) TimerEvent: {}
[59.865602] (-) TimerEvent: {}
[59.967294] (-) TimerEvent: {}
[60.068168] (-) TimerEvent: {}
[60.169112] (-) TimerEvent: {}
[60.270068] (-) TimerEvent: {}
[60.372740] (-) TimerEvent: {}
[60.474138] (-) TimerEvent: {}
[60.518515] (rosbridge_test_msgs) StdoutLine: {'line': b'[ 24%] \x1b[32mBuilding CXX object CMakeFiles/rosbridge_test_msgs__rosidl_typesupport_introspection_cpp.dir/rosidl_typesupport_introspection_cpp/rosbridge_test_msgs/msg/detail/test_header_two__type_support.cpp.o\x1b[0m\n'}
[60.574337] (-) TimerEvent: {}
[60.603854] (rosapi_msgs) StdoutLine: {'line': b'[ 18%] \x1b[32mBuilding CXX object CMakeFiles/rosapi_msgs__rosidl_typesupport_introspection_cpp.dir/rosidl_typesupport_introspection_cpp/rosapi_msgs/srv/detail/delete_param__type_support.cpp.o\x1b[0m\n'}
[60.674561] (-) TimerEvent: {}
[60.776630] (-) TimerEvent: {}
[60.822130] (rosapi_msgs) StdoutLine: {'line': b'[ 18%] \x1b[32mBuilding CXX object CMakeFiles/rosapi_msgs__rosidl_typesupport_fastrtps_cpp.dir/rosidl_typesupport_fastrtps_cpp/rosapi_msgs/msg/detail/dds_fastrtps/type_def__type_support.cpp.o\x1b[0m\n'}
[60.876845] (-) TimerEvent: {}
[60.883007] (rosbridge_test_msgs) StdoutLine: {'line': b'[ 24%] \x1b[32mBuilding CXX object CMakeFiles/rosbridge_test_msgs__rosidl_typesupport_cpp.dir/rosidl_typesupport_cpp/rosbridge_test_msgs/msg/test_u_int8_fixed_size_array16__type_support.cpp.o\x1b[0m\n'}
[60.886842] (rosbridge_test_msgs) StdoutLine: {'line': b'[ 24%] \x1b[32mBuilding CXX object CMakeFiles/rosbridge_test_msgs__rosidl_typesupport_fastrtps_cpp.dir/rosidl_typesupport_fastrtps_cpp/rosbridge_test_msgs/msg/detail/dds_fastrtps/test_duration_array__type_support.cpp.o\x1b[0m\n'}
[60.977071] (-) TimerEvent: {}
[61.079202] (-) TimerEvent: {}
[61.134196] (rosapi_msgs) StdoutLine: {'line': b'[ 18%] \x1b[32mBuilding CXX object CMakeFiles/rosapi_msgs__rosidl_typesupport_cpp.dir/rosidl_typesupport_cpp/rosapi_msgs/srv/get_ros_version__type_support.cpp.o\x1b[0m\n'}
[61.179411] (-) TimerEvent: {}
[61.281703] (-) TimerEvent: {}
[61.382719] (-) TimerEvent: {}
[61.484850] (-) TimerEvent: {}
[61.586915] (-) TimerEvent: {}
[61.687843] (-) TimerEvent: {}
[61.788738] (-) TimerEvent: {}
[61.890884] (-) TimerEvent: {}
[61.991975] (-) TimerEvent: {}
[62.092989] (-) TimerEvent: {}
[62.194358] (-) TimerEvent: {}
[62.255933] (rosbridge_test_msgs) StdoutLine: {'line': b'[ 25%] \x1b[32mBuilding CXX object CMakeFiles/rosbridge_test_msgs__rosidl_typesupport_introspection_cpp.dir/rosidl_typesupport_introspection_cpp/rosbridge_test_msgs/msg/detail/test_time_array__type_support.cpp.o\x1b[0m\n'}
[62.294860] (-) TimerEvent: {}
[62.333103] (rosapi_msgs) StdoutLine: {'line': b'[ 18%] \x1b[32mBuilding CXX object CMakeFiles/rosapi_msgs__rosidl_typesupport_introspection_cpp.dir/rosidl_typesupport_introspection_cpp/rosapi_msgs/srv/detail/get_action_servers__type_support.cpp.o\x1b[0m\n'}
[62.395066] (-) TimerEvent: {}
[62.397645] (rosbridge_test_msgs) StdoutLine: {'line': b'[ 25%] \x1b[32mBuilding C object CMakeFiles/rosbridge_test_msgs__rosidl_typesupport_introspection_c.dir/rosidl_typesupport_introspection_c/rosbridge_test_msgs/msg/detail/num__type_support.c.o\x1b[0m\n'}
[62.495273] (-) TimerEvent: {}
[62.530376] (rosbridge_test_msgs) StdoutLine: {'line': b'[ 26%] \x1b[32mBuilding CXX object CMakeFiles/rosbridge_test_msgs__rosidl_typesupport_cpp.dir/rosidl_typesupport_cpp/rosbridge_test_msgs/msg/test_float32_array__type_support.cpp.o\x1b[0m\n'}
[62.595485] (-) TimerEvent: {}
[62.697834] (-) TimerEvent: {}
[62.716461] (rosbridge_test_msgs) StdoutLine: {'line': b'[ 27%] \x1b[32mBuilding C object CMakeFiles/rosbridge_test_msgs__rosidl_typesupport_introspection_c.dir/rosidl_typesupport_introspection_c/rosbridge_test_msgs/msg/detail/test_char__type_support.c.o\x1b[0m\n'}
[62.798061] (-) TimerEvent: {}
[62.823049] (rosapi_msgs) StdoutLine: {'line': b'[ 19%] \x1b[32mBuilding CXX object CMakeFiles/rosapi_msgs__rosidl_typesupport_cpp.dir/rosidl_typesupport_cpp/rosapi_msgs/srv/get_time__type_support.cpp.o\x1b[0m\n'}
[62.899329] (-) TimerEvent: {}
[63.001297] (-) TimerEvent: {}
[63.051017] (rosbridge_test_msgs) StdoutLine: {'line': b'[ 27%] \x1b[32mBuilding C object CMakeFiles/rosbridge_test_msgs__rosidl_typesupport_introspection_c.dir/rosidl_typesupport_introspection_c/rosbridge_test_msgs/msg/detail/test_duration_array__type_support.c.o\x1b[0m\n'}
[63.101523] (-) TimerEvent: {}
[63.203916] (-) TimerEvent: {}
[63.306453] (-) TimerEvent: {}
[63.359096] (rosbridge_test_msgs) StdoutLine: {'line': b'[ 28%] \x1b[32mBuilding C object CMakeFiles/rosbridge_test_msgs__rosidl_typesupport_introspection_c.dir/rosidl_typesupport_introspection_c/rosbridge_test_msgs/msg/detail/test_header_array__type_support.c.o\x1b[0m\n'}
[63.406708] (-) TimerEvent: {}
[63.508969] (-) TimerEvent: {}
[63.611427] (-) TimerEvent: {}
[63.664019] (rosbridge_test_msgs) StdoutLine: {'line': b'[ 29%] \x1b[32mBuilding C object CMakeFiles/rosbridge_test_msgs__rosidl_typesupport_introspection_c.dir/rosidl_typesupport_introspection_c/rosbridge_test_msgs/msg/detail/test_header__type_support.c.o\x1b[0m\n'}
[63.711643] (-) TimerEvent: {}
[63.812562] (-) TimerEvent: {}
[63.875540] (rosbridge_test_msgs) StdoutLine: {'line': b'[ 30%] \x1b[32mBuilding CXX object CMakeFiles/rosbridge_test_msgs__rosidl_typesupport_fastrtps_cpp.dir/rosidl_typesupport_fastrtps_cpp/rosbridge_test_msgs/msg/detail/dds_fastrtps/test_header_array__type_support.cpp.o\x1b[0m\n'}
[63.906453] (rosapi_msgs) StdoutLine: {'line': b'[ 20%] \x1b[32mBuilding CXX object CMakeFiles/rosapi_msgs__rosidl_typesupport_fastrtps_cpp.dir/rosidl_typesupport_fastrtps_cpp/rosapi_msgs/srv/detail/dds_fastrtps/delete_param__type_support.cpp.o\x1b[0m\n'}
[63.912780] (-) TimerEvent: {}
[63.965490] (rosbridge_test_msgs) StdoutLine: {'line': b'[ 30%] \x1b[32mBuilding C object CMakeFiles/rosbridge_test_msgs__rosidl_typesupport_introspection_c.dir/rosidl_typesupport_introspection_c/rosbridge_test_msgs/msg/detail/test_header_two__type_support.c.o\x1b[0m\n'}
[64.013000] (-) TimerEvent: {}
[64.114823] (-) TimerEvent: {}
[64.147706] (rosbridge_test_msgs) StdoutLine: {'line': b'[ 30%] \x1b[32mBuilding CXX object CMakeFiles/rosbridge_test_msgs__rosidl_typesupport_cpp.dir/rosidl_typesupport_cpp/rosbridge_test_msgs/msg/test_float32_bounded_array__type_support.cpp.o\x1b[0m\n'}
[64.215024] (-) TimerEvent: {}
[64.217485] (rosbridge_test_msgs) StdoutLine: {'line': b'[ 31%] \x1b[32mBuilding C object CMakeFiles/rosbridge_test_msgs__rosidl_typesupport_introspection_c.dir/rosidl_typesupport_introspection_c/rosbridge_test_msgs/msg/detail/test_time_array__type_support.c.o\x1b[0m\n'}
[64.315236] (-) TimerEvent: {}
[64.416179] (-) TimerEvent: {}
[64.518747] (-) TimerEvent: {}
[64.531605] (rosbridge_test_msgs) StdoutLine: {'line': b'[ 31%] \x1b[32mBuilding C object CMakeFiles/rosbridge_test_msgs__rosidl_typesupport_introspection_c.dir/rosidl_typesupport_introspection_c/rosbridge_test_msgs/msg/detail/test_u_int8__type_support.c.o\x1b[0m\n'}
[64.618939] (-) TimerEvent: {}
[64.634026] (rosbridge_test_msgs) StdoutLine: {'line': b'[ 31%] \x1b[32mBuilding CXX object CMakeFiles/rosbridge_test_msgs__rosidl_typesupport_introspection_cpp.dir/rosidl_typesupport_introspection_cpp/rosbridge_test_msgs/msg/detail/test_u_int8__type_support.cpp.o\x1b[0m\n'}
[64.719150] (-) TimerEvent: {}
[64.817873] (rosbridge_test_msgs) StdoutLine: {'line': b'[ 32%] \x1b[32mBuilding C object CMakeFiles/rosbridge_test_msgs__rosidl_typesupport_introspection_c.dir/rosidl_typesupport_introspection_c/rosbridge_test_msgs/msg/detail/test_u_int8_fixed_size_array16__type_support.c.o\x1b[0m\n'}
[64.819311] (-) TimerEvent: {}
[64.921494] (-) TimerEvent: {}
[64.923897] (rosapi_msgs) StdoutLine: {'line': b'[ 21%] \x1b[32mBuilding CXX object CMakeFiles/rosapi_msgs__rosidl_typesupport_introspection_cpp.dir/rosidl_typesupport_introspection_cpp/rosapi_msgs/srv/detail/get_param__type_support.cpp.o\x1b[0m\n'}
[64.982680] (rosapi_msgs) StdoutLine: {'line': b'[ 21%] \x1b[32mBuilding CXX object CMakeFiles/rosapi_msgs__rosidl_typesupport_cpp.dir/rosidl_typesupport_cpp/rosapi_msgs/srv/has_param__type_support.cpp.o\x1b[0m\n'}
[65.021722] (-) TimerEvent: {}
[65.081100] (rosbridge_test_msgs) StdoutLine: {'line': b'[ 32%] \x1b[32mBuilding C object CMakeFiles/rosbridge_test_msgs__rosidl_typesupport_introspection_c.dir/rosidl_typesupport_introspection_c/rosbridge_test_msgs/msg/detail/test_float32_array__type_support.c.o\x1b[0m\n'}
[65.121940] (-) TimerEvent: {}
[65.224337] (-) TimerEvent: {}
[65.246192] (rosbridge_test_msgs) StdoutLine: {'line': b'[ 33%] \x1b[32mBuilding C object CMakeFiles/rosbridge_test_msgs__rosidl_typesupport_introspection_c.dir/rosidl_typesupport_introspection_c/rosbridge_test_msgs/msg/detail/test_float32_bounded_array__type_support.c.o\x1b[0m\n'}
[65.324554] (-) TimerEvent: {}
[65.391979] (rosbridge_test_msgs) StdoutLine: {'line': b'[ 33%] \x1b[32mBuilding C object CMakeFiles/rosbridge_test_msgs__rosidl_typesupport_introspection_c.dir/rosidl_typesupport_introspection_c/rosbridge_test_msgs/srv/detail/add_two_ints__type_support.c.o\x1b[0m\n'}
[65.424775] (-) TimerEvent: {}
[65.526155] (-) TimerEvent: {}
[65.547752] (rosbridge_test_msgs) StdoutLine: {'line': b'[ 34%] \x1b[32mBuilding CXX object CMakeFiles/rosbridge_test_msgs__rosidl_typesupport_cpp.dir/rosidl_typesupport_cpp/rosbridge_test_msgs/srv/add_two_ints__type_support.cpp.o\x1b[0m\n'}
[65.626371] (-) TimerEvent: {}
[65.692563] (rosbridge_test_msgs) StdoutLine: {'line': b'[ 35%] \x1b[32mBuilding C object CMakeFiles/rosbridge_test_msgs__rosidl_typesupport_introspection_c.dir/rosidl_typesupport_introspection_c/rosbridge_test_msgs/srv/detail/send_bytes__type_support.c.o\x1b[0m\n'}
[65.726592] (-) TimerEvent: {}
[65.827787] (-) TimerEvent: {}
[65.928883] (-) TimerEvent: {}
[66.005173] (rosbridge_test_msgs) StdoutLine: {'line': b'[ 35%] \x1b[32mBuilding C object CMakeFiles/rosbridge_test_msgs__rosidl_typesupport_introspection_c.dir/rosidl_typesupport_introspection_c/rosbridge_test_msgs/srv/detail/test_array_request__type_support.c.o\x1b[0m\n'}
[66.029103] (-) TimerEvent: {}
[66.130017] (-) TimerEvent: {}
[66.230968] (-) TimerEvent: {}
[66.264732] (rosbridge_test_msgs) StdoutLine: {'line': b'[ 36%] \x1b[32mBuilding C object CMakeFiles/rosbridge_test_msgs__rosidl_typesupport_introspection_c.dir/rosidl_typesupport_introspection_c/rosbridge_test_msgs/srv/detail/test_empty__type_support.c.o\x1b[0m\n'}
[66.331180] (-) TimerEvent: {}
[66.433387] (-) TimerEvent: {}
[66.535264] (-) TimerEvent: {}
[66.572723] (rosbridge_test_msgs) StdoutLine: {'line': b'[ 36%] \x1b[32mBuilding C object CMakeFiles/rosbridge_test_msgs__rosidl_typesupport_introspection_c.dir/rosidl_typesupport_introspection_c/rosbridge_test_msgs/srv/detail/test_multiple_request_fields__type_support.c.o\x1b[0m\n'}
[66.635502] (-) TimerEvent: {}
[66.737096] (-) TimerEvent: {}
[66.749880] (rosapi_msgs) StdoutLine: {'line': b'[ 21%] \x1b[32mBuilding CXX object CMakeFiles/rosapi_msgs__rosidl_typesupport_introspection_cpp.dir/rosidl_typesupport_introspection_cpp/rosapi_msgs/srv/detail/get_param_names__type_support.cpp.o\x1b[0m\n'}
[66.795145] (rosbridge_test_msgs) StdoutLine: {'line': b'[ 36%] \x1b[32mBuilding CXX object CMakeFiles/rosbridge_test_msgs__rosidl_typesupport_fastrtps_cpp.dir/rosidl_typesupport_fastrtps_cpp/rosbridge_test_msgs/msg/detail/dds_fastrtps/test_header__type_support.cpp.o\x1b[0m\n'}
[66.837320] (-) TimerEvent: {}
[66.848051] (rosbridge_test_msgs) StdoutLine: {'line': b'[ 37%] \x1b[32mBuilding C object CMakeFiles/rosbridge_test_msgs__rosidl_typesupport_introspection_c.dir/rosidl_typesupport_introspection_c/rosbridge_test_msgs/srv/detail/test_multiple_response_fields__type_support.c.o\x1b[0m\n'}
[66.850848] (rosbridge_test_msgs) StdoutLine: {'line': b'[ 38%] \x1b[32mBuilding CXX object CMakeFiles/rosbridge_test_msgs__rosidl_typesupport_introspection_cpp.dir/rosidl_typesupport_introspection_cpp/rosbridge_test_msgs/msg/detail/test_u_int8_fixed_size_array16__type_support.cpp.o\x1b[0m\n'}
[66.875733] (rosapi_msgs) StdoutLine: {'line': b'[ 21%] \x1b[32mBuilding CXX object CMakeFiles/rosapi_msgs__rosidl_typesupport_fastrtps_cpp.dir/rosidl_typesupport_fastrtps_cpp/rosapi_msgs/srv/detail/dds_fastrtps/get_action_servers__type_support.cpp.o\x1b[0m\n'}
[66.887304] (rosapi_msgs) StdoutLine: {'line': b'[ 22%] \x1b[32mBuilding CXX object CMakeFiles/rosapi_msgs__rosidl_typesupport_cpp.dir/rosidl_typesupport_cpp/rosapi_msgs/srv/message_details__type_support.cpp.o\x1b[0m\n'}
[66.937546] (-) TimerEvent: {}
[67.039726] (-) TimerEvent: {}
[67.142024] (-) TimerEvent: {}
[67.150114] (rosbridge_test_msgs) StdoutLine: {'line': b'[ 38%] \x1b[32mBuilding C object CMakeFiles/rosbridge_test_msgs__rosidl_typesupport_introspection_c.dir/rosidl_typesupport_introspection_c/rosbridge_test_msgs/srv/detail/test_nested_service__type_support.c.o\x1b[0m\n'}
[67.242264] (-) TimerEvent: {}
[67.344901] (-) TimerEvent: {}
[67.436785] (rosbridge_test_msgs) StdoutLine: {'line': b'[ 39%] \x1b[32mBuilding CXX object CMakeFiles/rosbridge_test_msgs__rosidl_typesupport_cpp.dir/rosidl_typesupport_cpp/rosbridge_test_msgs/srv/send_bytes__type_support.cpp.o\x1b[0m\n'}
[67.445118] (-) TimerEvent: {}
[67.471126] (rosbridge_test_msgs) StdoutLine: {'line': b'[ 40%] \x1b[32mBuilding C object CMakeFiles/rosbridge_test_msgs__rosidl_typesupport_introspection_c.dir/rosidl_typesupport_introspection_c/rosbridge_test_msgs/srv/detail/test_request_and_response__type_support.c.o\x1b[0m\n'}
[67.545344] (-) TimerEvent: {}
[67.646265] (-) TimerEvent: {}
[67.747215] (-) TimerEvent: {}
[67.813986] (rosbridge_test_msgs) StdoutLine: {'line': b'[ 40%] \x1b[32mBuilding C object CMakeFiles/rosbridge_test_msgs__rosidl_typesupport_introspection_c.dir/rosidl_typesupport_introspection_c/rosbridge_test_msgs/srv/detail/test_request_only__type_support.c.o\x1b[0m\n'}
[67.847425] (-) TimerEvent: {}
[67.949567] (-) TimerEvent: {}
[68.050502] (-) TimerEvent: {}
[68.123479] (rosbridge_test_msgs) StdoutLine: {'line': b'[ 41%] \x1b[32mBuilding C object CMakeFiles/rosbridge_test_msgs__rosidl_typesupport_introspection_c.dir/rosidl_typesupport_introspection_c/rosbridge_test_msgs/srv/detail/test_response_only__type_support.c.o\x1b[0m\n'}
[68.150749] (-) TimerEvent: {}
[68.251695] (-) TimerEvent: {}
[68.352626] (-) TimerEvent: {}
[68.407059] (rosbridge_test_msgs) StdoutLine: {'line': b'[ 41%] \x1b[32m\x1b[1mLinking C shared library librosbridge_test_msgs__rosidl_typesupport_introspection_c.so\x1b[0m\n'}
[68.452852] (-) TimerEvent: {}
[68.553780] (-) TimerEvent: {}
[68.654782] (-) TimerEvent: {}
[68.709753] (rosapi_msgs) StdoutLine: {'line': b'[ 22%] \x1b[32mBuilding CXX object CMakeFiles/rosapi_msgs__rosidl_typesupport_cpp.dir/rosidl_typesupport_cpp/rosapi_msgs/srv/nodes__type_support.cpp.o\x1b[0m\n'}
[68.716361] (rosbridge_test_msgs) StdoutLine: {'line': b'[ 41%] Built target rosbridge_test_msgs__rosidl_typesupport_introspection_c\n'}
[68.754988] (-) TimerEvent: {}
[68.828423] (rosapi_msgs) StdoutLine: {'line': b'[ 23%] \x1b[32mBuilding CXX object CMakeFiles/rosapi_msgs__rosidl_typesupport_introspection_cpp.dir/rosidl_typesupport_introspection_cpp/rosapi_msgs/srv/detail/get_ros_version__type_support.cpp.o\x1b[0m\n'}
[68.855199] (-) TimerEvent: {}
[68.957167] (-) TimerEvent: {}
[68.965322] (rosbridge_test_msgs) StdoutLine: {'line': b'[ 41%] \x1b[32mBuilding CXX object CMakeFiles/rosbridge_test_msgs__rosidl_typesupport_introspection_cpp.dir/rosidl_typesupport_introspection_cpp/rosbridge_test_msgs/msg/detail/test_float32_array__type_support.cpp.o\x1b[0m\n'}
[69.057376] (-) TimerEvent: {}
[69.071065] (rosbridge_test_msgs) StdoutLine: {'line': b'[ 42%] \x1b[32mBuilding CXX object CMakeFiles/rosbridge_test_msgs__rosidl_typesupport_fastrtps_cpp.dir/rosidl_typesupport_fastrtps_cpp/rosbridge_test_msgs/msg/detail/dds_fastrtps/test_header_two__type_support.cpp.o\x1b[0m\n'}
[69.157602] (-) TimerEvent: {}
[69.259287] (-) TimerEvent: {}
[69.294285] (rosbridge_test_msgs) StdoutLine: {'line': b'[ 42%] \x1b[32mBuilding CXX object CMakeFiles/rosbridge_test_msgs__rosidl_typesupport_cpp.dir/rosidl_typesupport_cpp/rosbridge_test_msgs/srv/test_array_request__type_support.cpp.o\x1b[0m\n'}
[69.359493] (-) TimerEvent: {}
[69.460649] (-) TimerEvent: {}
[69.511061] (rosapi_msgs) StdoutLine: {'line': b'[ 24%] \x1b[32mBuilding CXX object CMakeFiles/rosapi_msgs__rosidl_typesupport_fastrtps_cpp.dir/rosidl_typesupport_fastrtps_cpp/rosapi_msgs/srv/detail/dds_fastrtps/get_param__type_support.cpp.o\x1b[0m\n'}
[69.560869] (-) TimerEvent: {}
[69.661774] (-) TimerEvent: {}
[69.762735] (-) TimerEvent: {}
[69.863630] (-) TimerEvent: {}
[69.964551] (-) TimerEvent: {}
[70.067181] (-) TimerEvent: {}
[70.168350] (-) TimerEvent: {}
[70.252558] (rosapi_msgs) StdoutLine: {'line': b'[ 24%] \x1b[32mBuilding CXX object CMakeFiles/rosapi_msgs__rosidl_typesupport_introspection_cpp.dir/rosidl_typesupport_introspection_cpp/rosapi_msgs/srv/detail/get_time__type_support.cpp.o\x1b[0m\n'}
[70.268574] (-) TimerEvent: {}
[70.371054] (-) TimerEvent: {}
[70.473734] (-) TimerEvent: {}
[70.574693] (-) TimerEvent: {}
[70.593098] (rosapi_msgs) StdoutLine: {'line': b'[ 25%] \x1b[32mBuilding CXX object CMakeFiles/rosapi_msgs__rosidl_typesupport_cpp.dir/rosidl_typesupport_cpp/rosapi_msgs/srv/node_details__type_support.cpp.o\x1b[0m\n'}
[70.640067] (rosbridge_test_msgs) StdoutLine: {'line': b'[ 43%] \x1b[32mBuilding CXX object CMakeFiles/rosbridge_test_msgs__rosidl_typesupport_introspection_cpp.dir/rosidl_typesupport_introspection_cpp/rosbridge_test_msgs/msg/detail/test_float32_bounded_array__type_support.cpp.o\x1b[0m\n'}
[70.674894] (-) TimerEvent: {}
[70.777312] (-) TimerEvent: {}
[70.879685] (-) TimerEvent: {}
[70.975103] (rosbridge_test_msgs) StdoutLine: {'line': b'[ 44%] \x1b[32mBuilding CXX object CMakeFiles/rosbridge_test_msgs__rosidl_typesupport_cpp.dir/rosidl_typesupport_cpp/rosbridge_test_msgs/srv/test_empty__type_support.cpp.o\x1b[0m\n'}
[70.979901] (-) TimerEvent: {}
[71.082227] (-) TimerEvent: {}
[71.183202] (-) TimerEvent: {}
[71.284117] (-) TimerEvent: {}
[71.386912] (-) TimerEvent: {}
[71.394174] (rosbridge_test_msgs) StdoutLine: {'line': b'[ 45%] \x1b[32mBuilding CXX object CMakeFiles/rosbridge_test_msgs__rosidl_typesupport_fastrtps_cpp.dir/rosidl_typesupport_fastrtps_cpp/rosbridge_test_msgs/msg/detail/dds_fastrtps/test_time_array__type_support.cpp.o\x1b[0m\n'}
[71.486856] (-) TimerEvent: {}
[71.587789] (-) TimerEvent: {}
[71.688731] (-) TimerEvent: {}
[71.791287] (-) TimerEvent: {}
[71.893778] (-) TimerEvent: {}
[71.906387] (rosapi_msgs) StdoutLine: {'line': b'[ 25%] \x1b[32mBuilding CXX object CMakeFiles/rosapi_msgs__rosidl_typesupport_fastrtps_cpp.dir/rosidl_typesupport_fastrtps_cpp/rosapi_msgs/srv/detail/dds_fastrtps/get_param_names__type_support.cpp.o\x1b[0m\n'}
[71.993991] (-) TimerEvent: {}
[72.010338] (rosbridge_test_msgs) StdoutLine: {'line': b'[ 45%] \x1b[32mBuilding CXX object CMakeFiles/rosbridge_test_msgs__rosidl_typesupport_introspection_cpp.dir/rosidl_typesupport_introspection_cpp/rosbridge_test_msgs/srv/detail/add_two_ints__type_support.cpp.o\x1b[0m\n'}
[72.099394] (-) TimerEvent: {}
[72.191142] (rosapi_msgs) StdoutLine: {'line': b'[ 25%] \x1b[32mBuilding CXX object CMakeFiles/rosapi_msgs__rosidl_typesupport_introspection_cpp.dir/rosidl_typesupport_introspection_cpp/rosapi_msgs/srv/detail/has_param__type_support.cpp.o\x1b[0m\n'}
[72.199601] (-) TimerEvent: {}
[72.212390] (rosapi_msgs) StdoutLine: {'line': b'[ 25%] \x1b[32mBuilding CXX object CMakeFiles/rosapi_msgs__rosidl_typesupport_cpp.dir/rosidl_typesupport_cpp/rosapi_msgs/srv/publishers__type_support.cpp.o\x1b[0m\n'}
[72.299813] (-) TimerEvent: {}
[72.375985] (rosbridge_test_msgs) StdoutLine: {'line': b'[ 45%] \x1b[32mBuilding CXX object CMakeFiles/rosbridge_test_msgs__rosidl_typesupport_cpp.dir/rosidl_typesupport_cpp/rosbridge_test_msgs/srv/test_multiple_request_fields__type_support.cpp.o\x1b[0m\n'}
[72.400045] (-) TimerEvent: {}
[72.502072] (-) TimerEvent: {}
[72.603915] (-) TimerEvent: {}
[72.705683] (-) TimerEvent: {}
[72.806560] (-) TimerEvent: {}
[72.907519] (-) TimerEvent: {}
[73.009340] (-) TimerEvent: {}
[73.111810] (-) TimerEvent: {}
[73.214233] (-) TimerEvent: {}
[73.316574] (-) TimerEvent: {}
[73.419102] (-) TimerEvent: {}
[73.521498] (-) TimerEvent: {}
[73.623836] (-) TimerEvent: {}
[73.726214] (-) TimerEvent: {}
[73.784403] (rosbridge_test_msgs) StdoutLine: {'line': b'[ 46%] \x1b[32mBuilding CXX object CMakeFiles/rosbridge_test_msgs__rosidl_typesupport_cpp.dir/rosidl_typesupport_cpp/rosbridge_test_msgs/srv/test_multiple_response_fields__type_support.cpp.o\x1b[0m\n'}
[73.808531] (rosbridge_test_msgs) StdoutLine: {'line': b'[ 47%] \x1b[32mBuilding CXX object CMakeFiles/rosbridge_test_msgs__rosidl_typesupport_introspection_cpp.dir/rosidl_typesupport_introspection_cpp/rosbridge_test_msgs/srv/detail/send_bytes__type_support.cpp.o\x1b[0m\n'}
[73.826437] (-) TimerEvent: {}
[73.915896] (rosbridge_test_msgs) StdoutLine: {'line': b'[ 47%] \x1b[32mBuilding CXX object CMakeFiles/rosbridge_test_msgs__rosidl_typesupport_fastrtps_cpp.dir/rosidl_typesupport_fastrtps_cpp/rosbridge_test_msgs/msg/detail/dds_fastrtps/test_u_int8__type_support.cpp.o\x1b[0m\n'}
[73.926689] (-) TimerEvent: {}
[73.963210] (rosapi_msgs) StdoutLine: {'line': b'[ 26%] \x1b[32mBuilding CXX object CMakeFiles/rosapi_msgs__rosidl_typesupport_introspection_cpp.dir/rosidl_typesupport_introspection_cpp/rosapi_msgs/srv/detail/message_details__type_support.cpp.o\x1b[0m\n'}
[74.026861] (-) TimerEvent: {}
[74.128342] (-) TimerEvent: {}
[74.145861] (rosapi_msgs) StdoutLine: {'line': b'[ 26%] \x1b[32mBuilding CXX object CMakeFiles/rosapi_msgs__rosidl_typesupport_cpp.dir/rosidl_typesupport_cpp/rosapi_msgs/srv/service_node__type_support.cpp.o\x1b[0m\n'}
[74.204467] (rosapi_msgs) StdoutLine: {'line': b'[ 26%] \x1b[32mBuilding CXX object CMakeFiles/rosapi_msgs__rosidl_typesupport_fastrtps_cpp.dir/rosidl_typesupport_fastrtps_cpp/rosapi_msgs/srv/detail/dds_fastrtps/get_ros_version__type_support.cpp.o\x1b[0m\n'}
[74.228562] (-) TimerEvent: {}
[74.329672] (-) TimerEvent: {}
[74.430702] (-) TimerEvent: {}
[74.531706] (-) TimerEvent: {}
[74.632631] (-) TimerEvent: {}
[74.734041] (-) TimerEvent: {}
[74.834971] (-) TimerEvent: {}
[74.935946] (-) TimerEvent: {}
[75.038654] (-) TimerEvent: {}
[75.141067] (-) TimerEvent: {}
[75.212693] (rosbridge_test_msgs) StdoutLine: {'line': b'[ 47%] \x1b[32mBuilding CXX object CMakeFiles/rosbridge_test_msgs__rosidl_typesupport_cpp.dir/rosidl_typesupport_cpp/rosbridge_test_msgs/srv/test_nested_service__type_support.cpp.o\x1b[0m\n'}
[75.241288] (-) TimerEvent: {}
[75.343489] (-) TimerEvent: {}
[75.403620] (rosbridge_test_msgs) StdoutLine: {'line': b'[ 47%] \x1b[32mBuilding CXX object CMakeFiles/rosbridge_test_msgs__rosidl_typesupport_introspection_cpp.dir/rosidl_typesupport_introspection_cpp/rosbridge_test_msgs/srv/detail/test_array_request__type_support.cpp.o\x1b[0m\n'}
[75.443697] (-) TimerEvent: {}
[75.545385] (-) TimerEvent: {}
[75.647695] (-) TimerEvent: {}
[75.748661] (-) TimerEvent: {}
[75.849588] (-) TimerEvent: {}
[75.863065] (rosapi_msgs) StdoutLine: {'line': b'[ 27%] \x1b[32mBuilding CXX object CMakeFiles/rosapi_msgs__rosidl_typesupport_cpp.dir/rosidl_typesupport_cpp/rosapi_msgs/srv/service_providers__type_support.cpp.o\x1b[0m\n'}
[75.949818] (-) TimerEvent: {}
[76.050994] (-) TimerEvent: {}
[76.151927] (-) TimerEvent: {}
[76.253801] (-) TimerEvent: {}
[76.329523] (rosbridge_test_msgs) StdoutLine: {'line': b'[ 48%] \x1b[32mBuilding CXX object CMakeFiles/rosbridge_test_msgs__rosidl_typesupport_fastrtps_cpp.dir/rosidl_typesupport_fastrtps_cpp/rosbridge_test_msgs/msg/detail/dds_fastrtps/test_u_int8_fixed_size_array16__type_support.cpp.o\x1b[0m\n'}
[76.347049] (rosapi_msgs) StdoutLine: {'line': b'[ 28%] \x1b[32mBuilding CXX object CMakeFiles/rosapi_msgs__rosidl_typesupport_fastrtps_cpp.dir/rosidl_typesupport_fastrtps_cpp/rosapi_msgs/srv/detail/dds_fastrtps/get_time__type_support.cpp.o\x1b[0m\n'}
[76.353991] (-) TimerEvent: {}
[76.377864] (rosapi_msgs) StdoutLine: {'line': b'[ 28%] \x1b[32mBuilding CXX object CMakeFiles/rosapi_msgs__rosidl_typesupport_introspection_cpp.dir/rosidl_typesupport_introspection_cpp/rosapi_msgs/srv/detail/nodes__type_support.cpp.o\x1b[0m\n'}
[76.454203] (-) TimerEvent: {}
[76.555142] (-) TimerEvent: {}
[76.656069] (-) TimerEvent: {}
[76.740787] (rosbridge_test_msgs) StdoutLine: {'line': b'[ 49%] \x1b[32mBuilding CXX object CMakeFiles/rosbridge_test_msgs__rosidl_typesupport_cpp.dir/rosidl_typesupport_cpp/rosbridge_test_msgs/srv/test_request_and_response__type_support.cpp.o\x1b[0m\n'}
[76.756292] (-) TimerEvent: {}
[76.857236] (-) TimerEvent: {}
[76.959048] (-) TimerEvent: {}
[77.061072] (-) TimerEvent: {}
[77.162801] (-) TimerEvent: {}
[77.264066] (-) TimerEvent: {}
[77.366532] (-) TimerEvent: {}
[77.468831] (-) TimerEvent: {}
[77.554505] (rosapi_msgs) StdoutLine: {'line': b'[ 28%] \x1b[32mBuilding CXX object CMakeFiles/rosapi_msgs__rosidl_typesupport_cpp.dir/rosidl_typesupport_cpp/rosapi_msgs/srv/service_request_details__type_support.cpp.o\x1b[0m\n'}
[77.569058] (-) TimerEvent: {}
[77.627268] (rosbridge_test_msgs) StdoutLine: {'line': b'[ 50%] \x1b[32mBuilding CXX object CMakeFiles/rosbridge_test_msgs__rosidl_typesupport_introspection_cpp.dir/rosidl_typesupport_introspection_cpp/rosbridge_test_msgs/srv/detail/test_empty__type_support.cpp.o\x1b[0m\n'}
[77.669277] (-) TimerEvent: {}
[77.771385] (-) TimerEvent: {}
[77.872323] (-) TimerEvent: {}
[77.973254] (-) TimerEvent: {}
[78.075727] (-) TimerEvent: {}
[78.177862] (-) TimerEvent: {}
[78.280316] (-) TimerEvent: {}
[78.381271] (-) TimerEvent: {}
[78.459344] (rosapi_msgs) StdoutLine: {'line': b'[ 29%] \x1b[32mBuilding CXX object CMakeFiles/rosapi_msgs__rosidl_typesupport_introspection_cpp.dir/rosidl_typesupport_introspection_cpp/rosapi_msgs/srv/detail/node_details__type_support.cpp.o\x1b[0m\n'}
[78.481499] (-) TimerEvent: {}
[78.498490] (rosapi_msgs) StdoutLine: {'line': b'[ 29%] \x1b[32mBuilding CXX object CMakeFiles/rosapi_msgs__rosidl_typesupport_fastrtps_cpp.dir/rosidl_typesupport_fastrtps_cpp/rosapi_msgs/srv/detail/dds_fastrtps/has_param__type_support.cpp.o\x1b[0m\n'}
[78.581709] (-) TimerEvent: {}
[78.584456] (rosbridge_test_msgs) StdoutLine: {'line': b'[ 50%] \x1b[32mBuilding CXX object CMakeFiles/rosbridge_test_msgs__rosidl_typesupport_cpp.dir/rosidl_typesupport_cpp/rosbridge_test_msgs/srv/test_request_only__type_support.cpp.o\x1b[0m\n'}
[78.675317] (rosbridge_test_msgs) StdoutLine: {'line': b'[ 50%] \x1b[32mBuilding CXX object CMakeFiles/rosbridge_test_msgs__rosidl_typesupport_fastrtps_cpp.dir/rosidl_typesupport_fastrtps_cpp/rosbridge_test_msgs/msg/detail/dds_fastrtps/test_float32_array__type_support.cpp.o\x1b[0m\n'}
[78.681932] (-) TimerEvent: {}
[78.783837] (-) TimerEvent: {}
[78.885058] (-) TimerEvent: {}
[78.887100] (rosapi_msgs) StdoutLine: {'line': b'[ 30%] \x1b[32mBuilding CXX object CMakeFiles/rosapi_msgs__rosidl_typesupport_cpp.dir/rosidl_typesupport_cpp/rosapi_msgs/srv/service_response_details__type_support.cpp.o\x1b[0m\n'}
[78.985275] (-) TimerEvent: {}
[79.086190] (-) TimerEvent: {}
[79.187255] (rosbridge_test_msgs) StdoutLine: {'line': b'[ 50%] \x1b[32mBuilding CXX object CMakeFiles/rosbridge_test_msgs__rosidl_typesupport_introspection_cpp.dir/rosidl_typesupport_introspection_cpp/rosbridge_test_msgs/srv/detail/test_multiple_request_fields__type_support.cpp.o\x1b[0m\n'}
[79.188170] (-) TimerEvent: {}
[79.290412] (-) TimerEvent: {}
[79.391823] (-) TimerEvent: {}
[79.492765] (-) TimerEvent: {}
[79.593678] (-) TimerEvent: {}
[79.694724] (-) TimerEvent: {}
[79.796284] (-) TimerEvent: {}
[79.898466] (-) TimerEvent: {}
[80.001019] (-) TimerEvent: {}
[80.101942] (-) TimerEvent: {}
[80.203046] (-) TimerEvent: {}
[80.273519] (rosbridge_test_msgs) StdoutLine: {'line': b'[ 51%] \x1b[32mBuilding CXX object CMakeFiles/rosbridge_test_msgs__rosidl_typesupport_cpp.dir/rosidl_typesupport_cpp/rosbridge_test_msgs/srv/test_response_only__type_support.cpp.o\x1b[0m\n'}
[80.303257] (-) TimerEvent: {}
[80.368541] (rosapi_msgs) StdoutLine: {'line': b'[ 30%] \x1b[32mBuilding CXX object CMakeFiles/rosapi_msgs__rosidl_typesupport_cpp.dir/rosidl_typesupport_cpp/rosapi_msgs/srv/services__type_support.cpp.o\x1b[0m\n'}
[80.403466] (-) TimerEvent: {}
[80.442222] (rosapi_msgs) StdoutLine: {'line': b'[ 30%] \x1b[32mBuilding CXX object CMakeFiles/rosapi_msgs__rosidl_typesupport_introspection_cpp.dir/rosidl_typesupport_introspection_cpp/rosapi_msgs/srv/detail/publishers__type_support.cpp.o\x1b[0m\n'}
[80.503677] (-) TimerEvent: {}
[80.605485] (-) TimerEvent: {}
[80.706409] (-) TimerEvent: {}
[80.788027] (rosapi_msgs) StdoutLine: {'line': b'[ 31%] \x1b[32mBuilding CXX object CMakeFiles/rosapi_msgs__rosidl_typesupport_fastrtps_cpp.dir/rosidl_typesupport_fastrtps_cpp/rosapi_msgs/srv/detail/dds_fastrtps/message_details__type_support.cpp.o\x1b[0m\n'}
[80.806686] (-) TimerEvent: {}
[80.908995] (-) TimerEvent: {}
[80.990148] (rosbridge_test_msgs) StdoutLine: {'line': b'[ 52%] \x1b[32mBuilding CXX object CMakeFiles/rosbridge_test_msgs__rosidl_typesupport_fastrtps_cpp.dir/rosidl_typesupport_fastrtps_cpp/rosbridge_test_msgs/msg/detail/dds_fastrtps/test_float32_bounded_array__type_support.cpp.o\x1b[0m\n'}
[81.009217] (-) TimerEvent: {}
[81.110286] (-) TimerEvent: {}
[81.211267] (-) TimerEvent: {}
[81.313555] (-) TimerEvent: {}
[81.318262] (rosbridge_test_msgs) StdoutLine: {'line': b'[ 53%] \x1b[32mBuilding CXX object CMakeFiles/rosbridge_test_msgs__rosidl_typesupport_introspection_cpp.dir/rosidl_typesupport_introspection_cpp/rosbridge_test_msgs/srv/detail/test_multiple_response_fields__type_support.cpp.o\x1b[0m\n'}
[81.413778] (-) TimerEvent: {}
[81.516108] (-) TimerEvent: {}
[81.618468] (-) TimerEvent: {}
[81.720165] (-) TimerEvent: {}
[81.762019] (rosapi_msgs) StdoutLine: {'line': b'[ 32%] \x1b[32mBuilding CXX object CMakeFiles/rosapi_msgs__rosidl_typesupport_cpp.dir/rosidl_typesupport_cpp/rosapi_msgs/srv/services_for_type__type_support.cpp.o\x1b[0m\n'}
[81.820381] (-) TimerEvent: {}
[81.830047] (rosbridge_test_msgs) StdoutLine: {'line': b'[ 53%] \x1b[32m\x1b[1mLinking CXX shared library librosbridge_test_msgs__rosidl_typesupport_cpp.so\x1b[0m\n'}
[81.920592] (-) TimerEvent: {}
[82.022484] (-) TimerEvent: {}
[82.123764] (-) TimerEvent: {}
[82.160451] (rosbridge_test_msgs) StdoutLine: {'line': b'[ 53%] Built target rosbridge_test_msgs__rosidl_typesupport_cpp\n'}
[82.223983] (-) TimerEvent: {}
[82.324902] (-) TimerEvent: {}
[82.372991] (rosapi_msgs) StdoutLine: {'line': b'[ 33%] \x1b[32mBuilding CXX object CMakeFiles/rosapi_msgs__rosidl_typesupport_introspection_cpp.dir/rosidl_typesupport_introspection_cpp/rosapi_msgs/srv/detail/service_node__type_support.cpp.o\x1b[0m\n'}
[82.425148] (-) TimerEvent: {}
[82.527485] (-) TimerEvent: {}
[82.629850] (-) TimerEvent: {}
[82.732175] (-) TimerEvent: {}
[82.833132] (-) TimerEvent: {}
[82.903083] (rosapi_msgs) StdoutLine: {'line': b'[ 33%] \x1b[32mBuilding CXX object CMakeFiles/rosapi_msgs__rosidl_typesupport_cpp.dir/rosidl_typesupport_cpp/rosapi_msgs/srv/service_type__type_support.cpp.o\x1b[0m\n'}
[82.927413] (rosbridge_test_msgs) StdoutLine: {'line': b'[ 53%] \x1b[32mBuilding CXX object CMakeFiles/rosbridge_test_msgs__rosidl_typesupport_introspection_cpp.dir/rosidl_typesupport_introspection_cpp/rosbridge_test_msgs/srv/detail/test_nested_service__type_support.cpp.o\x1b[0m\n'}
[82.933335] (-) TimerEvent: {}
[82.958258] (rosbridge_test_msgs) StdoutLine: {'line': b'[ 53%] \x1b[32mBuilding CXX object CMakeFiles/rosbridge_test_msgs__rosidl_typesupport_fastrtps_cpp.dir/rosidl_typesupport_fastrtps_cpp/rosbridge_test_msgs/srv/detail/dds_fastrtps/add_two_ints__type_support.cpp.o\x1b[0m\n'}
[83.033560] (-) TimerEvent: {}
[83.134498] (-) TimerEvent: {}
[83.235682] (-) TimerEvent: {}
[83.337147] (-) TimerEvent: {}
[83.439211] (-) TimerEvent: {}
[83.540876] (-) TimerEvent: {}
[83.643034] (-) TimerEvent: {}
[83.699053] (rosapi_msgs) StdoutLine: {'line': b'[ 33%] \x1b[32mBuilding CXX object CMakeFiles/rosapi_msgs__rosidl_typesupport_introspection_cpp.dir/rosidl_typesupport_introspection_cpp/rosapi_msgs/srv/detail/service_providers__type_support.cpp.o\x1b[0m\n'}
[83.707269] (rosapi_msgs) StdoutLine: {'line': b'[ 33%] \x1b[32mBuilding CXX object CMakeFiles/rosapi_msgs__rosidl_typesupport_fastrtps_cpp.dir/rosidl_typesupport_fastrtps_cpp/rosapi_msgs/srv/detail/dds_fastrtps/nodes__type_support.cpp.o\x1b[0m\n'}
[83.743251] (-) TimerEvent: {}
[83.844218] (-) TimerEvent: {}
[83.945438] (-) TimerEvent: {}
[84.047998] (-) TimerEvent: {}
[84.146032] (rosapi_msgs) StdoutLine: {'line': b'[ 34%] \x1b[32mBuilding CXX object CMakeFiles/rosapi_msgs__rosidl_typesupport_cpp.dir/rosidl_typesupport_cpp/rosapi_msgs/srv/set_param__type_support.cpp.o\x1b[0m\n'}
[84.148198] (-) TimerEvent: {}
[84.250578] (-) TimerEvent: {}
[84.353042] (-) TimerEvent: {}
[84.395968] (rosbridge_test_msgs) StdoutLine: {'line': b'[ 54%] \x1b[32mBuilding CXX object CMakeFiles/rosbridge_test_msgs__rosidl_typesupport_introspection_cpp.dir/rosidl_typesupport_introspection_cpp/rosbridge_test_msgs/srv/detail/test_request_and_response__type_support.cpp.o\x1b[0m\n'}
[84.453274] (-) TimerEvent: {}
[84.555544] (-) TimerEvent: {}
[84.658051] (-) TimerEvent: {}
[84.760388] (-) TimerEvent: {}
[84.861314] (-) TimerEvent: {}
[84.963574] (-) TimerEvent: {}
[85.030991] (rosbridge_test_msgs) StdoutLine: {'line': b'[ 55%] \x1b[32mBuilding CXX object CMakeFiles/rosbridge_test_msgs__rosidl_typesupport_fastrtps_cpp.dir/rosidl_typesupport_fastrtps_cpp/rosbridge_test_msgs/srv/detail/dds_fastrtps/send_bytes__type_support.cpp.o\x1b[0m\n'}
[85.063809] (-) TimerEvent: {}
[85.166184] (-) TimerEvent: {}
[85.267113] (-) TimerEvent: {}
[85.294810] (rosapi_msgs) StdoutLine: {'line': b'[ 34%] \x1b[32mBuilding CXX object CMakeFiles/rosapi_msgs__rosidl_typesupport_cpp.dir/rosidl_typesupport_cpp/rosapi_msgs/srv/subscribers__type_support.cpp.o\x1b[0m\n'}
[85.367318] (-) TimerEvent: {}
[85.404683] (rosapi_msgs) StdoutLine: {'line': b'[ 35%] \x1b[32mBuilding CXX object CMakeFiles/rosapi_msgs__rosidl_typesupport_introspection_cpp.dir/rosidl_typesupport_introspection_cpp/rosapi_msgs/srv/detail/service_request_details__type_support.cpp.o\x1b[0m\n'}
[85.467531] (-) TimerEvent: {}
[85.569050] (-) TimerEvent: {}
[85.671445] (-) TimerEvent: {}
[85.758915] (rosbridge_test_msgs) StdoutLine: {'line': b'[ 55%] \x1b[32mBuilding CXX object CMakeFiles/rosbridge_test_msgs__rosidl_typesupport_introspection_cpp.dir/rosidl_typesupport_introspection_cpp/rosbridge_test_msgs/srv/detail/test_request_only__type_support.cpp.o\x1b[0m\n'}
[85.771650] (-) TimerEvent: {}
[85.833198] (rosapi_msgs) StdoutLine: {'line': b'[ 36%] \x1b[32mBuilding CXX object CMakeFiles/rosapi_msgs__rosidl_typesupport_fastrtps_cpp.dir/rosidl_typesupport_fastrtps_cpp/rosapi_msgs/srv/detail/dds_fastrtps/node_details__type_support.cpp.o\x1b[0m\n'}
[85.871852] (-) TimerEvent: {}
[85.972879] (-) TimerEvent: {}
[86.073888] (-) TimerEvent: {}
[86.176315] (-) TimerEvent: {}
[86.277502] (-) TimerEvent: {}
[86.378664] (-) TimerEvent: {}
[86.479858] (-) TimerEvent: {}
[86.565723] (rosapi_msgs) StdoutLine: {'line': b'[ 36%] \x1b[32mBuilding CXX object CMakeFiles/rosapi_msgs__rosidl_typesupport_cpp.dir/rosidl_typesupport_cpp/rosapi_msgs/srv/topics__type_support.cpp.o\x1b[0m\n'}
[86.580076] (-) TimerEvent: {}
[86.682482] (-) TimerEvent: {}
[86.784775] (-) TimerEvent: {}
[86.887336] (-) TimerEvent: {}
[86.989794] (-) TimerEvent: {}
[87.029482] (rosbridge_test_msgs) StdoutLine: {'line': b'[ 56%] \x1b[32mBuilding CXX object CMakeFiles/rosbridge_test_msgs__rosidl_typesupport_introspection_cpp.dir/rosidl_typesupport_introspection_cpp/rosbridge_test_msgs/srv/detail/test_response_only__type_support.cpp.o\x1b[0m\n'}
[87.079079] (rosbridge_test_msgs) StdoutLine: {'line': b'[ 56%] \x1b[32mBuilding CXX object CMakeFiles/rosbridge_test_msgs__rosidl_typesupport_fastrtps_cpp.dir/rosidl_typesupport_fastrtps_cpp/rosbridge_test_msgs/srv/detail/dds_fastrtps/test_array_request__type_support.cpp.o\x1b[0m\n'}
[87.090025] (-) TimerEvent: {}
[87.192500] (-) TimerEvent: {}
[87.294035] (-) TimerEvent: {}
[87.341986] (rosapi_msgs) StdoutLine: {'line': b'[ 36%] \x1b[32mBuilding CXX object CMakeFiles/rosapi_msgs__rosidl_typesupport_introspection_cpp.dir/rosidl_typesupport_introspection_cpp/rosapi_msgs/srv/detail/service_response_details__type_support.cpp.o\x1b[0m\n'}
[87.394264] (-) TimerEvent: {}
[87.496390] (-) TimerEvent: {}
[87.598429] (-) TimerEvent: {}
[87.700895] (-) TimerEvent: {}
[87.803340] (-) TimerEvent: {}
[87.905871] (-) TimerEvent: {}
[88.006833] (-) TimerEvent: {}
[88.046661] (rosapi_msgs) StdoutLine: {'line': b'[ 37%] \x1b[32mBuilding CXX object CMakeFiles/rosapi_msgs__rosidl_typesupport_cpp.dir/rosidl_typesupport_cpp/rosapi_msgs/srv/topics_and_raw_types__type_support.cpp.o\x1b[0m\n'}
[88.106433] (rosapi_msgs) StdoutLine: {'line': b'[ 37%] \x1b[32mBuilding CXX object CMakeFiles/rosapi_msgs__rosidl_typesupport_fastrtps_cpp.dir/rosidl_typesupport_fastrtps_cpp/rosapi_msgs/srv/detail/dds_fastrtps/publishers__type_support.cpp.o\x1b[0m\n'}
[88.107508] (-) TimerEvent: {}
[88.209417] (-) TimerEvent: {}
[88.230407] (rosbridge_test_msgs) StdoutLine: {'line': b'[ 57%] \x1b[32m\x1b[1mLinking CXX shared library librosbridge_test_msgs__rosidl_typesupport_introspection_cpp.so\x1b[0m\n'}
[88.309645] (-) TimerEvent: {}
[88.411981] (-) TimerEvent: {}
[88.518731] (-) TimerEvent: {}
[88.620641] (-) TimerEvent: {}
[88.722869] (-) TimerEvent: {}
[88.754607] (rosbridge_test_msgs) StdoutLine: {'line': b'[ 57%] Built target rosbridge_test_msgs__rosidl_typesupport_introspection_cpp\n'}
[88.823085] (-) TimerEvent: {}
[88.925573] (-) TimerEvent: {}
[88.977735] (rosapi_msgs) StdoutLine: {'line': b'[ 37%] \x1b[32mBuilding CXX object CMakeFiles/rosapi_msgs__rosidl_typesupport_introspection_cpp.dir/rosidl_typesupport_introspection_cpp/rosapi_msgs/srv/detail/services__type_support.cpp.o\x1b[0m\n'}
[89.025808] (-) TimerEvent: {}
[89.096890] (rosbridge_test_msgs) StdoutLine: {'line': b'[ 57%] \x1b[32mBuilding CXX object CMakeFiles/rosbridge_test_msgs__rosidl_typesupport_fastrtps_cpp.dir/rosidl_typesupport_fastrtps_cpp/rosbridge_test_msgs/srv/detail/dds_fastrtps/test_multiple_request_fields__type_support.cpp.o\x1b[0m\n'}
[89.126021] (-) TimerEvent: {}
[89.228276] (-) TimerEvent: {}
[89.278055] (rosapi_msgs) StdoutLine: {'line': b'[ 37%] \x1b[32mBuilding CXX object CMakeFiles/rosapi_msgs__rosidl_typesupport_cpp.dir/rosidl_typesupport_cpp/rosapi_msgs/srv/topics_for_type__type_support.cpp.o\x1b[0m\n'}
[89.328479] (-) TimerEvent: {}
[89.429441] (-) TimerEvent: {}
[89.531750] (-) TimerEvent: {}
[89.632910] (-) TimerEvent: {}
[89.735367] (-) TimerEvent: {}
[89.838057] (-) TimerEvent: {}
[89.940599] (-) TimerEvent: {}
[90.042750] (-) TimerEvent: {}
[90.144871] (-) TimerEvent: {}
[90.148919] (rosapi_msgs) StdoutLine: {'line': b'[ 38%] \x1b[32mBuilding CXX object CMakeFiles/rosapi_msgs__rosidl_typesupport_introspection_cpp.dir/rosidl_typesupport_introspection_cpp/rosapi_msgs/srv/detail/services_for_type__type_support.cpp.o\x1b[0m\n'}
[90.207361] (rosapi_msgs) StdoutLine: {'line': b'[ 39%] \x1b[32mBuilding CXX object CMakeFiles/rosapi_msgs__rosidl_typesupport_fastrtps_cpp.dir/rosidl_typesupport_fastrtps_cpp/rosapi_msgs/srv/detail/dds_fastrtps/service_node__type_support.cpp.o\x1b[0m\n'}
[90.245087] (-) TimerEvent: {}
[90.347513] (-) TimerEvent: {}
[90.368850] (rosapi_msgs) StdoutLine: {'line': b'[ 40%] \x1b[32mBuilding CXX object CMakeFiles/rosapi_msgs__rosidl_typesupport_cpp.dir/rosidl_typesupport_cpp/rosapi_msgs/srv/topic_type__type_support.cpp.o\x1b[0m\n'}
[90.447721] (-) TimerEvent: {}
[90.549979] (-) TimerEvent: {}
[90.652322] (-) TimerEvent: {}
[90.742243] (rosbridge_test_msgs) StdoutLine: {'line': b'[ 58%] \x1b[32mBuilding CXX object CMakeFiles/rosbridge_test_msgs__rosidl_typesupport_fastrtps_cpp.dir/rosidl_typesupport_fastrtps_cpp/rosbridge_test_msgs/srv/detail/dds_fastrtps/test_multiple_response_fields__type_support.cpp.o\x1b[0m\n'}
[90.752546] (-) TimerEvent: {}
[90.854813] (-) TimerEvent: {}
[90.957071] (-) TimerEvent: {}
[91.059226] (-) TimerEvent: {}
[91.160360] (-) TimerEvent: {}
[91.262261] (-) TimerEvent: {}
[91.331415] (rosapi_msgs) StdoutLine: {'line': b'[ 40%] \x1b[32mBuilding CXX object CMakeFiles/rosapi_msgs__rosidl_typesupport_introspection_cpp.dir/rosidl_typesupport_introspection_cpp/rosapi_msgs/srv/detail/service_type__type_support.cpp.o\x1b[0m\n'}
[91.362504] (-) TimerEvent: {}
[91.448183] (rosapi_msgs) StdoutLine: {'line': b'[ 40%] \x1b[32m\x1b[1mLinking CXX shared library librosapi_msgs__rosidl_typesupport_cpp.so\x1b[0m\n'}
[91.462743] (-) TimerEvent: {}
[91.565042] (-) TimerEvent: {}
[91.585331] (rosapi_msgs) StdoutLine: {'line': b'[ 40%] Built target rosapi_msgs__rosidl_typesupport_cpp\n'}
[91.665284] (-) TimerEvent: {}
[91.766806] (-) TimerEvent: {}
[91.839181] (rosapi_msgs) StdoutLine: {'line': b'[ 40%] \x1b[32mBuilding CXX object CMakeFiles/rosapi_msgs__rosidl_typesupport_fastrtps_cpp.dir/rosidl_typesupport_fastrtps_cpp/rosapi_msgs/srv/detail/dds_fastrtps/service_providers__type_support.cpp.o\x1b[0m\n'}
[91.866995] (-) TimerEvent: {}
[91.969157] (-) TimerEvent: {}
[92.071786] (-) TimerEvent: {}
[92.173687] (-) TimerEvent: {}
[92.275616] (-) TimerEvent: {}
[92.329078] (rosapi_msgs) StdoutLine: {'line': b'[ 41%] \x1b[32mBuilding CXX object CMakeFiles/rosapi_msgs__rosidl_typesupport_introspection_cpp.dir/rosidl_typesupport_introspection_cpp/rosapi_msgs/srv/detail/set_param__type_support.cpp.o\x1b[0m\n'}
[92.345058] (rosbridge_test_msgs) StdoutLine: {'line': b'[ 58%] \x1b[32mBuilding CXX object CMakeFiles/rosbridge_test_msgs__rosidl_typesupport_fastrtps_cpp.dir/rosidl_typesupport_fastrtps_cpp/rosbridge_test_msgs/srv/detail/dds_fastrtps/test_nested_service__type_support.cpp.o\x1b[0m\n'}
[92.375809] (-) TimerEvent: {}
[92.477877] (-) TimerEvent: {}
[92.580240] (-) TimerEvent: {}
[92.682034] (-) TimerEvent: {}
[92.783875] (-) TimerEvent: {}
[92.885727] (-) TimerEvent: {}
[92.986818] (-) TimerEvent: {}
[93.087993] (-) TimerEvent: {}
[93.189995] (-) TimerEvent: {}
[93.286097] (rosapi_msgs) StdoutLine: {'line': b'[ 41%] \x1b[32mBuilding CXX object CMakeFiles/rosapi_msgs__rosidl_typesupport_introspection_cpp.dir/rosidl_typesupport_introspection_cpp/rosapi_msgs/srv/detail/subscribers__type_support.cpp.o\x1b[0m\n'}
[93.290194] (-) TimerEvent: {}
[93.392637] (-) TimerEvent: {}
[93.494870] (-) TimerEvent: {}
[93.529204] (rosapi_msgs) StdoutLine: {'line': b'[ 41%] \x1b[32mBuilding CXX object CMakeFiles/rosapi_msgs__rosidl_typesupport_fastrtps_cpp.dir/rosidl_typesupport_fastrtps_cpp/rosapi_msgs/srv/detail/dds_fastrtps/service_request_details__type_support.cpp.o\x1b[0m\n'}
[93.595067] (-) TimerEvent: {}
[93.697425] (-) TimerEvent: {}
[93.799279] (-) TimerEvent: {}
[93.842341] (rosbridge_test_msgs) StdoutLine: {'line': b'[ 59%] \x1b[32mBuilding CXX object CMakeFiles/rosbridge_test_msgs__rosidl_typesupport_fastrtps_cpp.dir/rosidl_typesupport_fastrtps_cpp/rosbridge_test_msgs/srv/detail/dds_fastrtps/test_request_and_response__type_support.cpp.o\x1b[0m\n'}
[93.899533] (-) TimerEvent: {}
[94.001786] (-) TimerEvent: {}
[94.104173] (-) TimerEvent: {}
[94.205786] (-) TimerEvent: {}
[94.307530] (-) TimerEvent: {}
[94.405590] (rosapi_msgs) StdoutLine: {'line': b'[ 42%] \x1b[32mBuilding CXX object CMakeFiles/rosapi_msgs__rosidl_typesupport_introspection_cpp.dir/rosidl_typesupport_introspection_cpp/rosapi_msgs/srv/detail/topics__type_support.cpp.o\x1b[0m\n'}
[94.407701] (-) TimerEvent: {}
[94.510140] (-) TimerEvent: {}
[94.612024] (-) TimerEvent: {}
[94.713802] (-) TimerEvent: {}
[94.815711] (-) TimerEvent: {}
[94.917631] (-) TimerEvent: {}
[95.019539] (-) TimerEvent: {}
[95.121464] (-) TimerEvent: {}
[95.226371] (-) TimerEvent: {}
[95.328269] (-) TimerEvent: {}
[95.335576] (rosbridge_test_msgs) StdoutLine: {'line': b'[ 59%] \x1b[32mBuilding CXX object CMakeFiles/rosbridge_test_msgs__rosidl_typesupport_fastrtps_cpp.dir/rosidl_typesupport_fastrtps_cpp/rosbridge_test_msgs/srv/detail/dds_fastrtps/test_request_only__type_support.cpp.o\x1b[0m\n'}
[95.368950] (rosapi_msgs) StdoutLine: {'line': b'[ 43%] \x1b[32mBuilding CXX object CMakeFiles/rosapi_msgs__rosidl_typesupport_fastrtps_cpp.dir/rosidl_typesupport_fastrtps_cpp/rosapi_msgs/srv/detail/dds_fastrtps/service_response_details__type_support.cpp.o\x1b[0m\n'}
[95.428536] (-) TimerEvent: {}
[95.531179] (-) TimerEvent: {}
[95.544669] (rosapi_msgs) StdoutLine: {'line': b'[ 43%] \x1b[32mBuilding CXX object CMakeFiles/rosapi_msgs__rosidl_typesupport_introspection_cpp.dir/rosidl_typesupport_introspection_cpp/rosapi_msgs/srv/detail/topics_and_raw_types__type_support.cpp.o\x1b[0m\n'}
[95.631383] (-) TimerEvent: {}
[95.733854] (-) TimerEvent: {}
[95.835699] (-) TimerEvent: {}
[95.937491] (-) TimerEvent: {}
[96.039474] (-) TimerEvent: {}
[96.152039] (-) TimerEvent: {}
[96.254000] (-) TimerEvent: {}
[96.355784] (-) TimerEvent: {}
[96.457769] (-) TimerEvent: {}
[96.559749] (-) TimerEvent: {}
[96.652166] (rosapi_msgs) StdoutLine: {'line': b'[ 44%] \x1b[32mBuilding CXX object CMakeFiles/rosapi_msgs__rosidl_typesupport_introspection_cpp.dir/rosidl_typesupport_introspection_cpp/rosapi_msgs/srv/detail/topics_for_type__type_support.cpp.o\x1b[0m\n'}
[96.660012] (-) TimerEvent: {}
[96.762715] (-) TimerEvent: {}
[96.847495] (rosbridge_test_msgs) StdoutLine: {'line': b'[ 60%] \x1b[32mBuilding CXX object CMakeFiles/rosbridge_test_msgs__rosidl_typesupport_fastrtps_cpp.dir/rosidl_typesupport_fastrtps_cpp/rosbridge_test_msgs/srv/detail/dds_fastrtps/test_response_only__type_support.cpp.o\x1b[0m\n'}
[96.863082] (-) TimerEvent: {}
[96.965749] (-) TimerEvent: {}
[97.068270] (-) TimerEvent: {}
[97.141194] (rosapi_msgs) StdoutLine: {'line': b'[ 44%] \x1b[32mBuilding CXX object CMakeFiles/rosapi_msgs__rosidl_typesupport_fastrtps_cpp.dir/rosidl_typesupport_fastrtps_cpp/rosapi_msgs/srv/detail/dds_fastrtps/services__type_support.cpp.o\x1b[0m\n'}
[97.168467] (-) TimerEvent: {}
[97.270948] (-) TimerEvent: {}
[97.372745] (-) TimerEvent: {}
[97.474545] (-) TimerEvent: {}
[97.575433] (-) TimerEvent: {}
[97.677248] (-) TimerEvent: {}
[97.779231] (rosapi_msgs) StdoutLine: {'line': b'[ 44%] \x1b[32mBuilding CXX object CMakeFiles/rosapi_msgs__rosidl_typesupport_introspection_cpp.dir/rosidl_typesupport_introspection_cpp/rosapi_msgs/srv/detail/topic_type__type_support.cpp.o\x1b[0m\n'}
[97.780042] (-) TimerEvent: {}
[97.880974] (-) TimerEvent: {}
[97.983518] (-) TimerEvent: {}
[98.085414] (-) TimerEvent: {}
[98.187274] (-) TimerEvent: {}
[98.289105] (-) TimerEvent: {}
[98.335627] (rosbridge_test_msgs) StdoutLine: {'line': b'[ 61%] \x1b[32mBuilding CXX object CMakeFiles/rosbridge_test_msgs__rosidl_typesupport_fastrtps_cpp.dir/rosidl_typesupport_fastrtps_cpp/rosbridge_test_msgs/srv/detail/dds_fastrtps/test_empty__type_support.cpp.o\x1b[0m\n'}
[98.389377] (-) TimerEvent: {}
[98.491866] (-) TimerEvent: {}
[98.594315] (-) TimerEvent: {}
[98.696852] (-) TimerEvent: {}
[98.775302] (rosapi_msgs) StdoutLine: {'line': b'[ 45%] \x1b[32m\x1b[1mLinking CXX shared library librosapi_msgs__rosidl_typesupport_introspection_cpp.so\x1b[0m\n'}
[98.797072] (-) TimerEvent: {}
[98.847644] (rosapi_msgs) StdoutLine: {'line': b'[ 46%] \x1b[32mBuilding CXX object CMakeFiles/rosapi_msgs__rosidl_typesupport_fastrtps_cpp.dir/rosidl_typesupport_fastrtps_cpp/rosapi_msgs/srv/detail/dds_fastrtps/services_for_type__type_support.cpp.o\x1b[0m\n'}
[98.897362] (-) TimerEvent: {}
[98.999134] (-) TimerEvent: {}
[99.101065] (-) TimerEvent: {}
[99.108972] (rosapi_msgs) StdoutLine: {'line': b'[ 46%] Built target rosapi_msgs__rosidl_typesupport_introspection_cpp\n'}
[99.201327] (-) TimerEvent: {}
[99.302229] (-) TimerEvent: {}
[99.403157] (-) TimerEvent: {}
[99.504002] (-) TimerEvent: {}
[99.604922] (-) TimerEvent: {}
[99.705834] (-) TimerEvent: {}
[99.806738] (-) TimerEvent: {}
[99.811917] (rosbridge_test_msgs) StdoutLine: {'line': b'[ 61%] \x1b[32m\x1b[1mLinking CXX shared library librosbridge_test_msgs__rosidl_typesupport_fastrtps_cpp.so\x1b[0m\n'}
[99.906988] (-) TimerEvent: {}
[100.007939] (-) TimerEvent: {}
[100.108788] (-) TimerEvent: {}
[100.153620] (rosbridge_test_msgs) StdoutLine: {'line': b'[ 61%] Built target rosbridge_test_msgs__rosidl_typesupport_fastrtps_cpp\n'}
[100.175873] (rosbridge_test_msgs) StdoutLine: {'line': b'[ 62%] \x1b[34m\x1b[1mGenerating C type support dispatch for ROS interfaces\x1b[0m\n'}
[100.209000] (-) TimerEvent: {}
[100.309791] (-) TimerEvent: {}
[100.410570] (-) TimerEvent: {}
[100.473393] (rosapi_msgs) StdoutLine: {'line': b'[ 46%] \x1b[32mBuilding CXX object CMakeFiles/rosapi_msgs__rosidl_typesupport_fastrtps_cpp.dir/rosidl_typesupport_fastrtps_cpp/rosapi_msgs/srv/detail/dds_fastrtps/service_type__type_support.cpp.o\x1b[0m\n'}
[100.510813] (-) TimerEvent: {}
[100.611645] (-) TimerEvent: {}
[100.712474] (-) TimerEvent: {}
[100.813272] (-) TimerEvent: {}
[100.914147] (-) TimerEvent: {}
[101.014968] (-) TimerEvent: {}
[101.115773] (-) TimerEvent: {}
[101.218083] (-) TimerEvent: {}
[101.318955] (-) TimerEvent: {}
[101.419804] (-) TimerEvent: {}
[101.520662] (-) TimerEvent: {}
[101.621517] (-) TimerEvent: {}
[101.722404] (-) TimerEvent: {}
[101.823231] (-) TimerEvent: {}
[101.886988] (rosapi_msgs) StdoutLine: {'line': b'[ 47%] \x1b[32mBuilding CXX object CMakeFiles/rosapi_msgs__rosidl_typesupport_fastrtps_cpp.dir/rosidl_typesupport_fastrtps_cpp/rosapi_msgs/srv/detail/dds_fastrtps/set_param__type_support.cpp.o\x1b[0m\n'}
[101.923458] (-) TimerEvent: {}
[102.024228] (-) TimerEvent: {}
[102.125111] (-) TimerEvent: {}
[102.225966] (-) TimerEvent: {}
[102.326815] (-) TimerEvent: {}
[102.427613] (-) TimerEvent: {}
[102.528478] (-) TimerEvent: {}
[102.629338] (-) TimerEvent: {}
[102.730214] (-) TimerEvent: {}
[102.831097] (-) TimerEvent: {}
[102.931896] (-) TimerEvent: {}
[103.032746] (-) TimerEvent: {}
[103.133608] (-) TimerEvent: {}
[103.234473] (-) TimerEvent: {}
[103.304676] (rosapi_msgs) StdoutLine: {'line': b'[ 47%] \x1b[32mBuilding CXX object CMakeFiles/rosapi_msgs__rosidl_typesupport_fastrtps_cpp.dir/rosidl_typesupport_fastrtps_cpp/rosapi_msgs/srv/detail/dds_fastrtps/subscribers__type_support.cpp.o\x1b[0m\n'}
[103.334863] (-) TimerEvent: {}
[103.435685] (-) TimerEvent: {}
[103.536532] (-) TimerEvent: {}
[103.637389] (-) TimerEvent: {}
[103.738223] (-) TimerEvent: {}
[103.839152] (-) TimerEvent: {}
[103.939947] (-) TimerEvent: {}
[104.040852] (-) TimerEvent: {}
[104.141668] (-) TimerEvent: {}
[104.242566] (-) TimerEvent: {}
[104.343462] (-) TimerEvent: {}
[104.444267] (-) TimerEvent: {}
[104.545065] (-) TimerEvent: {}
[104.645865] (-) TimerEvent: {}
[104.746694] (-) TimerEvent: {}
[104.835451] (rosapi_msgs) StdoutLine: {'line': b'[ 48%] \x1b[32mBuilding CXX object CMakeFiles/rosapi_msgs__rosidl_typesupport_fastrtps_cpp.dir/rosidl_typesupport_fastrtps_cpp/rosapi_msgs/srv/detail/dds_fastrtps/topics__type_support.cpp.o\x1b[0m\n'}
[104.846881] (-) TimerEvent: {}
[104.947712] (-) TimerEvent: {}
[105.048541] (-) TimerEvent: {}
[105.149355] (-) TimerEvent: {}
[105.250199] (-) TimerEvent: {}
[105.353097] (-) TimerEvent: {}
[105.454186] (-) TimerEvent: {}
[105.555134] (-) TimerEvent: {}
[105.656610] (-) TimerEvent: {}
[105.664529] (rosbridge_test_msgs) StdoutLine: {'line': b'[ 62%] \x1b[32mBuilding CXX object CMakeFiles/rosbridge_test_msgs__rosidl_typesupport_c.dir/rosidl_typesupport_c/rosbridge_test_msgs/msg/num__type_support.cpp.o\x1b[0m\n'}
[105.751102] (rosbridge_test_msgs) StdoutLine: {'line': b'[ 62%] \x1b[32mBuilding CXX object CMakeFiles/rosbridge_test_msgs__rosidl_typesupport_c.dir/rosidl_typesupport_c/rosbridge_test_msgs/msg/test_duration_array__type_support.cpp.o\x1b[0m\n'}
[105.756854] (-) TimerEvent: {}
[105.837399] (rosbridge_test_msgs) StdoutLine: {'line': b'[ 63%] \x1b[32mBuilding CXX object CMakeFiles/rosbridge_test_msgs__rosidl_typesupport_c.dir/rosidl_typesupport_c/rosbridge_test_msgs/msg/test_header_array__type_support.cpp.o\x1b[0m\n'}
[105.857115] (-) TimerEvent: {}
[105.929363] (rosbridge_test_msgs) StdoutLine: {'line': b'[ 63%] \x1b[32mBuilding CXX object CMakeFiles/rosbridge_test_msgs__rosidl_typesupport_c.dir/rosidl_typesupport_c/rosbridge_test_msgs/msg/test_header__type_support.cpp.o\x1b[0m\n'}
[105.957377] (-) TimerEvent: {}
[106.018138] (rosbridge_test_msgs) StdoutLine: {'line': b'[ 64%] \x1b[32mBuilding CXX object CMakeFiles/rosbridge_test_msgs__rosidl_typesupport_c.dir/rosidl_typesupport_c/rosbridge_test_msgs/msg/test_header_two__type_support.cpp.o\x1b[0m\n'}
[106.057687] (-) TimerEvent: {}
[106.108837] (rosbridge_test_msgs) StdoutLine: {'line': b'[ 64%] \x1b[32mBuilding CXX object CMakeFiles/rosbridge_test_msgs__rosidl_typesupport_c.dir/rosidl_typesupport_c/rosbridge_test_msgs/msg/test_time_array__type_support.cpp.o\x1b[0m\n'}
[106.158004] (-) TimerEvent: {}
[106.196055] (rosbridge_test_msgs) StdoutLine: {'line': b'[ 65%] \x1b[32mBuilding CXX object CMakeFiles/rosbridge_test_msgs__rosidl_typesupport_c.dir/rosidl_typesupport_c/rosbridge_test_msgs/msg/test_u_int8__type_support.cpp.o\x1b[0m\n'}
[106.258293] (-) TimerEvent: {}
[106.282735] (rosbridge_test_msgs) StdoutLine: {'line': b'[ 65%] \x1b[32mBuilding CXX object CMakeFiles/rosbridge_test_msgs__rosidl_typesupport_c.dir/rosidl_typesupport_c/rosbridge_test_msgs/msg/test_u_int8_fixed_size_array16__type_support.cpp.o\x1b[0m\n'}
[106.358539] (-) TimerEvent: {}
[106.372035] (rosbridge_test_msgs) StdoutLine: {'line': b'[ 66%] \x1b[32mBuilding CXX object CMakeFiles/rosbridge_test_msgs__rosidl_typesupport_c.dir/rosidl_typesupport_c/rosbridge_test_msgs/msg/test_float32_array__type_support.cpp.o\x1b[0m\n'}
[106.442029] (rosapi_msgs) StdoutLine: {'line': b'[ 48%] \x1b[32mBuilding CXX object CMakeFiles/rosapi_msgs__rosidl_typesupport_fastrtps_cpp.dir/rosidl_typesupport_fastrtps_cpp/rosapi_msgs/srv/detail/dds_fastrtps/topics_and_raw_types__type_support.cpp.o\x1b[0m\n'}
[106.458153] (rosbridge_test_msgs) StdoutLine: {'line': b'[ 66%] \x1b[32mBuilding CXX object CMakeFiles/rosbridge_test_msgs__rosidl_typesupport_c.dir/rosidl_typesupport_c/rosbridge_test_msgs/msg/test_float32_bounded_array__type_support.cpp.o\x1b[0m\n'}
[106.459016] (-) TimerEvent: {}
[106.544105] (rosbridge_test_msgs) StdoutLine: {'line': b'[ 67%] \x1b[32mBuilding CXX object CMakeFiles/rosbridge_test_msgs__rosidl_typesupport_c.dir/rosidl_typesupport_c/rosbridge_test_msgs/srv/add_two_ints__type_support.cpp.o\x1b[0m\n'}
[106.559282] (-) TimerEvent: {}
[106.636367] (rosbridge_test_msgs) StdoutLine: {'line': b'[ 67%] \x1b[32mBuilding CXX object CMakeFiles/rosbridge_test_msgs__rosidl_typesupport_c.dir/rosidl_typesupport_c/rosbridge_test_msgs/srv/send_bytes__type_support.cpp.o\x1b[0m\n'}
[106.659520] (-) TimerEvent: {}
[106.728392] (rosbridge_test_msgs) StdoutLine: {'line': b'[ 68%] \x1b[32mBuilding CXX object CMakeFiles/rosbridge_test_msgs__rosidl_typesupport_c.dir/rosidl_typesupport_c/rosbridge_test_msgs/srv/test_array_request__type_support.cpp.o\x1b[0m\n'}
[106.759717] (-) TimerEvent: {}
[106.820164] (rosbridge_test_msgs) StdoutLine: {'line': b'[ 68%] \x1b[32mBuilding CXX object CMakeFiles/rosbridge_test_msgs__rosidl_typesupport_c.dir/rosidl_typesupport_c/rosbridge_test_msgs/srv/test_empty__type_support.cpp.o\x1b[0m\n'}
[106.859965] (-) TimerEvent: {}
[106.911120] (rosbridge_test_msgs) StdoutLine: {'line': b'[ 69%] \x1b[32mBuilding CXX object CMakeFiles/rosbridge_test_msgs__rosidl_typesupport_c.dir/rosidl_typesupport_c/rosbridge_test_msgs/srv/test_multiple_request_fields__type_support.cpp.o\x1b[0m\n'}
[106.960168] (-) TimerEvent: {}
[107.003804] (rosbridge_test_msgs) StdoutLine: {'line': b'[ 70%] \x1b[32mBuilding CXX object CMakeFiles/rosbridge_test_msgs__rosidl_typesupport_c.dir/rosidl_typesupport_c/rosbridge_test_msgs/srv/test_multiple_response_fields__type_support.cpp.o\x1b[0m\n'}
[107.060433] (-) TimerEvent: {}
[107.097488] (rosbridge_test_msgs) StdoutLine: {'line': b'[ 70%] \x1b[32mBuilding CXX object CMakeFiles/rosbridge_test_msgs__rosidl_typesupport_c.dir/rosidl_typesupport_c/rosbridge_test_msgs/srv/test_nested_service__type_support.cpp.o\x1b[0m\n'}
[107.160710] (-) TimerEvent: {}
[107.192687] (rosbridge_test_msgs) StdoutLine: {'line': b'[ 71%] \x1b[32mBuilding CXX object CMakeFiles/rosbridge_test_msgs__rosidl_typesupport_c.dir/rosidl_typesupport_c/rosbridge_test_msgs/srv/test_request_and_response__type_support.cpp.o\x1b[0m\n'}
[107.261003] (-) TimerEvent: {}
[107.284143] (rosbridge_test_msgs) StdoutLine: {'line': b'[ 71%] \x1b[32mBuilding CXX object CMakeFiles/rosbridge_test_msgs__rosidl_typesupport_c.dir/rosidl_typesupport_c/rosbridge_test_msgs/srv/test_request_only__type_support.cpp.o\x1b[0m\n'}
[107.361247] (-) TimerEvent: {}
[107.375913] (rosbridge_test_msgs) StdoutLine: {'line': b'[ 72%] \x1b[32mBuilding CXX object CMakeFiles/rosbridge_test_msgs__rosidl_typesupport_c.dir/rosidl_typesupport_c/rosbridge_test_msgs/srv/test_response_only__type_support.cpp.o\x1b[0m\n'}
[107.461518] (-) TimerEvent: {}
[107.472253] (rosbridge_test_msgs) StdoutLine: {'line': b'[ 73%] \x1b[32mBuilding CXX object CMakeFiles/rosbridge_test_msgs__rosidl_typesupport_c.dir/rosidl_typesupport_c/rosbridge_test_msgs/msg/test_char__type_support.cpp.o\x1b[0m\n'}
[107.559661] (rosbridge_test_msgs) StdoutLine: {'line': b'[ 73%] \x1b[32m\x1b[1mLinking CXX shared library librosbridge_test_msgs__rosidl_typesupport_c.so\x1b[0m\n'}
[107.561681] (-) TimerEvent: {}
[107.662552] (-) TimerEvent: {}
[107.678324] (rosbridge_test_msgs) StdoutLine: {'line': b'[ 73%] Built target rosbridge_test_msgs__rosidl_typesupport_c\n'}
[107.703755] (rosbridge_test_msgs) StdoutLine: {'line': b'[ 74%] \x1b[34m\x1b[1mGenerating C type support for eProsima Fast-RTPS\x1b[0m\n'}
[107.762822] (-) TimerEvent: {}
[107.863650] (-) TimerEvent: {}
[107.964546] (-) TimerEvent: {}
[108.065402] (-) TimerEvent: {}
[108.076185] (rosapi_msgs) StdoutLine: {'line': b'[ 48%] \x1b[32mBuilding CXX object CMakeFiles/rosapi_msgs__rosidl_typesupport_fastrtps_cpp.dir/rosidl_typesupport_fastrtps_cpp/rosapi_msgs/srv/detail/dds_fastrtps/topics_for_type__type_support.cpp.o\x1b[0m\n'}
[108.165693] (-) TimerEvent: {}
[108.266608] (-) TimerEvent: {}
[108.367564] (-) TimerEvent: {}
[108.468404] (-) TimerEvent: {}
[108.569274] (-) TimerEvent: {}
[108.670071] (-) TimerEvent: {}
[108.770901] (-) TimerEvent: {}
[108.871684] (-) TimerEvent: {}
[108.972529] (-) TimerEvent: {}
[109.073398] (-) TimerEvent: {}
[109.174249] (-) TimerEvent: {}
[109.275114] (-) TimerEvent: {}
[109.375917] (-) TimerEvent: {}
[109.476760] (-) TimerEvent: {}
[109.577591] (-) TimerEvent: {}
[109.632418] (rosapi_msgs) StdoutLine: {'line': b'[ 49%] \x1b[32mBuilding CXX object CMakeFiles/rosapi_msgs__rosidl_typesupport_fastrtps_cpp.dir/rosidl_typesupport_fastrtps_cpp/rosapi_msgs/srv/detail/dds_fastrtps/topic_type__type_support.cpp.o\x1b[0m\n'}
[109.677886] (-) TimerEvent: {}
[109.778799] (-) TimerEvent: {}
[109.879656] (-) TimerEvent: {}
[109.980450] (-) TimerEvent: {}
[110.081292] (-) TimerEvent: {}
[110.182153] (-) TimerEvent: {}
[110.283043] (-) TimerEvent: {}
[110.383872] (-) TimerEvent: {}
[110.484682] (-) TimerEvent: {}
[110.585529] (-) TimerEvent: {}
[110.686313] (-) TimerEvent: {}
[110.787249] (-) TimerEvent: {}
[110.888106] (-) TimerEvent: {}
[110.988971] (-) TimerEvent: {}
[111.041268] (rosapi_msgs) StdoutLine: {'line': b'[ 49%] \x1b[32m\x1b[1mLinking CXX shared library librosapi_msgs__rosidl_typesupport_fastrtps_cpp.so\x1b[0m\n'}
[111.089166] (-) TimerEvent: {}
[111.190078] (-) TimerEvent: {}
[111.291484] (-) TimerEvent: {}
[111.392319] (-) TimerEvent: {}
[111.418078] (rosapi_msgs) StdoutLine: {'line': b'[ 49%] Built target rosapi_msgs__rosidl_typesupport_fastrtps_cpp\n'}
[111.440957] (rosapi_msgs) StdoutLine: {'line': b'[ 50%] \x1b[34m\x1b[1mGenerating C type support dispatch for ROS interfaces\x1b[0m\n'}
[111.492549] (-) TimerEvent: {}
[111.593354] (-) TimerEvent: {}
[111.694230] (-) TimerEvent: {}
[111.795384] (-) TimerEvent: {}
[111.896145] (-) TimerEvent: {}
[111.996960] (-) TimerEvent: {}
[112.097838] (-) TimerEvent: {}
[112.198759] (-) TimerEvent: {}
[112.299726] (-) TimerEvent: {}
[112.400490] (-) TimerEvent: {}
[112.501248] (-) TimerEvent: {}
[112.601995] (-) TimerEvent: {}
[112.702748] (-) TimerEvent: {}
[112.803488] (-) TimerEvent: {}
[112.904236] (-) TimerEvent: {}
[113.004996] (-) TimerEvent: {}
[113.105797] (-) TimerEvent: {}
[113.206600] (-) TimerEvent: {}
[113.307386] (-) TimerEvent: {}
[113.408136] (-) TimerEvent: {}
[113.508940] (-) TimerEvent: {}
[113.609703] (-) TimerEvent: {}
[113.710456] (-) TimerEvent: {}
[113.811299] (-) TimerEvent: {}
[113.912067] (-) TimerEvent: {}
[114.012898] (-) TimerEvent: {}
[114.113701] (-) TimerEvent: {}
[114.214533] (-) TimerEvent: {}
[114.315297] (-) TimerEvent: {}
[114.416086] (-) TimerEvent: {}
[114.516859] (-) TimerEvent: {}
[114.617715] (-) TimerEvent: {}
[114.718760] (-) TimerEvent: {}
[114.819567] (-) TimerEvent: {}
[114.920358] (-) TimerEvent: {}
[115.021208] (-) TimerEvent: {}
[115.121965] (-) TimerEvent: {}
[115.222795] (-) TimerEvent: {}
[115.323585] (-) TimerEvent: {}
[115.424342] (-) TimerEvent: {}
[115.525098] (-) TimerEvent: {}
[115.625855] (-) TimerEvent: {}
[115.726707] (-) TimerEvent: {}
[115.827496] (-) TimerEvent: {}
[115.928251] (-) TimerEvent: {}
[116.029082] (-) TimerEvent: {}
[116.129882] (-) TimerEvent: {}
[116.230792] (-) TimerEvent: {}
[116.331583] (-) TimerEvent: {}
[116.432412] (-) TimerEvent: {}
[116.533252] (-) TimerEvent: {}
[116.606911] (rosbridge_test_msgs) StdoutLine: {'line': b'[ 74%] \x1b[32mBuilding CXX object CMakeFiles/rosbridge_test_msgs__rosidl_typesupport_fastrtps_c.dir/rosidl_typesupport_fastrtps_c/rosbridge_test_msgs/msg/detail/num__type_support_c.cpp.o\x1b[0m\n'}
[116.633509] (-) TimerEvent: {}
[116.734342] (-) TimerEvent: {}
[116.835214] (-) TimerEvent: {}
[116.936002] (-) TimerEvent: {}
[117.036842] (-) TimerEvent: {}
[117.137634] (-) TimerEvent: {}
[117.238437] (-) TimerEvent: {}
[117.339382] (-) TimerEvent: {}
[117.440273] (-) TimerEvent: {}
[117.541067] (-) TimerEvent: {}
[117.641944] (-) TimerEvent: {}
[117.742843] (-) TimerEvent: {}
[117.758953] (rosbridge_test_msgs) StdoutLine: {'line': b'[ 75%] \x1b[32mBuilding CXX object CMakeFiles/rosbridge_test_msgs__rosidl_typesupport_fastrtps_c.dir/rosidl_typesupport_fastrtps_c/rosbridge_test_msgs/msg/detail/test_header_array__type_support_c.cpp.o\x1b[0m\n'}
[117.843062] (-) TimerEvent: {}
[117.943829] (-) TimerEvent: {}
[118.044622] (-) TimerEvent: {}
[118.145634] (-) TimerEvent: {}
[118.246505] (-) TimerEvent: {}
[118.347340] (-) TimerEvent: {}
[118.448252] (-) TimerEvent: {}
[118.549100] (-) TimerEvent: {}
[118.649983] (-) TimerEvent: {}
[118.750856] (-) TimerEvent: {}
[118.851722] (-) TimerEvent: {}
[118.934705] (rosbridge_test_msgs) StdoutLine: {'line': b'[ 75%] \x1b[32mBuilding CXX object CMakeFiles/rosbridge_test_msgs__rosidl_typesupport_fastrtps_c.dir/rosidl_typesupport_fastrtps_c/rosbridge_test_msgs/msg/detail/test_header__type_support_c.cpp.o\x1b[0m\n'}
[118.952089] (rosapi_msgs) StdoutLine: {'line': b'[ 50%] \x1b[32mBuilding CXX object CMakeFiles/rosapi_msgs__rosidl_typesupport_c.dir/rosidl_typesupport_c/rosapi_msgs/msg/type_def__type_support.cpp.o\x1b[0m\n'}
[118.952879] (-) TimerEvent: {}
[119.039919] (rosapi_msgs) StdoutLine: {'line': b'[ 51%] \x1b[32mBuilding CXX object CMakeFiles/rosapi_msgs__rosidl_typesupport_c.dir/rosidl_typesupport_c/rosapi_msgs/srv/delete_param__type_support.cpp.o\x1b[0m\n'}
[119.053206] (-) TimerEvent: {}
[119.132292] (rosapi_msgs) StdoutLine: {'line': b'[ 51%] \x1b[32mBuilding CXX object CMakeFiles/rosapi_msgs__rosidl_typesupport_c.dir/rosidl_typesupport_c/rosapi_msgs/srv/get_action_servers__type_support.cpp.o\x1b[0m\n'}
[119.153522] (-) TimerEvent: {}
[119.225048] (rosapi_msgs) StdoutLine: {'line': b'[ 51%] \x1b[32mBuilding CXX object CMakeFiles/rosapi_msgs__rosidl_typesupport_c.dir/rosidl_typesupport_c/rosapi_msgs/srv/get_param__type_support.cpp.o\x1b[0m\n'}
[119.253836] (-) TimerEvent: {}
[119.319319] (rosapi_msgs) StdoutLine: {'line': b'[ 52%] \x1b[32mBuilding CXX object CMakeFiles/rosapi_msgs__rosidl_typesupport_c.dir/rosidl_typesupport_c/rosapi_msgs/srv/get_param_names__type_support.cpp.o\x1b[0m\n'}
[119.354033] (-) TimerEvent: {}
[119.412628] (rosapi_msgs) StdoutLine: {'line': b'[ 52%] \x1b[32mBuilding CXX object CMakeFiles/rosapi_msgs__rosidl_typesupport_c.dir/rosidl_typesupport_c/rosapi_msgs/srv/get_ros_version__type_support.cpp.o\x1b[0m\n'}
[119.454299] (-) TimerEvent: {}
[119.504856] (rosapi_msgs) StdoutLine: {'line': b'[ 53%] \x1b[32mBuilding CXX object CMakeFiles/rosapi_msgs__rosidl_typesupport_c.dir/rosidl_typesupport_c/rosapi_msgs/srv/get_time__type_support.cpp.o\x1b[0m\n'}
[119.554775] (-) TimerEvent: {}
[119.597756] (rosapi_msgs) StdoutLine: {'line': b'[ 53%] \x1b[32mBuilding CXX object CMakeFiles/rosapi_msgs__rosidl_typesupport_c.dir/rosidl_typesupport_c/rosapi_msgs/srv/has_param__type_support.cpp.o\x1b[0m\n'}
[119.654921] (-) TimerEvent: {}
[119.690998] (rosapi_msgs) StdoutLine: {'line': b'[ 54%] \x1b[32mBuilding CXX object CMakeFiles/rosapi_msgs__rosidl_typesupport_c.dir/rosidl_typesupport_c/rosapi_msgs/srv/message_details__type_support.cpp.o\x1b[0m\n'}
[119.755167] (-) TimerEvent: {}
[119.785246] (rosapi_msgs) StdoutLine: {'line': b'[ 54%] \x1b[32mBuilding CXX object CMakeFiles/rosapi_msgs__rosidl_typesupport_c.dir/rosidl_typesupport_c/rosapi_msgs/srv/nodes__type_support.cpp.o\x1b[0m\n'}
[119.855397] (-) TimerEvent: {}
[119.879497] (rosapi_msgs) StdoutLine: {'line': b'[ 55%] \x1b[32mBuilding CXX object CMakeFiles/rosapi_msgs__rosidl_typesupport_c.dir/rosidl_typesupport_c/rosapi_msgs/srv/node_details__type_support.cpp.o\x1b[0m\n'}
[119.955606] (-) TimerEvent: {}
[119.974865] (rosapi_msgs) StdoutLine: {'line': b'[ 55%] \x1b[32mBuilding CXX object CMakeFiles/rosapi_msgs__rosidl_typesupport_c.dir/rosidl_typesupport_c/rosapi_msgs/srv/publishers__type_support.cpp.o\x1b[0m\n'}
[120.055874] (-) TimerEvent: {}
[120.069977] (rosapi_msgs) StdoutLine: {'line': b'[ 55%] \x1b[32mBuilding CXX object CMakeFiles/rosapi_msgs__rosidl_typesupport_c.dir/rosidl_typesupport_c/rosapi_msgs/srv/service_node__type_support.cpp.o\x1b[0m\n'}
[120.156071] (-) TimerEvent: {}
[120.161088] (rosbridge_test_msgs) StdoutLine: {'line': b'[ 76%] \x1b[32mBuilding CXX object CMakeFiles/rosbridge_test_msgs__rosidl_typesupport_fastrtps_c.dir/rosidl_typesupport_fastrtps_c/rosbridge_test_msgs/msg/detail/test_header_two__type_support_c.cpp.o\x1b[0m\n'}
[120.166344] (rosapi_msgs) StdoutLine: {'line': b'[ 56%] \x1b[32mBuilding CXX object CMakeFiles/rosapi_msgs__rosidl_typesupport_c.dir/rosidl_typesupport_c/rosapi_msgs/srv/service_providers__type_support.cpp.o\x1b[0m\n'}
[120.256307] (-) TimerEvent: {}
[120.259203] (rosapi_msgs) StdoutLine: {'line': b'[ 56%] \x1b[32mBuilding CXX object CMakeFiles/rosapi_msgs__rosidl_typesupport_c.dir/rosidl_typesupport_c/rosapi_msgs/srv/service_request_details__type_support.cpp.o\x1b[0m\n'}
[120.353557] (rosapi_msgs) StdoutLine: {'line': b'[ 57%] \x1b[32mBuilding CXX object CMakeFiles/rosapi_msgs__rosidl_typesupport_c.dir/rosidl_typesupport_c/rosapi_msgs/srv/service_response_details__type_support.cpp.o\x1b[0m\n'}
[120.356544] (-) TimerEvent: {}
[120.448747] (rosapi_msgs) StdoutLine: {'line': b'[ 57%] \x1b[32mBuilding CXX object CMakeFiles/rosapi_msgs__rosidl_typesupport_c.dir/rosidl_typesupport_c/rosapi_msgs/srv/services__type_support.cpp.o\x1b[0m\n'}
[120.456818] (-) TimerEvent: {}
[120.542562] (rosapi_msgs) StdoutLine: {'line': b'[ 58%] \x1b[32mBuilding CXX object CMakeFiles/rosapi_msgs__rosidl_typesupport_c.dir/rosidl_typesupport_c/rosapi_msgs/srv/services_for_type__type_support.cpp.o\x1b[0m\n'}
[120.557131] (-) TimerEvent: {}
[120.636411] (rosapi_msgs) StdoutLine: {'line': b'[ 58%] \x1b[32mBuilding CXX object CMakeFiles/rosapi_msgs__rosidl_typesupport_c.dir/rosidl_typesupport_c/rosapi_msgs/srv/service_type__type_support.cpp.o\x1b[0m\n'}
[120.657395] (-) TimerEvent: {}
[120.731135] (rosapi_msgs) StdoutLine: {'line': b'[ 59%] \x1b[32mBuilding CXX object CMakeFiles/rosapi_msgs__rosidl_typesupport_c.dir/rosidl_typesupport_c/rosapi_msgs/srv/set_param__type_support.cpp.o\x1b[0m\n'}
[120.757710] (-) TimerEvent: {}
[120.824945] (rosapi_msgs) StdoutLine: {'line': b'[ 59%] \x1b[32mBuilding CXX object CMakeFiles/rosapi_msgs__rosidl_typesupport_c.dir/rosidl_typesupport_c/rosapi_msgs/srv/subscribers__type_support.cpp.o\x1b[0m\n'}
[120.857986] (-) TimerEvent: {}
[120.917357] (rosapi_msgs) StdoutLine: {'line': b'[ 59%] \x1b[32mBuilding CXX object CMakeFiles/rosapi_msgs__rosidl_typesupport_c.dir/rosidl_typesupport_c/rosapi_msgs/srv/topics__type_support.cpp.o\x1b[0m\n'}
[120.958245] (-) TimerEvent: {}
[121.011775] (rosapi_msgs) StdoutLine: {'line': b'[ 60%] \x1b[32mBuilding CXX object CMakeFiles/rosapi_msgs__rosidl_typesupport_c.dir/rosidl_typesupport_c/rosapi_msgs/srv/topics_and_raw_types__type_support.cpp.o\x1b[0m\n'}
[121.058517] (-) TimerEvent: {}
[121.105258] (rosapi_msgs) StdoutLine: {'line': b'[ 60%] \x1b[32mBuilding CXX object CMakeFiles/rosapi_msgs__rosidl_typesupport_c.dir/rosidl_typesupport_c/rosapi_msgs/srv/topics_for_type__type_support.cpp.o\x1b[0m\n'}
[121.158793] (-) TimerEvent: {}
[121.200043] (rosapi_msgs) StdoutLine: {'line': b'[ 61%] \x1b[32mBuilding CXX object CMakeFiles/rosapi_msgs__rosidl_typesupport_c.dir/rosidl_typesupport_c/rosapi_msgs/srv/topic_type__type_support.cpp.o\x1b[0m\n'}
[121.258990] (-) TimerEvent: {}
[121.293171] (rosapi_msgs) StdoutLine: {'line': b'[ 61%] \x1b[32m\x1b[1mLinking CXX shared library librosapi_msgs__rosidl_typesupport_c.so\x1b[0m\n'}
[121.359237] (-) TimerEvent: {}
[121.360773] (rosbridge_test_msgs) StdoutLine: {'line': b'[ 76%] \x1b[32mBuilding CXX object CMakeFiles/rosbridge_test_msgs__rosidl_typesupport_fastrtps_c.dir/rosidl_typesupport_fastrtps_c/rosbridge_test_msgs/msg/detail/test_time_array__type_support_c.cpp.o\x1b[0m\n'}
[121.411006] (rosapi_msgs) StdoutLine: {'line': b'[ 61%] Built target rosapi_msgs__rosidl_typesupport_c\n'}
[121.433348] (rosapi_msgs) StdoutLine: {'line': b'[ 62%] \x1b[34m\x1b[1mGenerating C type support for eProsima Fast-RTPS\x1b[0m\n'}
[121.459456] (-) TimerEvent: {}
[121.560285] (-) TimerEvent: {}
[121.661108] (-) TimerEvent: {}
[121.762694] (-) TimerEvent: {}
[121.863502] (-) TimerEvent: {}
[121.964288] (-) TimerEvent: {}
[122.065093] (-) TimerEvent: {}
[122.165954] (-) TimerEvent: {}
[122.266848] (-) TimerEvent: {}
[122.367633] (-) TimerEvent: {}
[122.468444] (-) TimerEvent: {}
[122.524386] (rosbridge_test_msgs) StdoutLine: {'line': b'[ 77%] \x1b[32mBuilding CXX object CMakeFiles/rosbridge_test_msgs__rosidl_typesupport_fastrtps_c.dir/rosidl_typesupport_fastrtps_c/rosbridge_test_msgs/msg/detail/test_u_int8__type_support_c.cpp.o\x1b[0m\n'}
[122.568723] (-) TimerEvent: {}
[122.669639] (-) TimerEvent: {}
[122.770562] (-) TimerEvent: {}
[122.871511] (-) TimerEvent: {}
[122.972345] (-) TimerEvent: {}
[123.073200] (-) TimerEvent: {}
[123.174055] (-) TimerEvent: {}
[123.275007] (-) TimerEvent: {}
[123.375921] (-) TimerEvent: {}
[123.476778] (-) TimerEvent: {}
[123.577616] (-) TimerEvent: {}
[123.671741] (rosbridge_test_msgs) StdoutLine: {'line': b'[ 77%] \x1b[32mBuilding CXX object CMakeFiles/rosbridge_test_msgs__rosidl_typesupport_fastrtps_c.dir/rosidl_typesupport_fastrtps_c/rosbridge_test_msgs/msg/detail/test_u_int8_fixed_size_array16__type_support_c.cpp.o\x1b[0m\n'}
[123.677782] (-) TimerEvent: {}
[123.779134] (-) TimerEvent: {}
[123.879913] (-) TimerEvent: {}
[123.980765] (-) TimerEvent: {}
[124.081687] (-) TimerEvent: {}
[124.182540] (-) TimerEvent: {}
[124.283409] (-) TimerEvent: {}
[124.384259] (-) TimerEvent: {}
[124.485103] (-) TimerEvent: {}
[124.585962] (-) TimerEvent: {}
[124.686864] (-) TimerEvent: {}
[124.787767] (-) TimerEvent: {}
[124.804738] (rosbridge_test_msgs) StdoutLine: {'line': b'[ 78%] \x1b[32mBuilding CXX object CMakeFiles/rosbridge_test_msgs__rosidl_typesupport_fastrtps_c.dir/rosidl_typesupport_fastrtps_c/rosbridge_test_msgs/msg/detail/test_float32_array__type_support_c.cpp.o\x1b[0m\n'}
[124.887949] (-) TimerEvent: {}
[124.988829] (-) TimerEvent: {}
[125.089869] (-) TimerEvent: {}
[125.190782] (-) TimerEvent: {}
[125.291617] (-) TimerEvent: {}
[125.392391] (-) TimerEvent: {}
[125.493223] (-) TimerEvent: {}
[125.594063] (-) TimerEvent: {}
[125.694880] (-) TimerEvent: {}
[125.795733] (-) TimerEvent: {}
[125.896520] (-) TimerEvent: {}
[125.950133] (rosbridge_test_msgs) StdoutLine: {'line': b'[ 79%] \x1b[32mBuilding CXX object CMakeFiles/rosbridge_test_msgs__rosidl_typesupport_fastrtps_c.dir/rosidl_typesupport_fastrtps_c/rosbridge_test_msgs/msg/detail/test_float32_bounded_array__type_support_c.cpp.o\x1b[0m\n'}
[125.996791] (-) TimerEvent: {}
[126.098144] (-) TimerEvent: {}
[126.199238] (-) TimerEvent: {}
[126.300146] (-) TimerEvent: {}
[126.401181] (-) TimerEvent: {}
[126.502055] (-) TimerEvent: {}
[126.602945] (-) TimerEvent: {}
[126.703751] (-) TimerEvent: {}
[126.804605] (-) TimerEvent: {}
[126.905458] (-) TimerEvent: {}
[127.006326] (-) TimerEvent: {}
[127.072818] (rosbridge_test_msgs) StdoutLine: {'line': b'[ 79%] \x1b[32mBuilding CXX object CMakeFiles/rosbridge_test_msgs__rosidl_typesupport_fastrtps_c.dir/rosidl_typesupport_fastrtps_c/rosbridge_test_msgs/srv/detail/add_two_ints__type_support_c.cpp.o\x1b[0m\n'}
[127.106514] (-) TimerEvent: {}
[127.207895] (-) TimerEvent: {}
[127.308776] (-) TimerEvent: {}
[127.409672] (-) TimerEvent: {}
[127.510521] (-) TimerEvent: {}
[127.611389] (-) TimerEvent: {}
[127.712176] (-) TimerEvent: {}
[127.813022] (-) TimerEvent: {}
[127.913886] (-) TimerEvent: {}
[128.014731] (-) TimerEvent: {}
[128.115594] (-) TimerEvent: {}
[128.216434] (-) TimerEvent: {}
[128.252185] (rosbridge_test_msgs) StdoutLine: {'line': b'[ 80%] \x1b[32mBuilding CXX object CMakeFiles/rosbridge_test_msgs__rosidl_typesupport_fastrtps_c.dir/rosidl_typesupport_fastrtps_c/rosbridge_test_msgs/srv/detail/send_bytes__type_support_c.cpp.o\x1b[0m\n'}
[128.316663] (-) TimerEvent: {}
[128.417500] (-) TimerEvent: {}
[128.518396] (-) TimerEvent: {}
[128.620268] (-) TimerEvent: {}
[128.721164] (-) TimerEvent: {}
[128.822065] (-) TimerEvent: {}
[128.922873] (-) TimerEvent: {}
[129.023664] (-) TimerEvent: {}
[129.124531] (-) TimerEvent: {}
[129.225380] (-) TimerEvent: {}
[129.326229] (-) TimerEvent: {}
[129.427085] (-) TimerEvent: {}
[129.457801] (rosbridge_test_msgs) StdoutLine: {'line': b'[ 80%] \x1b[32mBuilding CXX object CMakeFiles/rosbridge_test_msgs__rosidl_typesupport_fastrtps_c.dir/rosidl_typesupport_fastrtps_c/rosbridge_test_msgs/srv/detail/test_array_request__type_support_c.cpp.o\x1b[0m\n'}
[129.527261] (-) TimerEvent: {}
[129.628081] (-) TimerEvent: {}
[129.728989] (-) TimerEvent: {}
[129.829845] (-) TimerEvent: {}
[129.930722] (-) TimerEvent: {}
[130.031504] (-) TimerEvent: {}
[130.132356] (-) TimerEvent: {}
[130.233170] (-) TimerEvent: {}
[130.334078] (-) TimerEvent: {}
[130.434937] (-) TimerEvent: {}
[130.535747] (-) TimerEvent: {}
[130.636623] (-) TimerEvent: {}
[130.656313] (rosbridge_test_msgs) StdoutLine: {'line': b'[ 81%] \x1b[32mBuilding CXX object CMakeFiles/rosbridge_test_msgs__rosidl_typesupport_fastrtps_c.dir/rosidl_typesupport_fastrtps_c/rosbridge_test_msgs/srv/detail/test_empty__type_support_c.cpp.o\x1b[0m\n'}
[130.737002] (-) TimerEvent: {}
[130.838701] (-) TimerEvent: {}
[130.939512] (-) TimerEvent: {}
[131.040301] (-) TimerEvent: {}
[131.141108] (-) TimerEvent: {}
[131.242010] (-) TimerEvent: {}
[131.342887] (-) TimerEvent: {}
[131.443705] (-) TimerEvent: {}
[131.544575] (-) TimerEvent: {}
[131.645437] (-) TimerEvent: {}
[131.746310] (-) TimerEvent: {}
[131.829231] (rosbridge_test_msgs) StdoutLine: {'line': b'[ 81%] \x1b[32mBuilding CXX object CMakeFiles/rosbridge_test_msgs__rosidl_typesupport_fastrtps_c.dir/rosidl_typesupport_fastrtps_c/rosbridge_test_msgs/srv/detail/test_multiple_request_fields__type_support_c.cpp.o\x1b[0m\n'}
[131.846557] (-) TimerEvent: {}
[131.947463] (-) TimerEvent: {}
[132.048228] (-) TimerEvent: {}
[132.149189] (-) TimerEvent: {}
[132.250098] (-) TimerEvent: {}
[132.351048] (-) TimerEvent: {}
[132.451912] (-) TimerEvent: {}
[132.553043] (-) TimerEvent: {}
[132.653845] (-) TimerEvent: {}
[132.754790] (-) TimerEvent: {}
[132.856115] (-) TimerEvent: {}
[132.956958] (-) TimerEvent: {}
[133.057806] (-) TimerEvent: {}
[133.060564] (rosbridge_test_msgs) StdoutLine: {'line': b'[ 82%] \x1b[32mBuilding CXX object CMakeFiles/rosbridge_test_msgs__rosidl_typesupport_fastrtps_c.dir/rosidl_typesupport_fastrtps_c/rosbridge_test_msgs/srv/detail/test_multiple_response_fields__type_support_c.cpp.o\x1b[0m\n'}
[133.158043] (-) TimerEvent: {}
[133.258910] (-) TimerEvent: {}
[133.360154] (-) TimerEvent: {}
[133.461005] (-) TimerEvent: {}
[133.561855] (-) TimerEvent: {}
[133.662802] (-) TimerEvent: {}
[133.763599] (-) TimerEvent: {}
[133.864449] (-) TimerEvent: {}
[133.965293] (-) TimerEvent: {}
[134.066108] (-) TimerEvent: {}
[134.167060] (-) TimerEvent: {}
[134.267950] (-) TimerEvent: {}
[134.289114] (rosbridge_test_msgs) StdoutLine: {'line': b'[ 82%] \x1b[32mBuilding CXX object CMakeFiles/rosbridge_test_msgs__rosidl_typesupport_fastrtps_c.dir/rosidl_typesupport_fastrtps_c/rosbridge_test_msgs/srv/detail/test_nested_service__type_support_c.cpp.o\x1b[0m\n'}
[134.368194] (-) TimerEvent: {}
[134.469135] (-) TimerEvent: {}
[134.569977] (-) TimerEvent: {}
[134.602541] (rosapi_msgs) StdoutLine: {'line': b'[ 62%] \x1b[32mBuilding CXX object CMakeFiles/rosapi_msgs__rosidl_typesupport_fastrtps_c.dir/rosidl_typesupport_fastrtps_c/rosapi_msgs/msg/detail/type_def__type_support_c.cpp.o\x1b[0m\n'}
[134.670178] (-) TimerEvent: {}
[134.771068] (-) TimerEvent: {}
[134.871911] (-) TimerEvent: {}
[134.972791] (-) TimerEvent: {}
[135.073711] (-) TimerEvent: {}
[135.174658] (-) TimerEvent: {}
[135.275527] (-) TimerEvent: {}
[135.376380] (-) TimerEvent: {}
[135.477309] (-) TimerEvent: {}
[135.507441] (rosbridge_test_msgs) StdoutLine: {'line': b'[ 83%] \x1b[32mBuilding CXX object CMakeFiles/rosbridge_test_msgs__rosidl_typesupport_fastrtps_c.dir/rosidl_typesupport_fastrtps_c/rosbridge_test_msgs/srv/detail/test_request_and_response__type_support_c.cpp.o\x1b[0m\n'}
[135.577619] (-) TimerEvent: {}
[135.678578] (-) TimerEvent: {}
[135.779523] (-) TimerEvent: {}
[135.880415] (-) TimerEvent: {}
[135.898133] (rosapi_msgs) StdoutLine: {'line': b'[ 62%] \x1b[32mBuilding CXX object CMakeFiles/rosapi_msgs__rosidl_typesupport_fastrtps_c.dir/rosidl_typesupport_fastrtps_c/rosapi_msgs/srv/detail/get_action_servers__type_support_c.cpp.o\x1b[0m\n'}
[135.980676] (-) TimerEvent: {}
[136.081602] (-) TimerEvent: {}
[136.182562] (-) TimerEvent: {}
[136.283467] (-) TimerEvent: {}
[136.384373] (-) TimerEvent: {}
[136.485904] (-) TimerEvent: {}
[136.586974] (-) TimerEvent: {}
[136.687921] (-) TimerEvent: {}
[136.731443] (rosbridge_test_msgs) StdoutLine: {'line': b'[ 83%] \x1b[32mBuilding CXX object CMakeFiles/rosbridge_test_msgs__rosidl_typesupport_fastrtps_c.dir/rosidl_typesupport_fastrtps_c/rosbridge_test_msgs/srv/detail/test_request_only__type_support_c.cpp.o\x1b[0m\n'}
[136.788126] (-) TimerEvent: {}
[136.889086] (-) TimerEvent: {}
[136.990080] (-) TimerEvent: {}
[137.090999] (-) TimerEvent: {}
[137.151157] (rosapi_msgs) StdoutLine: {'line': b'[ 63%] \x1b[32mBuilding CXX object CMakeFiles/rosapi_msgs__rosidl_typesupport_fastrtps_c.dir/rosidl_typesupport_fastrtps_c/rosapi_msgs/srv/detail/get_param__type_support_c.cpp.o\x1b[0m\n'}
[137.191194] (-) TimerEvent: {}
[137.292025] (-) TimerEvent: {}
[137.392986] (-) TimerEvent: {}
[137.493952] (-) TimerEvent: {}
[137.594899] (-) TimerEvent: {}
[137.695738] (-) TimerEvent: {}
[137.796654] (-) TimerEvent: {}
[137.897562] (-) TimerEvent: {}
[137.974447] (rosbridge_test_msgs) StdoutLine: {'line': b'[ 84%] \x1b[32mBuilding CXX object CMakeFiles/rosbridge_test_msgs__rosidl_typesupport_fastrtps_c.dir/rosidl_typesupport_fastrtps_c/rosbridge_test_msgs/srv/detail/test_response_only__type_support_c.cpp.o\x1b[0m\n'}
[137.997876] (-) TimerEvent: {}
[138.099186] (-) TimerEvent: {}
[138.200963] (-) TimerEvent: {}
[138.302911] (-) TimerEvent: {}
[138.392707] (rosapi_msgs) StdoutLine: {'line': b'[ 63%] \x1b[32mBuilding CXX object CMakeFiles/rosapi_msgs__rosidl_typesupport_fastrtps_c.dir/rosidl_typesupport_fastrtps_c/rosapi_msgs/srv/detail/get_param_names__type_support_c.cpp.o\x1b[0m\n'}
[138.403110] (-) TimerEvent: {}
[138.504122] (-) TimerEvent: {}
[138.604942] (-) TimerEvent: {}
[138.706568] (-) TimerEvent: {}
[138.807490] (-) TimerEvent: {}
[138.908393] (-) TimerEvent: {}
[139.009229] (-) TimerEvent: {}
[139.110157] (-) TimerEvent: {}
[139.202946] (rosbridge_test_msgs) StdoutLine: {'line': b'[ 84%] \x1b[32mBuilding CXX object CMakeFiles/rosbridge_test_msgs__rosidl_typesupport_fastrtps_c.dir/rosidl_typesupport_fastrtps_c/rosbridge_test_msgs/msg/detail/test_duration_array__type_support_c.cpp.o\x1b[0m\n'}
[139.210358] (-) TimerEvent: {}
[139.311352] (-) TimerEvent: {}
[139.412187] (-) TimerEvent: {}
[139.513234] (-) TimerEvent: {}
[139.614238] (-) TimerEvent: {}
[139.658402] (rosapi_msgs) StdoutLine: {'line': b'[ 63%] \x1b[32mBuilding CXX object CMakeFiles/rosapi_msgs__rosidl_typesupport_fastrtps_c.dir/rosidl_typesupport_fastrtps_c/rosapi_msgs/srv/detail/get_ros_version__type_support_c.cpp.o\x1b[0m\n'}
[139.714503] (-) TimerEvent: {}
[139.815399] (-) TimerEvent: {}
[139.916379] (-) TimerEvent: {}
[140.017295] (-) TimerEvent: {}
[140.118150] (-) TimerEvent: {}
[140.219149] (-) TimerEvent: {}
[140.320021] (-) TimerEvent: {}
[140.379661] (rosbridge_test_msgs) StdoutLine: {'line': b'[ 85%] \x1b[32mBuilding CXX object CMakeFiles/rosbridge_test_msgs__rosidl_typesupport_fastrtps_c.dir/rosidl_typesupport_fastrtps_c/rosbridge_test_msgs/msg/detail/test_char__type_support_c.cpp.o\x1b[0m\n'}
[140.420282] (-) TimerEvent: {}
[140.521267] (-) TimerEvent: {}
[140.622166] (-) TimerEvent: {}
[140.723136] (-) TimerEvent: {}
[140.824063] (-) TimerEvent: {}
[140.895485] (rosapi_msgs) StdoutLine: {'line': b'[ 64%] \x1b[32mBuilding CXX object CMakeFiles/rosapi_msgs__rosidl_typesupport_fastrtps_c.dir/rosidl_typesupport_fastrtps_c/rosapi_msgs/srv/detail/get_time__type_support_c.cpp.o\x1b[0m\n'}
[140.924314] (-) TimerEvent: {}
[141.025200] (-) TimerEvent: {}
[141.126103] (-) TimerEvent: {}
[141.227180] (-) TimerEvent: {}
[141.328012] (-) TimerEvent: {}
[141.428892] (-) TimerEvent: {}
[141.529750] (-) TimerEvent: {}
[141.555193] (rosbridge_test_msgs) StdoutLine: {'line': b'[ 85%] \x1b[32m\x1b[1mLinking CXX shared library librosbridge_test_msgs__rosidl_typesupport_fastrtps_c.so\x1b[0m\n'}
[141.629957] (-) TimerEvent: {}
[141.730989] (-) TimerEvent: {}
[141.831915] (-) TimerEvent: {}
[141.857329] (rosbridge_test_msgs) StdoutLine: {'line': b'[ 85%] Built target rosbridge_test_msgs__rosidl_typesupport_fastrtps_c\n'}
[141.892975] (rosbridge_test_msgs) StdoutLine: {'line': b'[ 85%] Built target rosbridge_test_msgs\n'}
[141.932111] (-) TimerEvent: {}
[141.935838] (rosbridge_test_msgs) StdoutLine: {'line': b'[ 86%] \x1b[34m\x1b[1mGenerating Python code for ROS interfaces\x1b[0m\n'}
[142.032291] (-) TimerEvent: {}
[142.133305] (-) TimerEvent: {}
[142.157892] (rosapi_msgs) StdoutLine: {'line': b'[ 64%] \x1b[32mBuilding CXX object CMakeFiles/rosapi_msgs__rosidl_typesupport_fastrtps_c.dir/rosidl_typesupport_fastrtps_c/rosapi_msgs/srv/detail/has_param__type_support_c.cpp.o\x1b[0m\n'}
[142.233622] (-) TimerEvent: {}
[142.334458] (-) TimerEvent: {}
[142.435337] (-) TimerEvent: {}
[142.536214] (-) TimerEvent: {}
[142.637072] (-) TimerEvent: {}
[142.737930] (-) TimerEvent: {}
[142.838784] (-) TimerEvent: {}
[142.939577] (-) TimerEvent: {}
[143.040447] (-) TimerEvent: {}
[143.141247] (-) TimerEvent: {}
[143.243636] (-) TimerEvent: {}
[143.344427] (-) TimerEvent: {}
[143.405872] (rosapi_msgs) StdoutLine: {'line': b'[ 65%] \x1b[32mBuilding CXX object CMakeFiles/rosapi_msgs__rosidl_typesupport_fastrtps_c.dir/rosidl_typesupport_fastrtps_c/rosapi_msgs/srv/detail/message_details__type_support_c.cpp.o\x1b[0m\n'}
[143.444792] (-) TimerEvent: {}
[143.545603] (-) TimerEvent: {}
[143.648512] (-) TimerEvent: {}
[143.749307] (-) TimerEvent: {}
[143.850186] (-) TimerEvent: {}
[143.951052] (-) TimerEvent: {}
[144.051902] (-) TimerEvent: {}
[144.152708] (-) TimerEvent: {}
[144.253608] (-) TimerEvent: {}
[144.354479] (-) TimerEvent: {}
[144.455362] (-) TimerEvent: {}
[144.556170] (-) TimerEvent: {}
[144.634801] (rosapi_msgs) StdoutLine: {'line': b'[ 65%] \x1b[32mBuilding CXX object CMakeFiles/rosapi_msgs__rosidl_typesupport_fastrtps_c.dir/rosidl_typesupport_fastrtps_c/rosapi_msgs/srv/detail/nodes__type_support_c.cpp.o\x1b[0m\n'}
[144.656424] (-) TimerEvent: {}
[144.757266] (-) TimerEvent: {}
[144.858104] (-) TimerEvent: {}
[144.959068] (-) TimerEvent: {}
[145.059867] (-) TimerEvent: {}
[145.160715] (-) TimerEvent: {}
[145.261511] (-) TimerEvent: {}
[145.362372] (-) TimerEvent: {}
[145.463238] (-) TimerEvent: {}
[145.564022] (-) TimerEvent: {}
[145.664877] (-) TimerEvent: {}
[145.765735] (-) TimerEvent: {}
[145.857657] (rosapi_msgs) StdoutLine: {'line': b'[ 66%] \x1b[32mBuilding CXX object CMakeFiles/rosapi_msgs__rosidl_typesupport_fastrtps_c.dir/rosidl_typesupport_fastrtps_c/rosapi_msgs/srv/detail/node_details__type_support_c.cpp.o\x1b[0m\n'}
[145.865961] (-) TimerEvent: {}
[145.966894] (-) TimerEvent: {}
[146.067778] (-) TimerEvent: {}
[146.168622] (-) TimerEvent: {}
[146.269491] (-) TimerEvent: {}
[146.370333] (-) TimerEvent: {}
[146.471244] (-) TimerEvent: {}
[146.572033] (-) TimerEvent: {}
[146.672870] (-) TimerEvent: {}
[146.773717] (-) TimerEvent: {}
[146.874511] (-) TimerEvent: {}
[146.975420] (-) TimerEvent: {}
[147.076261] (-) TimerEvent: {}
[147.100751] (rosapi_msgs) StdoutLine: {'line': b'[ 66%] \x1b[32mBuilding CXX object CMakeFiles/rosapi_msgs__rosidl_typesupport_fastrtps_c.dir/rosidl_typesupport_fastrtps_c/rosapi_msgs/srv/detail/publishers__type_support_c.cpp.o\x1b[0m\n'}
[147.176545] (-) TimerEvent: {}
[147.277451] (-) TimerEvent: {}
[147.378240] (-) TimerEvent: {}
[147.479138] (-) TimerEvent: {}
[147.580003] (-) TimerEvent: {}
[147.680808] (-) TimerEvent: {}
[147.781710] (-) TimerEvent: {}
[147.882563] (-) TimerEvent: {}
[147.983479] (-) TimerEvent: {}
[148.084324] (-) TimerEvent: {}
[148.113148] (rosapi_msgs) StdoutLine: {'line': b'[ 67%] \x1b[32mBuilding CXX object CMakeFiles/rosapi_msgs__rosidl_typesupport_fastrtps_c.dir/rosidl_typesupport_fastrtps_c/rosapi_msgs/srv/detail/service_node__type_support_c.cpp.o\x1b[0m\n'}
[148.184523] (-) TimerEvent: {}
[148.286911] (-) TimerEvent: {}
[148.337515] (rosapi_msgs) StdoutLine: {'line': b'[ 68%] \x1b[32mBuilding CXX object CMakeFiles/rosapi_msgs__rosidl_typesupport_fastrtps_c.dir/rosidl_typesupport_fastrtps_c/rosapi_msgs/srv/detail/delete_param__type_support_c.cpp.o\x1b[0m\n'}
[148.387162] (-) TimerEvent: {}
[148.489201] (-) TimerEvent: {}
[148.591063] (-) TimerEvent: {}
[148.693445] (-) TimerEvent: {}
[148.794846] (-) TimerEvent: {}
[148.896314] (-) TimerEvent: {}
[148.998690] (-) TimerEvent: {}
[149.099640] (-) TimerEvent: {}
[149.201068] (-) TimerEvent: {}
[149.302809] (-) TimerEvent: {}
[149.354694] (rosapi_msgs) StdoutLine: {'line': b'[ 68%] \x1b[32mBuilding CXX object CMakeFiles/rosapi_msgs__rosidl_typesupport_fastrtps_c.dir/rosidl_typesupport_fastrtps_c/rosapi_msgs/srv/detail/service_providers__type_support_c.cpp.o\x1b[0m\n'}
[149.402997] (-) TimerEvent: {}
[149.408241] (rosapi_msgs) StdoutLine: {'line': b'[ 68%] \x1b[32mBuilding CXX object CMakeFiles/rosapi_msgs__rosidl_typesupport_fastrtps_c.dir/rosidl_typesupport_fastrtps_c/rosapi_msgs/srv/detail/service_request_details__type_support_c.cpp.o\x1b[0m\n'}
[149.503275] (-) TimerEvent: {}
[149.605572] (-) TimerEvent: {}
[149.654087] (rosapi_msgs) StdoutLine: {'line': b'[ 69%] \x1b[32mBuilding CXX object CMakeFiles/rosapi_msgs__rosidl_typesupport_fastrtps_c.dir/rosidl_typesupport_fastrtps_c/rosapi_msgs/srv/detail/service_response_details__type_support_c.cpp.o\x1b[0m\n'}
[149.705774] (-) TimerEvent: {}
[149.808133] (-) TimerEvent: {}
[149.910445] (-) TimerEvent: {}
[150.012935] (-) TimerEvent: {}
[150.115188] (-) TimerEvent: {}
[150.217330] (-) TimerEvent: {}
[150.319540] (-) TimerEvent: {}
[150.421882] (-) TimerEvent: {}
[150.524317] (-) TimerEvent: {}
[150.626543] (-) TimerEvent: {}
[150.728761] (-) TimerEvent: {}
[150.784765] (rosapi_msgs) StdoutLine: {'line': b'[ 69%] \x1b[32mBuilding CXX object CMakeFiles/rosapi_msgs__rosidl_typesupport_fastrtps_c.dir/rosidl_typesupport_fastrtps_c/rosapi_msgs/srv/detail/services__type_support_c.cpp.o\x1b[0m\n'}
[150.787550] (rosapi_msgs) StdoutLine: {'line': b'[ 70%] \x1b[32mBuilding CXX object CMakeFiles/rosapi_msgs__rosidl_typesupport_fastrtps_c.dir/rosidl_typesupport_fastrtps_c/rosapi_msgs/srv/detail/services_for_type__type_support_c.cpp.o\x1b[0m\n'}
[150.828961] (-) TimerEvent: {}
[150.930683] (-) TimerEvent: {}
[151.032479] (-) TimerEvent: {}
[151.049678] (rosapi_msgs) StdoutLine: {'line': b'[ 70%] \x1b[32mBuilding CXX object CMakeFiles/rosapi_msgs__rosidl_typesupport_fastrtps_c.dir/rosidl_typesupport_fastrtps_c/rosapi_msgs/srv/detail/service_type__type_support_c.cpp.o\x1b[0m\n'}
[151.132688] (-) TimerEvent: {}
[151.234961] (-) TimerEvent: {}
[151.337217] (-) TimerEvent: {}
[151.439288] (-) TimerEvent: {}
[151.541650] (-) TimerEvent: {}
[151.644347] (-) TimerEvent: {}
[151.746335] (-) TimerEvent: {}
[151.848793] (-) TimerEvent: {}
[151.951212] (-) TimerEvent: {}
[152.053426] (-) TimerEvent: {}
[152.155999] (-) TimerEvent: {}
[152.163211] (rosapi_msgs) StdoutLine: {'line': b'[ 71%] \x1b[32mBuilding CXX object CMakeFiles/rosapi_msgs__rosidl_typesupport_fastrtps_c.dir/rosidl_typesupport_fastrtps_c/rosapi_msgs/srv/detail/set_param__type_support_c.cpp.o\x1b[0m\n'}
[152.230743] (rosapi_msgs) StdoutLine: {'line': b'[ 71%] \x1b[32mBuilding CXX object CMakeFiles/rosapi_msgs__rosidl_typesupport_fastrtps_c.dir/rosidl_typesupport_fastrtps_c/rosapi_msgs/srv/detail/subscribers__type_support_c.cpp.o\x1b[0m\n'}
[152.256194] (-) TimerEvent: {}
[152.357107] (-) TimerEvent: {}
[152.418848] (rosapi_msgs) StdoutLine: {'line': b'[ 72%] \x1b[32mBuilding CXX object CMakeFiles/rosapi_msgs__rosidl_typesupport_fastrtps_c.dir/rosidl_typesupport_fastrtps_c/rosapi_msgs/srv/detail/topics__type_support_c.cpp.o\x1b[0m\n'}
[152.457317] (-) TimerEvent: {}
[152.559812] (-) TimerEvent: {}
[152.662280] (-) TimerEvent: {}
[152.764756] (-) TimerEvent: {}
[152.866805] (-) TimerEvent: {}
[152.969330] (-) TimerEvent: {}
[153.071765] (-) TimerEvent: {}
[153.174147] (-) TimerEvent: {}
[153.276713] (-) TimerEvent: {}
[153.379527] (-) TimerEvent: {}
[153.481937] (-) TimerEvent: {}
[153.548454] (rosapi_msgs) StdoutLine: {'line': b'[ 72%] \x1b[32mBuilding CXX object CMakeFiles/rosapi_msgs__rosidl_typesupport_fastrtps_c.dir/rosidl_typesupport_fastrtps_c/rosapi_msgs/srv/detail/topics_and_raw_types__type_support_c.cpp.o\x1b[0m\n'}
[153.582149] (-) TimerEvent: {}
[153.608979] (rosapi_msgs) StdoutLine: {'line': b'[ 72%] \x1b[32mBuilding CXX object CMakeFiles/rosapi_msgs__rosidl_typesupport_fastrtps_c.dir/rosidl_typesupport_fastrtps_c/rosapi_msgs/srv/detail/topics_for_type__type_support_c.cpp.o\x1b[0m\n'}
[153.682352] (-) TimerEvent: {}
[153.784563] (-) TimerEvent: {}
[153.886795] (-) TimerEvent: {}
[153.903944] (rosapi_msgs) StdoutLine: {'line': b'[ 73%] \x1b[32mBuilding CXX object CMakeFiles/rosapi_msgs__rosidl_typesupport_fastrtps_c.dir/rosidl_typesupport_fastrtps_c/rosapi_msgs/srv/detail/topic_type__type_support_c.cpp.o\x1b[0m\n'}
[153.986985] (-) TimerEvent: {}
[154.087920] (-) TimerEvent: {}
[154.190025] (-) TimerEvent: {}
[154.292240] (-) TimerEvent: {}
[154.393566] (-) TimerEvent: {}
[154.495005] (-) TimerEvent: {}
[154.596221] (-) TimerEvent: {}
[154.697387] (-) TimerEvent: {}
[154.799849] (-) TimerEvent: {}
[154.902158] (-) TimerEvent: {}
[155.004861] (-) TimerEvent: {}
[155.105719] (-) TimerEvent: {}
[155.206589] (-) TimerEvent: {}
[155.263555] (rosapi_msgs) StdoutLine: {'line': b'[ 73%] \x1b[32m\x1b[1mLinking CXX shared library librosapi_msgs__rosidl_typesupport_fastrtps_c.so\x1b[0m\n'}
[155.306787] (-) TimerEvent: {}
[155.407610] (-) TimerEvent: {}
[155.508531] (-) TimerEvent: {}
[155.566234] (rosapi_msgs) StdoutLine: {'line': b'[ 73%] Built target rosapi_msgs__rosidl_typesupport_fastrtps_c\n'}
[155.589062] (rosapi_msgs) StdoutLine: {'line': b'[ 74%] \x1b[34m\x1b[1mGenerating C introspection for ROS interfaces\x1b[0m\n'}
[155.608745] (-) TimerEvent: {}
[155.709553] (-) TimerEvent: {}
[155.810357] (-) TimerEvent: {}
[155.911225] (-) TimerEvent: {}
[156.011972] (-) TimerEvent: {}
[156.112724] (-) TimerEvent: {}
[156.213493] (-) TimerEvent: {}
[156.314299] (-) TimerEvent: {}
[156.415155] (-) TimerEvent: {}
[156.515954] (-) TimerEvent: {}
[156.616755] (-) TimerEvent: {}
[156.717547] (-) TimerEvent: {}
[156.818344] (-) TimerEvent: {}
[156.919169] (-) TimerEvent: {}
[157.019906] (-) TimerEvent: {}
[157.120740] (-) TimerEvent: {}
[157.221558] (-) TimerEvent: {}
[157.322335] (-) TimerEvent: {}
[157.423144] (-) TimerEvent: {}
[157.523888] (-) TimerEvent: {}
[157.624687] (-) TimerEvent: {}
[157.725495] (-) TimerEvent: {}
[157.826273] (-) TimerEvent: {}
[157.927047] (-) TimerEvent: {}
[158.027803] (-) TimerEvent: {}
[158.128617] (-) TimerEvent: {}
[158.229397] (-) TimerEvent: {}
[158.330207] (-) TimerEvent: {}
[158.430969] (-) TimerEvent: {}
[158.531722] (-) TimerEvent: {}
[158.632518] (-) TimerEvent: {}
[158.733311] (-) TimerEvent: {}
[158.834109] (-) TimerEvent: {}
[158.934899] (-) TimerEvent: {}
[159.035634] (-) TimerEvent: {}
[159.136438] (-) TimerEvent: {}
[159.237274] (-) TimerEvent: {}
[159.338015] (-) TimerEvent: {}
[159.438770] (-) TimerEvent: {}
[159.539522] (-) TimerEvent: {}
[159.640333] (-) TimerEvent: {}
[159.741093] (-) TimerEvent: {}
[159.841904] (-) TimerEvent: {}
[159.942735] (-) TimerEvent: {}
[160.043485] (-) TimerEvent: {}
[160.144229] (-) TimerEvent: {}
[160.245029] (-) TimerEvent: {}
[160.345812] (-) TimerEvent: {}
[160.446689] (-) TimerEvent: {}
[160.547447] (-) TimerEvent: {}
[160.648258] (-) TimerEvent: {}
[160.748999] (-) TimerEvent: {}
[160.849799] (-) TimerEvent: {}
[160.950596] (-) TimerEvent: {}
[161.051430] (-) TimerEvent: {}
[161.152181] (-) TimerEvent: {}
[161.252965] (-) TimerEvent: {}
[161.353720] (-) TimerEvent: {}
[161.454486] (-) TimerEvent: {}
[161.555339] (-) TimerEvent: {}
[161.656138] (-) TimerEvent: {}
[161.756940] (-) TimerEvent: {}
[161.857732] (-) TimerEvent: {}
[161.958530] (-) TimerEvent: {}
[162.059349] (-) TimerEvent: {}
[162.160123] (-) TimerEvent: {}
[162.260917] (-) TimerEvent: {}
[162.361717] (-) TimerEvent: {}
[162.462513] (-) TimerEvent: {}
[162.563283] (-) TimerEvent: {}
[162.664019] (-) TimerEvent: {}
[162.764957] (-) TimerEvent: {}
[162.865741] (-) TimerEvent: {}
[162.966534] (-) TimerEvent: {}
[163.067377] (-) TimerEvent: {}
[163.168149] (-) TimerEvent: {}
[163.268898] (-) TimerEvent: {}
[163.369643] (-) TimerEvent: {}
[163.470402] (-) TimerEvent: {}
[163.571241] (-) TimerEvent: {}
[163.672013] (-) TimerEvent: {}
[163.773113] (-) TimerEvent: {}
[163.874006] (-) TimerEvent: {}
[163.931633] (rosbridge_test_msgs) StdoutLine: {'line': b'[ 86%] Built target rosbridge_test_msgs__py\n'}
[163.973370] (rosbridge_test_msgs) StdoutLine: {'line': b'[ 86%] \x1b[32mBuilding C object CMakeFiles/rosbridge_test_msgs__python.dir/rosidl_generator_py/rosbridge_test_msgs/msg/_num_s.c.o\x1b[0m\n'}
[163.974305] (-) TimerEvent: {}
[163.974947] (rosbridge_test_msgs) StdoutLine: {'line': b'[ 86%] \x1b[32mBuilding C object CMakeFiles/rosbridge_test_msgs__python.dir/rosidl_generator_py/rosbridge_test_msgs/msg/_test_duration_array_s.c.o\x1b[0m\n'}
[163.980867] (rosbridge_test_msgs) StdoutLine: {'line': b'[ 87%] \x1b[32mBuilding C object CMakeFiles/rosbridge_test_msgs__python.dir/rosidl_generator_py/rosbridge_test_msgs/msg/_test_char_s.c.o\x1b[0m\n'}
[164.074519] (-) TimerEvent: {}
[164.175398] (-) TimerEvent: {}
[164.276278] (-) TimerEvent: {}
[164.317349] (rosbridge_test_msgs) StdoutLine: {'line': b'[ 87%] \x1b[32mBuilding C object CMakeFiles/rosbridge_test_msgs__python.dir/rosidl_generator_py/rosbridge_test_msgs/msg/_test_header_s.c.o\x1b[0m\n'}
[164.322117] (rosbridge_test_msgs) StdoutLine: {'line': b'[ 88%] \x1b[32mBuilding C object CMakeFiles/rosbridge_test_msgs__python.dir/rosidl_generator_py/rosbridge_test_msgs/msg/_test_header_array_s.c.o\x1b[0m\n'}
[164.331363] (rosbridge_test_msgs) StdoutLine: {'line': b'[ 89%] \x1b[32mBuilding C object CMakeFiles/rosbridge_test_msgs__python.dir/rosidl_generator_py/rosbridge_test_msgs/msg/_test_header_two_s.c.o\x1b[0m\n'}
[164.376474] (-) TimerEvent: {}
[164.416560] (rosbridge_test_msgs) StdoutLine: {'line': b'[ 89%] \x1b[32mBuilding C object CMakeFiles/rosbridge_test_msgs__python.dir/rosidl_generator_py/rosbridge_test_msgs/msg/_test_time_array_s.c.o\x1b[0m\n'}
[164.476683] (-) TimerEvent: {}
[164.578858] (-) TimerEvent: {}
[164.679730] (-) TimerEvent: {}
[164.693564] (rosbridge_test_msgs) StdoutLine: {'line': b'[ 90%] \x1b[32mBuilding C object CMakeFiles/rosbridge_test_msgs__python.dir/rosidl_generator_py/rosbridge_test_msgs/msg/_test_u_int8_s.c.o\x1b[0m\n'}
[164.724806] (rosbridge_test_msgs) StdoutLine: {'line': b'[ 90%] \x1b[32mBuilding C object CMakeFiles/rosbridge_test_msgs__python.dir/rosidl_generator_py/rosbridge_test_msgs/msg/_test_u_int8_fixed_size_array16_s.c.o\x1b[0m\n'}
[164.774324] (rosbridge_test_msgs) StdoutLine: {'line': b'[ 91%] \x1b[32mBuilding C object CMakeFiles/rosbridge_test_msgs__python.dir/rosidl_generator_py/rosbridge_test_msgs/msg/_test_float32_array_s.c.o\x1b[0m\n'}
[164.779922] (-) TimerEvent: {}
[164.880945] (-) TimerEvent: {}
[164.979075] (rosbridge_test_msgs) StdoutLine: {'line': b'[ 91%] \x1b[32mBuilding C object CMakeFiles/rosbridge_test_msgs__python.dir/rosidl_generator_py/rosbridge_test_msgs/msg/_test_float32_bounded_array_s.c.o\x1b[0m\n'}
[164.981119] (-) TimerEvent: {}
[165.081946] (-) TimerEvent: {}
[165.119064] (rosbridge_test_msgs) StdoutLine: {'line': b'[ 92%] \x1b[32mBuilding C object CMakeFiles/rosbridge_test_msgs__python.dir/rosidl_generator_py/rosbridge_test_msgs/srv/_add_two_ints_s.c.o\x1b[0m\n'}
[165.148468] (rosbridge_test_msgs) StdoutLine: {'line': b'[ 92%] \x1b[32mBuilding C object CMakeFiles/rosbridge_test_msgs__python.dir/rosidl_generator_py/rosbridge_test_msgs/srv/_send_bytes_s.c.o\x1b[0m\n'}
[165.182156] (-) TimerEvent: {}
[165.284684] (-) TimerEvent: {}
[165.387036] (-) TimerEvent: {}
[165.400815] (rosbridge_test_msgs) StdoutLine: {'line': b'[ 93%] \x1b[32mBuilding C object CMakeFiles/rosbridge_test_msgs__python.dir/rosidl_generator_py/rosbridge_test_msgs/srv/_test_array_request_s.c.o\x1b[0m\n'}
[165.409528] (rosbridge_test_msgs) StdoutLine: {'line': b'[ 93%] \x1b[32mBuilding C object CMakeFiles/rosbridge_test_msgs__python.dir/rosidl_generator_py/rosbridge_test_msgs/srv/_test_empty_s.c.o\x1b[0m\n'}
[165.487237] (-) TimerEvent: {}
[165.588107] (-) TimerEvent: {}
[165.597278] (rosbridge_test_msgs) StdoutLine: {'line': b'[ 94%] \x1b[32mBuilding C object CMakeFiles/rosbridge_test_msgs__python.dir/rosidl_generator_py/rosbridge_test_msgs/srv/_test_multiple_request_fields_s.c.o\x1b[0m\n'}
[165.611016] (rosbridge_test_msgs) StdoutLine: {'line': b'[ 94%] \x1b[32mBuilding C object CMakeFiles/rosbridge_test_msgs__python.dir/rosidl_generator_py/rosbridge_test_msgs/srv/_test_multiple_response_fields_s.c.o\x1b[0m\n'}
[165.688329] (-) TimerEvent: {}
[165.789382] (-) TimerEvent: {}
[165.808569] (rosbridge_test_msgs) StdoutLine: {'line': b'[ 95%] \x1b[32mBuilding C object CMakeFiles/rosbridge_test_msgs__python.dir/rosidl_generator_py/rosbridge_test_msgs/srv/_test_nested_service_s.c.o\x1b[0m\n'}
[165.889602] (-) TimerEvent: {}
[165.990560] (-) TimerEvent: {}
[165.998730] (rosbridge_test_msgs) StdoutLine: {'line': b'[ 95%] \x1b[32mBuilding C object CMakeFiles/rosbridge_test_msgs__python.dir/rosidl_generator_py/rosbridge_test_msgs/srv/_test_request_and_response_s.c.o\x1b[0m\n'}
[166.090793] (-) TimerEvent: {}
[166.138228] (rosbridge_test_msgs) StdoutLine: {'line': b'[ 96%] \x1b[32mBuilding C object CMakeFiles/rosbridge_test_msgs__python.dir/rosidl_generator_py/rosbridge_test_msgs/srv/_test_request_only_s.c.o\x1b[0m\n'}
[166.149440] (rosbridge_test_msgs) StdoutLine: {'line': b'[ 97%] \x1b[32mBuilding C object CMakeFiles/rosbridge_test_msgs__python.dir/rosidl_generator_py/rosbridge_test_msgs/srv/_test_response_only_s.c.o\x1b[0m\n'}
[166.190976] (-) TimerEvent: {}
[166.291911] (-) TimerEvent: {}
[166.393721] (-) TimerEvent: {}
[166.495775] (-) TimerEvent: {}
[166.532403] (rosbridge_test_msgs) StdoutLine: {'line': b'[ 97%] \x1b[32m\x1b[1mLinking C shared library rosidl_generator_py/rosbridge_test_msgs/librosbridge_test_msgs__python.so\x1b[0m\n'}
[166.595975] (-) TimerEvent: {}
[166.683026] (rosbridge_test_msgs) StdoutLine: {'line': b'[ 97%] Built target rosbridge_test_msgs__python\n'}
[166.696168] (-) TimerEvent: {}
[166.725111] (rosbridge_test_msgs) StdoutLine: {'line': b'[ 98%] \x1b[32mBuilding C object CMakeFiles/rosbridge_test_msgs__rosidl_typesupport_introspection_c__pyext.dir/rosidl_generator_py/rosbridge_test_msgs/_rosbridge_test_msgs_s.ep.rosidl_typesupport_introspection_c.c.o\x1b[0m\n'}
[166.730801] (rosbridge_test_msgs) StdoutLine: {'line': b'[ 99%] \x1b[32mBuilding C object CMakeFiles/rosbridge_test_msgs__rosidl_typesupport_fastrtps_c__pyext.dir/rosidl_generator_py/rosbridge_test_msgs/_rosbridge_test_msgs_s.ep.rosidl_typesupport_fastrtps_c.c.o\x1b[0m\n'}
[166.733710] (rosbridge_test_msgs) StdoutLine: {'line': b'[100%] \x1b[32mBuilding C object CMakeFiles/rosbridge_test_msgs__rosidl_typesupport_c__pyext.dir/rosidl_generator_py/rosbridge_test_msgs/_rosbridge_test_msgs_s.ep.rosidl_typesupport_c.c.o\x1b[0m\n'}
[166.796357] (-) TimerEvent: {}
[166.898127] (-) TimerEvent: {}
[166.999673] (-) TimerEvent: {}
[167.101226] (-) TimerEvent: {}
[167.202813] (-) TimerEvent: {}
[167.304341] (-) TimerEvent: {}
[167.406136] (-) TimerEvent: {}
[167.507612] (-) TimerEvent: {}
[167.549688] (rosapi_msgs) StdoutLine: {'line': b'[ 74%] \x1b[32mBuilding C object CMakeFiles/rosapi_msgs__rosidl_typesupport_introspection_c.dir/rosidl_typesupport_introspection_c/rosapi_msgs/msg/detail/type_def__type_support.c.o\x1b[0m\n'}
[167.585406] (rosapi_msgs) StdoutLine: {'line': b'[ 75%] \x1b[32mBuilding C object CMakeFiles/rosapi_msgs__rosidl_typesupport_introspection_c.dir/rosidl_typesupport_introspection_c/rosapi_msgs/srv/detail/delete_param__type_support.c.o\x1b[0m\n'}
[167.590593] (rosapi_msgs) StdoutLine: {'line': b'[ 75%] \x1b[32mBuilding C object CMakeFiles/rosapi_msgs__rosidl_typesupport_introspection_c.dir/rosidl_typesupport_introspection_c/rosapi_msgs/srv/detail/get_action_servers__type_support.c.o\x1b[0m\n'}
[167.607834] (-) TimerEvent: {}
[167.709302] (-) TimerEvent: {}
[167.775891] (rosbridge_test_msgs) StdoutLine: {'line': b'[100%] \x1b[32m\x1b[1mLinking C shared library rosidl_generator_py/rosbridge_test_msgs/rosbridge_test_msgs_s__rosidl_typesupport_c.cpython-36m-aarch64-linux-gnu.so\x1b[0m\n'}
[167.782885] (rosapi_msgs) StdoutLine: {'line': b'[ 76%] \x1b[32mBuilding C object CMakeFiles/rosapi_msgs__rosidl_typesupport_introspection_c.dir/rosidl_typesupport_introspection_c/rosapi_msgs/srv/detail/get_param__type_support.c.o\x1b[0m\n'}
[167.800832] (rosapi_msgs) StdoutLine: {'line': b'[ 76%] \x1b[32mBuilding C object CMakeFiles/rosapi_msgs__rosidl_typesupport_introspection_c.dir/rosidl_typesupport_introspection_c/rosapi_msgs/srv/detail/get_param_names__type_support.c.o\x1b[0m\n'}
[167.809512] (-) TimerEvent: {}
[167.814950] (rosapi_msgs) StdoutLine: {'line': b'[ 77%] \x1b[32mBuilding C object CMakeFiles/rosapi_msgs__rosidl_typesupport_introspection_c.dir/rosidl_typesupport_introspection_c/rosapi_msgs/srv/detail/get_ros_version__type_support.c.o\x1b[0m\n'}
[167.828364] (rosbridge_test_msgs) StdoutLine: {'line': b'[100%] \x1b[32m\x1b[1mLinking C shared library rosidl_generator_py/rosbridge_test_msgs/rosbridge_test_msgs_s__rosidl_typesupport_introspection_c.cpython-36m-aarch64-linux-gnu.so\x1b[0m\n'}
[167.832255] (rosbridge_test_msgs) StdoutLine: {'line': b'[100%] \x1b[32m\x1b[1mLinking CXX shared library rosidl_generator_py/rosbridge_test_msgs/rosbridge_test_msgs_s__rosidl_typesupport_fastrtps_c.cpython-36m-aarch64-linux-gnu.so\x1b[0m\n'}
[167.909749] (-) TimerEvent: {}
[167.959235] (rosapi_msgs) StdoutLine: {'line': b'[ 77%] \x1b[32mBuilding C object CMakeFiles/rosapi_msgs__rosidl_typesupport_introspection_c.dir/rosidl_typesupport_introspection_c/rosapi_msgs/srv/detail/get_time__type_support.c.o\x1b[0m\n'}
[167.964637] (rosapi_msgs) StdoutLine: {'line': b'[ 77%] \x1b[32mBuilding C object CMakeFiles/rosapi_msgs__rosidl_typesupport_introspection_c.dir/rosidl_typesupport_introspection_c/rosapi_msgs/srv/detail/has_param__type_support.c.o\x1b[0m\n'}
[168.009967] (-) TimerEvent: {}
[168.014038] (rosbridge_test_msgs) StdoutLine: {'line': b'[100%] Built target rosbridge_test_msgs__rosidl_typesupport_introspection_c__pyext\n'}
[168.027158] (rosapi_msgs) StdoutLine: {'line': b'[ 78%] \x1b[32mBuilding C object CMakeFiles/rosapi_msgs__rosidl_typesupport_introspection_c.dir/rosidl_typesupport_introspection_c/rosapi_msgs/srv/detail/message_details__type_support.c.o\x1b[0m\n'}
[168.064933] (rosbridge_test_msgs) StdoutLine: {'line': b'[100%] Built target rosbridge_test_msgs__rosidl_typesupport_c__pyext\n'}
[168.099510] (rosapi_msgs) StdoutLine: {'line': b'[ 78%] \x1b[32mBuilding C object CMakeFiles/rosapi_msgs__rosidl_typesupport_introspection_c.dir/rosidl_typesupport_introspection_c/rosapi_msgs/srv/detail/nodes__type_support.c.o\x1b[0m\n'}
[168.110198] (-) TimerEvent: {}
[168.135567] (rosapi_msgs) StdoutLine: {'line': b'[ 79%] \x1b[32mBuilding C object CMakeFiles/rosapi_msgs__rosidl_typesupport_introspection_c.dir/rosidl_typesupport_introspection_c/rosapi_msgs/srv/detail/node_details__type_support.c.o\x1b[0m\n'}
[168.171279] (rosbridge_test_msgs) StdoutLine: {'line': b'[100%] Built target rosbridge_test_msgs__rosidl_typesupport_fastrtps_c__pyext\n'}
[168.192598] (rosapi_msgs) StdoutLine: {'line': b'[ 80%] \x1b[32mBuilding C object CMakeFiles/rosapi_msgs__rosidl_typesupport_introspection_c.dir/rosidl_typesupport_introspection_c/rosapi_msgs/srv/detail/service_node__type_support.c.o\x1b[0m\n'}
[168.202346] (rosapi_msgs) StdoutLine: {'line': b'[ 80%] \x1b[32mBuilding C object CMakeFiles/rosapi_msgs__rosidl_typesupport_introspection_c.dir/rosidl_typesupport_introspection_c/rosapi_msgs/srv/detail/publishers__type_support.c.o\x1b[0m\n'}
[168.210426] (-) TimerEvent: {}
[168.227021] (rosbridge_test_msgs) CommandEnded: {'returncode': 0}
[168.278322] (rosapi_msgs) StdoutLine: {'line': b'[ 80%] \x1b[32mBuilding C object CMakeFiles/rosapi_msgs__rosidl_typesupport_introspection_c.dir/rosidl_typesupport_introspection_c/rosapi_msgs/srv/detail/service_providers__type_support.c.o\x1b[0m\n'}
[168.310670] (-) TimerEvent: {}
[168.316180] (rosapi_msgs) StdoutLine: {'line': b'[ 80%] \x1b[32mBuilding C object CMakeFiles/rosapi_msgs__rosidl_typesupport_introspection_c.dir/rosidl_typesupport_introspection_c/rosapi_msgs/srv/detail/service_response_details__type_support.c.o\x1b[0m\n'}
[168.336259] (rosapi_msgs) StdoutLine: {'line': b'[ 81%] \x1b[32mBuilding C object CMakeFiles/rosapi_msgs__rosidl_typesupport_introspection_c.dir/rosidl_typesupport_introspection_c/rosapi_msgs/srv/detail/service_request_details__type_support.c.o\x1b[0m\n'}
[168.377826] (rosapi_msgs) StdoutLine: {'line': b'[ 81%] \x1b[32mBuilding C object CMakeFiles/rosapi_msgs__rosidl_typesupport_introspection_c.dir/rosidl_typesupport_introspection_c/rosapi_msgs/srv/detail/services__type_support.c.o\x1b[0m\n'}
[168.410830] (-) TimerEvent: {}
[168.433320] (rosapi_msgs) StdoutLine: {'line': b'[ 82%] \x1b[32mBuilding C object CMakeFiles/rosapi_msgs__rosidl_typesupport_introspection_c.dir/rosidl_typesupport_introspection_c/rosapi_msgs/srv/detail/services_for_type__type_support.c.o\x1b[0m\n'}
[168.463946] (rosapi_msgs) StdoutLine: {'line': b'[ 82%] \x1b[32mBuilding C object CMakeFiles/rosapi_msgs__rosidl_typesupport_introspection_c.dir/rosidl_typesupport_introspection_c/rosapi_msgs/srv/detail/service_type__type_support.c.o\x1b[0m\n'}
[168.506540] (rosapi_msgs) StdoutLine: {'line': b'[ 83%] \x1b[32mBuilding C object CMakeFiles/rosapi_msgs__rosidl_typesupport_introspection_c.dir/rosidl_typesupport_introspection_c/rosapi_msgs/srv/detail/set_param__type_support.c.o\x1b[0m\n'}
[168.511017] (-) TimerEvent: {}
[168.528407] (rosapi_msgs) StdoutLine: {'line': b'[ 83%] \x1b[32mBuilding C object CMakeFiles/rosapi_msgs__rosidl_typesupport_introspection_c.dir/rosidl_typesupport_introspection_c/rosapi_msgs/srv/detail/subscribers__type_support.c.o\x1b[0m\n'}
[168.573893] (rosapi_msgs) StdoutLine: {'line': b'[ 84%] \x1b[32mBuilding C object CMakeFiles/rosapi_msgs__rosidl_typesupport_introspection_c.dir/rosidl_typesupport_introspection_c/rosapi_msgs/srv/detail/topics__type_support.c.o\x1b[0m\n'}
[168.598538] (rosapi_msgs) StdoutLine: {'line': b'[ 84%] \x1b[32mBuilding C object CMakeFiles/rosapi_msgs__rosidl_typesupport_introspection_c.dir/rosidl_typesupport_introspection_c/rosapi_msgs/srv/detail/topics_and_raw_types__type_support.c.o\x1b[0m\n'}
[168.611215] (-) TimerEvent: {}
[168.638077] (rosapi_msgs) StdoutLine: {'line': b'[ 85%] \x1b[32mBuilding C object CMakeFiles/rosapi_msgs__rosidl_typesupport_introspection_c.dir/rosidl_typesupport_introspection_c/rosapi_msgs/srv/detail/topics_for_type__type_support.c.o\x1b[0m\n'}
[168.675333] (rosapi_msgs) StdoutLine: {'line': b'[ 85%] \x1b[32mBuilding C object CMakeFiles/rosapi_msgs__rosidl_typesupport_introspection_c.dir/rosidl_typesupport_introspection_c/rosapi_msgs/srv/detail/topic_type__type_support.c.o\x1b[0m\n'}
[168.711435] (-) TimerEvent: {}
[168.804911] (rosapi_msgs) StdoutLine: {'line': b'[ 85%] \x1b[32m\x1b[1mLinking C shared library librosapi_msgs__rosidl_typesupport_introspection_c.so\x1b[0m\n'}
[168.811673] (-) TimerEvent: {}
[168.895502] (rosapi_msgs) StdoutLine: {'line': b'[ 85%] Built target rosapi_msgs__rosidl_typesupport_introspection_c\n'}
[168.912019] (-) TimerEvent: {}
[168.929438] (rosapi_msgs) StdoutLine: {'line': b'[ 85%] Built target rosapi_msgs\n'}
[168.968745] (rosapi_msgs) StdoutLine: {'line': b'[ 85%] \x1b[34m\x1b[1mGenerating Python code for ROS interfaces\x1b[0m\n'}
[169.012023] (-) TimerEvent: {}
[169.114234] (-) TimerEvent: {}
[169.215375] (-) TimerEvent: {}
[169.316229] (-) TimerEvent: {}
[169.416961] (-) TimerEvent: {}
[169.518397] (-) TimerEvent: {}
[169.619260] (-) TimerEvent: {}
[169.720819] (-) TimerEvent: {}
[169.823070] (-) TimerEvent: {}
[169.925211] (-) TimerEvent: {}
[170.026039] (-) TimerEvent: {}
[170.097998] (rosbridge_test_msgs) JobProgress: {'identifier': 'rosbridge_test_msgs', 'progress': 'install'}
[170.100133] (rosbridge_test_msgs) Command: {'cmd': ['/usr/local/bin/cmake', '--install', '/ros2_ws/build/rosbridge_test_msgs'], 'cwd': '/ros2_ws/build/rosbridge_test_msgs', 'env': OrderedDict([('OPENBLAS_CORETYPE', 'ARMV8'), ('PYTHONIOENCODING', 'utf-8'), ('HOSTNAME', 'eyerobot-desktop'), ('LD_LIBRARY_PATH', '/ros2_ws/src/install/rplidar_ros/lib:/ros2_ws/my_ros2_project/install/rosbridge_test_msgs/lib:/ros2_ws/my_ros2_project/install/rosbridge_msgs/lib:/ros2_ws/my_ros2_project/install/rosapi_msgs/lib:/opt/ros/foxy/install/opt/yaml_cpp_vendor/lib:/opt/ros/foxy/install/opt/rviz_ogre_vendor/lib:/opt/ros/foxy/install/lib:/usr/local/cuda-10.2/targets/aarch64-linux/lib:'), ('SHLVL', '1'), ('OLDPWD', '/'), ('HOME', '/root'), ('ROS_PYTHON_VERSION', '3'), ('COLCON_PREFIX_PATH', '/ros2_ws/install:/opt/ros/foxy/install:/ros2_ws/src/install:/ros2_ws/my_ros2_project/install'), ('ROS_DISTRO', 'foxy'), ('_', '/usr/bin/colcon'), ('ROS_VERSION', '2'), ('NVIDIA_DRIVER_CAPABILITIES', 'all'), ('PKG_CONFIG_PATH', '/opt/ros/foxy/install/lib/aarch64-linux-gnu/pkgconfig:/opt/ros/foxy/install/lib/pkgconfig'), ('TERM', 'xterm'), ('ROS_LOCALHOST_ONLY', '0'), ('PATH', '/opt/ros/foxy/install/bin:/usr/local/cuda-10.2/bin:/usr/local/cuda/bin:/usr/local/sbin:/usr/local/bin:/usr/sbin:/usr/bin:/sbin:/bin'), ('LANG', 'en_US.UTF-8'), ('RMW_IMPLEMENTATION', 'rmw_cyclonedds_cpp'), ('LS_COLORS', 'rs=0:di=01;34:ln=01;36:mh=00:pi=40;33:so=01;35:do=01;35:bd=40;33;01:cd=40;33;01:or=40;31;01:mi=00:su=37;41:sg=30;43:ca=30;41:tw=30;42:ow=34;42:st=37;44:ex=01;32:*.tar=01;31:*.tgz=01;31:*.arc=01;31:*.arj=01;31:*.taz=01;31:*.lha=01;31:*.lz4=01;31:*.lzh=01;31:*.lzma=01;31:*.tlz=01;31:*.txz=01;31:*.tzo=01;31:*.t7z=01;31:*.zip=01;31:*.z=01;31:*.Z=01;31:*.dz=01;31:*.gz=01;31:*.lrz=01;31:*.lz=01;31:*.lzo=01;31:*.xz=01;31:*.zst=01;31:*.tzst=01;31:*.bz2=01;31:*.bz=01;31:*.tbz=01;31:*.tbz2=01;31:*.tz=01;31:*.deb=01;31:*.rpm=01;31:*.jar=01;31:*.war=01;31:*.ear=01;31:*.sar=01;31:*.rar=01;31:*.alz=01;31:*.ace=01;31:*.zoo=01;31:*.cpio=01;31:*.7z=01;31:*.rz=01;31:*.cab=01;31:*.wim=01;31:*.swm=01;31:*.dwm=01;31:*.esd=01;31:*.jpg=01;35:*.jpeg=01;35:*.mjpg=01;35:*.mjpeg=01;35:*.gif=01;35:*.bmp=01;35:*.pbm=01;35:*.pgm=01;35:*.ppm=01;35:*.tga=01;35:*.xbm=01;35:*.xpm=01;35:*.tif=01;35:*.tiff=01;35:*.png=01;35:*.svg=01;35:*.svgz=01;35:*.mng=01;35:*.pcx=01;35:*.mov=01;35:*.mpg=01;35:*.mpeg=01;35:*.m2v=01;35:*.mkv=01;35:*.webm=01;35:*.ogm=01;35:*.mp4=01;35:*.m4v=01;35:*.mp4v=01;35:*.vob=01;35:*.qt=01;35:*.nuv=01;35:*.wmv=01;35:*.asf=01;35:*.rm=01;35:*.rmvb=01;35:*.flc=01;35:*.avi=01;35:*.fli=01;35:*.flv=01;35:*.gl=01;35:*.dl=01;35:*.xcf=01;35:*.xwd=01;35:*.yuv=01;35:*.cgm=01;35:*.emf=01;35:*.ogv=01;35:*.ogx=01;35:*.aac=00;36:*.au=00;36:*.flac=00;36:*.m4a=00;36:*.mid=00;36:*.midi=00;36:*.mka=00;36:*.mp3=00;36:*.mpc=00;36:*.ogg=00;36:*.ra=00;36:*.wav=00;36:*.oga=00;36:*.opus=00;36:*.spx=00;36:*.xspf=00;36:'), ('ROS_ROOT', '/opt/ros/foxy'), ('AMENT_PREFIX_PATH', '/ros2_ws/install/rosbridge_suite:/ros2_ws/src/install/rplidar_ros:/opt/ros/foxy/install'), ('DEBIAN_FRONTEND', 'noninteractive'), ('SHELL', '/bin/bash'), ('PWD', '/ros2_ws/build/rosbridge_test_msgs'), ('PYTHONPATH', '/ros2_ws/my_ros2_project/install/rosbridge_test_msgs/lib/python3.6/site-packages:/ros2_ws/my_ros2_project/install/rosbridge_server/lib/python3.6/site-packages:/ros2_ws/my_ros2_project/install/rosbridge_msgs/lib/python3.6/site-packages:/ros2_ws/my_ros2_project/install/rosapi/lib/python3.6/site-packages:/ros2_ws/my_ros2_project/install/rosbridge_library/lib/python3.6/site-packages:/ros2_ws/my_ros2_project/install/rosapi_msgs/lib/python3.6/site-packages:/opt/ros/foxy/install/lib/python3.6/site-packages'), ('NVIDIA_VISIBLE_DEVICES', 'all'), ('COLCON', '1'), ('CMAKE_PREFIX_PATH', '/ros2_ws/install/rosbridge_suite:/ros2_ws/src/install/rplidar_ros:/ros2_ws/my_ros2_project/install/rplidar_ros:/ros2_ws/my_ros2_project/install/rosbridge_test_msgs:/ros2_ws/my_ros2_project/install/rosbridge_server:/ros2_ws/my_ros2_project/install/rosbridge_msgs:/ros2_ws/my_ros2_project/install/rosapi:/ros2_ws/my_ros2_project/install/rosbridge_library:/ros2_ws/my_ros2_project/install/rosapi_msgs:/opt/ros/foxy/install')]), 'shell': False}
[170.126291] (-) TimerEvent: {}
[170.227274] (-) TimerEvent: {}
[170.252212] (rosbridge_test_msgs) StdoutLine: {'line': b'-- Install configuration: ""\n'}
[170.255708] (rosbridge_test_msgs) StdoutLine: {'line': b'-- Execute custom install script\n'}
[170.263852] (rosbridge_test_msgs) StdoutLine: {'line': b'-- Symlinking: /ros2_ws/install/rosbridge_test_msgs/share/ament_index/resource_index/rosidl_interfaces/rosbridge_test_msgs\n'}
[170.298869] (rosbridge_test_msgs) StdoutLine: {'line': b'-- Symlinking: /ros2_ws/install/rosbridge_test_msgs/include/rosbridge_test_msgs/msg/detail/num__functions.h\n'}
[170.323309] (rosbridge_test_msgs) StdoutLine: {'line': b'-- Symlinking: /ros2_ws/install/rosbridge_test_msgs/include/rosbridge_test_msgs/msg/detail/num__struct.h\n'}
[170.327405] (-) TimerEvent: {}
[170.356734] (rosbridge_test_msgs) StdoutLine: {'line': b'-- Symlinking: /ros2_ws/install/rosbridge_test_msgs/include/rosbridge_test_msgs/msg/detail/num__type_support.h\n'}
[170.373983] (rosbridge_test_msgs) StdoutLine: {'line': b'-- Symlinking: /ros2_ws/install/rosbridge_test_msgs/include/rosbridge_test_msgs/msg/detail/test_char__functions.h\n'}
[170.383226] (rosbridge_test_msgs) StdoutLine: {'line': b'-- Symlinking: /ros2_ws/install/rosbridge_test_msgs/include/rosbridge_test_msgs/msg/detail/test_char__struct.h\n'}
[170.392467] (rosbridge_test_msgs) StdoutLine: {'line': b'-- Symlinking: /ros2_ws/install/rosbridge_test_msgs/include/rosbridge_test_msgs/msg/detail/test_char__type_support.h\n'}
[170.401565] (rosbridge_test_msgs) StdoutLine: {'line': b'-- Symlinking: /ros2_ws/install/rosbridge_test_msgs/include/rosbridge_test_msgs/msg/detail/test_duration_array__functions.h\n'}
[170.410496] (rosbridge_test_msgs) StdoutLine: {'line': b'-- Symlinking: /ros2_ws/install/rosbridge_test_msgs/include/rosbridge_test_msgs/msg/detail/test_duration_array__struct.h\n'}
[170.419784] (rosbridge_test_msgs) StdoutLine: {'line': b'-- Symlinking: /ros2_ws/install/rosbridge_test_msgs/include/rosbridge_test_msgs/msg/detail/test_duration_array__type_support.h\n'}
[170.428825] (rosbridge_test_msgs) StdoutLine: {'line': b'-- Symlinking: /ros2_ws/install/rosbridge_test_msgs/include/rosbridge_test_msgs/msg/detail/test_float32_array__functions.h\n'}
[170.429550] (-) TimerEvent: {}
[170.438055] (rosbridge_test_msgs) StdoutLine: {'line': b'-- Symlinking: /ros2_ws/install/rosbridge_test_msgs/include/rosbridge_test_msgs/msg/detail/test_float32_array__struct.h\n'}
[170.447614] (rosbridge_test_msgs) StdoutLine: {'line': b'-- Symlinking: /ros2_ws/install/rosbridge_test_msgs/include/rosbridge_test_msgs/msg/detail/test_float32_array__type_support.h\n'}
[170.456632] (rosbridge_test_msgs) StdoutLine: {'line': b'-- Symlinking: /ros2_ws/install/rosbridge_test_msgs/include/rosbridge_test_msgs/msg/detail/test_float32_bounded_array__functions.h\n'}
[170.466751] (rosbridge_test_msgs) StdoutLine: {'line': b'-- Symlinking: /ros2_ws/install/rosbridge_test_msgs/include/rosbridge_test_msgs/msg/detail/test_float32_bounded_array__struct.h\n'}
[170.475898] (rosbridge_test_msgs) StdoutLine: {'line': b'-- Symlinking: /ros2_ws/install/rosbridge_test_msgs/include/rosbridge_test_msgs/msg/detail/test_float32_bounded_array__type_support.h\n'}
[170.484941] (rosbridge_test_msgs) StdoutLine: {'line': b'-- Symlinking: /ros2_ws/install/rosbridge_test_msgs/include/rosbridge_test_msgs/msg/detail/test_header__functions.h\n'}
[170.493999] (rosbridge_test_msgs) StdoutLine: {'line': b'-- Symlinking: /ros2_ws/install/rosbridge_test_msgs/include/rosbridge_test_msgs/msg/detail/test_header__struct.h\n'}
[170.503179] (rosbridge_test_msgs) StdoutLine: {'line': b'-- Symlinking: /ros2_ws/install/rosbridge_test_msgs/include/rosbridge_test_msgs/msg/detail/test_header__type_support.h\n'}
[170.512421] (rosbridge_test_msgs) StdoutLine: {'line': b'-- Symlinking: /ros2_ws/install/rosbridge_test_msgs/include/rosbridge_test_msgs/msg/detail/test_header_array__functions.h\n'}
[170.521890] (rosbridge_test_msgs) StdoutLine: {'line': b'-- Symlinking: /ros2_ws/install/rosbridge_test_msgs/include/rosbridge_test_msgs/msg/detail/test_header_array__struct.h\n'}
[170.529750] (-) TimerEvent: {}
[170.532601] (rosbridge_test_msgs) StdoutLine: {'line': b'-- Symlinking: /ros2_ws/install/rosbridge_test_msgs/include/rosbridge_test_msgs/msg/detail/test_header_array__type_support.h\n'}
[170.541623] (rosbridge_test_msgs) StdoutLine: {'line': b'-- Symlinking: /ros2_ws/install/rosbridge_test_msgs/include/rosbridge_test_msgs/msg/detail/test_header_two__functions.h\n'}
[170.550748] (rosbridge_test_msgs) StdoutLine: {'line': b'-- Symlinking: /ros2_ws/install/rosbridge_test_msgs/include/rosbridge_test_msgs/msg/detail/test_header_two__struct.h\n'}
[170.562842] (rosbridge_test_msgs) StdoutLine: {'line': b'-- Symlinking: /ros2_ws/install/rosbridge_test_msgs/include/rosbridge_test_msgs/msg/detail/test_header_two__type_support.h\n'}
[170.569806] (rosbridge_test_msgs) StdoutLine: {'line': b'-- Symlinking: /ros2_ws/install/rosbridge_test_msgs/include/rosbridge_test_msgs/msg/detail/test_time_array__functions.h\n'}
[170.580103] (rosbridge_test_msgs) StdoutLine: {'line': b'-- Symlinking: /ros2_ws/install/rosbridge_test_msgs/include/rosbridge_test_msgs/msg/detail/test_time_array__struct.h\n'}
[170.589245] (rosbridge_test_msgs) StdoutLine: {'line': b'-- Symlinking: /ros2_ws/install/rosbridge_test_msgs/include/rosbridge_test_msgs/msg/detail/test_time_array__type_support.h\n'}
[170.598553] (rosbridge_test_msgs) StdoutLine: {'line': b'-- Symlinking: /ros2_ws/install/rosbridge_test_msgs/include/rosbridge_test_msgs/msg/detail/test_u_int8__functions.h\n'}
[170.607872] (rosbridge_test_msgs) StdoutLine: {'line': b'-- Symlinking: /ros2_ws/install/rosbridge_test_msgs/include/rosbridge_test_msgs/msg/detail/test_u_int8__struct.h\n'}
[170.617189] (rosbridge_test_msgs) StdoutLine: {'line': b'-- Symlinking: /ros2_ws/install/rosbridge_test_msgs/include/rosbridge_test_msgs/msg/detail/test_u_int8__type_support.h\n'}
[170.627012] (rosbridge_test_msgs) StdoutLine: {'line': b'-- Symlinking: /ros2_ws/install/rosbridge_test_msgs/include/rosbridge_test_msgs/msg/detail/test_u_int8_fixed_size_array16__functions.h\n'}
[170.629904] (-) TimerEvent: {}
[170.636310] (rosbridge_test_msgs) StdoutLine: {'line': b'-- Symlinking: /ros2_ws/install/rosbridge_test_msgs/include/rosbridge_test_msgs/msg/detail/test_u_int8_fixed_size_array16__struct.h\n'}
[170.645571] (rosbridge_test_msgs) StdoutLine: {'line': b'-- Symlinking: /ros2_ws/install/rosbridge_test_msgs/include/rosbridge_test_msgs/msg/detail/test_u_int8_fixed_size_array16__type_support.h\n'}
[170.654515] (rosbridge_test_msgs) StdoutLine: {'line': b'-- Symlinking: /ros2_ws/install/rosbridge_test_msgs/include/rosbridge_test_msgs/msg/num.h\n'}
[170.664267] (rosbridge_test_msgs) StdoutLine: {'line': b'-- Symlinking: /ros2_ws/install/rosbridge_test_msgs/include/rosbridge_test_msgs/msg/rosidl_generator_c__visibility_control.h\n'}
[170.673217] (rosbridge_test_msgs) StdoutLine: {'line': b'-- Symlinking: /ros2_ws/install/rosbridge_test_msgs/include/rosbridge_test_msgs/msg/test_char.h\n'}
[170.682496] (rosbridge_test_msgs) StdoutLine: {'line': b'-- Symlinking: /ros2_ws/install/rosbridge_test_msgs/include/rosbridge_test_msgs/msg/test_duration_array.h\n'}
[170.691010] (rosbridge_test_msgs) StdoutLine: {'line': b'-- Symlinking: /ros2_ws/install/rosbridge_test_msgs/include/rosbridge_test_msgs/msg/test_float32_array.h\n'}
[170.699939] (rosbridge_test_msgs) StdoutLine: {'line': b'-- Symlinking: /ros2_ws/install/rosbridge_test_msgs/include/rosbridge_test_msgs/msg/test_float32_bounded_array.h\n'}
[170.708891] (rosbridge_test_msgs) StdoutLine: {'line': b'-- Symlinking: /ros2_ws/install/rosbridge_test_msgs/include/rosbridge_test_msgs/msg/test_header.h\n'}
[170.717811] (rosbridge_test_msgs) StdoutLine: {'line': b'-- Symlinking: /ros2_ws/install/rosbridge_test_msgs/include/rosbridge_test_msgs/msg/test_header_array.h\n'}
[170.727685] (rosbridge_test_msgs) StdoutLine: {'line': b'-- Symlinking: /ros2_ws/install/rosbridge_test_msgs/include/rosbridge_test_msgs/msg/test_header_two.h\n'}
[170.730039] (-) TimerEvent: {}
[170.736523] (rosbridge_test_msgs) StdoutLine: {'line': b'-- Symlinking: /ros2_ws/install/rosbridge_test_msgs/include/rosbridge_test_msgs/msg/test_time_array.h\n'}
[170.745308] (rosbridge_test_msgs) StdoutLine: {'line': b'-- Symlinking: /ros2_ws/install/rosbridge_test_msgs/include/rosbridge_test_msgs/msg/test_u_int8.h\n'}
[170.754044] (rosbridge_test_msgs) StdoutLine: {'line': b'-- Symlinking: /ros2_ws/install/rosbridge_test_msgs/include/rosbridge_test_msgs/msg/test_u_int8_fixed_size_array16.h\n'}
[170.763742] (rosbridge_test_msgs) StdoutLine: {'line': b'-- Symlinking: /ros2_ws/install/rosbridge_test_msgs/include/rosbridge_test_msgs/srv/add_two_ints.h\n'}
[170.773134] (rosbridge_test_msgs) StdoutLine: {'line': b'-- Symlinking: /ros2_ws/install/rosbridge_test_msgs/include/rosbridge_test_msgs/srv/detail/add_two_ints__functions.h\n'}
[170.782089] (rosbridge_test_msgs) StdoutLine: {'line': b'-- Symlinking: /ros2_ws/install/rosbridge_test_msgs/include/rosbridge_test_msgs/srv/detail/add_two_ints__struct.h\n'}
[170.790991] (rosbridge_test_msgs) StdoutLine: {'line': b'-- Symlinking: /ros2_ws/install/rosbridge_test_msgs/include/rosbridge_test_msgs/srv/detail/add_two_ints__type_support.h\n'}
[170.799837] (rosbridge_test_msgs) StdoutLine: {'line': b'-- Symlinking: /ros2_ws/install/rosbridge_test_msgs/include/rosbridge_test_msgs/srv/detail/send_bytes__functions.h\n'}
[170.808690] (rosbridge_test_msgs) StdoutLine: {'line': b'-- Symlinking: /ros2_ws/install/rosbridge_test_msgs/include/rosbridge_test_msgs/srv/detail/send_bytes__struct.h\n'}
[170.817466] (rosbridge_test_msgs) StdoutLine: {'line': b'-- Symlinking: /ros2_ws/install/rosbridge_test_msgs/include/rosbridge_test_msgs/srv/detail/send_bytes__type_support.h\n'}
[170.826127] (rosbridge_test_msgs) StdoutLine: {'line': b'-- Symlinking: /ros2_ws/install/rosbridge_test_msgs/include/rosbridge_test_msgs/srv/detail/test_array_request__functions.h\n'}
[170.830204] (-) TimerEvent: {}
[170.834959] (rosbridge_test_msgs) StdoutLine: {'line': b'-- Symlinking: /ros2_ws/install/rosbridge_test_msgs/include/rosbridge_test_msgs/srv/detail/test_array_request__struct.h\n'}
[170.843986] (rosbridge_test_msgs) StdoutLine: {'line': b'-- Symlinking: /ros2_ws/install/rosbridge_test_msgs/include/rosbridge_test_msgs/srv/detail/test_array_request__type_support.h\n'}
[170.852862] (rosbridge_test_msgs) StdoutLine: {'line': b'-- Symlinking: /ros2_ws/install/rosbridge_test_msgs/include/rosbridge_test_msgs/srv/detail/test_empty__functions.h\n'}
[170.862258] (rosbridge_test_msgs) StdoutLine: {'line': b'-- Symlinking: /ros2_ws/install/rosbridge_test_msgs/include/rosbridge_test_msgs/srv/detail/test_empty__struct.h\n'}
[170.871507] (rosbridge_test_msgs) StdoutLine: {'line': b'-- Symlinking: /ros2_ws/install/rosbridge_test_msgs/include/rosbridge_test_msgs/srv/detail/test_empty__type_support.h\n'}
[170.880647] (rosbridge_test_msgs) StdoutLine: {'line': b'-- Symlinking: /ros2_ws/install/rosbridge_test_msgs/include/rosbridge_test_msgs/srv/detail/test_multiple_request_fields__functions.h\n'}
[170.889707] (rosbridge_test_msgs) StdoutLine: {'line': b'-- Symlinking: /ros2_ws/install/rosbridge_test_msgs/include/rosbridge_test_msgs/srv/detail/test_multiple_request_fields__struct.h\n'}
[170.898755] (rosbridge_test_msgs) StdoutLine: {'line': b'-- Symlinking: /ros2_ws/install/rosbridge_test_msgs/include/rosbridge_test_msgs/srv/detail/test_multiple_request_fields__type_support.h\n'}
[170.907801] (rosbridge_test_msgs) StdoutLine: {'line': b'-- Symlinking: /ros2_ws/install/rosbridge_test_msgs/include/rosbridge_test_msgs/srv/detail/test_multiple_response_fields__functions.h\n'}
[170.916726] (rosbridge_test_msgs) StdoutLine: {'line': b'-- Symlinking: /ros2_ws/install/rosbridge_test_msgs/include/rosbridge_test_msgs/srv/detail/test_multiple_response_fields__struct.h\n'}
[170.925683] (rosbridge_test_msgs) StdoutLine: {'line': b'-- Symlinking: /ros2_ws/install/rosbridge_test_msgs/include/rosbridge_test_msgs/srv/detail/test_multiple_response_fields__type_support.h\n'}
[170.930396] (-) TimerEvent: {}
[170.936340] (rosbridge_test_msgs) StdoutLine: {'line': b'-- Symlinking: /ros2_ws/install/rosbridge_test_msgs/include/rosbridge_test_msgs/srv/detail/test_nested_service__functions.h\n'}
[170.945525] (rosbridge_test_msgs) StdoutLine: {'line': b'-- Symlinking: /ros2_ws/install/rosbridge_test_msgs/include/rosbridge_test_msgs/srv/detail/test_nested_service__struct.h\n'}
[170.954177] (rosbridge_test_msgs) StdoutLine: {'line': b'-- Symlinking: /ros2_ws/install/rosbridge_test_msgs/include/rosbridge_test_msgs/srv/detail/test_nested_service__type_support.h\n'}
[170.964041] (rosbridge_test_msgs) StdoutLine: {'line': b'-- Symlinking: /ros2_ws/install/rosbridge_test_msgs/include/rosbridge_test_msgs/srv/detail/test_request_and_response__functions.h\n'}
[170.972947] (rosbridge_test_msgs) StdoutLine: {'line': b'-- Symlinking: /ros2_ws/install/rosbridge_test_msgs/include/rosbridge_test_msgs/srv/detail/test_request_and_response__struct.h\n'}
[170.981803] (rosbridge_test_msgs) StdoutLine: {'line': b'-- Symlinking: /ros2_ws/install/rosbridge_test_msgs/include/rosbridge_test_msgs/srv/detail/test_request_and_response__type_support.h\n'}
[170.990851] (rosbridge_test_msgs) StdoutLine: {'line': b'-- Symlinking: /ros2_ws/install/rosbridge_test_msgs/include/rosbridge_test_msgs/srv/detail/test_request_only__functions.h\n'}
[170.999664] (rosbridge_test_msgs) StdoutLine: {'line': b'-- Symlinking: /ros2_ws/install/rosbridge_test_msgs/include/rosbridge_test_msgs/srv/detail/test_request_only__struct.h\n'}
[171.008543] (rosbridge_test_msgs) StdoutLine: {'line': b'-- Symlinking: /ros2_ws/install/rosbridge_test_msgs/include/rosbridge_test_msgs/srv/detail/test_request_only__type_support.h\n'}
[171.017558] (rosbridge_test_msgs) StdoutLine: {'line': b'-- Symlinking: /ros2_ws/install/rosbridge_test_msgs/include/rosbridge_test_msgs/srv/detail/test_response_only__functions.h\n'}
[171.026376] (rosbridge_test_msgs) StdoutLine: {'line': b'-- Symlinking: /ros2_ws/install/rosbridge_test_msgs/include/rosbridge_test_msgs/srv/detail/test_response_only__struct.h\n'}
[171.030676] (-) TimerEvent: {}
[171.035669] (rosbridge_test_msgs) StdoutLine: {'line': b'-- Symlinking: /ros2_ws/install/rosbridge_test_msgs/include/rosbridge_test_msgs/srv/detail/test_response_only__type_support.h\n'}
[171.044501] (rosbridge_test_msgs) StdoutLine: {'line': b'-- Symlinking: /ros2_ws/install/rosbridge_test_msgs/include/rosbridge_test_msgs/srv/send_bytes.h\n'}
[171.053321] (rosbridge_test_msgs) StdoutLine: {'line': b'-- Symlinking: /ros2_ws/install/rosbridge_test_msgs/include/rosbridge_test_msgs/srv/test_array_request.h\n'}
[171.063350] (rosbridge_test_msgs) StdoutLine: {'line': b'-- Symlinking: /ros2_ws/install/rosbridge_test_msgs/include/rosbridge_test_msgs/srv/test_empty.h\n'}
[171.071746] (rosbridge_test_msgs) StdoutLine: {'line': b'-- Symlinking: /ros2_ws/install/rosbridge_test_msgs/include/rosbridge_test_msgs/srv/test_multiple_request_fields.h\n'}
[171.080664] (rosbridge_test_msgs) StdoutLine: {'line': b'-- Symlinking: /ros2_ws/install/rosbridge_test_msgs/include/rosbridge_test_msgs/srv/test_multiple_response_fields.h\n'}
[171.089505] (rosbridge_test_msgs) StdoutLine: {'line': b'-- Symlinking: /ros2_ws/install/rosbridge_test_msgs/include/rosbridge_test_msgs/srv/test_nested_service.h\n'}
[171.098609] (rosbridge_test_msgs) StdoutLine: {'line': b'-- Symlinking: /ros2_ws/install/rosbridge_test_msgs/include/rosbridge_test_msgs/srv/test_request_and_response.h\n'}
[171.107521] (rosbridge_test_msgs) StdoutLine: {'line': b'-- Symlinking: /ros2_ws/install/rosbridge_test_msgs/include/rosbridge_test_msgs/srv/test_request_only.h\n'}
[171.116202] (rosbridge_test_msgs) StdoutLine: {'line': b'-- Symlinking: /ros2_ws/install/rosbridge_test_msgs/include/rosbridge_test_msgs/srv/test_response_only.h\n'}
[171.126029] (rosbridge_test_msgs) StdoutLine: {'line': b'-- Symlinking: /ros2_ws/install/rosbridge_test_msgs/share/rosbridge_test_msgs/environment/library_path.sh\n'}
[171.130876] (-) TimerEvent: {}
[171.135925] (rosbridge_test_msgs) StdoutLine: {'line': b'-- Symlinking: /ros2_ws/install/rosbridge_test_msgs/share/rosbridge_test_msgs/environment/library_path.dsv\n'}
[171.150745] (rosbridge_test_msgs) StdoutLine: {'line': b'-- Symlinking: /ros2_ws/install/rosbridge_test_msgs/include/rosbridge_test_msgs/msg/detail/num__rosidl_typesupport_fastrtps_c.h\n'}
[171.160053] (rosbridge_test_msgs) StdoutLine: {'line': b'-- Symlinking: /ros2_ws/install/rosbridge_test_msgs/include/rosbridge_test_msgs/msg/detail/test_char__rosidl_typesupport_fastrtps_c.h\n'}
[171.169638] (rosbridge_test_msgs) StdoutLine: {'line': b'-- Symlinking: /ros2_ws/install/rosbridge_test_msgs/include/rosbridge_test_msgs/msg/detail/test_duration_array__rosidl_typesupport_fastrtps_c.h\n'}
[171.179467] (rosbridge_test_msgs) StdoutLine: {'line': b'-- Symlinking: /ros2_ws/install/rosbridge_test_msgs/include/rosbridge_test_msgs/msg/detail/test_float32_array__rosidl_typesupport_fastrtps_c.h\n'}
[171.188675] (rosbridge_test_msgs) StdoutLine: {'line': b'-- Symlinking: /ros2_ws/install/rosbridge_test_msgs/include/rosbridge_test_msgs/msg/detail/test_float32_bounded_array__rosidl_typesupport_fastrtps_c.h\n'}
[171.199288] (rosbridge_test_msgs) StdoutLine: {'line': b'-- Symlinking: /ros2_ws/install/rosbridge_test_msgs/include/rosbridge_test_msgs/msg/detail/test_header__rosidl_typesupport_fastrtps_c.h\n'}
[171.209156] (rosbridge_test_msgs) StdoutLine: {'line': b'-- Symlinking: /ros2_ws/install/rosbridge_test_msgs/include/rosbridge_test_msgs/msg/detail/test_header_array__rosidl_typesupport_fastrtps_c.h\n'}
[171.218853] (rosbridge_test_msgs) StdoutLine: {'line': b'-- Symlinking: /ros2_ws/install/rosbridge_test_msgs/include/rosbridge_test_msgs/msg/detail/test_header_two__rosidl_typesupport_fastrtps_c.h\n'}
[171.227921] (rosbridge_test_msgs) StdoutLine: {'line': b'-- Symlinking: /ros2_ws/install/rosbridge_test_msgs/include/rosbridge_test_msgs/msg/detail/test_time_array__rosidl_typesupport_fastrtps_c.h\n'}
[171.231013] (-) TimerEvent: {}
[171.237201] (rosbridge_test_msgs) StdoutLine: {'line': b'-- Symlinking: /ros2_ws/install/rosbridge_test_msgs/include/rosbridge_test_msgs/msg/detail/test_u_int8__rosidl_typesupport_fastrtps_c.h\n'}
[171.245973] (rosbridge_test_msgs) StdoutLine: {'line': b'-- Symlinking: /ros2_ws/install/rosbridge_test_msgs/include/rosbridge_test_msgs/msg/detail/test_u_int8_fixed_size_array16__rosidl_typesupport_fastrtps_c.h\n'}
[171.255030] (rosbridge_test_msgs) StdoutLine: {'line': b'-- Symlinking: /ros2_ws/install/rosbridge_test_msgs/include/rosbridge_test_msgs/msg/rosidl_typesupport_fastrtps_c__visibility_control.h\n'}
[171.264345] (rosbridge_test_msgs) StdoutLine: {'line': b'-- Symlinking: /ros2_ws/install/rosbridge_test_msgs/include/rosbridge_test_msgs/srv/detail/add_two_ints__rosidl_typesupport_fastrtps_c.h\n'}
[171.273445] (rosbridge_test_msgs) StdoutLine: {'line': b'-- Symlinking: /ros2_ws/install/rosbridge_test_msgs/include/rosbridge_test_msgs/srv/detail/send_bytes__rosidl_typesupport_fastrtps_c.h\n'}
[171.282215] (rosbridge_test_msgs) StdoutLine: {'line': b'-- Symlinking: /ros2_ws/install/rosbridge_test_msgs/include/rosbridge_test_msgs/srv/detail/test_array_request__rosidl_typesupport_fastrtps_c.h\n'}
[171.291274] (rosbridge_test_msgs) StdoutLine: {'line': b'-- Symlinking: /ros2_ws/install/rosbridge_test_msgs/include/rosbridge_test_msgs/srv/detail/test_empty__rosidl_typesupport_fastrtps_c.h\n'}
[171.299920] (rosbridge_test_msgs) StdoutLine: {'line': b'-- Symlinking: /ros2_ws/install/rosbridge_test_msgs/include/rosbridge_test_msgs/srv/detail/test_multiple_request_fields__rosidl_typesupport_fastrtps_c.h\n'}
[171.308786] (rosbridge_test_msgs) StdoutLine: {'line': b'-- Symlinking: /ros2_ws/install/rosbridge_test_msgs/include/rosbridge_test_msgs/srv/detail/test_multiple_response_fields__rosidl_typesupport_fastrtps_c.h\n'}
[171.317781] (rosbridge_test_msgs) StdoutLine: {'line': b'-- Symlinking: /ros2_ws/install/rosbridge_test_msgs/include/rosbridge_test_msgs/srv/detail/test_nested_service__rosidl_typesupport_fastrtps_c.h\n'}
[171.326736] (rosbridge_test_msgs) StdoutLine: {'line': b'-- Symlinking: /ros2_ws/install/rosbridge_test_msgs/include/rosbridge_test_msgs/srv/detail/test_request_and_response__rosidl_typesupport_fastrtps_c.h\n'}
[171.331199] (-) TimerEvent: {}
[171.336350] (rosbridge_test_msgs) StdoutLine: {'line': b'-- Symlinking: /ros2_ws/install/rosbridge_test_msgs/include/rosbridge_test_msgs/srv/detail/test_request_only__rosidl_typesupport_fastrtps_c.h\n'}
[171.345340] (rosbridge_test_msgs) StdoutLine: {'line': b'-- Symlinking: /ros2_ws/install/rosbridge_test_msgs/include/rosbridge_test_msgs/srv/detail/test_response_only__rosidl_typesupport_fastrtps_c.h\n'}
[171.358534] (rosbridge_test_msgs) StdoutLine: {'line': b'-- Symlinking: /ros2_ws/install/rosbridge_test_msgs/lib/librosbridge_test_msgs__rosidl_typesupport_fastrtps_c.so\n'}
[171.374688] (rosbridge_test_msgs) StdoutLine: {'line': b'-- Symlinking: /ros2_ws/install/rosbridge_test_msgs/include/rosbridge_test_msgs/msg/detail/num__rosidl_typesupport_fastrtps_cpp.hpp\n'}
[171.383738] (rosbridge_test_msgs) StdoutLine: {'line': b'-- Symlinking: /ros2_ws/install/rosbridge_test_msgs/include/rosbridge_test_msgs/msg/detail/test_char__rosidl_typesupport_fastrtps_cpp.hpp\n'}
[171.392520] (rosbridge_test_msgs) StdoutLine: {'line': b'-- Symlinking: /ros2_ws/install/rosbridge_test_msgs/include/rosbridge_test_msgs/msg/detail/test_duration_array__rosidl_typesupport_fastrtps_cpp.hpp\n'}
[171.401333] (rosbridge_test_msgs) StdoutLine: {'line': b'-- Symlinking: /ros2_ws/install/rosbridge_test_msgs/include/rosbridge_test_msgs/msg/detail/test_float32_array__rosidl_typesupport_fastrtps_cpp.hpp\n'}
[171.410301] (rosbridge_test_msgs) StdoutLine: {'line': b'-- Symlinking: /ros2_ws/install/rosbridge_test_msgs/include/rosbridge_test_msgs/msg/detail/test_float32_bounded_array__rosidl_typesupport_fastrtps_cpp.hpp\n'}
[171.419554] (rosbridge_test_msgs) StdoutLine: {'line': b'-- Symlinking: /ros2_ws/install/rosbridge_test_msgs/include/rosbridge_test_msgs/msg/detail/test_header__rosidl_typesupport_fastrtps_cpp.hpp\n'}
[171.428307] (rosbridge_test_msgs) StdoutLine: {'line': b'-- Symlinking: /ros2_ws/install/rosbridge_test_msgs/include/rosbridge_test_msgs/msg/detail/test_header_array__rosidl_typesupport_fastrtps_cpp.hpp\n'}
[171.431343] (-) TimerEvent: {}
[171.437440] (rosbridge_test_msgs) StdoutLine: {'line': b'-- Symlinking: /ros2_ws/install/rosbridge_test_msgs/include/rosbridge_test_msgs/msg/detail/test_header_two__rosidl_typesupport_fastrtps_cpp.hpp\n'}
[171.446306] (rosbridge_test_msgs) StdoutLine: {'line': b'-- Symlinking: /ros2_ws/install/rosbridge_test_msgs/include/rosbridge_test_msgs/msg/detail/test_time_array__rosidl_typesupport_fastrtps_cpp.hpp\n'}
[171.455335] (rosbridge_test_msgs) StdoutLine: {'line': b'-- Symlinking: /ros2_ws/install/rosbridge_test_msgs/include/rosbridge_test_msgs/msg/detail/test_u_int8__rosidl_typesupport_fastrtps_cpp.hpp\n'}
[171.465730] (rosbridge_test_msgs) StdoutLine: {'line': b'-- Symlinking: /ros2_ws/install/rosbridge_test_msgs/include/rosbridge_test_msgs/msg/detail/test_u_int8_fixed_size_array16__rosidl_typesupport_fastrtps_cpp.hpp\n'}
[171.474883] (rosbridge_test_msgs) StdoutLine: {'line': b'-- Symlinking: /ros2_ws/install/rosbridge_test_msgs/include/rosbridge_test_msgs/msg/rosidl_typesupport_fastrtps_cpp__visibility_control.h\n'}
[171.483755] (rosbridge_test_msgs) StdoutLine: {'line': b'-- Symlinking: /ros2_ws/install/rosbridge_test_msgs/include/rosbridge_test_msgs/srv/detail/add_two_ints__rosidl_typesupport_fastrtps_cpp.hpp\n'}
[171.492565] (rosbridge_test_msgs) StdoutLine: {'line': b'-- Symlinking: /ros2_ws/install/rosbridge_test_msgs/include/rosbridge_test_msgs/srv/detail/send_bytes__rosidl_typesupport_fastrtps_cpp.hpp\n'}
[171.501347] (rosbridge_test_msgs) StdoutLine: {'line': b'-- Symlinking: /ros2_ws/install/rosbridge_test_msgs/include/rosbridge_test_msgs/srv/detail/test_array_request__rosidl_typesupport_fastrtps_cpp.hpp\n'}
[171.510254] (rosbridge_test_msgs) StdoutLine: {'line': b'-- Symlinking: /ros2_ws/install/rosbridge_test_msgs/include/rosbridge_test_msgs/srv/detail/test_empty__rosidl_typesupport_fastrtps_cpp.hpp\n'}
[171.519415] (rosbridge_test_msgs) StdoutLine: {'line': b'-- Symlinking: /ros2_ws/install/rosbridge_test_msgs/include/rosbridge_test_msgs/srv/detail/test_multiple_request_fields__rosidl_typesupport_fastrtps_cpp.hpp\n'}
[171.528241] (rosbridge_test_msgs) StdoutLine: {'line': b'-- Symlinking: /ros2_ws/install/rosbridge_test_msgs/include/rosbridge_test_msgs/srv/detail/test_multiple_response_fields__rosidl_typesupport_fastrtps_cpp.hpp\n'}
[171.531524] (-) TimerEvent: {}
[171.538443] (rosbridge_test_msgs) StdoutLine: {'line': b'-- Symlinking: /ros2_ws/install/rosbridge_test_msgs/include/rosbridge_test_msgs/srv/detail/test_nested_service__rosidl_typesupport_fastrtps_cpp.hpp\n'}
[171.547464] (rosbridge_test_msgs) StdoutLine: {'line': b'-- Symlinking: /ros2_ws/install/rosbridge_test_msgs/include/rosbridge_test_msgs/srv/detail/test_request_and_response__rosidl_typesupport_fastrtps_cpp.hpp\n'}
[171.556261] (rosbridge_test_msgs) StdoutLine: {'line': b'-- Symlinking: /ros2_ws/install/rosbridge_test_msgs/include/rosbridge_test_msgs/srv/detail/test_request_only__rosidl_typesupport_fastrtps_cpp.hpp\n'}
[171.565401] (rosbridge_test_msgs) StdoutLine: {'line': b'-- Symlinking: /ros2_ws/install/rosbridge_test_msgs/include/rosbridge_test_msgs/srv/detail/test_response_only__rosidl_typesupport_fastrtps_cpp.hpp\n'}
[171.578196] (rosbridge_test_msgs) StdoutLine: {'line': b'-- Symlinking: /ros2_ws/install/rosbridge_test_msgs/lib/librosbridge_test_msgs__rosidl_typesupport_fastrtps_cpp.so\n'}
[171.590409] (rosbridge_test_msgs) StdoutLine: {'line': b'-- Symlinking: /ros2_ws/install/rosbridge_test_msgs/include/rosbridge_test_msgs/msg/detail/num__rosidl_typesupport_introspection_c.h\n'}
[171.599387] (rosbridge_test_msgs) StdoutLine: {'line': b'-- Symlinking: /ros2_ws/install/rosbridge_test_msgs/include/rosbridge_test_msgs/msg/detail/test_char__rosidl_typesupport_introspection_c.h\n'}
[171.608560] (rosbridge_test_msgs) StdoutLine: {'line': b'-- Symlinking: /ros2_ws/install/rosbridge_test_msgs/include/rosbridge_test_msgs/msg/detail/test_duration_array__rosidl_typesupport_introspection_c.h\n'}
[171.617802] (rosbridge_test_msgs) StdoutLine: {'line': b'-- Symlinking: /ros2_ws/install/rosbridge_test_msgs/include/rosbridge_test_msgs/msg/detail/test_float32_array__rosidl_typesupport_introspection_c.h\n'}
[171.626656] (rosbridge_test_msgs) StdoutLine: {'line': b'-- Symlinking: /ros2_ws/install/rosbridge_test_msgs/include/rosbridge_test_msgs/msg/detail/test_float32_bounded_array__rosidl_typesupport_introspection_c.h\n'}
[171.631690] (-) TimerEvent: {}
[171.636265] (rosbridge_test_msgs) StdoutLine: {'line': b'-- Symlinking: /ros2_ws/install/rosbridge_test_msgs/include/rosbridge_test_msgs/msg/detail/test_header__rosidl_typesupport_introspection_c.h\n'}
[171.645310] (rosbridge_test_msgs) StdoutLine: {'line': b'-- Symlinking: /ros2_ws/install/rosbridge_test_msgs/include/rosbridge_test_msgs/msg/detail/test_header_array__rosidl_typesupport_introspection_c.h\n'}
[171.654108] (rosbridge_test_msgs) StdoutLine: {'line': b'-- Symlinking: /ros2_ws/install/rosbridge_test_msgs/include/rosbridge_test_msgs/msg/detail/test_header_two__rosidl_typesupport_introspection_c.h\n'}
[171.663731] (rosbridge_test_msgs) StdoutLine: {'line': b'-- Symlinking: /ros2_ws/install/rosbridge_test_msgs/include/rosbridge_test_msgs/msg/detail/test_time_array__rosidl_typesupport_introspection_c.h\n'}
[171.673060] (rosbridge_test_msgs) StdoutLine: {'line': b'-- Symlinking: /ros2_ws/install/rosbridge_test_msgs/include/rosbridge_test_msgs/msg/detail/test_u_int8__rosidl_typesupport_introspection_c.h\n'}
[171.682893] (rosbridge_test_msgs) StdoutLine: {'line': b'-- Symlinking: /ros2_ws/install/rosbridge_test_msgs/include/rosbridge_test_msgs/msg/detail/test_u_int8_fixed_size_array16__rosidl_typesupport_introspection_c.h\n'}
[171.692188] (rosbridge_test_msgs) StdoutLine: {'line': b'-- Symlinking: /ros2_ws/install/rosbridge_test_msgs/include/rosbridge_test_msgs/msg/rosidl_typesupport_introspection_c__visibility_control.h\n'}
[171.701155] (rosbridge_test_msgs) StdoutLine: {'line': b'-- Symlinking: /ros2_ws/install/rosbridge_test_msgs/include/rosbridge_test_msgs/srv/detail/add_two_ints__rosidl_typesupport_introspection_c.h\n'}
[171.710323] (rosbridge_test_msgs) StdoutLine: {'line': b'-- Symlinking: /ros2_ws/install/rosbridge_test_msgs/include/rosbridge_test_msgs/srv/detail/send_bytes__rosidl_typesupport_introspection_c.h\n'}
[171.719670] (rosbridge_test_msgs) StdoutLine: {'line': b'-- Symlinking: /ros2_ws/install/rosbridge_test_msgs/include/rosbridge_test_msgs/srv/detail/test_array_request__rosidl_typesupport_introspection_c.h\n'}
[171.728480] (rosbridge_test_msgs) StdoutLine: {'line': b'-- Symlinking: /ros2_ws/install/rosbridge_test_msgs/include/rosbridge_test_msgs/srv/detail/test_empty__rosidl_typesupport_introspection_c.h\n'}
[171.732568] (-) TimerEvent: {}
[171.737818] (rosbridge_test_msgs) StdoutLine: {'line': b'-- Symlinking: /ros2_ws/install/rosbridge_test_msgs/include/rosbridge_test_msgs/srv/detail/test_multiple_request_fields__rosidl_typesupport_introspection_c.h\n'}
[171.747229] (rosbridge_test_msgs) StdoutLine: {'line': b'-- Symlinking: /ros2_ws/install/rosbridge_test_msgs/include/rosbridge_test_msgs/srv/detail/test_multiple_response_fields__rosidl_typesupport_introspection_c.h\n'}
[171.756215] (rosbridge_test_msgs) StdoutLine: {'line': b'-- Symlinking: /ros2_ws/install/rosbridge_test_msgs/include/rosbridge_test_msgs/srv/detail/test_nested_service__rosidl_typesupport_introspection_c.h\n'}
[171.766038] (rosbridge_test_msgs) StdoutLine: {'line': b'-- Symlinking: /ros2_ws/install/rosbridge_test_msgs/include/rosbridge_test_msgs/srv/detail/test_request_and_response__rosidl_typesupport_introspection_c.h\n'}
[171.775178] (rosbridge_test_msgs) StdoutLine: {'line': b'-- Symlinking: /ros2_ws/install/rosbridge_test_msgs/include/rosbridge_test_msgs/srv/detail/test_request_only__rosidl_typesupport_introspection_c.h\n'}
[171.784143] (rosbridge_test_msgs) StdoutLine: {'line': b'-- Symlinking: /ros2_ws/install/rosbridge_test_msgs/include/rosbridge_test_msgs/srv/detail/test_response_only__rosidl_typesupport_introspection_c.h\n'}
[171.801059] (rosbridge_test_msgs) StdoutLine: {'line': b'-- Symlinking: /ros2_ws/install/rosbridge_test_msgs/include/rosbridge_test_msgs/msg/detail/num__builder.hpp\n'}
[171.810169] (rosbridge_test_msgs) StdoutLine: {'line': b'-- Symlinking: /ros2_ws/install/rosbridge_test_msgs/include/rosbridge_test_msgs/msg/detail/num__struct.hpp\n'}
[171.819505] (rosbridge_test_msgs) StdoutLine: {'line': b'-- Symlinking: /ros2_ws/install/rosbridge_test_msgs/include/rosbridge_test_msgs/msg/detail/num__traits.hpp\n'}
[171.828429] (rosbridge_test_msgs) StdoutLine: {'line': b'-- Symlinking: /ros2_ws/install/rosbridge_test_msgs/include/rosbridge_test_msgs/msg/detail/num__type_support.hpp\n'}
[171.832722] (-) TimerEvent: {}
[171.837350] (rosbridge_test_msgs) StdoutLine: {'line': b'-- Symlinking: /ros2_ws/install/rosbridge_test_msgs/include/rosbridge_test_msgs/msg/detail/test_char__builder.hpp\n'}
[171.846500] (rosbridge_test_msgs) StdoutLine: {'line': b'-- Symlinking: /ros2_ws/install/rosbridge_test_msgs/include/rosbridge_test_msgs/msg/detail/test_char__struct.hpp\n'}
[171.855528] (rosbridge_test_msgs) StdoutLine: {'line': b'-- Symlinking: /ros2_ws/install/rosbridge_test_msgs/include/rosbridge_test_msgs/msg/detail/test_char__traits.hpp\n'}
[171.865384] (rosbridge_test_msgs) StdoutLine: {'line': b'-- Symlinking: /ros2_ws/install/rosbridge_test_msgs/include/rosbridge_test_msgs/msg/detail/test_char__type_support.hpp\n'}
[171.874086] (rosbridge_test_msgs) StdoutLine: {'line': b'-- Symlinking: /ros2_ws/install/rosbridge_test_msgs/include/rosbridge_test_msgs/msg/detail/test_duration_array__builder.hpp\n'}
[171.882997] (rosbridge_test_msgs) StdoutLine: {'line': b'-- Symlinking: /ros2_ws/install/rosbridge_test_msgs/include/rosbridge_test_msgs/msg/detail/test_duration_array__struct.hpp\n'}
[171.892070] (rosbridge_test_msgs) StdoutLine: {'line': b'-- Symlinking: /ros2_ws/install/rosbridge_test_msgs/include/rosbridge_test_msgs/msg/detail/test_duration_array__traits.hpp\n'}
[171.900874] (rosbridge_test_msgs) StdoutLine: {'line': b'-- Symlinking: /ros2_ws/install/rosbridge_test_msgs/include/rosbridge_test_msgs/msg/detail/test_duration_array__type_support.hpp\n'}
[171.909649] (rosbridge_test_msgs) StdoutLine: {'line': b'-- Symlinking: /ros2_ws/install/rosbridge_test_msgs/include/rosbridge_test_msgs/msg/detail/test_float32_array__builder.hpp\n'}
[171.918453] (rosbridge_test_msgs) StdoutLine: {'line': b'-- Symlinking: /ros2_ws/install/rosbridge_test_msgs/include/rosbridge_test_msgs/msg/detail/test_float32_array__struct.hpp\n'}
[171.927420] (rosbridge_test_msgs) StdoutLine: {'line': b'-- Symlinking: /ros2_ws/install/rosbridge_test_msgs/include/rosbridge_test_msgs/msg/detail/test_float32_array__traits.hpp\n'}
[171.932917] (-) TimerEvent: {}
[171.937182] (rosbridge_test_msgs) StdoutLine: {'line': b'-- Symlinking: /ros2_ws/install/rosbridge_test_msgs/include/rosbridge_test_msgs/msg/detail/test_float32_array__type_support.hpp\n'}
[171.946918] (rosbridge_test_msgs) StdoutLine: {'line': b'-- Symlinking: /ros2_ws/install/rosbridge_test_msgs/include/rosbridge_test_msgs/msg/detail/test_float32_bounded_array__builder.hpp\n'}
[171.955822] (rosbridge_test_msgs) StdoutLine: {'line': b'-- Symlinking: /ros2_ws/install/rosbridge_test_msgs/include/rosbridge_test_msgs/msg/detail/test_float32_bounded_array__struct.hpp\n'}
[171.965163] (rosbridge_test_msgs) StdoutLine: {'line': b'-- Symlinking: /ros2_ws/install/rosbridge_test_msgs/include/rosbridge_test_msgs/msg/detail/test_float32_bounded_array__traits.hpp\n'}
[171.974530] (rosbridge_test_msgs) StdoutLine: {'line': b'-- Symlinking: /ros2_ws/install/rosbridge_test_msgs/include/rosbridge_test_msgs/msg/detail/test_float32_bounded_array__type_support.hpp\n'}
[171.983654] (rosbridge_test_msgs) StdoutLine: {'line': b'-- Symlinking: /ros2_ws/install/rosbridge_test_msgs/include/rosbridge_test_msgs/msg/detail/test_header__builder.hpp\n'}
[171.992598] (rosbridge_test_msgs) StdoutLine: {'line': b'-- Symlinking: /ros2_ws/install/rosbridge_test_msgs/include/rosbridge_test_msgs/msg/detail/test_header__struct.hpp\n'}
[172.001829] (rosbridge_test_msgs) StdoutLine: {'line': b'-- Symlinking: /ros2_ws/install/rosbridge_test_msgs/include/rosbridge_test_msgs/msg/detail/test_header__traits.hpp\n'}
[172.010754] (rosbridge_test_msgs) StdoutLine: {'line': b'-- Symlinking: /ros2_ws/install/rosbridge_test_msgs/include/rosbridge_test_msgs/msg/detail/test_header__type_support.hpp\n'}
[172.019990] (rosbridge_test_msgs) StdoutLine: {'line': b'-- Symlinking: /ros2_ws/install/rosbridge_test_msgs/include/rosbridge_test_msgs/msg/detail/test_header_array__builder.hpp\n'}
[172.028954] (rosbridge_test_msgs) StdoutLine: {'line': b'-- Symlinking: /ros2_ws/install/rosbridge_test_msgs/include/rosbridge_test_msgs/msg/detail/test_header_array__struct.hpp\n'}
[172.033060] (-) TimerEvent: {}
[172.038174] (rosbridge_test_msgs) StdoutLine: {'line': b'-- Symlinking: /ros2_ws/install/rosbridge_test_msgs/include/rosbridge_test_msgs/msg/detail/test_header_array__traits.hpp\n'}
[172.047359] (rosbridge_test_msgs) StdoutLine: {'line': b'-- Symlinking: /ros2_ws/install/rosbridge_test_msgs/include/rosbridge_test_msgs/msg/detail/test_header_array__type_support.hpp\n'}
[172.056176] (rosbridge_test_msgs) StdoutLine: {'line': b'-- Symlinking: /ros2_ws/install/rosbridge_test_msgs/include/rosbridge_test_msgs/msg/detail/test_header_two__builder.hpp\n'}
[172.066281] (rosbridge_test_msgs) StdoutLine: {'line': b'-- Symlinking: /ros2_ws/install/rosbridge_test_msgs/include/rosbridge_test_msgs/msg/detail/test_header_two__struct.hpp\n'}
[172.075148] (rosbridge_test_msgs) StdoutLine: {'line': b'-- Symlinking: /ros2_ws/install/rosbridge_test_msgs/include/rosbridge_test_msgs/msg/detail/test_header_two__traits.hpp\n'}
[172.084261] (rosbridge_test_msgs) StdoutLine: {'line': b'-- Symlinking: /ros2_ws/install/rosbridge_test_msgs/include/rosbridge_test_msgs/msg/detail/test_header_two__type_support.hpp\n'}
[172.093111] (rosbridge_test_msgs) StdoutLine: {'line': b'-- Symlinking: /ros2_ws/install/rosbridge_test_msgs/include/rosbridge_test_msgs/msg/detail/test_time_array__builder.hpp\n'}
[172.101956] (rosbridge_test_msgs) StdoutLine: {'line': b'-- Symlinking: /ros2_ws/install/rosbridge_test_msgs/include/rosbridge_test_msgs/msg/detail/test_time_array__struct.hpp\n'}
[172.114431] (rosbridge_test_msgs) StdoutLine: {'line': b'-- Symlinking: /ros2_ws/install/rosbridge_test_msgs/include/rosbridge_test_msgs/msg/detail/test_time_array__traits.hpp\n'}
[172.121001] (rosbridge_test_msgs) StdoutLine: {'line': b'-- Symlinking: /ros2_ws/install/rosbridge_test_msgs/include/rosbridge_test_msgs/msg/detail/test_time_array__type_support.hpp\n'}
[172.130312] (rosbridge_test_msgs) StdoutLine: {'line': b'-- Symlinking: /ros2_ws/install/rosbridge_test_msgs/include/rosbridge_test_msgs/msg/detail/test_u_int8__builder.hpp\n'}
[172.133253] (-) TimerEvent: {}
[172.139760] (rosbridge_test_msgs) StdoutLine: {'line': b'-- Symlinking: /ros2_ws/install/rosbridge_test_msgs/include/rosbridge_test_msgs/msg/detail/test_u_int8__struct.hpp\n'}
[172.149484] (rosbridge_test_msgs) StdoutLine: {'line': b'-- Symlinking: /ros2_ws/install/rosbridge_test_msgs/include/rosbridge_test_msgs/msg/detail/test_u_int8__traits.hpp\n'}
[172.169754] (rosbridge_test_msgs) StdoutLine: {'line': b'-- Symlinking: /ros2_ws/install/rosbridge_test_msgs/include/rosbridge_test_msgs/msg/detail/test_u_int8__type_support.hpp\n'}
[172.185737] (rosbridge_test_msgs) StdoutLine: {'line': b'-- Symlinking: /ros2_ws/install/rosbridge_test_msgs/include/rosbridge_test_msgs/msg/detail/test_u_int8_fixed_size_array16__builder.hpp\n'}
[172.194515] (rosbridge_test_msgs) StdoutLine: {'line': b'-- Symlinking: /ros2_ws/install/rosbridge_test_msgs/include/rosbridge_test_msgs/msg/detail/test_u_int8_fixed_size_array16__struct.hpp\n'}
[172.203905] (rosbridge_test_msgs) StdoutLine: {'line': b'-- Symlinking: /ros2_ws/install/rosbridge_test_msgs/include/rosbridge_test_msgs/msg/detail/test_u_int8_fixed_size_array16__traits.hpp\n'}
[172.212833] (rosbridge_test_msgs) StdoutLine: {'line': b'-- Symlinking: /ros2_ws/install/rosbridge_test_msgs/include/rosbridge_test_msgs/msg/detail/test_u_int8_fixed_size_array16__type_support.hpp\n'}
[172.221624] (rosbridge_test_msgs) StdoutLine: {'line': b'-- Symlinking: /ros2_ws/install/rosbridge_test_msgs/include/rosbridge_test_msgs/msg/num.hpp\n'}
[172.230331] (rosbridge_test_msgs) StdoutLine: {'line': b'-- Symlinking: /ros2_ws/install/rosbridge_test_msgs/include/rosbridge_test_msgs/msg/rosidl_generator_cpp__visibility_control.hpp\n'}
[172.233404] (-) TimerEvent: {}
[172.239447] (rosbridge_test_msgs) StdoutLine: {'line': b'-- Symlinking: /ros2_ws/install/rosbridge_test_msgs/include/rosbridge_test_msgs/msg/test_char.hpp\n'}
[172.248533] (rosbridge_test_msgs) StdoutLine: {'line': b'-- Symlinking: /ros2_ws/install/rosbridge_test_msgs/include/rosbridge_test_msgs/msg/test_duration_array.hpp\n'}
[172.257632] (rosbridge_test_msgs) StdoutLine: {'line': b'-- Symlinking: /ros2_ws/install/rosbridge_test_msgs/include/rosbridge_test_msgs/msg/test_float32_array.hpp\n'}
[172.267341] (rosbridge_test_msgs) StdoutLine: {'line': b'-- Symlinking: /ros2_ws/install/rosbridge_test_msgs/include/rosbridge_test_msgs/msg/test_float32_bounded_array.hpp\n'}
[172.276970] (rosbridge_test_msgs) StdoutLine: {'line': b'-- Symlinking: /ros2_ws/install/rosbridge_test_msgs/include/rosbridge_test_msgs/msg/test_header.hpp\n'}
[172.285976] (rosbridge_test_msgs) StdoutLine: {'line': b'-- Symlinking: /ros2_ws/install/rosbridge_test_msgs/include/rosbridge_test_msgs/msg/test_header_array.hpp\n'}
[172.294924] (rosbridge_test_msgs) StdoutLine: {'line': b'-- Symlinking: /ros2_ws/install/rosbridge_test_msgs/include/rosbridge_test_msgs/msg/test_header_two.hpp\n'}
[172.303939] (rosbridge_test_msgs) StdoutLine: {'line': b'-- Symlinking: /ros2_ws/install/rosbridge_test_msgs/include/rosbridge_test_msgs/msg/test_time_array.hpp\n'}
[172.313310] (rosbridge_test_msgs) StdoutLine: {'line': b'-- Symlinking: /ros2_ws/install/rosbridge_test_msgs/include/rosbridge_test_msgs/msg/test_u_int8.hpp\n'}
[172.322548] (rosbridge_test_msgs) StdoutLine: {'line': b'-- Symlinking: /ros2_ws/install/rosbridge_test_msgs/include/rosbridge_test_msgs/msg/test_u_int8_fixed_size_array16.hpp\n'}
[172.331458] (rosbridge_test_msgs) StdoutLine: {'line': b'-- Symlinking: /ros2_ws/install/rosbridge_test_msgs/include/rosbridge_test_msgs/srv/add_two_ints.hpp\n'}
[172.333595] (-) TimerEvent: {}
[172.341200] (rosbridge_test_msgs) StdoutLine: {'line': b'-- Symlinking: /ros2_ws/install/rosbridge_test_msgs/include/rosbridge_test_msgs/srv/detail/add_two_ints__builder.hpp\n'}
[172.350424] (rosbridge_test_msgs) StdoutLine: {'line': b'-- Symlinking: /ros2_ws/install/rosbridge_test_msgs/include/rosbridge_test_msgs/srv/detail/add_two_ints__struct.hpp\n'}
[172.360001] (rosbridge_test_msgs) StdoutLine: {'line': b'-- Symlinking: /ros2_ws/install/rosbridge_test_msgs/include/rosbridge_test_msgs/srv/detail/add_two_ints__traits.hpp\n'}
[172.370432] (rosbridge_test_msgs) StdoutLine: {'line': b'-- Symlinking: /ros2_ws/install/rosbridge_test_msgs/include/rosbridge_test_msgs/srv/detail/add_two_ints__type_support.hpp\n'}
[172.379448] (rosbridge_test_msgs) StdoutLine: {'line': b'-- Symlinking: /ros2_ws/install/rosbridge_test_msgs/include/rosbridge_test_msgs/srv/detail/send_bytes__builder.hpp\n'}
[172.388383] (rosbridge_test_msgs) StdoutLine: {'line': b'-- Symlinking: /ros2_ws/install/rosbridge_test_msgs/include/rosbridge_test_msgs/srv/detail/send_bytes__struct.hpp\n'}
[172.398519] (rosbridge_test_msgs) StdoutLine: {'line': b'-- Symlinking: /ros2_ws/install/rosbridge_test_msgs/include/rosbridge_test_msgs/srv/detail/send_bytes__traits.hpp\n'}
[172.408050] (rosbridge_test_msgs) StdoutLine: {'line': b'-- Symlinking: /ros2_ws/install/rosbridge_test_msgs/include/rosbridge_test_msgs/srv/detail/send_bytes__type_support.hpp\n'}
[172.416891] (rosbridge_test_msgs) StdoutLine: {'line': b'-- Symlinking: /ros2_ws/install/rosbridge_test_msgs/include/rosbridge_test_msgs/srv/detail/test_array_request__builder.hpp\n'}
[172.426324] (rosbridge_test_msgs) StdoutLine: {'line': b'-- Symlinking: /ros2_ws/install/rosbridge_test_msgs/include/rosbridge_test_msgs/srv/detail/test_array_request__struct.hpp\n'}
[172.433767] (-) TimerEvent: {}
[172.436091] (rosbridge_test_msgs) StdoutLine: {'line': b'-- Symlinking: /ros2_ws/install/rosbridge_test_msgs/include/rosbridge_test_msgs/srv/detail/test_array_request__traits.hpp\n'}
[172.444929] (rosbridge_test_msgs) StdoutLine: {'line': b'-- Symlinking: /ros2_ws/install/rosbridge_test_msgs/include/rosbridge_test_msgs/srv/detail/test_array_request__type_support.hpp\n'}
[172.453842] (rosbridge_test_msgs) StdoutLine: {'line': b'-- Symlinking: /ros2_ws/install/rosbridge_test_msgs/include/rosbridge_test_msgs/srv/detail/test_empty__builder.hpp\n'}
[172.464843] (rosbridge_test_msgs) StdoutLine: {'line': b'-- Symlinking: /ros2_ws/install/rosbridge_test_msgs/include/rosbridge_test_msgs/srv/detail/test_empty__struct.hpp\n'}
[172.473238] (rosbridge_test_msgs) StdoutLine: {'line': b'-- Symlinking: /ros2_ws/install/rosbridge_test_msgs/include/rosbridge_test_msgs/srv/detail/test_empty__traits.hpp\n'}
[172.482001] (rosbridge_test_msgs) StdoutLine: {'line': b'-- Symlinking: /ros2_ws/install/rosbridge_test_msgs/include/rosbridge_test_msgs/srv/detail/test_empty__type_support.hpp\n'}
[172.491764] (rosbridge_test_msgs) StdoutLine: {'line': b'-- Symlinking: /ros2_ws/install/rosbridge_test_msgs/include/rosbridge_test_msgs/srv/detail/test_multiple_request_fields__builder.hpp\n'}
[172.501592] (rosbridge_test_msgs) StdoutLine: {'line': b'-- Symlinking: /ros2_ws/install/rosbridge_test_msgs/include/rosbridge_test_msgs/srv/detail/test_multiple_request_fields__struct.hpp\n'}
[172.511145] (rosbridge_test_msgs) StdoutLine: {'line': b'-- Symlinking: /ros2_ws/install/rosbridge_test_msgs/include/rosbridge_test_msgs/srv/detail/test_multiple_request_fields__traits.hpp\n'}
[172.520771] (rosbridge_test_msgs) StdoutLine: {'line': b'-- Symlinking: /ros2_ws/install/rosbridge_test_msgs/include/rosbridge_test_msgs/srv/detail/test_multiple_request_fields__type_support.hpp\n'}
[172.530088] (rosbridge_test_msgs) StdoutLine: {'line': b'-- Symlinking: /ros2_ws/install/rosbridge_test_msgs/include/rosbridge_test_msgs/srv/detail/test_multiple_response_fields__builder.hpp\n'}
[172.534412] (-) TimerEvent: {}
[172.539594] (rosbridge_test_msgs) StdoutLine: {'line': b'-- Symlinking: /ros2_ws/install/rosbridge_test_msgs/include/rosbridge_test_msgs/srv/detail/test_multiple_response_fields__struct.hpp\n'}
[172.548796] (rosbridge_test_msgs) StdoutLine: {'line': b'-- Symlinking: /ros2_ws/install/rosbridge_test_msgs/include/rosbridge_test_msgs/srv/detail/test_multiple_response_fields__traits.hpp\n'}
[172.558494] (rosbridge_test_msgs) StdoutLine: {'line': b'-- Symlinking: /ros2_ws/install/rosbridge_test_msgs/include/rosbridge_test_msgs/srv/detail/test_multiple_response_fields__type_support.hpp\n'}
[172.568604] (rosbridge_test_msgs) StdoutLine: {'line': b'-- Symlinking: /ros2_ws/install/rosbridge_test_msgs/include/rosbridge_test_msgs/srv/detail/test_nested_service__builder.hpp\n'}
[172.577265] (rosbridge_test_msgs) StdoutLine: {'line': b'-- Symlinking: /ros2_ws/install/rosbridge_test_msgs/include/rosbridge_test_msgs/srv/detail/test_nested_service__struct.hpp\n'}
[172.587043] (rosbridge_test_msgs) StdoutLine: {'line': b'-- Symlinking: /ros2_ws/install/rosbridge_test_msgs/include/rosbridge_test_msgs/srv/detail/test_nested_service__traits.hpp\n'}
[172.595755] (rosbridge_test_msgs) StdoutLine: {'line': b'-- Symlinking: /ros2_ws/install/rosbridge_test_msgs/include/rosbridge_test_msgs/srv/detail/test_nested_service__type_support.hpp\n'}
[172.604719] (rosbridge_test_msgs) StdoutLine: {'line': b'-- Symlinking: /ros2_ws/install/rosbridge_test_msgs/include/rosbridge_test_msgs/srv/detail/test_request_and_response__builder.hpp\n'}
[172.614142] (rosbridge_test_msgs) StdoutLine: {'line': b'-- Symlinking: /ros2_ws/install/rosbridge_test_msgs/include/rosbridge_test_msgs/srv/detail/test_request_and_response__struct.hpp\n'}
[172.623897] (rosbridge_test_msgs) StdoutLine: {'line': b'-- Symlinking: /ros2_ws/install/rosbridge_test_msgs/include/rosbridge_test_msgs/srv/detail/test_request_and_response__traits.hpp\n'}
[172.633485] (rosbridge_test_msgs) StdoutLine: {'line': b'-- Symlinking: /ros2_ws/install/rosbridge_test_msgs/include/rosbridge_test_msgs/srv/detail/test_request_and_response__type_support.hpp\n'}
[172.634534] (-) TimerEvent: {}
[172.642839] (rosbridge_test_msgs) StdoutLine: {'line': b'-- Symlinking: /ros2_ws/install/rosbridge_test_msgs/include/rosbridge_test_msgs/srv/detail/test_request_only__builder.hpp\n'}
[172.651734] (rosbridge_test_msgs) StdoutLine: {'line': b'-- Symlinking: /ros2_ws/install/rosbridge_test_msgs/include/rosbridge_test_msgs/srv/detail/test_request_only__struct.hpp\n'}
[172.660437] (rosbridge_test_msgs) StdoutLine: {'line': b'-- Symlinking: /ros2_ws/install/rosbridge_test_msgs/include/rosbridge_test_msgs/srv/detail/test_request_only__traits.hpp\n'}
[172.669663] (rosbridge_test_msgs) StdoutLine: {'line': b'-- Symlinking: /ros2_ws/install/rosbridge_test_msgs/include/rosbridge_test_msgs/srv/detail/test_request_only__type_support.hpp\n'}
[172.679407] (rosbridge_test_msgs) StdoutLine: {'line': b'-- Symlinking: /ros2_ws/install/rosbridge_test_msgs/include/rosbridge_test_msgs/srv/detail/test_response_only__builder.hpp\n'}
[172.688581] (rosbridge_test_msgs) StdoutLine: {'line': b'-- Symlinking: /ros2_ws/install/rosbridge_test_msgs/include/rosbridge_test_msgs/srv/detail/test_response_only__struct.hpp\n'}
[172.697587] (rosbridge_test_msgs) StdoutLine: {'line': b'-- Symlinking: /ros2_ws/install/rosbridge_test_msgs/include/rosbridge_test_msgs/srv/detail/test_response_only__traits.hpp\n'}
[172.706502] (rosbridge_test_msgs) StdoutLine: {'line': b'-- Symlinking: /ros2_ws/install/rosbridge_test_msgs/include/rosbridge_test_msgs/srv/detail/test_response_only__type_support.hpp\n'}
[172.715504] (rosbridge_test_msgs) StdoutLine: {'line': b'-- Symlinking: /ros2_ws/install/rosbridge_test_msgs/include/rosbridge_test_msgs/srv/send_bytes.hpp\n'}
[172.724535] (rosbridge_test_msgs) StdoutLine: {'line': b'-- Symlinking: /ros2_ws/install/rosbridge_test_msgs/include/rosbridge_test_msgs/srv/test_array_request.hpp\n'}
[172.734317] (rosbridge_test_msgs) StdoutLine: {'line': b'-- Symlinking: /ros2_ws/install/rosbridge_test_msgs/include/rosbridge_test_msgs/srv/test_empty.hpp\n'}
[172.736293] (-) TimerEvent: {}
[172.742837] (rosbridge_test_msgs) StdoutLine: {'line': b'-- Symlinking: /ros2_ws/install/rosbridge_test_msgs/include/rosbridge_test_msgs/srv/test_multiple_request_fields.hpp\n'}
[172.751960] (rosbridge_test_msgs) StdoutLine: {'line': b'-- Symlinking: /ros2_ws/install/rosbridge_test_msgs/include/rosbridge_test_msgs/srv/test_multiple_response_fields.hpp\n'}
[172.760735] (rosbridge_test_msgs) StdoutLine: {'line': b'-- Symlinking: /ros2_ws/install/rosbridge_test_msgs/include/rosbridge_test_msgs/srv/test_nested_service.hpp\n'}
[172.770039] (rosbridge_test_msgs) StdoutLine: {'line': b'-- Symlinking: /ros2_ws/install/rosbridge_test_msgs/include/rosbridge_test_msgs/srv/test_request_and_response.hpp\n'}
[172.779305] (rosbridge_test_msgs) StdoutLine: {'line': b'-- Symlinking: /ros2_ws/install/rosbridge_test_msgs/include/rosbridge_test_msgs/srv/test_request_only.hpp\n'}
[172.788033] (rosbridge_test_msgs) StdoutLine: {'line': b'-- Symlinking: /ros2_ws/install/rosbridge_test_msgs/include/rosbridge_test_msgs/srv/test_response_only.hpp\n'}
[172.800562] (rosbridge_test_msgs) StdoutLine: {'line': b'-- Symlinking: /ros2_ws/install/rosbridge_test_msgs/include/rosbridge_test_msgs/msg/detail/num__rosidl_typesupport_introspection_cpp.hpp\n'}
[172.809480] (rosbridge_test_msgs) StdoutLine: {'line': b'-- Symlinking: /ros2_ws/install/rosbridge_test_msgs/include/rosbridge_test_msgs/msg/detail/test_char__rosidl_typesupport_introspection_cpp.hpp\n'}
[172.818523] (rosbridge_test_msgs) StdoutLine: {'line': b'-- Symlinking: /ros2_ws/install/rosbridge_test_msgs/include/rosbridge_test_msgs/msg/detail/test_duration_array__rosidl_typesupport_introspection_cpp.hpp\n'}
[172.827318] (rosbridge_test_msgs) StdoutLine: {'line': b'-- Symlinking: /ros2_ws/install/rosbridge_test_msgs/include/rosbridge_test_msgs/msg/detail/test_float32_array__rosidl_typesupport_introspection_cpp.hpp\n'}
[172.836312] (rosbridge_test_msgs) StdoutLine: {'line': b'-- Symlinking: /ros2_ws/install/rosbridge_test_msgs/include/rosbridge_test_msgs/msg/detail/test_float32_bounded_array__rosidl_typesupport_introspection_cpp.hpp\n'}
[172.837263] (-) TimerEvent: {}
[172.845162] (rosbridge_test_msgs) StdoutLine: {'line': b'-- Symlinking: /ros2_ws/install/rosbridge_test_msgs/include/rosbridge_test_msgs/msg/detail/test_header__rosidl_typesupport_introspection_cpp.hpp\n'}
[172.854073] (rosbridge_test_msgs) StdoutLine: {'line': b'-- Symlinking: /ros2_ws/install/rosbridge_test_msgs/include/rosbridge_test_msgs/msg/detail/test_header_array__rosidl_typesupport_introspection_cpp.hpp\n'}
[172.863058] (rosbridge_test_msgs) StdoutLine: {'line': b'-- Symlinking: /ros2_ws/install/rosbridge_test_msgs/include/rosbridge_test_msgs/msg/detail/test_header_two__rosidl_typesupport_introspection_cpp.hpp\n'}
[172.872326] (rosbridge_test_msgs) StdoutLine: {'line': b'-- Symlinking: /ros2_ws/install/rosbridge_test_msgs/include/rosbridge_test_msgs/msg/detail/test_time_array__rosidl_typesupport_introspection_cpp.hpp\n'}
[172.881514] (rosbridge_test_msgs) StdoutLine: {'line': b'-- Symlinking: /ros2_ws/install/rosbridge_test_msgs/include/rosbridge_test_msgs/msg/detail/test_u_int8__rosidl_typesupport_introspection_cpp.hpp\n'}
[172.891585] (rosbridge_test_msgs) StdoutLine: {'line': b'-- Symlinking: /ros2_ws/install/rosbridge_test_msgs/include/rosbridge_test_msgs/msg/detail/test_u_int8_fixed_size_array16__rosidl_typesupport_introspection_cpp.hpp\n'}
[172.900697] (rosbridge_test_msgs) StdoutLine: {'line': b'-- Symlinking: /ros2_ws/install/rosbridge_test_msgs/include/rosbridge_test_msgs/srv/detail/add_two_ints__rosidl_typesupport_introspection_cpp.hpp\n'}
[172.909243] (rosbridge_test_msgs) StdoutLine: {'line': b'-- Symlinking: /ros2_ws/install/rosbridge_test_msgs/include/rosbridge_test_msgs/srv/detail/send_bytes__rosidl_typesupport_introspection_cpp.hpp\n'}
[172.918004] (rosbridge_test_msgs) StdoutLine: {'line': b'-- Symlinking: /ros2_ws/install/rosbridge_test_msgs/include/rosbridge_test_msgs/srv/detail/test_array_request__rosidl_typesupport_introspection_cpp.hpp\n'}
[172.926950] (rosbridge_test_msgs) StdoutLine: {'line': b'-- Symlinking: /ros2_ws/install/rosbridge_test_msgs/include/rosbridge_test_msgs/srv/detail/test_empty__rosidl_typesupport_introspection_cpp.hpp\n'}
[172.936217] (rosbridge_test_msgs) StdoutLine: {'line': b'-- Symlinking: /ros2_ws/install/rosbridge_test_msgs/include/rosbridge_test_msgs/srv/detail/test_multiple_request_fields__rosidl_typesupport_introspection_cpp.hpp\n'}
[172.937440] (-) TimerEvent: {}
[172.945740] (rosbridge_test_msgs) StdoutLine: {'line': b'-- Symlinking: /ros2_ws/install/rosbridge_test_msgs/include/rosbridge_test_msgs/srv/detail/test_multiple_response_fields__rosidl_typesupport_introspection_cpp.hpp\n'}
[172.954891] (rosbridge_test_msgs) StdoutLine: {'line': b'-- Symlinking: /ros2_ws/install/rosbridge_test_msgs/include/rosbridge_test_msgs/srv/detail/test_nested_service__rosidl_typesupport_introspection_cpp.hpp\n'}
[172.963872] (rosbridge_test_msgs) StdoutLine: {'line': b'-- Symlinking: /ros2_ws/install/rosbridge_test_msgs/include/rosbridge_test_msgs/srv/detail/test_request_and_response__rosidl_typesupport_introspection_cpp.hpp\n'}
[172.973434] (rosbridge_test_msgs) StdoutLine: {'line': b'-- Symlinking: /ros2_ws/install/rosbridge_test_msgs/include/rosbridge_test_msgs/srv/detail/test_request_only__rosidl_typesupport_introspection_cpp.hpp\n'}
[172.982467] (rosbridge_test_msgs) StdoutLine: {'line': b'-- Symlinking: /ros2_ws/install/rosbridge_test_msgs/include/rosbridge_test_msgs/srv/detail/test_response_only__rosidl_typesupport_introspection_cpp.hpp\n'}
[172.992371] (rosbridge_test_msgs) StdoutLine: {'line': b'-- Symlinking: /ros2_ws/install/rosbridge_test_msgs/share/rosbridge_test_msgs/environment/pythonpath.sh\n'}
[173.002484] (rosbridge_test_msgs) StdoutLine: {'line': b'-- Symlinking: /ros2_ws/install/rosbridge_test_msgs/share/rosbridge_test_msgs/environment/pythonpath.dsv\n'}
[173.012466] (rosbridge_test_msgs) StdoutLine: {'line': b'-- Symlinking: /ros2_ws/install/rosbridge_test_msgs/lib/python3.6/site-packages/rosbridge_test_msgs/__init__.py\n'}
[173.023987] (rosbridge_test_msgs) StdoutLine: {'line': b'-- Symlinking: /ros2_ws/install/rosbridge_test_msgs/lib/python3.6/site-packages/rosbridge_test_msgs/msg/__init__.py\n'}
[173.033066] (rosbridge_test_msgs) StdoutLine: {'line': b'-- Symlinking: /ros2_ws/install/rosbridge_test_msgs/lib/python3.6/site-packages/rosbridge_test_msgs/msg/_num.py\n'}
[173.037614] (-) TimerEvent: {}
[173.041969] (rosbridge_test_msgs) StdoutLine: {'line': b'-- Symlinking: /ros2_ws/install/rosbridge_test_msgs/lib/python3.6/site-packages/rosbridge_test_msgs/msg/_test_char.py\n'}
[173.051195] (rosbridge_test_msgs) StdoutLine: {'line': b'-- Symlinking: /ros2_ws/install/rosbridge_test_msgs/lib/python3.6/site-packages/rosbridge_test_msgs/msg/_test_duration_array.py\n'}
[173.059942] (rosbridge_test_msgs) StdoutLine: {'line': b'-- Symlinking: /ros2_ws/install/rosbridge_test_msgs/lib/python3.6/site-packages/rosbridge_test_msgs/msg/_test_float32_array.py\n'}
[173.069334] (rosbridge_test_msgs) StdoutLine: {'line': b'-- Symlinking: /ros2_ws/install/rosbridge_test_msgs/lib/python3.6/site-packages/rosbridge_test_msgs/msg/_test_float32_bounded_array.py\n'}
[173.079039] (rosbridge_test_msgs) StdoutLine: {'line': b'-- Symlinking: /ros2_ws/install/rosbridge_test_msgs/lib/python3.6/site-packages/rosbridge_test_msgs/msg/_test_header.py\n'}
[173.088080] (rosbridge_test_msgs) StdoutLine: {'line': b'-- Symlinking: /ros2_ws/install/rosbridge_test_msgs/lib/python3.6/site-packages/rosbridge_test_msgs/msg/_test_header_array.py\n'}
[173.096994] (rosbridge_test_msgs) StdoutLine: {'line': b'-- Symlinking: /ros2_ws/install/rosbridge_test_msgs/lib/python3.6/site-packages/rosbridge_test_msgs/msg/_test_header_two.py\n'}
[173.105851] (rosbridge_test_msgs) StdoutLine: {'line': b'-- Symlinking: /ros2_ws/install/rosbridge_test_msgs/lib/python3.6/site-packages/rosbridge_test_msgs/msg/_test_time_array.py\n'}
[173.115017] (rosbridge_test_msgs) StdoutLine: {'line': b'-- Symlinking: /ros2_ws/install/rosbridge_test_msgs/lib/python3.6/site-packages/rosbridge_test_msgs/msg/_test_u_int8.py\n'}
[173.123517] (rosbridge_test_msgs) StdoutLine: {'line': b'-- Symlinking: /ros2_ws/install/rosbridge_test_msgs/lib/python3.6/site-packages/rosbridge_test_msgs/msg/_test_u_int8_fixed_size_array16.py\n'}
[173.134017] (rosbridge_test_msgs) StdoutLine: {'line': b'-- Symlinking: /ros2_ws/install/rosbridge_test_msgs/lib/python3.6/site-packages/rosbridge_test_msgs/srv/__init__.py\n'}
[173.137831] (-) TimerEvent: {}
[173.143772] (rosbridge_test_msgs) StdoutLine: {'line': b'-- Symlinking: /ros2_ws/install/rosbridge_test_msgs/lib/python3.6/site-packages/rosbridge_test_msgs/srv/_add_two_ints.py\n'}
[173.153472] (rosbridge_test_msgs) StdoutLine: {'line': b'-- Symlinking: /ros2_ws/install/rosbridge_test_msgs/lib/python3.6/site-packages/rosbridge_test_msgs/srv/_send_bytes.py\n'}
[173.163001] (rosbridge_test_msgs) StdoutLine: {'line': b'-- Symlinking: /ros2_ws/install/rosbridge_test_msgs/lib/python3.6/site-packages/rosbridge_test_msgs/srv/_test_array_request.py\n'}
[173.173104] (rosbridge_test_msgs) StdoutLine: {'line': b'-- Symlinking: /ros2_ws/install/rosbridge_test_msgs/lib/python3.6/site-packages/rosbridge_test_msgs/srv/_test_empty.py\n'}
[173.182363] (rosbridge_test_msgs) StdoutLine: {'line': b'-- Symlinking: /ros2_ws/install/rosbridge_test_msgs/lib/python3.6/site-packages/rosbridge_test_msgs/srv/_test_multiple_request_fields.py\n'}
[173.192202] (rosbridge_test_msgs) StdoutLine: {'line': b'-- Symlinking: /ros2_ws/install/rosbridge_test_msgs/lib/python3.6/site-packages/rosbridge_test_msgs/srv/_test_multiple_response_fields.py\n'}
[173.201481] (rosbridge_test_msgs) StdoutLine: {'line': b'-- Symlinking: /ros2_ws/install/rosbridge_test_msgs/lib/python3.6/site-packages/rosbridge_test_msgs/srv/_test_nested_service.py\n'}
[173.211142] (rosbridge_test_msgs) StdoutLine: {'line': b'-- Symlinking: /ros2_ws/install/rosbridge_test_msgs/lib/python3.6/site-packages/rosbridge_test_msgs/srv/_test_request_and_response.py\n'}
[173.220018] (rosbridge_test_msgs) StdoutLine: {'line': b'-- Symlinking: /ros2_ws/install/rosbridge_test_msgs/lib/python3.6/site-packages/rosbridge_test_msgs/srv/_test_request_only.py\n'}
[173.229505] (rosbridge_test_msgs) StdoutLine: {'line': b'-- Symlinking: /ros2_ws/install/rosbridge_test_msgs/lib/python3.6/site-packages/rosbridge_test_msgs/srv/_test_response_only.py\n'}
[173.238018] (-) TimerEvent: {}
[173.242908] (rosbridge_test_msgs) StdoutLine: {'line': b'-- Symlinking: /ros2_ws/install/rosbridge_test_msgs/lib/python3.6/site-packages/rosbridge_test_msgs/rosbridge_test_msgs_s__rosidl_typesupport_fastrtps_c.cpython-36m-aarch64-linux-gnu.so\n'}
[173.253561] (rosbridge_test_msgs) StdoutLine: {'line': b'-- Symlinking: /ros2_ws/install/rosbridge_test_msgs/lib/python3.6/site-packages/rosbridge_test_msgs/rosbridge_test_msgs_s__rosidl_typesupport_introspection_c.cpython-36m-aarch64-linux-gnu.so\n'}
[173.263682] (rosbridge_test_msgs) StdoutLine: {'line': b'-- Symlinking: /ros2_ws/install/rosbridge_test_msgs/lib/python3.6/site-packages/rosbridge_test_msgs/rosbridge_test_msgs_s__rosidl_typesupport_c.cpython-36m-aarch64-linux-gnu.so\n'}
[173.274023] (rosbridge_test_msgs) StdoutLine: {'line': b'-- Symlinking: /ros2_ws/install/rosbridge_test_msgs/lib/librosbridge_test_msgs__python.so\n'}
[173.283772] (rosbridge_test_msgs) StdoutLine: {'line': b'-- Symlinking: /ros2_ws/install/rosbridge_test_msgs/share/rosbridge_test_msgs/msg/Num.idl\n'}
[173.293771] (rosbridge_test_msgs) StdoutLine: {'line': b'-- Symlinking: /ros2_ws/install/rosbridge_test_msgs/share/rosbridge_test_msgs/msg/TestChar.idl\n'}
[173.303747] (rosbridge_test_msgs) StdoutLine: {'line': b'-- Symlinking: /ros2_ws/install/rosbridge_test_msgs/share/rosbridge_test_msgs/msg/TestDurationArray.idl\n'}
[173.312718] (rosbridge_test_msgs) StdoutLine: {'line': b'-- Symlinking: /ros2_ws/install/rosbridge_test_msgs/share/rosbridge_test_msgs/msg/TestHeaderArray.idl\n'}
[173.322472] (rosbridge_test_msgs) StdoutLine: {'line': b'-- Symlinking: /ros2_ws/install/rosbridge_test_msgs/share/rosbridge_test_msgs/msg/TestHeader.idl\n'}
[173.332248] (rosbridge_test_msgs) StdoutLine: {'line': b'-- Symlinking: /ros2_ws/install/rosbridge_test_msgs/share/rosbridge_test_msgs/msg/TestHeaderTwo.idl\n'}
[173.338201] (-) TimerEvent: {}
[173.343696] (rosbridge_test_msgs) StdoutLine: {'line': b'-- Symlinking: /ros2_ws/install/rosbridge_test_msgs/share/rosbridge_test_msgs/msg/TestTimeArray.idl\n'}
[173.353522] (rosbridge_test_msgs) StdoutLine: {'line': b'-- Symlinking: /ros2_ws/install/rosbridge_test_msgs/share/rosbridge_test_msgs/msg/TestUInt8.idl\n'}
[173.363362] (rosbridge_test_msgs) StdoutLine: {'line': b'-- Symlinking: /ros2_ws/install/rosbridge_test_msgs/share/rosbridge_test_msgs/msg/TestUInt8FixedSizeArray16.idl\n'}
[173.373816] (rosbridge_test_msgs) StdoutLine: {'line': b'-- Symlinking: /ros2_ws/install/rosbridge_test_msgs/share/rosbridge_test_msgs/msg/TestFloat32Array.idl\n'}
[173.383260] (rosbridge_test_msgs) StdoutLine: {'line': b'-- Symlinking: /ros2_ws/install/rosbridge_test_msgs/share/rosbridge_test_msgs/msg/TestFloat32BoundedArray.idl\n'}
[173.392822] (rosbridge_test_msgs) StdoutLine: {'line': b'-- Symlinking: /ros2_ws/install/rosbridge_test_msgs/share/rosbridge_test_msgs/srv/AddTwoInts.idl\n'}
[173.402919] (rosbridge_test_msgs) StdoutLine: {'line': b'-- Symlinking: /ros2_ws/install/rosbridge_test_msgs/share/rosbridge_test_msgs/srv/SendBytes.idl\n'}
[173.412101] (rosbridge_test_msgs) StdoutLine: {'line': b'-- Symlinking: /ros2_ws/install/rosbridge_test_msgs/share/rosbridge_test_msgs/srv/TestArrayRequest.idl\n'}
[173.421438] (rosbridge_test_msgs) StdoutLine: {'line': b'-- Symlinking: /ros2_ws/install/rosbridge_test_msgs/share/rosbridge_test_msgs/srv/TestEmpty.idl\n'}
[173.430557] (rosbridge_test_msgs) StdoutLine: {'line': b'-- Symlinking: /ros2_ws/install/rosbridge_test_msgs/share/rosbridge_test_msgs/srv/TestMultipleRequestFields.idl\n'}
[173.438383] (-) TimerEvent: {}
[173.440104] (rosbridge_test_msgs) StdoutLine: {'line': b'-- Symlinking: /ros2_ws/install/rosbridge_test_msgs/share/rosbridge_test_msgs/srv/TestMultipleResponseFields.idl\n'}
[173.449299] (rosbridge_test_msgs) StdoutLine: {'line': b'-- Symlinking: /ros2_ws/install/rosbridge_test_msgs/share/rosbridge_test_msgs/srv/TestNestedService.idl\n'}
[173.458494] (rosbridge_test_msgs) StdoutLine: {'line': b'-- Symlinking: /ros2_ws/install/rosbridge_test_msgs/share/rosbridge_test_msgs/srv/TestRequestAndResponse.idl\n'}
[173.469961] (rosbridge_test_msgs) StdoutLine: {'line': b'-- Symlinking: /ros2_ws/install/rosbridge_test_msgs/share/rosbridge_test_msgs/srv/TestRequestOnly.idl\n'}
[173.477749] (rosbridge_test_msgs) StdoutLine: {'line': b'-- Symlinking: /ros2_ws/install/rosbridge_test_msgs/share/rosbridge_test_msgs/srv/TestResponseOnly.idl\n'}
[173.487222] (rosbridge_test_msgs) StdoutLine: {'line': b'-- Symlinking: /ros2_ws/install/rosbridge_test_msgs/share/rosbridge_test_msgs/msg/Num.msg\n'}
[173.496453] (rosbridge_test_msgs) StdoutLine: {'line': b'-- Symlinking: /ros2_ws/install/rosbridge_test_msgs/share/rosbridge_test_msgs/msg/TestChar.msg\n'}
[173.505635] (rosbridge_test_msgs) StdoutLine: {'line': b'-- Symlinking: /ros2_ws/install/rosbridge_test_msgs/share/rosbridge_test_msgs/msg/TestDurationArray.msg\n'}
[173.514494] (rosbridge_test_msgs) StdoutLine: {'line': b'-- Symlinking: /ros2_ws/install/rosbridge_test_msgs/share/rosbridge_test_msgs/msg/TestHeaderArray.msg\n'}
[173.523498] (rosbridge_test_msgs) StdoutLine: {'line': b'-- Symlinking: /ros2_ws/install/rosbridge_test_msgs/share/rosbridge_test_msgs/msg/TestHeader.msg\n'}
[173.532603] (rosbridge_test_msgs) StdoutLine: {'line': b'-- Symlinking: /ros2_ws/install/rosbridge_test_msgs/share/rosbridge_test_msgs/msg/TestHeaderTwo.msg\n'}
[173.538584] (-) TimerEvent: {}
[173.541988] (rosbridge_test_msgs) StdoutLine: {'line': b'-- Symlinking: /ros2_ws/install/rosbridge_test_msgs/share/rosbridge_test_msgs/msg/TestTimeArray.msg\n'}
[173.551281] (rosbridge_test_msgs) StdoutLine: {'line': b'-- Symlinking: /ros2_ws/install/rosbridge_test_msgs/share/rosbridge_test_msgs/msg/TestUInt8.msg\n'}
[173.560374] (rosbridge_test_msgs) StdoutLine: {'line': b'-- Symlinking: /ros2_ws/install/rosbridge_test_msgs/share/rosbridge_test_msgs/msg/TestUInt8FixedSizeArray16.msg\n'}
[173.569588] (rosbridge_test_msgs) StdoutLine: {'line': b'-- Symlinking: /ros2_ws/install/rosbridge_test_msgs/share/rosbridge_test_msgs/msg/TestFloat32Array.msg\n'}
[173.580164] (rosbridge_test_msgs) StdoutLine: {'line': b'-- Symlinking: /ros2_ws/install/rosbridge_test_msgs/share/rosbridge_test_msgs/msg/TestFloat32BoundedArray.msg\n'}
[173.589472] (rosbridge_test_msgs) StdoutLine: {'line': b'-- Symlinking: /ros2_ws/install/rosbridge_test_msgs/share/rosbridge_test_msgs/srv/AddTwoInts.srv\n'}
[173.599193] (rosbridge_test_msgs) StdoutLine: {'line': b'-- Symlinking: /ros2_ws/install/rosbridge_test_msgs/share/rosbridge_test_msgs/srv/AddTwoInts_Request.msg\n'}
[173.608707] (rosbridge_test_msgs) StdoutLine: {'line': b'-- Symlinking: /ros2_ws/install/rosbridge_test_msgs/share/rosbridge_test_msgs/srv/AddTwoInts_Response.msg\n'}
[173.617921] (rosbridge_test_msgs) StdoutLine: {'line': b'-- Symlinking: /ros2_ws/install/rosbridge_test_msgs/share/rosbridge_test_msgs/srv/SendBytes.srv\n'}
[173.626993] (rosbridge_test_msgs) StdoutLine: {'line': b'-- Symlinking: /ros2_ws/install/rosbridge_test_msgs/share/rosbridge_test_msgs/srv/SendBytes_Request.msg\n'}
[173.636473] (rosbridge_test_msgs) StdoutLine: {'line': b'-- Symlinking: /ros2_ws/install/rosbridge_test_msgs/share/rosbridge_test_msgs/srv/SendBytes_Response.msg\n'}
[173.638961] (-) TimerEvent: {}
[173.645742] (rosbridge_test_msgs) StdoutLine: {'line': b'-- Symlinking: /ros2_ws/install/rosbridge_test_msgs/share/rosbridge_test_msgs/srv/TestArrayRequest.srv\n'}
[173.654923] (rosbridge_test_msgs) StdoutLine: {'line': b'-- Symlinking: /ros2_ws/install/rosbridge_test_msgs/share/rosbridge_test_msgs/srv/TestArrayRequest_Request.msg\n'}
[173.664139] (rosbridge_test_msgs) StdoutLine: {'line': b'-- Symlinking: /ros2_ws/install/rosbridge_test_msgs/share/rosbridge_test_msgs/srv/TestArrayRequest_Response.msg\n'}
[173.673814] (rosbridge_test_msgs) StdoutLine: {'line': b'-- Symlinking: /ros2_ws/install/rosbridge_test_msgs/share/rosbridge_test_msgs/srv/TestEmpty.srv\n'}
[173.683121] (rosbridge_test_msgs) StdoutLine: {'line': b'-- Symlinking: /ros2_ws/install/rosbridge_test_msgs/share/rosbridge_test_msgs/srv/TestEmpty_Request.msg\n'}
[173.692424] (rosbridge_test_msgs) StdoutLine: {'line': b'-- Symlinking: /ros2_ws/install/rosbridge_test_msgs/share/rosbridge_test_msgs/srv/TestEmpty_Response.msg\n'}
[173.701969] (rosbridge_test_msgs) StdoutLine: {'line': b'-- Symlinking: /ros2_ws/install/rosbridge_test_msgs/share/rosbridge_test_msgs/srv/TestMultipleRequestFields.srv\n'}
[173.711390] (rosbridge_test_msgs) StdoutLine: {'line': b'-- Symlinking: /ros2_ws/install/rosbridge_test_msgs/share/rosbridge_test_msgs/srv/TestMultipleRequestFields_Request.msg\n'}
[173.720580] (rosbridge_test_msgs) StdoutLine: {'line': b'-- Symlinking: /ros2_ws/install/rosbridge_test_msgs/share/rosbridge_test_msgs/srv/TestMultipleRequestFields_Response.msg\n'}
[173.729763] (rosbridge_test_msgs) StdoutLine: {'line': b'-- Symlinking: /ros2_ws/install/rosbridge_test_msgs/share/rosbridge_test_msgs/srv/TestMultipleResponseFields.srv\n'}
[173.740944] (rosbridge_test_msgs) StdoutLine: {'line': b'-- Symlinking: /ros2_ws/install/rosbridge_test_msgs/share/rosbridge_test_msgs/srv/TestMultipleResponseFields_Request.msg\n'}
[173.741674] (-) TimerEvent: {}
[173.748432] (rosbridge_test_msgs) StdoutLine: {'line': b'-- Symlinking: /ros2_ws/install/rosbridge_test_msgs/share/rosbridge_test_msgs/srv/TestMultipleResponseFields_Response.msg\n'}
[173.757595] (rosbridge_test_msgs) StdoutLine: {'line': b'-- Symlinking: /ros2_ws/install/rosbridge_test_msgs/share/rosbridge_test_msgs/srv/TestNestedService.srv\n'}
[173.766783] (rosbridge_test_msgs) StdoutLine: {'line': b'-- Symlinking: /ros2_ws/install/rosbridge_test_msgs/share/rosbridge_test_msgs/srv/TestNestedService_Request.msg\n'}
[173.776406] (rosbridge_test_msgs) StdoutLine: {'line': b'-- Symlinking: /ros2_ws/install/rosbridge_test_msgs/share/rosbridge_test_msgs/srv/TestNestedService_Response.msg\n'}
[173.785702] (rosbridge_test_msgs) StdoutLine: {'line': b'-- Symlinking: /ros2_ws/install/rosbridge_test_msgs/share/rosbridge_test_msgs/srv/TestRequestAndResponse.srv\n'}
[173.795009] (rosbridge_test_msgs) StdoutLine: {'line': b'-- Symlinking: /ros2_ws/install/rosbridge_test_msgs/share/rosbridge_test_msgs/srv/TestRequestAndResponse_Request.msg\n'}
[173.804217] (rosbridge_test_msgs) StdoutLine: {'line': b'-- Symlinking: /ros2_ws/install/rosbridge_test_msgs/share/rosbridge_test_msgs/srv/TestRequestAndResponse_Response.msg\n'}
[173.813539] (rosbridge_test_msgs) StdoutLine: {'line': b'-- Symlinking: /ros2_ws/install/rosbridge_test_msgs/share/rosbridge_test_msgs/srv/TestRequestOnly.srv\n'}
[173.822823] (rosbridge_test_msgs) StdoutLine: {'line': b'-- Symlinking: /ros2_ws/install/rosbridge_test_msgs/share/rosbridge_test_msgs/srv/TestRequestOnly_Request.msg\n'}
[173.831853] (rosbridge_test_msgs) StdoutLine: {'line': b'-- Symlinking: /ros2_ws/install/rosbridge_test_msgs/share/rosbridge_test_msgs/srv/TestRequestOnly_Response.msg\n'}
[173.841192] (rosbridge_test_msgs) StdoutLine: {'line': b'-- Symlinking: /ros2_ws/install/rosbridge_test_msgs/share/rosbridge_test_msgs/srv/TestResponseOnly.srv\n'}
[173.841956] (-) TimerEvent: {}
[173.851210] (rosbridge_test_msgs) StdoutLine: {'line': b'-- Symlinking: /ros2_ws/install/rosbridge_test_msgs/share/rosbridge_test_msgs/srv/TestResponseOnly_Request.msg\n'}
[173.861525] (rosbridge_test_msgs) StdoutLine: {'line': b'-- Symlinking: /ros2_ws/install/rosbridge_test_msgs/share/rosbridge_test_msgs/srv/TestResponseOnly_Response.msg\n'}
[173.871597] (rosbridge_test_msgs) StdoutLine: {'line': b'-- Symlinking: /ros2_ws/install/rosbridge_test_msgs/share/ament_index/resource_index/package_run_dependencies/rosbridge_test_msgs\n'}
[173.881635] (rosbridge_test_msgs) StdoutLine: {'line': b'-- Symlinking: /ros2_ws/install/rosbridge_test_msgs/share/ament_index/resource_index/parent_prefix_path/rosbridge_test_msgs\n'}
[173.891105] (rosbridge_test_msgs) StdoutLine: {'line': b'-- Symlinking: /ros2_ws/install/rosbridge_test_msgs/share/rosbridge_test_msgs/environment/ament_prefix_path.sh\n'}
[173.900347] (rosbridge_test_msgs) StdoutLine: {'line': b'-- Symlinking: /ros2_ws/install/rosbridge_test_msgs/share/rosbridge_test_msgs/environment/ament_prefix_path.dsv\n'}
[173.909693] (rosbridge_test_msgs) StdoutLine: {'line': b'-- Symlinking: /ros2_ws/install/rosbridge_test_msgs/share/rosbridge_test_msgs/environment/path.sh\n'}
[173.918609] (rosbridge_test_msgs) StdoutLine: {'line': b'-- Symlinking: /ros2_ws/install/rosbridge_test_msgs/share/rosbridge_test_msgs/environment/path.dsv\n'}
[173.927974] (rosbridge_test_msgs) StdoutLine: {'line': b'-- Symlinking: /ros2_ws/install/rosbridge_test_msgs/share/rosbridge_test_msgs/local_setup.bash\n'}
[173.937157] (rosbridge_test_msgs) StdoutLine: {'line': b'-- Symlinking: /ros2_ws/install/rosbridge_test_msgs/share/rosbridge_test_msgs/local_setup.sh\n'}
[173.942166] (-) TimerEvent: {}
[173.947086] (rosbridge_test_msgs) StdoutLine: {'line': b'-- Symlinking: /ros2_ws/install/rosbridge_test_msgs/share/rosbridge_test_msgs/local_setup.zsh\n'}
[173.956370] (rosbridge_test_msgs) StdoutLine: {'line': b'-- Symlinking: /ros2_ws/install/rosbridge_test_msgs/share/rosbridge_test_msgs/local_setup.dsv\n'}
[173.965553] (rosbridge_test_msgs) StdoutLine: {'line': b'-- Symlinking: /ros2_ws/install/rosbridge_test_msgs/share/rosbridge_test_msgs/package.dsv\n'}
[173.975939] (rosbridge_test_msgs) StdoutLine: {'line': b'-- Symlinking: /ros2_ws/install/rosbridge_test_msgs/share/ament_index/resource_index/packages/rosbridge_test_msgs\n'}
[173.985426] (rosbridge_test_msgs) StdoutLine: {'line': b'-- Symlinking: /ros2_ws/install/rosbridge_test_msgs/share/rosbridge_test_msgs/cmake/rosidl_cmake-extras.cmake\n'}
[173.995053] (rosbridge_test_msgs) StdoutLine: {'line': b'-- Symlinking: /ros2_ws/install/rosbridge_test_msgs/share/rosbridge_test_msgs/cmake/ament_cmake_export_dependencies-extras.cmake\n'}
[174.004046] (rosbridge_test_msgs) StdoutLine: {'line': b'-- Symlinking: /ros2_ws/install/rosbridge_test_msgs/share/rosbridge_test_msgs/cmake/ament_cmake_export_libraries-extras.cmake\n'}
[174.013089] (rosbridge_test_msgs) StdoutLine: {'line': b'-- Symlinking: /ros2_ws/install/rosbridge_test_msgs/share/rosbridge_test_msgs/cmake/ament_cmake_export_targets-extras.cmake\n'}
[174.022265] (rosbridge_test_msgs) StdoutLine: {'line': b'-- Symlinking: /ros2_ws/install/rosbridge_test_msgs/share/rosbridge_test_msgs/cmake/ament_cmake_export_include_directories-extras.cmake\n'}
[174.031450] (rosbridge_test_msgs) StdoutLine: {'line': b'-- Symlinking: /ros2_ws/install/rosbridge_test_msgs/share/rosbridge_test_msgs/cmake/rosidl_cmake_export_typesupport_libraries-extras.cmake\n'}
[174.040763] (rosbridge_test_msgs) StdoutLine: {'line': b'-- Symlinking: /ros2_ws/install/rosbridge_test_msgs/share/rosbridge_test_msgs/cmake/rosidl_cmake_export_typesupport_targets-extras.cmake\n'}
[174.042277] (-) TimerEvent: {}
[174.050094] (rosbridge_test_msgs) StdoutLine: {'line': b'-- Symlinking: /ros2_ws/install/rosbridge_test_msgs/share/rosbridge_test_msgs/cmake/rosbridge_test_msgsConfig.cmake\n'}
[174.058993] (rosbridge_test_msgs) StdoutLine: {'line': b'-- Symlinking: /ros2_ws/install/rosbridge_test_msgs/share/rosbridge_test_msgs/cmake/rosbridge_test_msgsConfig-version.cmake\n'}
[174.068469] (rosbridge_test_msgs) StdoutLine: {'line': b'-- Symlinking: /ros2_ws/install/rosbridge_test_msgs/share/rosbridge_test_msgs/package.xml\n'}
[174.078149] (rosbridge_test_msgs) StdoutLine: {'line': b'-- Installing: /ros2_ws/install/rosbridge_test_msgs/lib/librosbridge_test_msgs__rosidl_generator_c.so\n'}
[174.080451] (rosbridge_test_msgs) StdoutLine: {'line': b'-- Set runtime path of "/ros2_ws/install/rosbridge_test_msgs/lib/librosbridge_test_msgs__rosidl_generator_c.so" to ""\n'}
[174.081207] (rosbridge_test_msgs) StdoutLine: {'line': b'-- Installing: /ros2_ws/install/rosbridge_test_msgs/lib/librosbridge_test_msgs__rosidl_typesupport_introspection_c.so\n'}
[174.082224] (rosbridge_test_msgs) StdoutLine: {'line': b'-- Set runtime path of "/ros2_ws/install/rosbridge_test_msgs/lib/librosbridge_test_msgs__rosidl_typesupport_introspection_c.so" to ""\n'}
[174.082896] (rosbridge_test_msgs) StdoutLine: {'line': b'-- Installing: /ros2_ws/install/rosbridge_test_msgs/lib/librosbridge_test_msgs__rosidl_typesupport_c.so\n'}
[174.084254] (rosbridge_test_msgs) StdoutLine: {'line': b'-- Set runtime path of "/ros2_ws/install/rosbridge_test_msgs/lib/librosbridge_test_msgs__rosidl_typesupport_c.so" to ""\n'}
[174.084880] (rosbridge_test_msgs) StdoutLine: {'line': b'-- Installing: /ros2_ws/install/rosbridge_test_msgs/lib/librosbridge_test_msgs__rosidl_typesupport_introspection_cpp.so\n'}
[174.087229] (rosbridge_test_msgs) StdoutLine: {'line': b'-- Set runtime path of "/ros2_ws/install/rosbridge_test_msgs/lib/librosbridge_test_msgs__rosidl_typesupport_introspection_cpp.so" to ""\n'}
[174.088087] (rosbridge_test_msgs) StdoutLine: {'line': b'-- Installing: /ros2_ws/install/rosbridge_test_msgs/lib/librosbridge_test_msgs__rosidl_typesupport_cpp.so\n'}
[174.089352] (rosbridge_test_msgs) StdoutLine: {'line': b'-- Set runtime path of "/ros2_ws/install/rosbridge_test_msgs/lib/librosbridge_test_msgs__rosidl_typesupport_cpp.so" to ""\n'}
[174.142947] (-) TimerEvent: {}
[174.240546] (rosbridge_test_msgs) StdoutLine: {'line': b"Compiling '/ros2_ws/install/rosbridge_test_msgs/lib/python3.6/site-packages/rosbridge_test_msgs/__init__.py'...\n"}
[174.243098] (-) TimerEvent: {}
[174.262937] (rosbridge_test_msgs) StdoutLine: {'line': b'-- Installing: /ros2_ws/install/rosbridge_test_msgs/share/rosbridge_test_msgs/cmake/rosbridge_test_msgs__rosidl_generator_cExport.cmake\n'}
[174.266717] (rosbridge_test_msgs) StdoutLine: {'line': b'-- Installing: /ros2_ws/install/rosbridge_test_msgs/share/rosbridge_test_msgs/cmake/rosbridge_test_msgs__rosidl_generator_cExport-noconfig.cmake\n'}
[174.267861] (rosbridge_test_msgs) StdoutLine: {'line': b'-- Installing: /ros2_ws/install/rosbridge_test_msgs/share/rosbridge_test_msgs/cmake/rosbridge_test_msgs__rosidl_typesupport_introspection_cExport.cmake\n'}
[174.268767] (rosbridge_test_msgs) StdoutLine: {'line': b'-- Installing: /ros2_ws/install/rosbridge_test_msgs/share/rosbridge_test_msgs/cmake/rosbridge_test_msgs__rosidl_typesupport_introspection_cExport-noconfig.cmake\n'}
[174.269801] (rosbridge_test_msgs) StdoutLine: {'line': b'-- Installing: /ros2_ws/install/rosbridge_test_msgs/share/rosbridge_test_msgs/cmake/rosbridge_test_msgs__rosidl_typesupport_cExport.cmake\n'}
[174.271479] (rosbridge_test_msgs) StdoutLine: {'line': b'-- Installing: /ros2_ws/install/rosbridge_test_msgs/share/rosbridge_test_msgs/cmake/rosbridge_test_msgs__rosidl_typesupport_cExport-noconfig.cmake\n'}
[174.272395] (rosbridge_test_msgs) StdoutLine: {'line': b'-- Installing: /ros2_ws/install/rosbridge_test_msgs/share/rosbridge_test_msgs/cmake/rosbridge_test_msgs__rosidl_generator_cppExport.cmake\n'}
[174.276635] (rosbridge_test_msgs) StdoutLine: {'line': b'-- Installing: /ros2_ws/install/rosbridge_test_msgs/share/rosbridge_test_msgs/cmake/rosbridge_test_msgs__rosidl_typesupport_introspection_cppExport.cmake\n'}
[174.277655] (rosbridge_test_msgs) StdoutLine: {'line': b'-- Installing: /ros2_ws/install/rosbridge_test_msgs/share/rosbridge_test_msgs/cmake/rosbridge_test_msgs__rosidl_typesupport_introspection_cppExport-noconfig.cmake\n'}
[174.278246] (rosbridge_test_msgs) StdoutLine: {'line': b'-- Installing: /ros2_ws/install/rosbridge_test_msgs/share/rosbridge_test_msgs/cmake/rosbridge_test_msgs__rosidl_typesupport_cppExport.cmake\n'}
[174.278818] (rosbridge_test_msgs) StdoutLine: {'line': b'-- Installing: /ros2_ws/install/rosbridge_test_msgs/share/rosbridge_test_msgs/cmake/rosbridge_test_msgs__rosidl_typesupport_cppExport-noconfig.cmake\n'}
[174.305460] (rosbridge_test_msgs) CommandEnded: {'returncode': 0}
[174.344393] (-) TimerEvent: {}
[174.446843] (-) TimerEvent: {}
[174.547788] (-) TimerEvent: {}
[174.648526] (-) TimerEvent: {}
[174.750195] (-) TimerEvent: {}
[174.850994] (-) TimerEvent: {}
[174.951824] (-) TimerEvent: {}
[175.052542] (-) TimerEvent: {}
[175.153480] (-) TimerEvent: {}
[175.254481] (-) TimerEvent: {}
[175.355290] (-) TimerEvent: {}
[175.456034] (-) TimerEvent: {}
[175.556784] (-) TimerEvent: {}
[175.658353] (-) TimerEvent: {}
[175.759255] (-) TimerEvent: {}
[175.860069] (-) TimerEvent: {}
[175.960901] (-) TimerEvent: {}
[176.043321] (rosbridge_test_msgs) JobEnded: {'identifier': 'rosbridge_test_msgs', 'rc': 0}
[176.047242] (rosbridge_library) JobStarted: {'identifier': 'rosbridge_library'}
[176.062497] (-) TimerEvent: {}
[176.130469] (rosbridge_library) JobProgress: {'identifier': 'rosbridge_library', 'progress': 'cmake'}
[176.131575] (rosbridge_library) Command: {'cmd': ['/usr/local/bin/cmake', '/ros2_ws/src/rosbridge_library', '-DAMENT_CMAKE_SYMLINK_INSTALL=1', '-DCMAKE_INSTALL_PREFIX=/ros2_ws/install/rosbridge_library'], 'cwd': '/ros2_ws/build/rosbridge_library', 'env': OrderedDict([('OPENBLAS_CORETYPE', 'ARMV8'), ('PYTHONIOENCODING', 'utf-8'), ('HOSTNAME', 'eyerobot-desktop'), ('LD_LIBRARY_PATH', '/ros2_ws/install/rosbridge_test_msgs/lib:/ros2_ws/src/install/rplidar_ros/lib:/ros2_ws/my_ros2_project/install/rosbridge_test_msgs/lib:/ros2_ws/my_ros2_project/install/rosbridge_msgs/lib:/ros2_ws/my_ros2_project/install/rosapi_msgs/lib:/opt/ros/foxy/install/opt/yaml_cpp_vendor/lib:/opt/ros/foxy/install/opt/rviz_ogre_vendor/lib:/opt/ros/foxy/install/lib:/usr/local/cuda-10.2/targets/aarch64-linux/lib'), ('SHLVL', '1'), ('OLDPWD', '/'), ('HOME', '/root'), ('ROS_PYTHON_VERSION', '3'), ('COLCON_PREFIX_PATH', '/ros2_ws/install:/opt/ros/foxy/install:/ros2_ws/src/install:/ros2_ws/my_ros2_project/install'), ('ROS_DISTRO', 'foxy'), ('_', '/usr/bin/colcon'), ('ROS_VERSION', '2'), ('NVIDIA_DRIVER_CAPABILITIES', 'all'), ('PKG_CONFIG_PATH', '/opt/ros/foxy/install/lib/aarch64-linux-gnu/pkgconfig:/opt/ros/foxy/install/lib/pkgconfig'), ('TERM', 'xterm'), ('ROS_LOCALHOST_ONLY', '0'), ('PATH', '/opt/ros/foxy/install/bin:/usr/local/cuda-10.2/bin:/usr/local/cuda/bin:/usr/local/sbin:/usr/local/bin:/usr/sbin:/usr/bin:/sbin:/bin'), ('LANG', 'en_US.UTF-8'), ('RMW_IMPLEMENTATION', 'rmw_cyclonedds_cpp'), ('LS_COLORS', 'rs=0:di=01;34:ln=01;36:mh=00:pi=40;33:so=01;35:do=01;35:bd=40;33;01:cd=40;33;01:or=40;31;01:mi=00:su=37;41:sg=30;43:ca=30;41:tw=30;42:ow=34;42:st=37;44:ex=01;32:*.tar=01;31:*.tgz=01;31:*.arc=01;31:*.arj=01;31:*.taz=01;31:*.lha=01;31:*.lz4=01;31:*.lzh=01;31:*.lzma=01;31:*.tlz=01;31:*.txz=01;31:*.tzo=01;31:*.t7z=01;31:*.zip=01;31:*.z=01;31:*.Z=01;31:*.dz=01;31:*.gz=01;31:*.lrz=01;31:*.lz=01;31:*.lzo=01;31:*.xz=01;31:*.zst=01;31:*.tzst=01;31:*.bz2=01;31:*.bz=01;31:*.tbz=01;31:*.tbz2=01;31:*.tz=01;31:*.deb=01;31:*.rpm=01;31:*.jar=01;31:*.war=01;31:*.ear=01;31:*.sar=01;31:*.rar=01;31:*.alz=01;31:*.ace=01;31:*.zoo=01;31:*.cpio=01;31:*.7z=01;31:*.rz=01;31:*.cab=01;31:*.wim=01;31:*.swm=01;31:*.dwm=01;31:*.esd=01;31:*.jpg=01;35:*.jpeg=01;35:*.mjpg=01;35:*.mjpeg=01;35:*.gif=01;35:*.bmp=01;35:*.pbm=01;35:*.pgm=01;35:*.ppm=01;35:*.tga=01;35:*.xbm=01;35:*.xpm=01;35:*.tif=01;35:*.tiff=01;35:*.png=01;35:*.svg=01;35:*.svgz=01;35:*.mng=01;35:*.pcx=01;35:*.mov=01;35:*.mpg=01;35:*.mpeg=01;35:*.m2v=01;35:*.mkv=01;35:*.webm=01;35:*.ogm=01;35:*.mp4=01;35:*.m4v=01;35:*.mp4v=01;35:*.vob=01;35:*.qt=01;35:*.nuv=01;35:*.wmv=01;35:*.asf=01;35:*.rm=01;35:*.rmvb=01;35:*.flc=01;35:*.avi=01;35:*.fli=01;35:*.flv=01;35:*.gl=01;35:*.dl=01;35:*.xcf=01;35:*.xwd=01;35:*.yuv=01;35:*.cgm=01;35:*.emf=01;35:*.ogv=01;35:*.ogx=01;35:*.aac=00;36:*.au=00;36:*.flac=00;36:*.m4a=00;36:*.mid=00;36:*.midi=00;36:*.mka=00;36:*.mp3=00;36:*.mpc=00;36:*.ogg=00;36:*.ra=00;36:*.wav=00;36:*.oga=00;36:*.opus=00;36:*.spx=00;36:*.xspf=00;36:'), ('ROS_ROOT', '/opt/ros/foxy'), ('AMENT_PREFIX_PATH', '/ros2_ws/install/rosbridge_test_msgs:/ros2_ws/install/rosbridge_suite:/ros2_ws/src/install/rplidar_ros:/opt/ros/foxy/install'), ('DEBIAN_FRONTEND', 'noninteractive'), ('SHELL', '/bin/bash'), ('PWD', '/ros2_ws/build/rosbridge_library'), ('PYTHONPATH', '/ros2_ws/install/rosbridge_test_msgs/lib/python3.6/site-packages:/ros2_ws/my_ros2_project/install/rosbridge_test_msgs/lib/python3.6/site-packages:/ros2_ws/my_ros2_project/install/rosbridge_server/lib/python3.6/site-packages:/ros2_ws/my_ros2_project/install/rosbridge_msgs/lib/python3.6/site-packages:/ros2_ws/my_ros2_project/install/rosapi/lib/python3.6/site-packages:/ros2_ws/my_ros2_project/install/rosbridge_library/lib/python3.6/site-packages:/ros2_ws/my_ros2_project/install/rosapi_msgs/lib/python3.6/site-packages:/opt/ros/foxy/install/lib/python3.6/site-packages'), ('NVIDIA_VISIBLE_DEVICES', 'all'), ('COLCON', '1'), ('CMAKE_PREFIX_PATH', '/ros2_ws/install/rosbridge_test_msgs:/ros2_ws/install/rosbridge_suite:/ros2_ws/src/install/rplidar_ros:/ros2_ws/my_ros2_project/install/rplidar_ros:/ros2_ws/my_ros2_project/install/rosbridge_test_msgs:/ros2_ws/my_ros2_project/install/rosbridge_server:/ros2_ws/my_ros2_project/install/rosbridge_msgs:/ros2_ws/my_ros2_project/install/rosapi:/ros2_ws/my_ros2_project/install/rosbridge_library:/ros2_ws/my_ros2_project/install/rosapi_msgs:/opt/ros/foxy/install')]), 'shell': False}
[176.162765] (-) TimerEvent: {}
[176.263626] (-) TimerEvent: {}
[176.364387] (-) TimerEvent: {}
[176.448467] (rosbridge_library) StdoutLine: {'line': b'-- The C compiler identification is GNU 7.5.0\n'}
[176.464566] (-) TimerEvent: {}
[176.565406] (-) TimerEvent: {}
[176.650444] (rosbridge_library) StdoutLine: {'line': b'-- The CXX compiler identification is GNU 7.5.0\n'}
[176.665593] (-) TimerEvent: {}
[176.713387] (rosbridge_library) StdoutLine: {'line': b'-- Detecting C compiler ABI info\n'}
[176.765836] (-) TimerEvent: {}
[176.866774] (-) TimerEvent: {}
[176.932141] (rosbridge_library) StdoutLine: {'line': b'-- Detecting C compiler ABI info - done\n'}
[176.966938] (-) TimerEvent: {}
[176.983171] (rosbridge_library) StdoutLine: {'line': b'-- Check for working C compiler: /usr/bin/cc - skipped\n'}
[176.984394] (rosbridge_library) StdoutLine: {'line': b'-- Detecting C compile features\n'}
[176.986103] (rosbridge_library) StdoutLine: {'line': b'-- Detecting C compile features - done\n'}
[177.027014] (rosbridge_library) StdoutLine: {'line': b'-- Detecting CXX compiler ABI info\n'}
[177.067118] (-) TimerEvent: {}
[177.167933] (-) TimerEvent: {}
[177.268717] (-) TimerEvent: {}
[177.285386] (rosbridge_library) StdoutLine: {'line': b'-- Detecting CXX compiler ABI info - done\n'}
[177.337087] (rosbridge_library) StdoutLine: {'line': b'-- Check for working CXX compiler: /usr/bin/c++ - skipped\n'}
[177.338412] (rosbridge_library) StdoutLine: {'line': b'-- Detecting CXX compile features\n'}
[177.340610] (rosbridge_library) StdoutLine: {'line': b'-- Detecting CXX compile features - done\n'}
[177.356870] (rosbridge_library) StdoutLine: {'line': b'-- Found ament_cmake_ros: 0.9.2 (/opt/ros/foxy/install/share/ament_cmake_ros/cmake)\n'}
[177.368882] (-) TimerEvent: {}
[177.422229] (rosbridge_library) StderrLine: {'line': b'\x1b[33mCMake Warning (dev) at /opt/ros/foxy/install/share/ament_cmake_core/cmake/core/python.cmake:22 (find_package):\n'}
[177.423180] (rosbridge_library) StderrLine: {'line': b'  Policy CMP0148 is not set: The FindPythonInterp and FindPythonLibs modules\n'}
[177.423636] (rosbridge_library) StderrLine: {'line': b'  are removed.  Run "cmake --help-policy CMP0148" for policy details.  Use\n'}
[177.424093] (rosbridge_library) StderrLine: {'line': b'  the cmake_policy command to set the policy and suppress this warning.\n'}
[177.424581] (rosbridge_library) StderrLine: {'line': b'\n'}
[177.425087] (rosbridge_library) StderrLine: {'line': b'Call Stack (most recent call first):\n'}
[177.425555] (rosbridge_library) StderrLine: {'line': b'  /opt/ros/foxy/install/share/ament_cmake_core/cmake/core/all.cmake:53 (include)\n'}
[177.426022] (rosbridge_library) StderrLine: {'line': b'  /opt/ros/foxy/install/share/ament_cmake_core/cmake/ament_cmake_core-extras.cmake:17 (include)\n'}
[177.426560] (rosbridge_library) StderrLine: {'line': b'  /opt/ros/foxy/install/share/ament_cmake_core/cmake/ament_cmake_coreConfig.cmake:41 (include)\n'}
[177.427126] (rosbridge_library) StderrLine: {'line': b'  /opt/ros/foxy/install/share/ament_cmake_test/cmake/ament_cmake_test-extras.cmake:39 (find_package)\n'}
[177.427606] (rosbridge_library) StderrLine: {'line': b'  /opt/ros/foxy/install/share/ament_cmake_test/cmake/ament_cmake_testConfig.cmake:41 (include)\n'}
[177.428092] (rosbridge_library) StderrLine: {'line': b'  /opt/ros/foxy/install/share/ament_cmake_pytest/cmake/ament_cmake_pytest-extras.cmake:17 (find_package)\n'}
[177.428574] (rosbridge_library) StderrLine: {'line': b'  /opt/ros/foxy/install/share/ament_cmake_pytest/cmake/ament_cmake_pytestConfig.cmake:41 (include)\n'}
[177.429052] (rosbridge_library) StderrLine: {'line': b'  /opt/ros/foxy/install/share/ament_cmake_ros/cmake/ament_cmake_ros-extras.cmake:19 (find_package)\n'}
[177.429509] (rosbridge_library) StderrLine: {'line': b'  /opt/ros/foxy/install/share/ament_cmake_ros/cmake/ament_cmake_rosConfig.cmake:41 (include)\n'}
[177.429959] (rosbridge_library) StderrLine: {'line': b'  CMakeLists.txt:4 (find_package)\n'}
[177.430398] (rosbridge_library) StderrLine: {'line': b'This warning is for project developers.  Use -Wno-dev to suppress it.\n'}
[177.430938] (rosbridge_library) StderrLine: {'line': b'\x1b[0m\n'}
[177.469110] (-) TimerEvent: {}
[177.534573] (rosbridge_library) StdoutLine: {'line': b'-- Found PythonInterp: /usr/bin/python3 (found suitable version "3.6.9", minimum required is "3") \n'}
[177.535510] (rosbridge_library) StdoutLine: {'line': b'-- Using PYTHON_EXECUTABLE: /usr/bin/python3\n'}
[177.569348] (-) TimerEvent: {}
[177.670165] (-) TimerEvent: {}
[177.770991] (-) TimerEvent: {}
[177.871732] (-) TimerEvent: {}
[177.972483] (-) TimerEvent: {}
[178.073286] (-) TimerEvent: {}
[178.174095] (-) TimerEvent: {}
[178.274891] (-) TimerEvent: {}
[178.375647] (-) TimerEvent: {}
[178.476445] (-) TimerEvent: {}
[178.577229] (-) TimerEvent: {}
[178.622219] (rosbridge_library) StdoutLine: {'line': b'-- Override CMake install command with custom implementation using symlinks instead of copying resources\n'}
[178.677401] (-) TimerEvent: {}
[178.778259] (-) TimerEvent: {}
[178.879128] (-) TimerEvent: {}
[178.979931] (-) TimerEvent: {}
[179.080677] (-) TimerEvent: {}
[179.181599] (-) TimerEvent: {}
[179.282423] (-) TimerEvent: {}
[179.383217] (-) TimerEvent: {}
[179.483966] (-) TimerEvent: {}
[179.584792] (-) TimerEvent: {}
[179.685613] (-) TimerEvent: {}
[179.786435] (-) TimerEvent: {}
[179.887236] (-) TimerEvent: {}
[179.987980] (-) TimerEvent: {}
[180.088786] (-) TimerEvent: {}
[180.189599] (-) TimerEvent: {}
[180.290406] (-) TimerEvent: {}
[180.391386] (-) TimerEvent: {}
[180.492195] (-) TimerEvent: {}
[180.592989] (-) TimerEvent: {}
[180.693780] (-) TimerEvent: {}
[180.794578] (-) TimerEvent: {}
[180.895390] (-) TimerEvent: {}
[180.996180] (-) TimerEvent: {}
[181.096981] (-) TimerEvent: {}
[181.197724] (-) TimerEvent: {}
[181.298522] (-) TimerEvent: {}
[181.399284] (-) TimerEvent: {}
[181.500082] (-) TimerEvent: {}
[181.600895] (-) TimerEvent: {}
[181.701709] (-) TimerEvent: {}
[181.802519] (-) TimerEvent: {}
[181.903368] (-) TimerEvent: {}
[182.004163] (-) TimerEvent: {}
[182.104911] (-) TimerEvent: {}
[182.205712] (-) TimerEvent: {}
[182.306503] (-) TimerEvent: {}
[182.407404] (-) TimerEvent: {}
[182.508186] (-) TimerEvent: {}
[182.609032] (-) TimerEvent: {}
[182.710793] (-) TimerEvent: {}
[182.811618] (-) TimerEvent: {}
[182.912850] (-) TimerEvent: {}
[183.014779] (-) TimerEvent: {}
[183.115607] (-) TimerEvent: {}
[183.218778] (-) TimerEvent: {}
[183.321462] (-) TimerEvent: {}
[183.426797] (-) TimerEvent: {}
[183.527621] (-) TimerEvent: {}
[183.628422] (-) TimerEvent: {}
[183.729233] (-) TimerEvent: {}
[183.830103] (-) TimerEvent: {}
[183.930975] (-) TimerEvent: {}
[184.031735] (-) TimerEvent: {}
[184.133441] (-) TimerEvent: {}
[184.236034] (-) TimerEvent: {}
[184.338681] (-) TimerEvent: {}
[184.442777] (-) TimerEvent: {}
[184.546798] (-) TimerEvent: {}
[184.647877] (-) TimerEvent: {}
[184.751726] (-) TimerEvent: {}
[184.854786] (-) TimerEvent: {}
[184.955658] (-) TimerEvent: {}
[185.058786] (-) TimerEvent: {}
[185.160856] (-) TimerEvent: {}
[185.261669] (-) TimerEvent: {}
[185.362589] (-) TimerEvent: {}
[185.463466] (-) TimerEvent: {}
[185.564210] (-) TimerEvent: {}
[185.664961] (-) TimerEvent: {}
[185.765714] (-) TimerEvent: {}
[185.866446] (-) TimerEvent: {}
[185.967279] (-) TimerEvent: {}
[186.068090] (-) TimerEvent: {}
[186.168896] (-) TimerEvent: {}
[186.173054] (rosbridge_library) StdoutLine: {'line': b'-- Configuring done (9.9s)\n'}
[186.186980] (rosbridge_library) StdoutLine: {'line': b'-- Generating done (0.0s)\n'}
[186.191769] (rosbridge_library) StdoutLine: {'line': b'-- Build files have been written to: /ros2_ws/build/rosbridge_library\n'}
[186.239694] (rosbridge_library) CommandEnded: {'returncode': 0}
[186.243329] (rosbridge_library) JobProgress: {'identifier': 'rosbridge_library', 'progress': 'build'}
[186.243540] (rosbridge_library) Command: {'cmd': ['/usr/local/bin/cmake', '--build', '/ros2_ws/build/rosbridge_library', '--', '-j4', '-l4'], 'cwd': '/ros2_ws/build/rosbridge_library', 'env': OrderedDict([('OPENBLAS_CORETYPE', 'ARMV8'), ('PYTHONIOENCODING', 'utf-8'), ('HOSTNAME', 'eyerobot-desktop'), ('LD_LIBRARY_PATH', '/ros2_ws/install/rosbridge_test_msgs/lib:/ros2_ws/src/install/rplidar_ros/lib:/ros2_ws/my_ros2_project/install/rosbridge_test_msgs/lib:/ros2_ws/my_ros2_project/install/rosbridge_msgs/lib:/ros2_ws/my_ros2_project/install/rosapi_msgs/lib:/opt/ros/foxy/install/opt/yaml_cpp_vendor/lib:/opt/ros/foxy/install/opt/rviz_ogre_vendor/lib:/opt/ros/foxy/install/lib:/usr/local/cuda-10.2/targets/aarch64-linux/lib'), ('SHLVL', '1'), ('OLDPWD', '/'), ('HOME', '/root'), ('ROS_PYTHON_VERSION', '3'), ('COLCON_PREFIX_PATH', '/ros2_ws/install:/opt/ros/foxy/install:/ros2_ws/src/install:/ros2_ws/my_ros2_project/install'), ('ROS_DISTRO', 'foxy'), ('_', '/usr/bin/colcon'), ('ROS_VERSION', '2'), ('NVIDIA_DRIVER_CAPABILITIES', 'all'), ('PKG_CONFIG_PATH', '/opt/ros/foxy/install/lib/aarch64-linux-gnu/pkgconfig:/opt/ros/foxy/install/lib/pkgconfig'), ('TERM', 'xterm'), ('ROS_LOCALHOST_ONLY', '0'), ('PATH', '/opt/ros/foxy/install/bin:/usr/local/cuda-10.2/bin:/usr/local/cuda/bin:/usr/local/sbin:/usr/local/bin:/usr/sbin:/usr/bin:/sbin:/bin'), ('LANG', 'en_US.UTF-8'), ('RMW_IMPLEMENTATION', 'rmw_cyclonedds_cpp'), ('LS_COLORS', 'rs=0:di=01;34:ln=01;36:mh=00:pi=40;33:so=01;35:do=01;35:bd=40;33;01:cd=40;33;01:or=40;31;01:mi=00:su=37;41:sg=30;43:ca=30;41:tw=30;42:ow=34;42:st=37;44:ex=01;32:*.tar=01;31:*.tgz=01;31:*.arc=01;31:*.arj=01;31:*.taz=01;31:*.lha=01;31:*.lz4=01;31:*.lzh=01;31:*.lzma=01;31:*.tlz=01;31:*.txz=01;31:*.tzo=01;31:*.t7z=01;31:*.zip=01;31:*.z=01;31:*.Z=01;31:*.dz=01;31:*.gz=01;31:*.lrz=01;31:*.lz=01;31:*.lzo=01;31:*.xz=01;31:*.zst=01;31:*.tzst=01;31:*.bz2=01;31:*.bz=01;31:*.tbz=01;31:*.tbz2=01;31:*.tz=01;31:*.deb=01;31:*.rpm=01;31:*.jar=01;31:*.war=01;31:*.ear=01;31:*.sar=01;31:*.rar=01;31:*.alz=01;31:*.ace=01;31:*.zoo=01;31:*.cpio=01;31:*.7z=01;31:*.rz=01;31:*.cab=01;31:*.wim=01;31:*.swm=01;31:*.dwm=01;31:*.esd=01;31:*.jpg=01;35:*.jpeg=01;35:*.mjpg=01;35:*.mjpeg=01;35:*.gif=01;35:*.bmp=01;35:*.pbm=01;35:*.pgm=01;35:*.ppm=01;35:*.tga=01;35:*.xbm=01;35:*.xpm=01;35:*.tif=01;35:*.tiff=01;35:*.png=01;35:*.svg=01;35:*.svgz=01;35:*.mng=01;35:*.pcx=01;35:*.mov=01;35:*.mpg=01;35:*.mpeg=01;35:*.m2v=01;35:*.mkv=01;35:*.webm=01;35:*.ogm=01;35:*.mp4=01;35:*.m4v=01;35:*.mp4v=01;35:*.vob=01;35:*.qt=01;35:*.nuv=01;35:*.wmv=01;35:*.asf=01;35:*.rm=01;35:*.rmvb=01;35:*.flc=01;35:*.avi=01;35:*.fli=01;35:*.flv=01;35:*.gl=01;35:*.dl=01;35:*.xcf=01;35:*.xwd=01;35:*.yuv=01;35:*.cgm=01;35:*.emf=01;35:*.ogv=01;35:*.ogx=01;35:*.aac=00;36:*.au=00;36:*.flac=00;36:*.m4a=00;36:*.mid=00;36:*.midi=00;36:*.mka=00;36:*.mp3=00;36:*.mpc=00;36:*.ogg=00;36:*.ra=00;36:*.wav=00;36:*.oga=00;36:*.opus=00;36:*.spx=00;36:*.xspf=00;36:'), ('ROS_ROOT', '/opt/ros/foxy'), ('AMENT_PREFIX_PATH', '/ros2_ws/install/rosbridge_test_msgs:/ros2_ws/install/rosbridge_suite:/ros2_ws/src/install/rplidar_ros:/opt/ros/foxy/install'), ('DEBIAN_FRONTEND', 'noninteractive'), ('SHELL', '/bin/bash'), ('PWD', '/ros2_ws/build/rosbridge_library'), ('PYTHONPATH', '/ros2_ws/install/rosbridge_test_msgs/lib/python3.6/site-packages:/ros2_ws/my_ros2_project/install/rosbridge_test_msgs/lib/python3.6/site-packages:/ros2_ws/my_ros2_project/install/rosbridge_server/lib/python3.6/site-packages:/ros2_ws/my_ros2_project/install/rosbridge_msgs/lib/python3.6/site-packages:/ros2_ws/my_ros2_project/install/rosapi/lib/python3.6/site-packages:/ros2_ws/my_ros2_project/install/rosbridge_library/lib/python3.6/site-packages:/ros2_ws/my_ros2_project/install/rosapi_msgs/lib/python3.6/site-packages:/opt/ros/foxy/install/lib/python3.6/site-packages'), ('NVIDIA_VISIBLE_DEVICES', 'all'), ('COLCON', '1'), ('CMAKE_PREFIX_PATH', '/ros2_ws/install/rosbridge_test_msgs:/ros2_ws/install/rosbridge_suite:/ros2_ws/src/install/rplidar_ros:/ros2_ws/my_ros2_project/install/rplidar_ros:/ros2_ws/my_ros2_project/install/rosbridge_test_msgs:/ros2_ws/my_ros2_project/install/rosbridge_server:/ros2_ws/my_ros2_project/install/rosbridge_msgs:/ros2_ws/my_ros2_project/install/rosapi:/ros2_ws/my_ros2_project/install/rosbridge_library:/ros2_ws/my_ros2_project/install/rosapi_msgs:/opt/ros/foxy/install')]), 'shell': False}
[186.269402] (-) TimerEvent: {}
[186.370908] (-) TimerEvent: {}
[186.454679] (rosbridge_library) CommandEnded: {'returncode': 0}
[186.471235] (-) TimerEvent: {}
[186.572194] (-) TimerEvent: {}
[186.665761] (rosbridge_library) JobProgress: {'identifier': 'rosbridge_library', 'progress': 'install'}
[186.666964] (rosbridge_library) Command: {'cmd': ['/usr/local/bin/cmake', '--install', '/ros2_ws/build/rosbridge_library'], 'cwd': '/ros2_ws/build/rosbridge_library', 'env': OrderedDict([('OPENBLAS_CORETYPE', 'ARMV8'), ('PYTHONIOENCODING', 'utf-8'), ('HOSTNAME', 'eyerobot-desktop'), ('LD_LIBRARY_PATH', '/ros2_ws/install/rosbridge_test_msgs/lib:/ros2_ws/src/install/rplidar_ros/lib:/ros2_ws/my_ros2_project/install/rosbridge_test_msgs/lib:/ros2_ws/my_ros2_project/install/rosbridge_msgs/lib:/ros2_ws/my_ros2_project/install/rosapi_msgs/lib:/opt/ros/foxy/install/opt/yaml_cpp_vendor/lib:/opt/ros/foxy/install/opt/rviz_ogre_vendor/lib:/opt/ros/foxy/install/lib:/usr/local/cuda-10.2/targets/aarch64-linux/lib'), ('SHLVL', '1'), ('OLDPWD', '/'), ('HOME', '/root'), ('ROS_PYTHON_VERSION', '3'), ('COLCON_PREFIX_PATH', '/ros2_ws/install:/opt/ros/foxy/install:/ros2_ws/src/install:/ros2_ws/my_ros2_project/install'), ('ROS_DISTRO', 'foxy'), ('_', '/usr/bin/colcon'), ('ROS_VERSION', '2'), ('NVIDIA_DRIVER_CAPABILITIES', 'all'), ('PKG_CONFIG_PATH', '/opt/ros/foxy/install/lib/aarch64-linux-gnu/pkgconfig:/opt/ros/foxy/install/lib/pkgconfig'), ('TERM', 'xterm'), ('ROS_LOCALHOST_ONLY', '0'), ('PATH', '/opt/ros/foxy/install/bin:/usr/local/cuda-10.2/bin:/usr/local/cuda/bin:/usr/local/sbin:/usr/local/bin:/usr/sbin:/usr/bin:/sbin:/bin'), ('LANG', 'en_US.UTF-8'), ('RMW_IMPLEMENTATION', 'rmw_cyclonedds_cpp'), ('LS_COLORS', 'rs=0:di=01;34:ln=01;36:mh=00:pi=40;33:so=01;35:do=01;35:bd=40;33;01:cd=40;33;01:or=40;31;01:mi=00:su=37;41:sg=30;43:ca=30;41:tw=30;42:ow=34;42:st=37;44:ex=01;32:*.tar=01;31:*.tgz=01;31:*.arc=01;31:*.arj=01;31:*.taz=01;31:*.lha=01;31:*.lz4=01;31:*.lzh=01;31:*.lzma=01;31:*.tlz=01;31:*.txz=01;31:*.tzo=01;31:*.t7z=01;31:*.zip=01;31:*.z=01;31:*.Z=01;31:*.dz=01;31:*.gz=01;31:*.lrz=01;31:*.lz=01;31:*.lzo=01;31:*.xz=01;31:*.zst=01;31:*.tzst=01;31:*.bz2=01;31:*.bz=01;31:*.tbz=01;31:*.tbz2=01;31:*.tz=01;31:*.deb=01;31:*.rpm=01;31:*.jar=01;31:*.war=01;31:*.ear=01;31:*.sar=01;31:*.rar=01;31:*.alz=01;31:*.ace=01;31:*.zoo=01;31:*.cpio=01;31:*.7z=01;31:*.rz=01;31:*.cab=01;31:*.wim=01;31:*.swm=01;31:*.dwm=01;31:*.esd=01;31:*.jpg=01;35:*.jpeg=01;35:*.mjpg=01;35:*.mjpeg=01;35:*.gif=01;35:*.bmp=01;35:*.pbm=01;35:*.pgm=01;35:*.ppm=01;35:*.tga=01;35:*.xbm=01;35:*.xpm=01;35:*.tif=01;35:*.tiff=01;35:*.png=01;35:*.svg=01;35:*.svgz=01;35:*.mng=01;35:*.pcx=01;35:*.mov=01;35:*.mpg=01;35:*.mpeg=01;35:*.m2v=01;35:*.mkv=01;35:*.webm=01;35:*.ogm=01;35:*.mp4=01;35:*.m4v=01;35:*.mp4v=01;35:*.vob=01;35:*.qt=01;35:*.nuv=01;35:*.wmv=01;35:*.asf=01;35:*.rm=01;35:*.rmvb=01;35:*.flc=01;35:*.avi=01;35:*.fli=01;35:*.flv=01;35:*.gl=01;35:*.dl=01;35:*.xcf=01;35:*.xwd=01;35:*.yuv=01;35:*.cgm=01;35:*.emf=01;35:*.ogv=01;35:*.ogx=01;35:*.aac=00;36:*.au=00;36:*.flac=00;36:*.m4a=00;36:*.mid=00;36:*.midi=00;36:*.mka=00;36:*.mp3=00;36:*.mpc=00;36:*.ogg=00;36:*.ra=00;36:*.wav=00;36:*.oga=00;36:*.opus=00;36:*.spx=00;36:*.xspf=00;36:'), ('ROS_ROOT', '/opt/ros/foxy'), ('AMENT_PREFIX_PATH', '/ros2_ws/install/rosbridge_test_msgs:/ros2_ws/install/rosbridge_suite:/ros2_ws/src/install/rplidar_ros:/opt/ros/foxy/install'), ('DEBIAN_FRONTEND', 'noninteractive'), ('SHELL', '/bin/bash'), ('PWD', '/ros2_ws/build/rosbridge_library'), ('PYTHONPATH', '/ros2_ws/install/rosbridge_test_msgs/lib/python3.6/site-packages:/ros2_ws/my_ros2_project/install/rosbridge_test_msgs/lib/python3.6/site-packages:/ros2_ws/my_ros2_project/install/rosbridge_server/lib/python3.6/site-packages:/ros2_ws/my_ros2_project/install/rosbridge_msgs/lib/python3.6/site-packages:/ros2_ws/my_ros2_project/install/rosapi/lib/python3.6/site-packages:/ros2_ws/my_ros2_project/install/rosbridge_library/lib/python3.6/site-packages:/ros2_ws/my_ros2_project/install/rosapi_msgs/lib/python3.6/site-packages:/opt/ros/foxy/install/lib/python3.6/site-packages'), ('NVIDIA_VISIBLE_DEVICES', 'all'), ('COLCON', '1'), ('CMAKE_PREFIX_PATH', '/ros2_ws/install/rosbridge_test_msgs:/ros2_ws/install/rosbridge_suite:/ros2_ws/src/install/rplidar_ros:/ros2_ws/my_ros2_project/install/rplidar_ros:/ros2_ws/my_ros2_project/install/rosbridge_test_msgs:/ros2_ws/my_ros2_project/install/rosbridge_server:/ros2_ws/my_ros2_project/install/rosbridge_msgs:/ros2_ws/my_ros2_project/install/rosapi:/ros2_ws/my_ros2_project/install/rosbridge_library:/ros2_ws/my_ros2_project/install/rosapi_msgs:/opt/ros/foxy/install')]), 'shell': False}
[186.673822] (-) TimerEvent: {}
[186.775803] (-) TimerEvent: {}
[186.820410] (rosbridge_library) StdoutLine: {'line': b'-- Install configuration: ""\n'}
[186.821941] (rosbridge_library) StdoutLine: {'line': b'-- Execute custom install script\n'}
[186.823579] (rosbridge_library) StdoutLine: {'line': b'-- Symlinking: /ros2_ws/install/rosbridge_library/share/rosbridge_library/environment/pythonpath.sh\n'}
[186.833443] (rosbridge_library) StdoutLine: {'line': b'-- Symlinking: /ros2_ws/install/rosbridge_library/share/rosbridge_library/environment/pythonpath.dsv\n'}
[186.847978] (rosbridge_library) StdoutLine: {'line': b'-- Symlinking: /ros2_ws/install/rosbridge_library/lib/python3.6/site-packages/rosbridge_library/__init__.py\n'}
[186.857433] (rosbridge_library) StdoutLine: {'line': b'-- Symlinking: /ros2_ws/install/rosbridge_library/lib/python3.6/site-packages/rosbridge_library/capabilities/__init__.py\n'}
[186.866813] (rosbridge_library) StdoutLine: {'line': b'-- Symlinking: /ros2_ws/install/rosbridge_library/lib/python3.6/site-packages/rosbridge_library/capabilities/advertise.py\n'}
[186.876184] (rosbridge_library) StdoutLine: {'line': b'-- Symlinking: /ros2_ws/install/rosbridge_library/lib/python3.6/site-packages/rosbridge_library/capabilities/advertise_service.py\n'}
[186.877053] (-) TimerEvent: {}
[186.887132] (rosbridge_library) StdoutLine: {'line': b'-- Symlinking: /ros2_ws/install/rosbridge_library/lib/python3.6/site-packages/rosbridge_library/capabilities/call_service.py\n'}
[186.896072] (rosbridge_library) StdoutLine: {'line': b'-- Symlinking: /ros2_ws/install/rosbridge_library/lib/python3.6/site-packages/rosbridge_library/capabilities/defragmentation.py\n'}
[186.905196] (rosbridge_library) StdoutLine: {'line': b'-- Symlinking: /ros2_ws/install/rosbridge_library/lib/python3.6/site-packages/rosbridge_library/capabilities/fragmentation.py\n'}
[186.914487] (rosbridge_library) StdoutLine: {'line': b'-- Symlinking: /ros2_ws/install/rosbridge_library/lib/python3.6/site-packages/rosbridge_library/capabilities/publish.py\n'}
[186.924147] (rosbridge_library) StdoutLine: {'line': b'-- Symlinking: /ros2_ws/install/rosbridge_library/lib/python3.6/site-packages/rosbridge_library/capabilities/service_response.py\n'}
[186.933025] (rosbridge_library) StdoutLine: {'line': b'-- Symlinking: /ros2_ws/install/rosbridge_library/lib/python3.6/site-packages/rosbridge_library/capabilities/subscribe.py\n'}
[186.942087] (rosbridge_library) StdoutLine: {'line': b'-- Symlinking: /ros2_ws/install/rosbridge_library/lib/python3.6/site-packages/rosbridge_library/capabilities/unadvertise_service.py\n'}
[186.951003] (rosbridge_library) StdoutLine: {'line': b'-- Symlinking: /ros2_ws/install/rosbridge_library/lib/python3.6/site-packages/rosbridge_library/capability.py\n'}
[186.960142] (rosbridge_library) StdoutLine: {'line': b'-- Symlinking: /ros2_ws/install/rosbridge_library/lib/python3.6/site-packages/rosbridge_library/internal/__init__.py\n'}
[186.969384] (rosbridge_library) StdoutLine: {'line': b'-- Symlinking: /ros2_ws/install/rosbridge_library/lib/python3.6/site-packages/rosbridge_library/internal/cbor_conversion.py\n'}
[186.977304] (-) TimerEvent: {}
[186.978689] (rosbridge_library) StdoutLine: {'line': b'-- Symlinking: /ros2_ws/install/rosbridge_library/lib/python3.6/site-packages/rosbridge_library/internal/exceptions.py\n'}
[186.987842] (rosbridge_library) StdoutLine: {'line': b'-- Symlinking: /ros2_ws/install/rosbridge_library/lib/python3.6/site-packages/rosbridge_library/internal/message_conversion.py\n'}
[186.996926] (rosbridge_library) StdoutLine: {'line': b'-- Symlinking: /ros2_ws/install/rosbridge_library/lib/python3.6/site-packages/rosbridge_library/internal/outgoing_message.py\n'}
[187.005899] (rosbridge_library) StdoutLine: {'line': b'-- Symlinking: /ros2_ws/install/rosbridge_library/lib/python3.6/site-packages/rosbridge_library/internal/pngcompression.py\n'}
[187.015717] (rosbridge_library) StdoutLine: {'line': b'-- Symlinking: /ros2_ws/install/rosbridge_library/lib/python3.6/site-packages/rosbridge_library/internal/publishers.py\n'}
[187.024627] (rosbridge_library) StdoutLine: {'line': b'-- Symlinking: /ros2_ws/install/rosbridge_library/lib/python3.6/site-packages/rosbridge_library/internal/ros_loader.py\n'}
[187.033425] (rosbridge_library) StdoutLine: {'line': b'-- Symlinking: /ros2_ws/install/rosbridge_library/lib/python3.6/site-packages/rosbridge_library/internal/services.py\n'}
[187.042503] (rosbridge_library) StdoutLine: {'line': b'-- Symlinking: /ros2_ws/install/rosbridge_library/lib/python3.6/site-packages/rosbridge_library/internal/subscribers.py\n'}
[187.051532] (rosbridge_library) StdoutLine: {'line': b'-- Symlinking: /ros2_ws/install/rosbridge_library/lib/python3.6/site-packages/rosbridge_library/internal/subscription_modifiers.py\n'}
[187.060574] (rosbridge_library) StdoutLine: {'line': b'-- Symlinking: /ros2_ws/install/rosbridge_library/lib/python3.6/site-packages/rosbridge_library/internal/topics.py\n'}
[187.069388] (rosbridge_library) StdoutLine: {'line': b'-- Symlinking: /ros2_ws/install/rosbridge_library/lib/python3.6/site-packages/rosbridge_library/protocol.py\n'}
[187.078346] (rosbridge_library) StdoutLine: {'line': b'-- Symlinking: /ros2_ws/install/rosbridge_library/lib/python3.6/site-packages/rosbridge_library/rosbridge_protocol.py\n'}
[187.079165] (-) TimerEvent: {}
[187.088320] (rosbridge_library) StdoutLine: {'line': b'-- Symlinking: /ros2_ws/install/rosbridge_library/lib/python3.6/site-packages/rosbridge_library/util/__init__.py\n'}
[187.097389] (rosbridge_library) StdoutLine: {'line': b'-- Symlinking: /ros2_ws/install/rosbridge_library/lib/python3.6/site-packages/rosbridge_library/util/cbor.py\n'}
[187.107014] (rosbridge_library) StdoutLine: {'line': b'-- Symlinking: /ros2_ws/install/rosbridge_library/share/ament_index/resource_index/package_run_dependencies/rosbridge_library\n'}
[187.117720] (rosbridge_library) StdoutLine: {'line': b'-- Symlinking: /ros2_ws/install/rosbridge_library/share/ament_index/resource_index/parent_prefix_path/rosbridge_library\n'}
[187.140069] (rosbridge_library) StdoutLine: {'line': b'-- Symlinking: /ros2_ws/install/rosbridge_library/share/rosbridge_library/environment/ament_prefix_path.sh\n'}
[187.147696] (rosbridge_library) StdoutLine: {'line': b'-- Symlinking: /ros2_ws/install/rosbridge_library/share/rosbridge_library/environment/ament_prefix_path.dsv\n'}
[187.157248] (rosbridge_library) StdoutLine: {'line': b'-- Symlinking: /ros2_ws/install/rosbridge_library/share/rosbridge_library/environment/path.sh\n'}
[187.166140] (rosbridge_library) StdoutLine: {'line': b'-- Symlinking: /ros2_ws/install/rosbridge_library/share/rosbridge_library/environment/path.dsv\n'}
[187.175402] (rosbridge_library) StdoutLine: {'line': b'-- Symlinking: /ros2_ws/install/rosbridge_library/share/rosbridge_library/local_setup.bash\n'}
[187.179333] (-) TimerEvent: {}
[187.184973] (rosbridge_library) StdoutLine: {'line': b'-- Symlinking: /ros2_ws/install/rosbridge_library/share/rosbridge_library/local_setup.sh\n'}
[187.194354] (rosbridge_library) StdoutLine: {'line': b'-- Symlinking: /ros2_ws/install/rosbridge_library/share/rosbridge_library/local_setup.zsh\n'}
[187.203747] (rosbridge_library) StdoutLine: {'line': b'-- Symlinking: /ros2_ws/install/rosbridge_library/share/rosbridge_library/local_setup.dsv\n'}
[187.213809] (rosbridge_library) StdoutLine: {'line': b'-- Symlinking: /ros2_ws/install/rosbridge_library/share/rosbridge_library/package.dsv\n'}
[187.223874] (rosbridge_library) StdoutLine: {'line': b'-- Symlinking: /ros2_ws/install/rosbridge_library/share/ament_index/resource_index/packages/rosbridge_library\n'}
[187.234273] (rosbridge_library) StdoutLine: {'line': b'-- Symlinking: /ros2_ws/install/rosbridge_library/share/rosbridge_library/cmake/rosbridge_libraryConfig.cmake\n'}
[187.243533] (rosbridge_library) StdoutLine: {'line': b'-- Symlinking: /ros2_ws/install/rosbridge_library/share/rosbridge_library/cmake/rosbridge_libraryConfig-version.cmake\n'}
[187.252573] (rosbridge_library) StdoutLine: {'line': b'-- Symlinking: /ros2_ws/install/rosbridge_library/share/rosbridge_library/package.xml\n'}
[187.279559] (-) TimerEvent: {}
[187.380293] (-) TimerEvent: {}
[187.481091] (-) TimerEvent: {}
[187.504271] (rosbridge_library) StdoutLine: {'line': b"Listing '/ros2_ws/install/rosbridge_library/lib/python3.6/site-packages/rosbridge_library'...\n"}
[187.505050] (rosbridge_library) StdoutLine: {'line': b"Compiling '/ros2_ws/install/rosbridge_library/lib/python3.6/site-packages/rosbridge_library/__init__.py'...\n"}
[187.505649] (rosbridge_library) StdoutLine: {'line': b"Listing '/ros2_ws/install/rosbridge_library/lib/python3.6/site-packages/rosbridge_library/capabilities'...\n"}
[187.506232] (rosbridge_library) StdoutLine: {'line': b"Compiling '/ros2_ws/install/rosbridge_library/lib/python3.6/site-packages/rosbridge_library/capabilities/__init__.py'...\n"}
[187.506912] (rosbridge_library) StdoutLine: {'line': b"Compiling '/ros2_ws/install/rosbridge_library/lib/python3.6/site-packages/rosbridge_library/capabilities/advertise.py'...\n"}
[187.507496] (rosbridge_library) StdoutLine: {'line': b"Compiling '/ros2_ws/install/rosbridge_library/lib/python3.6/site-packages/rosbridge_library/capabilities/advertise_service.py'...\n"}
[187.508113] (rosbridge_library) StdoutLine: {'line': b"Compiling '/ros2_ws/install/rosbridge_library/lib/python3.6/site-packages/rosbridge_library/capabilities/call_service.py'...\n"}
[187.508885] (rosbridge_library) StdoutLine: {'line': b"Compiling '/ros2_ws/install/rosbridge_library/lib/python3.6/site-packages/rosbridge_library/capabilities/defragmentation.py'...\n"}
[187.509593] (rosbridge_library) StdoutLine: {'line': b"Compiling '/ros2_ws/install/rosbridge_library/lib/python3.6/site-packages/rosbridge_library/capabilities/fragmentation.py'...\n"}
[187.510227] (rosbridge_library) StdoutLine: {'line': b"Compiling '/ros2_ws/install/rosbridge_library/lib/python3.6/site-packages/rosbridge_library/capabilities/publish.py'...\n"}
[187.510913] (rosbridge_library) StdoutLine: {'line': b"Compiling '/ros2_ws/install/rosbridge_library/lib/python3.6/site-packages/rosbridge_library/capabilities/service_response.py'...\n"}
[187.511664] (rosbridge_library) StdoutLine: {'line': b"Compiling '/ros2_ws/install/rosbridge_library/lib/python3.6/site-packages/rosbridge_library/capabilities/subscribe.py'...\n"}
[187.512361] (rosbridge_library) StdoutLine: {'line': b"Compiling '/ros2_ws/install/rosbridge_library/lib/python3.6/site-packages/rosbridge_library/capabilities/unadvertise_service.py'...\n"}
[187.513017] (rosbridge_library) StdoutLine: {'line': b"Compiling '/ros2_ws/install/rosbridge_library/lib/python3.6/site-packages/rosbridge_library/capability.py'...\n"}
[187.513672] (rosbridge_library) StdoutLine: {'line': b"Listing '/ros2_ws/install/rosbridge_library/lib/python3.6/site-packages/rosbridge_library/internal'...\n"}
[187.514356] (rosbridge_library) StdoutLine: {'line': b"Compiling '/ros2_ws/install/rosbridge_library/lib/python3.6/site-packages/rosbridge_library/internal/__init__.py'...\n"}
[187.515181] (rosbridge_library) StdoutLine: {'line': b"Compiling '/ros2_ws/install/rosbridge_library/lib/python3.6/site-packages/rosbridge_library/internal/cbor_conversion.py'...\n"}
[187.516164] (rosbridge_library) StdoutLine: {'line': b"Compiling '/ros2_ws/install/rosbridge_library/lib/python3.6/site-packages/rosbridge_library/internal/exceptions.py'...\n"}
[187.516774] (rosbridge_library) StdoutLine: {'line': b"Compiling '/ros2_ws/install/rosbridge_library/lib/python3.6/site-packages/rosbridge_library/internal/message_conversion.py'...\n"}
[187.517321] (rosbridge_library) StdoutLine: {'line': b"Compiling '/ros2_ws/install/rosbridge_library/lib/python3.6/site-packages/rosbridge_library/internal/outgoing_message.py'...\n"}
[187.517833] (rosbridge_library) StdoutLine: {'line': b"Compiling '/ros2_ws/install/rosbridge_library/lib/python3.6/site-packages/rosbridge_library/internal/pngcompression.py'...\n"}
[187.518345] (rosbridge_library) StdoutLine: {'line': b"Compiling '/ros2_ws/install/rosbridge_library/lib/python3.6/site-packages/rosbridge_library/internal/publishers.py'...\n"}
[187.519100] (rosbridge_library) StdoutLine: {'line': b"Compiling '/ros2_ws/install/rosbridge_library/lib/python3.6/site-packages/rosbridge_library/internal/ros_loader.py'...\n"}
[187.519759] (rosbridge_library) StdoutLine: {'line': b"Compiling '/ros2_ws/install/rosbridge_library/lib/python3.6/site-packages/rosbridge_library/internal/services.py'...\n"}
[187.520328] (rosbridge_library) StdoutLine: {'line': b"Compiling '/ros2_ws/install/rosbridge_library/lib/python3.6/site-packages/rosbridge_library/internal/subscribers.py'...\n"}
[187.520860] (rosbridge_library) StdoutLine: {'line': b"Compiling '/ros2_ws/install/rosbridge_library/lib/python3.6/site-packages/rosbridge_library/internal/subscription_modifiers.py'...\n"}
[187.521397] (rosbridge_library) StdoutLine: {'line': b"Compiling '/ros2_ws/install/rosbridge_library/lib/python3.6/site-packages/rosbridge_library/internal/topics.py'...\n"}
[187.521941] (rosbridge_library) StdoutLine: {'line': b"Compiling '/ros2_ws/install/rosbridge_library/lib/python3.6/site-packages/rosbridge_library/protocol.py'...\n"}
[187.522493] (rosbridge_library) StdoutLine: {'line': b"Compiling '/ros2_ws/install/rosbridge_library/lib/python3.6/site-packages/rosbridge_library/rosbridge_protocol.py'...\n"}
[187.523154] (rosbridge_library) StdoutLine: {'line': b"Listing '/ros2_ws/install/rosbridge_library/lib/python3.6/site-packages/rosbridge_library/util'...\n"}
[187.523952] (rosbridge_library) StdoutLine: {'line': b"Compiling '/ros2_ws/install/rosbridge_library/lib/python3.6/site-packages/rosbridge_library/util/__init__.py'...\n"}
[187.524508] (rosbridge_library) StdoutLine: {'line': b"Compiling '/ros2_ws/install/rosbridge_library/lib/python3.6/site-packages/rosbridge_library/util/cbor.py'...\n"}
[187.559353] (rosbridge_library) CommandEnded: {'returncode': 0}
[187.581343] (-) TimerEvent: {}
[187.688484] (-) TimerEvent: {}
[187.789678] (-) TimerEvent: {}
[187.860251] (rosbridge_library) JobEnded: {'identifier': 'rosbridge_library', 'rc': 0}
[187.889856] (-) TimerEvent: {}
[187.990705] (-) TimerEvent: {}
[188.091549] (-) TimerEvent: {}
[188.192391] (-) TimerEvent: {}
[188.293166] (-) TimerEvent: {}
[188.393915] (-) TimerEvent: {}
[188.494879] (-) TimerEvent: {}
[188.595654] (-) TimerEvent: {}
[188.696431] (-) TimerEvent: {}
[188.797198] (-) TimerEvent: {}
[188.897996] (-) TimerEvent: {}
[188.998762] (-) TimerEvent: {}
[189.099542] (-) TimerEvent: {}
[189.200333] (-) TimerEvent: {}
[189.301107] (-) TimerEvent: {}
[189.401883] (-) TimerEvent: {}
[189.502702] (-) TimerEvent: {}
[189.603417] (-) TimerEvent: {}
[189.704141] (-) TimerEvent: {}
[189.804993] (-) TimerEvent: {}
[189.905700] (-) TimerEvent: {}
[190.006414] (-) TimerEvent: {}
[190.107178] (-) TimerEvent: {}
[190.207908] (-) TimerEvent: {}
[190.308622] (-) TimerEvent: {}
[190.409387] (-) TimerEvent: {}
[190.510096] (-) TimerEvent: {}
[190.610796] (-) TimerEvent: {}
[190.711551] (-) TimerEvent: {}
[190.812261] (-) TimerEvent: {}
[190.913019] (-) TimerEvent: {}
[191.013798] (-) TimerEvent: {}
[191.114567] (-) TimerEvent: {}
[191.215386] (-) TimerEvent: {}
[191.316164] (-) TimerEvent: {}
[191.416932] (-) TimerEvent: {}
[191.517653] (-) TimerEvent: {}
[191.618422] (-) TimerEvent: {}
[191.719169] (-) TimerEvent: {}
[191.819886] (-) TimerEvent: {}
[191.920653] (-) TimerEvent: {}
[192.021416] (-) TimerEvent: {}
[192.122128] (-) TimerEvent: {}
[192.222962] (-) TimerEvent: {}
[192.323765] (-) TimerEvent: {}
[192.424534] (-) TimerEvent: {}
[192.525294] (-) TimerEvent: {}
[192.626029] (-) TimerEvent: {}
[192.726855] (-) TimerEvent: {}
[192.827621] (-) TimerEvent: {}
[192.928386] (-) TimerEvent: {}
[193.029147] (-) TimerEvent: {}
[193.129917] (-) TimerEvent: {}
[193.230775] (-) TimerEvent: {}
[193.331551] (-) TimerEvent: {}
[193.432312] (-) TimerEvent: {}
[193.533077] (-) TimerEvent: {}
[193.633795] (-) TimerEvent: {}
[193.734700] (-) TimerEvent: {}
[193.835470] (-) TimerEvent: {}
[193.936186] (-) TimerEvent: {}
[194.036963] (-) TimerEvent: {}
[194.137738] (-) TimerEvent: {}
[194.238519] (-) TimerEvent: {}
[194.339356] (-) TimerEvent: {}
[194.440127] (-) TimerEvent: {}
[194.540849] (-) TimerEvent: {}
[194.641574] (-) TimerEvent: {}
[194.742336] (-) TimerEvent: {}
[194.843156] (-) TimerEvent: {}
[194.943919] (-) TimerEvent: {}
[195.044676] (-) TimerEvent: {}
[195.145431] (-) TimerEvent: {}
[195.246187] (-) TimerEvent: {}
[195.346923] (-) TimerEvent: {}
[195.447691] (-) TimerEvent: {}
[195.548453] (-) TimerEvent: {}
[195.649218] (-) TimerEvent: {}
[195.749972] (-) TimerEvent: {}
[195.850756] (-) TimerEvent: {}
[195.951461] (-) TimerEvent: {}
[196.052216] (-) TimerEvent: {}
[196.152971] (-) TimerEvent: {}
[196.253741] (-) TimerEvent: {}
[196.354525] (-) TimerEvent: {}
[196.455253] (-) TimerEvent: {}
[196.556010] (-) TimerEvent: {}
[196.656746] (-) TimerEvent: {}
[196.757445] (-) TimerEvent: {}
[196.858143] (-) TimerEvent: {}
[196.958881] (-) TimerEvent: {}
[197.059638] (-) TimerEvent: {}
[197.160387] (-) TimerEvent: {}
[197.261136] (-) TimerEvent: {}
[197.361888] (-) TimerEvent: {}
[197.462682] (-) TimerEvent: {}
[197.563433] (-) TimerEvent: {}
[197.664135] (-) TimerEvent: {}
[197.764892] (-) TimerEvent: {}
[197.865648] (-) TimerEvent: {}
[197.966396] (-) TimerEvent: {}
[198.067212] (-) TimerEvent: {}
[198.167965] (-) TimerEvent: {}
[198.268712] (-) TimerEvent: {}
[198.369469] (-) TimerEvent: {}
[198.470230] (-) TimerEvent: {}
[198.571048] (-) TimerEvent: {}
[198.671789] (-) TimerEvent: {}
[198.772486] (-) TimerEvent: {}
[198.873189] (-) TimerEvent: {}
[198.973977] (-) TimerEvent: {}
[199.074753] (-) TimerEvent: {}
[199.175499] (-) TimerEvent: {}
[199.276209] (-) TimerEvent: {}
[199.376961] (-) TimerEvent: {}
[199.477709] (-) TimerEvent: {}
[199.578463] (-) TimerEvent: {}
[199.679271] (-) TimerEvent: {}
[199.779971] (-) TimerEvent: {}
[199.880724] (-) TimerEvent: {}
[199.981475] (-) TimerEvent: {}
[200.082232] (-) TimerEvent: {}
[200.183044] (-) TimerEvent: {}
[200.283790] (-) TimerEvent: {}
[200.384542] (-) TimerEvent: {}
[200.485286] (-) TimerEvent: {}
[200.586034] (-) TimerEvent: {}
[200.686815] (-) TimerEvent: {}
[200.787550] (-) TimerEvent: {}
[200.888340] (-) TimerEvent: {}
[200.989149] (-) TimerEvent: {}
[201.089955] (-) TimerEvent: {}
[201.152827] (rosapi_msgs) StdoutLine: {'line': b'[ 85%] Built target rosapi_msgs__py\n'}
[201.190212] (-) TimerEvent: {}
[201.194495] (rosapi_msgs) StdoutLine: {'line': b'[ 87%] \x1b[32mBuilding C object CMakeFiles/rosapi_msgs__python.dir/rosidl_generator_py/rosapi_msgs/msg/_type_def_s.c.o\x1b[0m\n'}
[201.195419] (rosapi_msgs) StdoutLine: {'line': b'[ 87%] \x1b[32mBuilding C object CMakeFiles/rosapi_msgs__python.dir/rosidl_generator_py/rosapi_msgs/srv/_get_action_servers_s.c.o\x1b[0m\n'}
[201.196329] (rosapi_msgs) StdoutLine: {'line': b'[ 87%] \x1b[32mBuilding C object CMakeFiles/rosapi_msgs__python.dir/rosidl_generator_py/rosapi_msgs/srv/_get_param_s.c.o\x1b[0m\n'}
[201.199558] (rosapi_msgs) StdoutLine: {'line': b'[ 87%] \x1b[32mBuilding C object CMakeFiles/rosapi_msgs__python.dir/rosidl_generator_py/rosapi_msgs/srv/_delete_param_s.c.o\x1b[0m\n'}
[201.290416] (-) TimerEvent: {}
[201.391429] (-) TimerEvent: {}
[201.493286] (-) TimerEvent: {}
[201.555580] (rosapi_msgs) StdoutLine: {'line': b'[ 88%] \x1b[32mBuilding C object CMakeFiles/rosapi_msgs__python.dir/rosidl_generator_py/rosapi_msgs/srv/_get_param_names_s.c.o\x1b[0m\n'}
[201.573231] (rosapi_msgs) StdoutLine: {'line': b'[ 88%] \x1b[32mBuilding C object CMakeFiles/rosapi_msgs__python.dir/rosidl_generator_py/rosapi_msgs/srv/_get_ros_version_s.c.o\x1b[0m\n'}
[201.582429] (rosapi_msgs) StdoutLine: {'line': b'[ 89%] \x1b[32mBuilding C object CMakeFiles/rosapi_msgs__python.dir/rosidl_generator_py/rosapi_msgs/srv/_get_time_s.c.o\x1b[0m\n'}
[201.593510] (-) TimerEvent: {}
[201.694427] (-) TimerEvent: {}
[201.765462] (rosapi_msgs) StdoutLine: {'line': b'[ 89%] \x1b[32mBuilding C object CMakeFiles/rosapi_msgs__python.dir/rosidl_generator_py/rosapi_msgs/srv/_has_param_s.c.o\x1b[0m\n'}
[201.794726] (-) TimerEvent: {}
[201.895611] (-) TimerEvent: {}
[201.932507] (rosapi_msgs) StdoutLine: {'line': b'[ 89%] \x1b[32mBuilding C object CMakeFiles/rosapi_msgs__python.dir/rosidl_generator_py/rosapi_msgs/srv/_message_details_s.c.o\x1b[0m\n'}
[201.949530] (rosapi_msgs) StdoutLine: {'line': b'[ 90%] \x1b[32mBuilding C object CMakeFiles/rosapi_msgs__python.dir/rosidl_generator_py/rosapi_msgs/srv/_nodes_s.c.o\x1b[0m\n'}
[201.960256] (rosapi_msgs) StdoutLine: {'line': b'[ 90%] \x1b[32mBuilding C object CMakeFiles/rosapi_msgs__python.dir/rosidl_generator_py/rosapi_msgs/srv/_node_details_s.c.o\x1b[0m\n'}
[201.995807] (-) TimerEvent: {}
[202.096708] (-) TimerEvent: {}
[202.149149] (rosapi_msgs) StdoutLine: {'line': b'[ 91%] \x1b[32mBuilding C object CMakeFiles/rosapi_msgs__python.dir/rosidl_generator_py/rosapi_msgs/srv/_publishers_s.c.o\x1b[0m\n'}
[202.196948] (-) TimerEvent: {}
[202.297819] (-) TimerEvent: {}
[202.311002] (rosapi_msgs) StdoutLine: {'line': b'[ 91%] \x1b[32mBuilding C object CMakeFiles/rosapi_msgs__python.dir/rosidl_generator_py/rosapi_msgs/srv/_service_node_s.c.o\x1b[0m\n'}
[202.351951] (rosapi_msgs) StdoutLine: {'line': b'[ 92%] \x1b[32mBuilding C object CMakeFiles/rosapi_msgs__python.dir/rosidl_generator_py/rosapi_msgs/srv/_service_providers_s.c.o\x1b[0m\n'}
[202.398037] (-) TimerEvent: {}
[202.447686] (rosapi_msgs) StdoutLine: {'line': b'[ 92%] \x1b[32mBuilding C object CMakeFiles/rosapi_msgs__python.dir/rosidl_generator_py/rosapi_msgs/srv/_service_request_details_s.c.o\x1b[0m\n'}
[202.498302] (-) TimerEvent: {}
[202.557999] (rosapi_msgs) StdoutLine: {'line': b'[ 93%] \x1b[32mBuilding C object CMakeFiles/rosapi_msgs__python.dir/rosidl_generator_py/rosapi_msgs/srv/_service_response_details_s.c.o\x1b[0m\n'}
[202.598573] (-) TimerEvent: {}
[202.701848] (-) TimerEvent: {}
[202.705134] (rosapi_msgs) StdoutLine: {'line': b'[ 93%] \x1b[32mBuilding C object CMakeFiles/rosapi_msgs__python.dir/rosidl_generator_py/rosapi_msgs/srv/_services_s.c.o\x1b[0m\n'}
[202.757177] (rosapi_msgs) StdoutLine: {'line': b'[ 93%] \x1b[32mBuilding C object CMakeFiles/rosapi_msgs__python.dir/rosidl_generator_py/rosapi_msgs/srv/_services_for_type_s.c.o\x1b[0m\n'}
[202.802073] (-) TimerEvent: {}
[202.831104] (rosapi_msgs) StdoutLine: {'line': b'[ 94%] \x1b[32mBuilding C object CMakeFiles/rosapi_msgs__python.dir/rosidl_generator_py/rosapi_msgs/srv/_service_type_s.c.o\x1b[0m\n'}
[202.902291] (-) TimerEvent: {}
[202.950894] (rosapi_msgs) StdoutLine: {'line': b'[ 94%] \x1b[32mBuilding C object CMakeFiles/rosapi_msgs__python.dir/rosidl_generator_py/rosapi_msgs/srv/_set_param_s.c.o\x1b[0m\n'}
[203.002521] (-) TimerEvent: {}
[203.090321] (rosapi_msgs) StdoutLine: {'line': b'[ 95%] \x1b[32mBuilding C object CMakeFiles/rosapi_msgs__python.dir/rosidl_generator_py/rosapi_msgs/srv/_subscribers_s.c.o\x1b[0m\n'}
[203.102753] (-) TimerEvent: {}
[203.145844] (rosapi_msgs) StdoutLine: {'line': b'[ 95%] \x1b[32mBuilding C object CMakeFiles/rosapi_msgs__python.dir/rosidl_generator_py/rosapi_msgs/srv/_topics_s.c.o\x1b[0m\n'}
[203.202954] (-) TimerEvent: {}
[203.210085] (rosapi_msgs) StdoutLine: {'line': b'[ 96%] \x1b[32mBuilding C object CMakeFiles/rosapi_msgs__python.dir/rosidl_generator_py/rosapi_msgs/srv/_topics_and_raw_types_s.c.o\x1b[0m\n'}
[203.303153] (-) TimerEvent: {}
[203.310004] (rosapi_msgs) StdoutLine: {'line': b'[ 96%] \x1b[32mBuilding C object CMakeFiles/rosapi_msgs__python.dir/rosidl_generator_py/rosapi_msgs/srv/_topics_for_type_s.c.o\x1b[0m\n'}
[203.403370] (-) TimerEvent: {}
[203.487091] (rosapi_msgs) StdoutLine: {'line': b'[ 97%] \x1b[32mBuilding C object CMakeFiles/rosapi_msgs__python.dir/rosidl_generator_py/rosapi_msgs/srv/_topic_type_s.c.o\x1b[0m\n'}
[203.503573] (-) TimerEvent: {}
[203.605943] (-) TimerEvent: {}
[203.708493] (-) TimerEvent: {}
[203.809259] (-) TimerEvent: {}
[203.828792] (rosapi_msgs) StdoutLine: {'line': b'[ 97%] \x1b[32m\x1b[1mLinking C shared library rosidl_generator_py/rosapi_msgs/librosapi_msgs__python.so\x1b[0m\n'}
[203.909526] (-) TimerEvent: {}
[203.963928] (rosapi_msgs) StdoutLine: {'line': b'[ 97%] Built target rosapi_msgs__python\n'}
[204.000210] (rosapi_msgs) StdoutLine: {'line': b'[100%] \x1b[32mBuilding C object CMakeFiles/rosapi_msgs__rosidl_typesupport_introspection_c__pyext.dir/rosidl_generator_py/rosapi_msgs/_rosapi_msgs_s.ep.rosidl_typesupport_introspection_c.c.o\x1b[0m\n'}
[204.001029] (rosapi_msgs) StdoutLine: {'line': b'[100%] \x1b[32mBuilding C object CMakeFiles/rosapi_msgs__rosidl_typesupport_fastrtps_c__pyext.dir/rosidl_generator_py/rosapi_msgs/_rosapi_msgs_s.ep.rosidl_typesupport_fastrtps_c.c.o\x1b[0m\n'}
[204.001673] (rosapi_msgs) StdoutLine: {'line': b'[100%] \x1b[32mBuilding C object CMakeFiles/rosapi_msgs__rosidl_typesupport_c__pyext.dir/rosidl_generator_py/rosapi_msgs/_rosapi_msgs_s.ep.rosidl_typesupport_c.c.o\x1b[0m\n'}
[204.009775] (-) TimerEvent: {}
[204.110693] (-) TimerEvent: {}
[204.211498] (-) TimerEvent: {}
[204.312371] (-) TimerEvent: {}
[204.413252] (-) TimerEvent: {}
[204.514768] (-) TimerEvent: {}
[204.615580] (-) TimerEvent: {}
[204.716996] (-) TimerEvent: {}
[204.818309] (-) TimerEvent: {}
[204.919129] (-) TimerEvent: {}
[205.020440] (-) TimerEvent: {}
[205.121876] (-) TimerEvent: {}
[205.222752] (-) TimerEvent: {}
[205.324991] (-) TimerEvent: {}
[205.345180] (rosapi_msgs) StdoutLine: {'line': b'[100%] \x1b[32m\x1b[1mLinking C shared library rosidl_generator_py/rosapi_msgs/rosapi_msgs_s__rosidl_typesupport_introspection_c.cpython-36m-aarch64-linux-gnu.so\x1b[0m\n'}
[205.360454] (rosapi_msgs) StdoutLine: {'line': b'[100%] \x1b[32m\x1b[1mLinking CXX shared library rosidl_generator_py/rosapi_msgs/rosapi_msgs_s__rosidl_typesupport_fastrtps_c.cpython-36m-aarch64-linux-gnu.so\x1b[0m\n'}
[205.375777] (rosapi_msgs) StdoutLine: {'line': b'[100%] \x1b[32m\x1b[1mLinking C shared library rosidl_generator_py/rosapi_msgs/rosapi_msgs_s__rosidl_typesupport_c.cpython-36m-aarch64-linux-gnu.so\x1b[0m\n'}
[205.425313] (-) TimerEvent: {}
[205.468094] (rosapi_msgs) StdoutLine: {'line': b'[100%] Built target rosapi_msgs__rosidl_typesupport_introspection_c__pyext\n'}
[205.496140] (rosapi_msgs) StdoutLine: {'line': b'[100%] Built target rosapi_msgs__rosidl_typesupport_c__pyext\n'}
[205.525571] (-) TimerEvent: {}
[205.588330] (rosapi_msgs) StdoutLine: {'line': b'[100%] Built target rosapi_msgs__rosidl_typesupport_fastrtps_c__pyext\n'}
[205.625834] (-) TimerEvent: {}
[205.646100] (rosapi_msgs) CommandEnded: {'returncode': 0}
[205.726180] (-) TimerEvent: {}
[205.827184] (-) TimerEvent: {}
[205.928052] (-) TimerEvent: {}
[206.028801] (-) TimerEvent: {}
[206.129516] (-) TimerEvent: {}
[206.230425] (-) TimerEvent: {}
[206.331728] (-) TimerEvent: {}
[206.432475] (-) TimerEvent: {}
[206.533275] (-) TimerEvent: {}
[206.634022] (-) TimerEvent: {}
[206.734765] (-) TimerEvent: {}
[206.835539] (-) TimerEvent: {}
[206.936724] (-) TimerEvent: {}
[207.037509] (-) TimerEvent: {}
[207.138215] (-) TimerEvent: {}
[207.238992] (-) TimerEvent: {}
[207.339716] (-) TimerEvent: {}
[207.440515] (-) TimerEvent: {}
[207.505382] (rosapi_msgs) JobProgress: {'identifier': 'rosapi_msgs', 'progress': 'install'}
[207.506682] (rosapi_msgs) Command: {'cmd': ['/usr/local/bin/cmake', '--install', '/ros2_ws/build/rosapi_msgs'], 'cwd': '/ros2_ws/build/rosapi_msgs', 'env': OrderedDict([('OPENBLAS_CORETYPE', 'ARMV8'), ('PYTHONIOENCODING', 'utf-8'), ('HOSTNAME', 'eyerobot-desktop'), ('LD_LIBRARY_PATH', '/ros2_ws/src/install/rplidar_ros/lib:/ros2_ws/my_ros2_project/install/rosbridge_test_msgs/lib:/ros2_ws/my_ros2_project/install/rosbridge_msgs/lib:/ros2_ws/my_ros2_project/install/rosapi_msgs/lib:/opt/ros/foxy/install/opt/yaml_cpp_vendor/lib:/opt/ros/foxy/install/opt/rviz_ogre_vendor/lib:/opt/ros/foxy/install/lib:/usr/local/cuda-10.2/targets/aarch64-linux/lib:'), ('SHLVL', '1'), ('OLDPWD', '/'), ('HOME', '/root'), ('ROS_PYTHON_VERSION', '3'), ('COLCON_PREFIX_PATH', '/ros2_ws/install:/opt/ros/foxy/install:/ros2_ws/src/install:/ros2_ws/my_ros2_project/install'), ('ROS_DISTRO', 'foxy'), ('_', '/usr/bin/colcon'), ('ROS_VERSION', '2'), ('NVIDIA_DRIVER_CAPABILITIES', 'all'), ('PKG_CONFIG_PATH', '/opt/ros/foxy/install/lib/aarch64-linux-gnu/pkgconfig:/opt/ros/foxy/install/lib/pkgconfig'), ('TERM', 'xterm'), ('ROS_LOCALHOST_ONLY', '0'), ('PATH', '/opt/ros/foxy/install/bin:/usr/local/cuda-10.2/bin:/usr/local/cuda/bin:/usr/local/sbin:/usr/local/bin:/usr/sbin:/usr/bin:/sbin:/bin'), ('LANG', 'en_US.UTF-8'), ('RMW_IMPLEMENTATION', 'rmw_cyclonedds_cpp'), ('LS_COLORS', 'rs=0:di=01;34:ln=01;36:mh=00:pi=40;33:so=01;35:do=01;35:bd=40;33;01:cd=40;33;01:or=40;31;01:mi=00:su=37;41:sg=30;43:ca=30;41:tw=30;42:ow=34;42:st=37;44:ex=01;32:*.tar=01;31:*.tgz=01;31:*.arc=01;31:*.arj=01;31:*.taz=01;31:*.lha=01;31:*.lz4=01;31:*.lzh=01;31:*.lzma=01;31:*.tlz=01;31:*.txz=01;31:*.tzo=01;31:*.t7z=01;31:*.zip=01;31:*.z=01;31:*.Z=01;31:*.dz=01;31:*.gz=01;31:*.lrz=01;31:*.lz=01;31:*.lzo=01;31:*.xz=01;31:*.zst=01;31:*.tzst=01;31:*.bz2=01;31:*.bz=01;31:*.tbz=01;31:*.tbz2=01;31:*.tz=01;31:*.deb=01;31:*.rpm=01;31:*.jar=01;31:*.war=01;31:*.ear=01;31:*.sar=01;31:*.rar=01;31:*.alz=01;31:*.ace=01;31:*.zoo=01;31:*.cpio=01;31:*.7z=01;31:*.rz=01;31:*.cab=01;31:*.wim=01;31:*.swm=01;31:*.dwm=01;31:*.esd=01;31:*.jpg=01;35:*.jpeg=01;35:*.mjpg=01;35:*.mjpeg=01;35:*.gif=01;35:*.bmp=01;35:*.pbm=01;35:*.pgm=01;35:*.ppm=01;35:*.tga=01;35:*.xbm=01;35:*.xpm=01;35:*.tif=01;35:*.tiff=01;35:*.png=01;35:*.svg=01;35:*.svgz=01;35:*.mng=01;35:*.pcx=01;35:*.mov=01;35:*.mpg=01;35:*.mpeg=01;35:*.m2v=01;35:*.mkv=01;35:*.webm=01;35:*.ogm=01;35:*.mp4=01;35:*.m4v=01;35:*.mp4v=01;35:*.vob=01;35:*.qt=01;35:*.nuv=01;35:*.wmv=01;35:*.asf=01;35:*.rm=01;35:*.rmvb=01;35:*.flc=01;35:*.avi=01;35:*.fli=01;35:*.flv=01;35:*.gl=01;35:*.dl=01;35:*.xcf=01;35:*.xwd=01;35:*.yuv=01;35:*.cgm=01;35:*.emf=01;35:*.ogv=01;35:*.ogx=01;35:*.aac=00;36:*.au=00;36:*.flac=00;36:*.m4a=00;36:*.mid=00;36:*.midi=00;36:*.mka=00;36:*.mp3=00;36:*.mpc=00;36:*.ogg=00;36:*.ra=00;36:*.wav=00;36:*.oga=00;36:*.opus=00;36:*.spx=00;36:*.xspf=00;36:'), ('ROS_ROOT', '/opt/ros/foxy'), ('AMENT_PREFIX_PATH', '/ros2_ws/install/rosbridge_suite:/ros2_ws/src/install/rplidar_ros:/opt/ros/foxy/install'), ('DEBIAN_FRONTEND', 'noninteractive'), ('SHELL', '/bin/bash'), ('PWD', '/ros2_ws/build/rosapi_msgs'), ('PYTHONPATH', '/ros2_ws/my_ros2_project/install/rosbridge_test_msgs/lib/python3.6/site-packages:/ros2_ws/my_ros2_project/install/rosbridge_server/lib/python3.6/site-packages:/ros2_ws/my_ros2_project/install/rosbridge_msgs/lib/python3.6/site-packages:/ros2_ws/my_ros2_project/install/rosapi/lib/python3.6/site-packages:/ros2_ws/my_ros2_project/install/rosbridge_library/lib/python3.6/site-packages:/ros2_ws/my_ros2_project/install/rosapi_msgs/lib/python3.6/site-packages:/opt/ros/foxy/install/lib/python3.6/site-packages'), ('NVIDIA_VISIBLE_DEVICES', 'all'), ('COLCON', '1'), ('CMAKE_PREFIX_PATH', '/ros2_ws/install/rosbridge_suite:/ros2_ws/src/install/rplidar_ros:/ros2_ws/my_ros2_project/install/rplidar_ros:/ros2_ws/my_ros2_project/install/rosbridge_test_msgs:/ros2_ws/my_ros2_project/install/rosbridge_server:/ros2_ws/my_ros2_project/install/rosbridge_msgs:/ros2_ws/my_ros2_project/install/rosapi:/ros2_ws/my_ros2_project/install/rosbridge_library:/ros2_ws/my_ros2_project/install/rosapi_msgs:/opt/ros/foxy/install')]), 'shell': False}
[207.540762] (-) TimerEvent: {}
[207.641724] (-) TimerEvent: {}
[207.655859] (rosapi_msgs) StdoutLine: {'line': b'-- Install configuration: ""\n'}
[207.659509] (rosapi_msgs) StdoutLine: {'line': b'-- Execute custom install script\n'}
[207.660633] (rosapi_msgs) StdoutLine: {'line': b'-- Symlinking: /ros2_ws/install/rosapi_msgs/share/ament_index/resource_index/rosidl_interfaces/rosapi_msgs\n'}
[207.677322] (rosapi_msgs) StdoutLine: {'line': b'-- Symlinking: /ros2_ws/install/rosapi_msgs/include/rosapi_msgs/msg/detail/type_def__functions.h\n'}
[207.686125] (rosapi_msgs) StdoutLine: {'line': b'-- Symlinking: /ros2_ws/install/rosapi_msgs/include/rosapi_msgs/msg/detail/type_def__struct.h\n'}
[207.694917] (rosapi_msgs) StdoutLine: {'line': b'-- Symlinking: /ros2_ws/install/rosapi_msgs/include/rosapi_msgs/msg/detail/type_def__type_support.h\n'}
[207.703812] (rosapi_msgs) StdoutLine: {'line': b'-- Symlinking: /ros2_ws/install/rosapi_msgs/include/rosapi_msgs/msg/rosidl_generator_c__visibility_control.h\n'}
[207.712749] (rosapi_msgs) StdoutLine: {'line': b'-- Symlinking: /ros2_ws/install/rosapi_msgs/include/rosapi_msgs/msg/type_def.h\n'}
[207.722046] (rosapi_msgs) StdoutLine: {'line': b'-- Symlinking: /ros2_ws/install/rosapi_msgs/include/rosapi_msgs/srv/delete_param.h\n'}
[207.731294] (rosapi_msgs) StdoutLine: {'line': b'-- Symlinking: /ros2_ws/install/rosapi_msgs/include/rosapi_msgs/srv/detail/delete_param__functions.h\n'}
[207.740056] (rosapi_msgs) StdoutLine: {'line': b'-- Symlinking: /ros2_ws/install/rosapi_msgs/include/rosapi_msgs/srv/detail/delete_param__struct.h\n'}
[207.741846] (-) TimerEvent: {}
[207.748725] (rosapi_msgs) StdoutLine: {'line': b'-- Symlinking: /ros2_ws/install/rosapi_msgs/include/rosapi_msgs/srv/detail/delete_param__type_support.h\n'}
[207.757773] (rosapi_msgs) StdoutLine: {'line': b'-- Symlinking: /ros2_ws/install/rosapi_msgs/include/rosapi_msgs/srv/detail/get_action_servers__functions.h\n'}
[207.766314] (rosapi_msgs) StdoutLine: {'line': b'-- Symlinking: /ros2_ws/install/rosapi_msgs/include/rosapi_msgs/srv/detail/get_action_servers__struct.h\n'}
[207.775830] (rosapi_msgs) StdoutLine: {'line': b'-- Symlinking: /ros2_ws/install/rosapi_msgs/include/rosapi_msgs/srv/detail/get_action_servers__type_support.h\n'}
[207.784367] (rosapi_msgs) StdoutLine: {'line': b'-- Symlinking: /ros2_ws/install/rosapi_msgs/include/rosapi_msgs/srv/detail/get_param__functions.h\n'}
[207.792991] (rosapi_msgs) StdoutLine: {'line': b'-- Symlinking: /ros2_ws/install/rosapi_msgs/include/rosapi_msgs/srv/detail/get_param__struct.h\n'}
[207.801703] (rosapi_msgs) StdoutLine: {'line': b'-- Symlinking: /ros2_ws/install/rosapi_msgs/include/rosapi_msgs/srv/detail/get_param__type_support.h\n'}
[207.810392] (rosapi_msgs) StdoutLine: {'line': b'-- Symlinking: /ros2_ws/install/rosapi_msgs/include/rosapi_msgs/srv/detail/get_param_names__functions.h\n'}
[207.819038] (rosapi_msgs) StdoutLine: {'line': b'-- Symlinking: /ros2_ws/install/rosapi_msgs/include/rosapi_msgs/srv/detail/get_param_names__struct.h\n'}
[207.827641] (rosapi_msgs) StdoutLine: {'line': b'-- Symlinking: /ros2_ws/install/rosapi_msgs/include/rosapi_msgs/srv/detail/get_param_names__type_support.h\n'}
[207.836255] (rosapi_msgs) StdoutLine: {'line': b'-- Symlinking: /ros2_ws/install/rosapi_msgs/include/rosapi_msgs/srv/detail/get_ros_version__functions.h\n'}
[207.842111] (-) TimerEvent: {}
[207.844800] (rosapi_msgs) StdoutLine: {'line': b'-- Symlinking: /ros2_ws/install/rosapi_msgs/include/rosapi_msgs/srv/detail/get_ros_version__struct.h\n'}
[207.853414] (rosapi_msgs) StdoutLine: {'line': b'-- Symlinking: /ros2_ws/install/rosapi_msgs/include/rosapi_msgs/srv/detail/get_ros_version__type_support.h\n'}
[207.862240] (rosapi_msgs) StdoutLine: {'line': b'-- Symlinking: /ros2_ws/install/rosapi_msgs/include/rosapi_msgs/srv/detail/get_time__functions.h\n'}
[207.870937] (rosapi_msgs) StdoutLine: {'line': b'-- Symlinking: /ros2_ws/install/rosapi_msgs/include/rosapi_msgs/srv/detail/get_time__struct.h\n'}
[207.880282] (rosapi_msgs) StdoutLine: {'line': b'-- Symlinking: /ros2_ws/install/rosapi_msgs/include/rosapi_msgs/srv/detail/get_time__type_support.h\n'}
[207.888955] (rosapi_msgs) StdoutLine: {'line': b'-- Symlinking: /ros2_ws/install/rosapi_msgs/include/rosapi_msgs/srv/detail/has_param__functions.h\n'}
[207.897966] (rosapi_msgs) StdoutLine: {'line': b'-- Symlinking: /ros2_ws/install/rosapi_msgs/include/rosapi_msgs/srv/detail/has_param__struct.h\n'}
[207.906437] (rosapi_msgs) StdoutLine: {'line': b'-- Symlinking: /ros2_ws/install/rosapi_msgs/include/rosapi_msgs/srv/detail/has_param__type_support.h\n'}
[207.915611] (rosapi_msgs) StdoutLine: {'line': b'-- Symlinking: /ros2_ws/install/rosapi_msgs/include/rosapi_msgs/srv/detail/message_details__functions.h\n'}
[207.924239] (rosapi_msgs) StdoutLine: {'line': b'-- Symlinking: /ros2_ws/install/rosapi_msgs/include/rosapi_msgs/srv/detail/message_details__struct.h\n'}
[207.933044] (rosapi_msgs) StdoutLine: {'line': b'-- Symlinking: /ros2_ws/install/rosapi_msgs/include/rosapi_msgs/srv/detail/message_details__type_support.h\n'}
[207.942305] (rosapi_msgs) StdoutLine: {'line': b'-- Symlinking: /ros2_ws/install/rosapi_msgs/include/rosapi_msgs/srv/detail/node_details__functions.h\n'}
[207.943098] (-) TimerEvent: {}
[207.951130] (rosapi_msgs) StdoutLine: {'line': b'-- Symlinking: /ros2_ws/install/rosapi_msgs/include/rosapi_msgs/srv/detail/node_details__struct.h\n'}
[207.960241] (rosapi_msgs) StdoutLine: {'line': b'-- Symlinking: /ros2_ws/install/rosapi_msgs/include/rosapi_msgs/srv/detail/node_details__type_support.h\n'}
[207.968947] (rosapi_msgs) StdoutLine: {'line': b'-- Symlinking: /ros2_ws/install/rosapi_msgs/include/rosapi_msgs/srv/detail/nodes__functions.h\n'}
[207.977901] (rosapi_msgs) StdoutLine: {'line': b'-- Symlinking: /ros2_ws/install/rosapi_msgs/include/rosapi_msgs/srv/detail/nodes__struct.h\n'}
[207.986761] (rosapi_msgs) StdoutLine: {'line': b'-- Symlinking: /ros2_ws/install/rosapi_msgs/include/rosapi_msgs/srv/detail/nodes__type_support.h\n'}
[207.995798] (rosapi_msgs) StdoutLine: {'line': b'-- Symlinking: /ros2_ws/install/rosapi_msgs/include/rosapi_msgs/srv/detail/publishers__functions.h\n'}
[208.004563] (rosapi_msgs) StdoutLine: {'line': b'-- Symlinking: /ros2_ws/install/rosapi_msgs/include/rosapi_msgs/srv/detail/publishers__struct.h\n'}
[208.013383] (rosapi_msgs) StdoutLine: {'line': b'-- Symlinking: /ros2_ws/install/rosapi_msgs/include/rosapi_msgs/srv/detail/publishers__type_support.h\n'}
[208.022023] (rosapi_msgs) StdoutLine: {'line': b'-- Symlinking: /ros2_ws/install/rosapi_msgs/include/rosapi_msgs/srv/detail/service_node__functions.h\n'}
[208.030408] (rosapi_msgs) StdoutLine: {'line': b'-- Symlinking: /ros2_ws/install/rosapi_msgs/include/rosapi_msgs/srv/detail/service_node__struct.h\n'}
[208.039456] (rosapi_msgs) StdoutLine: {'line': b'-- Symlinking: /ros2_ws/install/rosapi_msgs/include/rosapi_msgs/srv/detail/service_node__type_support.h\n'}
[208.043314] (-) TimerEvent: {}
[208.048399] (rosapi_msgs) StdoutLine: {'line': b'-- Symlinking: /ros2_ws/install/rosapi_msgs/include/rosapi_msgs/srv/detail/service_providers__functions.h\n'}
[208.057291] (rosapi_msgs) StdoutLine: {'line': b'-- Symlinking: /ros2_ws/install/rosapi_msgs/include/rosapi_msgs/srv/detail/service_providers__struct.h\n'}
[208.066239] (rosapi_msgs) StdoutLine: {'line': b'-- Symlinking: /ros2_ws/install/rosapi_msgs/include/rosapi_msgs/srv/detail/service_providers__type_support.h\n'}
[208.075132] (rosapi_msgs) StdoutLine: {'line': b'-- Symlinking: /ros2_ws/install/rosapi_msgs/include/rosapi_msgs/srv/detail/service_request_details__functions.h\n'}
[208.084260] (rosapi_msgs) StdoutLine: {'line': b'-- Symlinking: /ros2_ws/install/rosapi_msgs/include/rosapi_msgs/srv/detail/service_request_details__struct.h\n'}
[208.093015] (rosapi_msgs) StdoutLine: {'line': b'-- Symlinking: /ros2_ws/install/rosapi_msgs/include/rosapi_msgs/srv/detail/service_request_details__type_support.h\n'}
[208.101853] (rosapi_msgs) StdoutLine: {'line': b'-- Symlinking: /ros2_ws/install/rosapi_msgs/include/rosapi_msgs/srv/detail/service_response_details__functions.h\n'}
[208.110499] (rosapi_msgs) StdoutLine: {'line': b'-- Symlinking: /ros2_ws/install/rosapi_msgs/include/rosapi_msgs/srv/detail/service_response_details__struct.h\n'}
[208.119789] (rosapi_msgs) StdoutLine: {'line': b'-- Symlinking: /ros2_ws/install/rosapi_msgs/include/rosapi_msgs/srv/detail/service_response_details__type_support.h\n'}
[208.128326] (rosapi_msgs) StdoutLine: {'line': b'-- Symlinking: /ros2_ws/install/rosapi_msgs/include/rosapi_msgs/srv/detail/service_type__functions.h\n'}
[208.137404] (rosapi_msgs) StdoutLine: {'line': b'-- Symlinking: /ros2_ws/install/rosapi_msgs/include/rosapi_msgs/srv/detail/service_type__struct.h\n'}
[208.143500] (-) TimerEvent: {}
[208.146210] (rosapi_msgs) StdoutLine: {'line': b'-- Symlinking: /ros2_ws/install/rosapi_msgs/include/rosapi_msgs/srv/detail/service_type__type_support.h\n'}
[208.154968] (rosapi_msgs) StdoutLine: {'line': b'-- Symlinking: /ros2_ws/install/rosapi_msgs/include/rosapi_msgs/srv/detail/services__functions.h\n'}
[208.164342] (rosapi_msgs) StdoutLine: {'line': b'-- Symlinking: /ros2_ws/install/rosapi_msgs/include/rosapi_msgs/srv/detail/services__struct.h\n'}
[208.173011] (rosapi_msgs) StdoutLine: {'line': b'-- Symlinking: /ros2_ws/install/rosapi_msgs/include/rosapi_msgs/srv/detail/services__type_support.h\n'}
[208.183642] (rosapi_msgs) StdoutLine: {'line': b'-- Symlinking: /ros2_ws/install/rosapi_msgs/include/rosapi_msgs/srv/detail/services_for_type__functions.h\n'}
[208.192396] (rosapi_msgs) StdoutLine: {'line': b'-- Symlinking: /ros2_ws/install/rosapi_msgs/include/rosapi_msgs/srv/detail/services_for_type__struct.h\n'}
[208.201227] (rosapi_msgs) StdoutLine: {'line': b'-- Symlinking: /ros2_ws/install/rosapi_msgs/include/rosapi_msgs/srv/detail/services_for_type__type_support.h\n'}
[208.209939] (rosapi_msgs) StdoutLine: {'line': b'-- Symlinking: /ros2_ws/install/rosapi_msgs/include/rosapi_msgs/srv/detail/set_param__functions.h\n'}
[208.218610] (rosapi_msgs) StdoutLine: {'line': b'-- Symlinking: /ros2_ws/install/rosapi_msgs/include/rosapi_msgs/srv/detail/set_param__struct.h\n'}
[208.227292] (rosapi_msgs) StdoutLine: {'line': b'-- Symlinking: /ros2_ws/install/rosapi_msgs/include/rosapi_msgs/srv/detail/set_param__type_support.h\n'}
[208.235932] (rosapi_msgs) StdoutLine: {'line': b'-- Symlinking: /ros2_ws/install/rosapi_msgs/include/rosapi_msgs/srv/detail/subscribers__functions.h\n'}
[208.243732] (-) TimerEvent: {}
[208.245003] (rosapi_msgs) StdoutLine: {'line': b'-- Symlinking: /ros2_ws/install/rosapi_msgs/include/rosapi_msgs/srv/detail/subscribers__struct.h\n'}
[208.253651] (rosapi_msgs) StdoutLine: {'line': b'-- Symlinking: /ros2_ws/install/rosapi_msgs/include/rosapi_msgs/srv/detail/subscribers__type_support.h\n'}
[208.263468] (rosapi_msgs) StdoutLine: {'line': b'-- Symlinking: /ros2_ws/install/rosapi_msgs/include/rosapi_msgs/srv/detail/topic_type__functions.h\n'}
[208.272455] (rosapi_msgs) StdoutLine: {'line': b'-- Symlinking: /ros2_ws/install/rosapi_msgs/include/rosapi_msgs/srv/detail/topic_type__struct.h\n'}
[208.281436] (rosapi_msgs) StdoutLine: {'line': b'-- Symlinking: /ros2_ws/install/rosapi_msgs/include/rosapi_msgs/srv/detail/topic_type__type_support.h\n'}
[208.290106] (rosapi_msgs) StdoutLine: {'line': b'-- Symlinking: /ros2_ws/install/rosapi_msgs/include/rosapi_msgs/srv/detail/topics__functions.h\n'}
[208.298883] (rosapi_msgs) StdoutLine: {'line': b'-- Symlinking: /ros2_ws/install/rosapi_msgs/include/rosapi_msgs/srv/detail/topics__struct.h\n'}
[208.308130] (rosapi_msgs) StdoutLine: {'line': b'-- Symlinking: /ros2_ws/install/rosapi_msgs/include/rosapi_msgs/srv/detail/topics__type_support.h\n'}
[208.316574] (rosapi_msgs) StdoutLine: {'line': b'-- Symlinking: /ros2_ws/install/rosapi_msgs/include/rosapi_msgs/srv/detail/topics_and_raw_types__functions.h\n'}
[208.325615] (rosapi_msgs) StdoutLine: {'line': b'-- Symlinking: /ros2_ws/install/rosapi_msgs/include/rosapi_msgs/srv/detail/topics_and_raw_types__struct.h\n'}
[208.334727] (rosapi_msgs) StdoutLine: {'line': b'-- Symlinking: /ros2_ws/install/rosapi_msgs/include/rosapi_msgs/srv/detail/topics_and_raw_types__type_support.h\n'}
[208.343728] (rosapi_msgs) StdoutLine: {'line': b'-- Symlinking: /ros2_ws/install/rosapi_msgs/include/rosapi_msgs/srv/detail/topics_for_type__functions.h\n'}
[208.344429] (-) TimerEvent: {}
[208.352678] (rosapi_msgs) StdoutLine: {'line': b'-- Symlinking: /ros2_ws/install/rosapi_msgs/include/rosapi_msgs/srv/detail/topics_for_type__struct.h\n'}
[208.361830] (rosapi_msgs) StdoutLine: {'line': b'-- Symlinking: /ros2_ws/install/rosapi_msgs/include/rosapi_msgs/srv/detail/topics_for_type__type_support.h\n'}
[208.371034] (rosapi_msgs) StdoutLine: {'line': b'-- Symlinking: /ros2_ws/install/rosapi_msgs/include/rosapi_msgs/srv/get_action_servers.h\n'}
[208.380525] (rosapi_msgs) StdoutLine: {'line': b'-- Symlinking: /ros2_ws/install/rosapi_msgs/include/rosapi_msgs/srv/get_param.h\n'}
[208.389426] (rosapi_msgs) StdoutLine: {'line': b'-- Symlinking: /ros2_ws/install/rosapi_msgs/include/rosapi_msgs/srv/get_param_names.h\n'}
[208.398404] (rosapi_msgs) StdoutLine: {'line': b'-- Symlinking: /ros2_ws/install/rosapi_msgs/include/rosapi_msgs/srv/get_ros_version.h\n'}
[208.407853] (rosapi_msgs) StdoutLine: {'line': b'-- Symlinking: /ros2_ws/install/rosapi_msgs/include/rosapi_msgs/srv/get_time.h\n'}
[208.416524] (rosapi_msgs) StdoutLine: {'line': b'-- Symlinking: /ros2_ws/install/rosapi_msgs/include/rosapi_msgs/srv/has_param.h\n'}
[208.425316] (rosapi_msgs) StdoutLine: {'line': b'-- Symlinking: /ros2_ws/install/rosapi_msgs/include/rosapi_msgs/srv/message_details.h\n'}
[208.434008] (rosapi_msgs) StdoutLine: {'line': b'-- Symlinking: /ros2_ws/install/rosapi_msgs/include/rosapi_msgs/srv/node_details.h\n'}
[208.442466] (rosapi_msgs) StdoutLine: {'line': b'-- Symlinking: /ros2_ws/install/rosapi_msgs/include/rosapi_msgs/srv/nodes.h\n'}
[208.444574] (-) TimerEvent: {}
[208.451173] (rosapi_msgs) StdoutLine: {'line': b'-- Symlinking: /ros2_ws/install/rosapi_msgs/include/rosapi_msgs/srv/publishers.h\n'}
[208.459878] (rosapi_msgs) StdoutLine: {'line': b'-- Symlinking: /ros2_ws/install/rosapi_msgs/include/rosapi_msgs/srv/service_node.h\n'}
[208.469134] (rosapi_msgs) StdoutLine: {'line': b'-- Symlinking: /ros2_ws/install/rosapi_msgs/include/rosapi_msgs/srv/service_providers.h\n'}
[208.478318] (rosapi_msgs) StdoutLine: {'line': b'-- Symlinking: /ros2_ws/install/rosapi_msgs/include/rosapi_msgs/srv/service_request_details.h\n'}
[208.487268] (rosapi_msgs) StdoutLine: {'line': b'-- Symlinking: /ros2_ws/install/rosapi_msgs/include/rosapi_msgs/srv/service_response_details.h\n'}
[208.496157] (rosapi_msgs) StdoutLine: {'line': b'-- Symlinking: /ros2_ws/install/rosapi_msgs/include/rosapi_msgs/srv/service_type.h\n'}
[208.505075] (rosapi_msgs) StdoutLine: {'line': b'-- Symlinking: /ros2_ws/install/rosapi_msgs/include/rosapi_msgs/srv/services.h\n'}
[208.513820] (rosapi_msgs) StdoutLine: {'line': b'-- Symlinking: /ros2_ws/install/rosapi_msgs/include/rosapi_msgs/srv/services_for_type.h\n'}
[208.522283] (rosapi_msgs) StdoutLine: {'line': b'-- Symlinking: /ros2_ws/install/rosapi_msgs/include/rosapi_msgs/srv/set_param.h\n'}
[208.530992] (rosapi_msgs) StdoutLine: {'line': b'-- Symlinking: /ros2_ws/install/rosapi_msgs/include/rosapi_msgs/srv/subscribers.h\n'}
[208.539474] (rosapi_msgs) StdoutLine: {'line': b'-- Symlinking: /ros2_ws/install/rosapi_msgs/include/rosapi_msgs/srv/topic_type.h\n'}
[208.544824] (-) TimerEvent: {}
[208.548264] (rosapi_msgs) StdoutLine: {'line': b'-- Symlinking: /ros2_ws/install/rosapi_msgs/include/rosapi_msgs/srv/topics.h\n'}
[208.557008] (rosapi_msgs) StdoutLine: {'line': b'-- Symlinking: /ros2_ws/install/rosapi_msgs/include/rosapi_msgs/srv/topics_and_raw_types.h\n'}
[208.566075] (rosapi_msgs) StdoutLine: {'line': b'-- Symlinking: /ros2_ws/install/rosapi_msgs/include/rosapi_msgs/srv/topics_for_type.h\n'}
[208.575728] (rosapi_msgs) StdoutLine: {'line': b'-- Symlinking: /ros2_ws/install/rosapi_msgs/share/rosapi_msgs/environment/library_path.sh\n'}
[208.585317] (rosapi_msgs) StdoutLine: {'line': b'-- Symlinking: /ros2_ws/install/rosapi_msgs/share/rosapi_msgs/environment/library_path.dsv\n'}
[208.600132] (rosapi_msgs) StdoutLine: {'line': b'-- Symlinking: /ros2_ws/install/rosapi_msgs/include/rosapi_msgs/msg/detail/type_def__rosidl_typesupport_fastrtps_c.h\n'}
[208.609103] (rosapi_msgs) StdoutLine: {'line': b'-- Symlinking: /ros2_ws/install/rosapi_msgs/include/rosapi_msgs/msg/rosidl_typesupport_fastrtps_c__visibility_control.h\n'}
[208.617889] (rosapi_msgs) StdoutLine: {'line': b'-- Symlinking: /ros2_ws/install/rosapi_msgs/include/rosapi_msgs/srv/detail/delete_param__rosidl_typesupport_fastrtps_c.h\n'}
[208.626429] (rosapi_msgs) StdoutLine: {'line': b'-- Symlinking: /ros2_ws/install/rosapi_msgs/include/rosapi_msgs/srv/detail/get_action_servers__rosidl_typesupport_fastrtps_c.h\n'}
[208.635657] (rosapi_msgs) StdoutLine: {'line': b'-- Symlinking: /ros2_ws/install/rosapi_msgs/include/rosapi_msgs/srv/detail/get_param__rosidl_typesupport_fastrtps_c.h\n'}
[208.644919] (rosapi_msgs) StdoutLine: {'line': b'-- Symlinking: /ros2_ws/install/rosapi_msgs/include/rosapi_msgs/srv/detail/get_param_names__rosidl_typesupport_fastrtps_c.h\n'}
[208.645616] (-) TimerEvent: {}
[208.653840] (rosapi_msgs) StdoutLine: {'line': b'-- Symlinking: /ros2_ws/install/rosapi_msgs/include/rosapi_msgs/srv/detail/get_ros_version__rosidl_typesupport_fastrtps_c.h\n'}
[208.662931] (rosapi_msgs) StdoutLine: {'line': b'-- Symlinking: /ros2_ws/install/rosapi_msgs/include/rosapi_msgs/srv/detail/get_time__rosidl_typesupport_fastrtps_c.h\n'}
[208.671687] (rosapi_msgs) StdoutLine: {'line': b'-- Symlinking: /ros2_ws/install/rosapi_msgs/include/rosapi_msgs/srv/detail/has_param__rosidl_typesupport_fastrtps_c.h\n'}
[208.680954] (rosapi_msgs) StdoutLine: {'line': b'-- Symlinking: /ros2_ws/install/rosapi_msgs/include/rosapi_msgs/srv/detail/message_details__rosidl_typesupport_fastrtps_c.h\n'}
[208.689671] (rosapi_msgs) StdoutLine: {'line': b'-- Symlinking: /ros2_ws/install/rosapi_msgs/include/rosapi_msgs/srv/detail/node_details__rosidl_typesupport_fastrtps_c.h\n'}
[208.698299] (rosapi_msgs) StdoutLine: {'line': b'-- Symlinking: /ros2_ws/install/rosapi_msgs/include/rosapi_msgs/srv/detail/nodes__rosidl_typesupport_fastrtps_c.h\n'}
[208.707614] (rosapi_msgs) StdoutLine: {'line': b'-- Symlinking: /ros2_ws/install/rosapi_msgs/include/rosapi_msgs/srv/detail/publishers__rosidl_typesupport_fastrtps_c.h\n'}
[208.717360] (rosapi_msgs) StdoutLine: {'line': b'-- Symlinking: /ros2_ws/install/rosapi_msgs/include/rosapi_msgs/srv/detail/service_node__rosidl_typesupport_fastrtps_c.h\n'}
[208.725870] (rosapi_msgs) StdoutLine: {'line': b'-- Symlinking: /ros2_ws/install/rosapi_msgs/include/rosapi_msgs/srv/detail/service_providers__rosidl_typesupport_fastrtps_c.h\n'}
[208.734501] (rosapi_msgs) StdoutLine: {'line': b'-- Symlinking: /ros2_ws/install/rosapi_msgs/include/rosapi_msgs/srv/detail/service_request_details__rosidl_typesupport_fastrtps_c.h\n'}
[208.743153] (rosapi_msgs) StdoutLine: {'line': b'-- Symlinking: /ros2_ws/install/rosapi_msgs/include/rosapi_msgs/srv/detail/service_response_details__rosidl_typesupport_fastrtps_c.h\n'}
[208.745832] (-) TimerEvent: {}
[208.752070] (rosapi_msgs) StdoutLine: {'line': b'-- Symlinking: /ros2_ws/install/rosapi_msgs/include/rosapi_msgs/srv/detail/service_type__rosidl_typesupport_fastrtps_c.h\n'}
[208.761125] (rosapi_msgs) StdoutLine: {'line': b'-- Symlinking: /ros2_ws/install/rosapi_msgs/include/rosapi_msgs/srv/detail/services__rosidl_typesupport_fastrtps_c.h\n'}
[208.769829] (rosapi_msgs) StdoutLine: {'line': b'-- Symlinking: /ros2_ws/install/rosapi_msgs/include/rosapi_msgs/srv/detail/services_for_type__rosidl_typesupport_fastrtps_c.h\n'}
[208.779273] (rosapi_msgs) StdoutLine: {'line': b'-- Symlinking: /ros2_ws/install/rosapi_msgs/include/rosapi_msgs/srv/detail/set_param__rosidl_typesupport_fastrtps_c.h\n'}
[208.788187] (rosapi_msgs) StdoutLine: {'line': b'-- Symlinking: /ros2_ws/install/rosapi_msgs/include/rosapi_msgs/srv/detail/subscribers__rosidl_typesupport_fastrtps_c.h\n'}
[208.797232] (rosapi_msgs) StdoutLine: {'line': b'-- Symlinking: /ros2_ws/install/rosapi_msgs/include/rosapi_msgs/srv/detail/topic_type__rosidl_typesupport_fastrtps_c.h\n'}
[208.806214] (rosapi_msgs) StdoutLine: {'line': b'-- Symlinking: /ros2_ws/install/rosapi_msgs/include/rosapi_msgs/srv/detail/topics__rosidl_typesupport_fastrtps_c.h\n'}
[208.814819] (rosapi_msgs) StdoutLine: {'line': b'-- Symlinking: /ros2_ws/install/rosapi_msgs/include/rosapi_msgs/srv/detail/topics_and_raw_types__rosidl_typesupport_fastrtps_c.h\n'}
[208.823528] (rosapi_msgs) StdoutLine: {'line': b'-- Symlinking: /ros2_ws/install/rosapi_msgs/include/rosapi_msgs/srv/detail/topics_for_type__rosidl_typesupport_fastrtps_c.h\n'}
[208.836313] (rosapi_msgs) StdoutLine: {'line': b'-- Symlinking: /ros2_ws/install/rosapi_msgs/lib/librosapi_msgs__rosidl_typesupport_fastrtps_c.so\n'}
[208.846093] (-) TimerEvent: {}
[208.852475] (rosapi_msgs) StdoutLine: {'line': b'-- Symlinking: /ros2_ws/install/rosapi_msgs/include/rosapi_msgs/msg/detail/type_def__rosidl_typesupport_fastrtps_cpp.hpp\n'}
[208.861453] (rosapi_msgs) StdoutLine: {'line': b'-- Symlinking: /ros2_ws/install/rosapi_msgs/include/rosapi_msgs/msg/rosidl_typesupport_fastrtps_cpp__visibility_control.h\n'}
[208.870555] (rosapi_msgs) StdoutLine: {'line': b'-- Symlinking: /ros2_ws/install/rosapi_msgs/include/rosapi_msgs/srv/detail/delete_param__rosidl_typesupport_fastrtps_cpp.hpp\n'}
[208.879788] (rosapi_msgs) StdoutLine: {'line': b'-- Symlinking: /ros2_ws/install/rosapi_msgs/include/rosapi_msgs/srv/detail/get_action_servers__rosidl_typesupport_fastrtps_cpp.hpp\n'}
[208.888771] (rosapi_msgs) StdoutLine: {'line': b'-- Symlinking: /ros2_ws/install/rosapi_msgs/include/rosapi_msgs/srv/detail/get_param__rosidl_typesupport_fastrtps_cpp.hpp\n'}
[208.897464] (rosapi_msgs) StdoutLine: {'line': b'-- Symlinking: /ros2_ws/install/rosapi_msgs/include/rosapi_msgs/srv/detail/get_param_names__rosidl_typesupport_fastrtps_cpp.hpp\n'}
[208.906079] (rosapi_msgs) StdoutLine: {'line': b'-- Symlinking: /ros2_ws/install/rosapi_msgs/include/rosapi_msgs/srv/detail/get_ros_version__rosidl_typesupport_fastrtps_cpp.hpp\n'}
[208.915510] (rosapi_msgs) StdoutLine: {'line': b'-- Symlinking: /ros2_ws/install/rosapi_msgs/include/rosapi_msgs/srv/detail/get_time__rosidl_typesupport_fastrtps_cpp.hpp\n'}
[208.924139] (rosapi_msgs) StdoutLine: {'line': b'-- Symlinking: /ros2_ws/install/rosapi_msgs/include/rosapi_msgs/srv/detail/has_param__rosidl_typesupport_fastrtps_cpp.hpp\n'}
[208.933196] (rosapi_msgs) StdoutLine: {'line': b'-- Symlinking: /ros2_ws/install/rosapi_msgs/include/rosapi_msgs/srv/detail/message_details__rosidl_typesupport_fastrtps_cpp.hpp\n'}
[208.942752] (rosapi_msgs) StdoutLine: {'line': b'-- Symlinking: /ros2_ws/install/rosapi_msgs/include/rosapi_msgs/srv/detail/node_details__rosidl_typesupport_fastrtps_cpp.hpp\n'}
[208.946315] (-) TimerEvent: {}
[208.951368] (rosapi_msgs) StdoutLine: {'line': b'-- Symlinking: /ros2_ws/install/rosapi_msgs/include/rosapi_msgs/srv/detail/nodes__rosidl_typesupport_fastrtps_cpp.hpp\n'}
[208.960259] (rosapi_msgs) StdoutLine: {'line': b'-- Symlinking: /ros2_ws/install/rosapi_msgs/include/rosapi_msgs/srv/detail/publishers__rosidl_typesupport_fastrtps_cpp.hpp\n'}
[208.969417] (rosapi_msgs) StdoutLine: {'line': b'-- Symlinking: /ros2_ws/install/rosapi_msgs/include/rosapi_msgs/srv/detail/service_node__rosidl_typesupport_fastrtps_cpp.hpp\n'}
[208.978758] (rosapi_msgs) StdoutLine: {'line': b'-- Symlinking: /ros2_ws/install/rosapi_msgs/include/rosapi_msgs/srv/detail/service_providers__rosidl_typesupport_fastrtps_cpp.hpp\n'}
[208.987971] (rosapi_msgs) StdoutLine: {'line': b'-- Symlinking: /ros2_ws/install/rosapi_msgs/include/rosapi_msgs/srv/detail/service_request_details__rosidl_typesupport_fastrtps_cpp.hpp\n'}
[208.996840] (rosapi_msgs) StdoutLine: {'line': b'-- Symlinking: /ros2_ws/install/rosapi_msgs/include/rosapi_msgs/srv/detail/service_response_details__rosidl_typesupport_fastrtps_cpp.hpp\n'}
[209.005843] (rosapi_msgs) StdoutLine: {'line': b'-- Symlinking: /ros2_ws/install/rosapi_msgs/include/rosapi_msgs/srv/detail/service_type__rosidl_typesupport_fastrtps_cpp.hpp\n'}
[209.014454] (rosapi_msgs) StdoutLine: {'line': b'-- Symlinking: /ros2_ws/install/rosapi_msgs/include/rosapi_msgs/srv/detail/services__rosidl_typesupport_fastrtps_cpp.hpp\n'}
[209.023102] (rosapi_msgs) StdoutLine: {'line': b'-- Symlinking: /ros2_ws/install/rosapi_msgs/include/rosapi_msgs/srv/detail/services_for_type__rosidl_typesupport_fastrtps_cpp.hpp\n'}
[209.032249] (rosapi_msgs) StdoutLine: {'line': b'-- Symlinking: /ros2_ws/install/rosapi_msgs/include/rosapi_msgs/srv/detail/set_param__rosidl_typesupport_fastrtps_cpp.hpp\n'}
[209.041589] (rosapi_msgs) StdoutLine: {'line': b'-- Symlinking: /ros2_ws/install/rosapi_msgs/include/rosapi_msgs/srv/detail/subscribers__rosidl_typesupport_fastrtps_cpp.hpp\n'}
[209.046567] (-) TimerEvent: {}
[209.050491] (rosapi_msgs) StdoutLine: {'line': b'-- Symlinking: /ros2_ws/install/rosapi_msgs/include/rosapi_msgs/srv/detail/topic_type__rosidl_typesupport_fastrtps_cpp.hpp\n'}
[209.059355] (rosapi_msgs) StdoutLine: {'line': b'-- Symlinking: /ros2_ws/install/rosapi_msgs/include/rosapi_msgs/srv/detail/topics__rosidl_typesupport_fastrtps_cpp.hpp\n'}
[209.068075] (rosapi_msgs) StdoutLine: {'line': b'-- Symlinking: /ros2_ws/install/rosapi_msgs/include/rosapi_msgs/srv/detail/topics_and_raw_types__rosidl_typesupport_fastrtps_cpp.hpp\n'}
[209.076841] (rosapi_msgs) StdoutLine: {'line': b'-- Symlinking: /ros2_ws/install/rosapi_msgs/include/rosapi_msgs/srv/detail/topics_for_type__rosidl_typesupport_fastrtps_cpp.hpp\n'}
[209.089537] (rosapi_msgs) StdoutLine: {'line': b'-- Symlinking: /ros2_ws/install/rosapi_msgs/lib/librosapi_msgs__rosidl_typesupport_fastrtps_cpp.so\n'}
[209.101516] (rosapi_msgs) StdoutLine: {'line': b'-- Symlinking: /ros2_ws/install/rosapi_msgs/include/rosapi_msgs/msg/detail/type_def__rosidl_typesupport_introspection_c.h\n'}
[209.110469] (rosapi_msgs) StdoutLine: {'line': b'-- Symlinking: /ros2_ws/install/rosapi_msgs/include/rosapi_msgs/msg/rosidl_typesupport_introspection_c__visibility_control.h\n'}
[209.119129] (rosapi_msgs) StdoutLine: {'line': b'-- Symlinking: /ros2_ws/install/rosapi_msgs/include/rosapi_msgs/srv/detail/delete_param__rosidl_typesupport_introspection_c.h\n'}
[209.128320] (rosapi_msgs) StdoutLine: {'line': b'-- Symlinking: /ros2_ws/install/rosapi_msgs/include/rosapi_msgs/srv/detail/get_action_servers__rosidl_typesupport_introspection_c.h\n'}
[209.136971] (rosapi_msgs) StdoutLine: {'line': b'-- Symlinking: /ros2_ws/install/rosapi_msgs/include/rosapi_msgs/srv/detail/get_param__rosidl_typesupport_introspection_c.h\n'}
[209.146008] (rosapi_msgs) StdoutLine: {'line': b'-- Symlinking: /ros2_ws/install/rosapi_msgs/include/rosapi_msgs/srv/detail/get_param_names__rosidl_typesupport_introspection_c.h\n'}
[209.146800] (-) TimerEvent: {}
[209.154860] (rosapi_msgs) StdoutLine: {'line': b'-- Symlinking: /ros2_ws/install/rosapi_msgs/include/rosapi_msgs/srv/detail/get_ros_version__rosidl_typesupport_introspection_c.h\n'}
[209.164640] (rosapi_msgs) StdoutLine: {'line': b'-- Symlinking: /ros2_ws/install/rosapi_msgs/include/rosapi_msgs/srv/detail/get_time__rosidl_typesupport_introspection_c.h\n'}
[209.173538] (rosapi_msgs) StdoutLine: {'line': b'-- Symlinking: /ros2_ws/install/rosapi_msgs/include/rosapi_msgs/srv/detail/has_param__rosidl_typesupport_introspection_c.h\n'}
[209.183024] (rosapi_msgs) StdoutLine: {'line': b'-- Symlinking: /ros2_ws/install/rosapi_msgs/include/rosapi_msgs/srv/detail/message_details__rosidl_typesupport_introspection_c.h\n'}
[209.191924] (rosapi_msgs) StdoutLine: {'line': b'-- Symlinking: /ros2_ws/install/rosapi_msgs/include/rosapi_msgs/srv/detail/node_details__rosidl_typesupport_introspection_c.h\n'}
[209.200498] (rosapi_msgs) StdoutLine: {'line': b'-- Symlinking: /ros2_ws/install/rosapi_msgs/include/rosapi_msgs/srv/detail/nodes__rosidl_typesupport_introspection_c.h\n'}
[209.209188] (rosapi_msgs) StdoutLine: {'line': b'-- Symlinking: /ros2_ws/install/rosapi_msgs/include/rosapi_msgs/srv/detail/publishers__rosidl_typesupport_introspection_c.h\n'}
[209.217844] (rosapi_msgs) StdoutLine: {'line': b'-- Symlinking: /ros2_ws/install/rosapi_msgs/include/rosapi_msgs/srv/detail/service_node__rosidl_typesupport_introspection_c.h\n'}
[209.226591] (rosapi_msgs) StdoutLine: {'line': b'-- Symlinking: /ros2_ws/install/rosapi_msgs/include/rosapi_msgs/srv/detail/service_providers__rosidl_typesupport_introspection_c.h\n'}
[209.235479] (rosapi_msgs) StdoutLine: {'line': b'-- Symlinking: /ros2_ws/install/rosapi_msgs/include/rosapi_msgs/srv/detail/service_request_details__rosidl_typesupport_introspection_c.h\n'}
[209.244239] (rosapi_msgs) StdoutLine: {'line': b'-- Symlinking: /ros2_ws/install/rosapi_msgs/include/rosapi_msgs/srv/detail/service_response_details__rosidl_typesupport_introspection_c.h\n'}
[209.246947] (-) TimerEvent: {}
[209.252957] (rosapi_msgs) StdoutLine: {'line': b'-- Symlinking: /ros2_ws/install/rosapi_msgs/include/rosapi_msgs/srv/detail/service_type__rosidl_typesupport_introspection_c.h\n'}
[209.261481] (rosapi_msgs) StdoutLine: {'line': b'-- Symlinking: /ros2_ws/install/rosapi_msgs/include/rosapi_msgs/srv/detail/services__rosidl_typesupport_introspection_c.h\n'}
[209.270192] (rosapi_msgs) StdoutLine: {'line': b'-- Symlinking: /ros2_ws/install/rosapi_msgs/include/rosapi_msgs/srv/detail/services_for_type__rosidl_typesupport_introspection_c.h\n'}
[209.279775] (rosapi_msgs) StdoutLine: {'line': b'-- Symlinking: /ros2_ws/install/rosapi_msgs/include/rosapi_msgs/srv/detail/set_param__rosidl_typesupport_introspection_c.h\n'}
[209.288662] (rosapi_msgs) StdoutLine: {'line': b'-- Symlinking: /ros2_ws/install/rosapi_msgs/include/rosapi_msgs/srv/detail/subscribers__rosidl_typesupport_introspection_c.h\n'}
[209.297454] (rosapi_msgs) StdoutLine: {'line': b'-- Symlinking: /ros2_ws/install/rosapi_msgs/include/rosapi_msgs/srv/detail/topic_type__rosidl_typesupport_introspection_c.h\n'}
[209.306457] (rosapi_msgs) StdoutLine: {'line': b'-- Symlinking: /ros2_ws/install/rosapi_msgs/include/rosapi_msgs/srv/detail/topics__rosidl_typesupport_introspection_c.h\n'}
[209.315102] (rosapi_msgs) StdoutLine: {'line': b'-- Symlinking: /ros2_ws/install/rosapi_msgs/include/rosapi_msgs/srv/detail/topics_and_raw_types__rosidl_typesupport_introspection_c.h\n'}
[209.323786] (rosapi_msgs) StdoutLine: {'line': b'-- Symlinking: /ros2_ws/install/rosapi_msgs/include/rosapi_msgs/srv/detail/topics_for_type__rosidl_typesupport_introspection_c.h\n'}
[209.340548] (rosapi_msgs) StdoutLine: {'line': b'-- Symlinking: /ros2_ws/install/rosapi_msgs/include/rosapi_msgs/msg/detail/type_def__builder.hpp\n'}
[209.347199] (-) TimerEvent: {}
[209.349426] (rosapi_msgs) StdoutLine: {'line': b'-- Symlinking: /ros2_ws/install/rosapi_msgs/include/rosapi_msgs/msg/detail/type_def__struct.hpp\n'}
[209.358268] (rosapi_msgs) StdoutLine: {'line': b'-- Symlinking: /ros2_ws/install/rosapi_msgs/include/rosapi_msgs/msg/detail/type_def__traits.hpp\n'}
[209.367441] (rosapi_msgs) StdoutLine: {'line': b'-- Symlinking: /ros2_ws/install/rosapi_msgs/include/rosapi_msgs/msg/detail/type_def__type_support.hpp\n'}
[209.376163] (rosapi_msgs) StdoutLine: {'line': b'-- Symlinking: /ros2_ws/install/rosapi_msgs/include/rosapi_msgs/msg/rosidl_generator_cpp__visibility_control.hpp\n'}
[209.385862] (rosapi_msgs) StdoutLine: {'line': b'-- Symlinking: /ros2_ws/install/rosapi_msgs/include/rosapi_msgs/msg/type_def.hpp\n'}
[209.394802] (rosapi_msgs) StdoutLine: {'line': b'-- Symlinking: /ros2_ws/install/rosapi_msgs/include/rosapi_msgs/srv/delete_param.hpp\n'}
[209.403647] (rosapi_msgs) StdoutLine: {'line': b'-- Symlinking: /ros2_ws/install/rosapi_msgs/include/rosapi_msgs/srv/detail/delete_param__builder.hpp\n'}
[209.412528] (rosapi_msgs) StdoutLine: {'line': b'-- Symlinking: /ros2_ws/install/rosapi_msgs/include/rosapi_msgs/srv/detail/delete_param__struct.hpp\n'}
[209.421472] (rosapi_msgs) StdoutLine: {'line': b'-- Symlinking: /ros2_ws/install/rosapi_msgs/include/rosapi_msgs/srv/detail/delete_param__traits.hpp\n'}
[209.429939] (rosapi_msgs) StdoutLine: {'line': b'-- Symlinking: /ros2_ws/install/rosapi_msgs/include/rosapi_msgs/srv/detail/delete_param__type_support.hpp\n'}
[209.438584] (rosapi_msgs) StdoutLine: {'line': b'-- Symlinking: /ros2_ws/install/rosapi_msgs/include/rosapi_msgs/srv/detail/get_action_servers__builder.hpp\n'}
[209.447396] (-) TimerEvent: {}
[209.448264] (rosapi_msgs) StdoutLine: {'line': b'-- Symlinking: /ros2_ws/install/rosapi_msgs/include/rosapi_msgs/srv/detail/get_action_servers__struct.hpp\n'}
[209.456727] (rosapi_msgs) StdoutLine: {'line': b'-- Symlinking: /ros2_ws/install/rosapi_msgs/include/rosapi_msgs/srv/detail/get_action_servers__traits.hpp\n'}
[209.465985] (rosapi_msgs) StdoutLine: {'line': b'-- Symlinking: /ros2_ws/install/rosapi_msgs/include/rosapi_msgs/srv/detail/get_action_servers__type_support.hpp\n'}
[209.474745] (rosapi_msgs) StdoutLine: {'line': b'-- Symlinking: /ros2_ws/install/rosapi_msgs/include/rosapi_msgs/srv/detail/get_param__builder.hpp\n'}
[209.484167] (rosapi_msgs) StdoutLine: {'line': b'-- Symlinking: /ros2_ws/install/rosapi_msgs/include/rosapi_msgs/srv/detail/get_param__struct.hpp\n'}
[209.493101] (rosapi_msgs) StdoutLine: {'line': b'-- Symlinking: /ros2_ws/install/rosapi_msgs/include/rosapi_msgs/srv/detail/get_param__traits.hpp\n'}
[209.502077] (rosapi_msgs) StdoutLine: {'line': b'-- Symlinking: /ros2_ws/install/rosapi_msgs/include/rosapi_msgs/srv/detail/get_param__type_support.hpp\n'}
[209.511029] (rosapi_msgs) StdoutLine: {'line': b'-- Symlinking: /ros2_ws/install/rosapi_msgs/include/rosapi_msgs/srv/detail/get_param_names__builder.hpp\n'}
[209.519931] (rosapi_msgs) StdoutLine: {'line': b'-- Symlinking: /ros2_ws/install/rosapi_msgs/include/rosapi_msgs/srv/detail/get_param_names__struct.hpp\n'}
[209.529381] (rosapi_msgs) StdoutLine: {'line': b'-- Symlinking: /ros2_ws/install/rosapi_msgs/include/rosapi_msgs/srv/detail/get_param_names__traits.hpp\n'}
[209.538134] (rosapi_msgs) StdoutLine: {'line': b'-- Symlinking: /ros2_ws/install/rosapi_msgs/include/rosapi_msgs/srv/detail/get_param_names__type_support.hpp\n'}
[209.547068] (rosapi_msgs) StdoutLine: {'line': b'-- Symlinking: /ros2_ws/install/rosapi_msgs/include/rosapi_msgs/srv/detail/get_ros_version__builder.hpp\n'}
[209.547808] (-) TimerEvent: {}
[209.556339] (rosapi_msgs) StdoutLine: {'line': b'-- Symlinking: /ros2_ws/install/rosapi_msgs/include/rosapi_msgs/srv/detail/get_ros_version__struct.hpp\n'}
[209.566415] (rosapi_msgs) StdoutLine: {'line': b'-- Symlinking: /ros2_ws/install/rosapi_msgs/include/rosapi_msgs/srv/detail/get_ros_version__traits.hpp\n'}
[209.575916] (rosapi_msgs) StdoutLine: {'line': b'-- Symlinking: /ros2_ws/install/rosapi_msgs/include/rosapi_msgs/srv/detail/get_ros_version__type_support.hpp\n'}
[209.585040] (rosapi_msgs) StdoutLine: {'line': b'-- Symlinking: /ros2_ws/install/rosapi_msgs/include/rosapi_msgs/srv/detail/get_time__builder.hpp\n'}
[209.593973] (rosapi_msgs) StdoutLine: {'line': b'-- Symlinking: /ros2_ws/install/rosapi_msgs/include/rosapi_msgs/srv/detail/get_time__struct.hpp\n'}
[209.602676] (rosapi_msgs) StdoutLine: {'line': b'-- Symlinking: /ros2_ws/install/rosapi_msgs/include/rosapi_msgs/srv/detail/get_time__traits.hpp\n'}
[209.611696] (rosapi_msgs) StdoutLine: {'line': b'-- Symlinking: /ros2_ws/install/rosapi_msgs/include/rosapi_msgs/srv/detail/get_time__type_support.hpp\n'}
[209.620664] (rosapi_msgs) StdoutLine: {'line': b'-- Symlinking: /ros2_ws/install/rosapi_msgs/include/rosapi_msgs/srv/detail/has_param__builder.hpp\n'}
[209.629422] (rosapi_msgs) StdoutLine: {'line': b'-- Symlinking: /ros2_ws/install/rosapi_msgs/include/rosapi_msgs/srv/detail/has_param__struct.hpp\n'}
[209.638305] (rosapi_msgs) StdoutLine: {'line': b'-- Symlinking: /ros2_ws/install/rosapi_msgs/include/rosapi_msgs/srv/detail/has_param__traits.hpp\n'}
[209.646971] (rosapi_msgs) StdoutLine: {'line': b'-- Symlinking: /ros2_ws/install/rosapi_msgs/include/rosapi_msgs/srv/detail/has_param__type_support.hpp\n'}
[209.647929] (-) TimerEvent: {}
[209.655939] (rosapi_msgs) StdoutLine: {'line': b'-- Symlinking: /ros2_ws/install/rosapi_msgs/include/rosapi_msgs/srv/detail/message_details__builder.hpp\n'}
[209.664708] (rosapi_msgs) StdoutLine: {'line': b'-- Symlinking: /ros2_ws/install/rosapi_msgs/include/rosapi_msgs/srv/detail/message_details__struct.hpp\n'}
[209.673582] (rosapi_msgs) StdoutLine: {'line': b'-- Symlinking: /ros2_ws/install/rosapi_msgs/include/rosapi_msgs/srv/detail/message_details__traits.hpp\n'}
[209.683206] (rosapi_msgs) StdoutLine: {'line': b'-- Symlinking: /ros2_ws/install/rosapi_msgs/include/rosapi_msgs/srv/detail/message_details__type_support.hpp\n'}
[209.692101] (rosapi_msgs) StdoutLine: {'line': b'-- Symlinking: /ros2_ws/install/rosapi_msgs/include/rosapi_msgs/srv/detail/node_details__builder.hpp\n'}
[209.701320] (rosapi_msgs) StdoutLine: {'line': b'-- Symlinking: /ros2_ws/install/rosapi_msgs/include/rosapi_msgs/srv/detail/node_details__struct.hpp\n'}
[209.710123] (rosapi_msgs) StdoutLine: {'line': b'-- Symlinking: /ros2_ws/install/rosapi_msgs/include/rosapi_msgs/srv/detail/node_details__traits.hpp\n'}
[209.718801] (rosapi_msgs) StdoutLine: {'line': b'-- Symlinking: /ros2_ws/install/rosapi_msgs/include/rosapi_msgs/srv/detail/node_details__type_support.hpp\n'}
[209.727681] (rosapi_msgs) StdoutLine: {'line': b'-- Symlinking: /ros2_ws/install/rosapi_msgs/include/rosapi_msgs/srv/detail/nodes__builder.hpp\n'}
[209.736533] (rosapi_msgs) StdoutLine: {'line': b'-- Symlinking: /ros2_ws/install/rosapi_msgs/include/rosapi_msgs/srv/detail/nodes__struct.hpp\n'}
[209.745406] (rosapi_msgs) StdoutLine: {'line': b'-- Symlinking: /ros2_ws/install/rosapi_msgs/include/rosapi_msgs/srv/detail/nodes__traits.hpp\n'}
[209.748104] (-) TimerEvent: {}
[209.754476] (rosapi_msgs) StdoutLine: {'line': b'-- Symlinking: /ros2_ws/install/rosapi_msgs/include/rosapi_msgs/srv/detail/nodes__type_support.hpp\n'}
[209.764320] (rosapi_msgs) StdoutLine: {'line': b'-- Symlinking: /ros2_ws/install/rosapi_msgs/include/rosapi_msgs/srv/detail/publishers__builder.hpp\n'}
[209.772568] (rosapi_msgs) StdoutLine: {'line': b'-- Symlinking: /ros2_ws/install/rosapi_msgs/include/rosapi_msgs/srv/detail/publishers__struct.hpp\n'}
[209.781696] (rosapi_msgs) StdoutLine: {'line': b'-- Symlinking: /ros2_ws/install/rosapi_msgs/include/rosapi_msgs/srv/detail/publishers__traits.hpp\n'}
[209.790831] (rosapi_msgs) StdoutLine: {'line': b'-- Symlinking: /ros2_ws/install/rosapi_msgs/include/rosapi_msgs/srv/detail/publishers__type_support.hpp\n'}
[209.799673] (rosapi_msgs) StdoutLine: {'line': b'-- Symlinking: /ros2_ws/install/rosapi_msgs/include/rosapi_msgs/srv/detail/service_node__builder.hpp\n'}
[209.808815] (rosapi_msgs) StdoutLine: {'line': b'-- Symlinking: /ros2_ws/install/rosapi_msgs/include/rosapi_msgs/srv/detail/service_node__struct.hpp\n'}
[209.817412] (rosapi_msgs) StdoutLine: {'line': b'-- Symlinking: /ros2_ws/install/rosapi_msgs/include/rosapi_msgs/srv/detail/service_node__traits.hpp\n'}
[209.826004] (rosapi_msgs) StdoutLine: {'line': b'-- Symlinking: /ros2_ws/install/rosapi_msgs/include/rosapi_msgs/srv/detail/service_node__type_support.hpp\n'}
[209.834770] (rosapi_msgs) StdoutLine: {'line': b'-- Symlinking: /ros2_ws/install/rosapi_msgs/include/rosapi_msgs/srv/detail/service_providers__builder.hpp\n'}
[209.843594] (rosapi_msgs) StdoutLine: {'line': b'-- Symlinking: /ros2_ws/install/rosapi_msgs/include/rosapi_msgs/srv/detail/service_providers__struct.hpp\n'}
[209.848280] (-) TimerEvent: {}
[209.852376] (rosapi_msgs) StdoutLine: {'line': b'-- Symlinking: /ros2_ws/install/rosapi_msgs/include/rosapi_msgs/srv/detail/service_providers__traits.hpp\n'}
[209.861151] (rosapi_msgs) StdoutLine: {'line': b'-- Symlinking: /ros2_ws/install/rosapi_msgs/include/rosapi_msgs/srv/detail/service_providers__type_support.hpp\n'}
[209.869942] (rosapi_msgs) StdoutLine: {'line': b'-- Symlinking: /ros2_ws/install/rosapi_msgs/include/rosapi_msgs/srv/detail/service_request_details__builder.hpp\n'}
[209.878862] (rosapi_msgs) StdoutLine: {'line': b'-- Symlinking: /ros2_ws/install/rosapi_msgs/include/rosapi_msgs/srv/detail/service_request_details__struct.hpp\n'}
[209.887852] (rosapi_msgs) StdoutLine: {'line': b'-- Symlinking: /ros2_ws/install/rosapi_msgs/include/rosapi_msgs/srv/detail/service_request_details__traits.hpp\n'}
[209.896727] (rosapi_msgs) StdoutLine: {'line': b'-- Symlinking: /ros2_ws/install/rosapi_msgs/include/rosapi_msgs/srv/detail/service_request_details__type_support.hpp\n'}
[209.905541] (rosapi_msgs) StdoutLine: {'line': b'-- Symlinking: /ros2_ws/install/rosapi_msgs/include/rosapi_msgs/srv/detail/service_response_details__builder.hpp\n'}
[209.914262] (rosapi_msgs) StdoutLine: {'line': b'-- Symlinking: /ros2_ws/install/rosapi_msgs/include/rosapi_msgs/srv/detail/service_response_details__struct.hpp\n'}
[209.923208] (rosapi_msgs) StdoutLine: {'line': b'-- Symlinking: /ros2_ws/install/rosapi_msgs/include/rosapi_msgs/srv/detail/service_response_details__traits.hpp\n'}
[209.932028] (rosapi_msgs) StdoutLine: {'line': b'-- Symlinking: /ros2_ws/install/rosapi_msgs/include/rosapi_msgs/srv/detail/service_response_details__type_support.hpp\n'}
[209.940739] (rosapi_msgs) StdoutLine: {'line': b'-- Symlinking: /ros2_ws/install/rosapi_msgs/include/rosapi_msgs/srv/detail/service_type__builder.hpp\n'}
[209.948516] (-) TimerEvent: {}
[209.949573] (rosapi_msgs) StdoutLine: {'line': b'-- Symlinking: /ros2_ws/install/rosapi_msgs/include/rosapi_msgs/srv/detail/service_type__struct.hpp\n'}
[209.958336] (rosapi_msgs) StdoutLine: {'line': b'-- Symlinking: /ros2_ws/install/rosapi_msgs/include/rosapi_msgs/srv/detail/service_type__traits.hpp\n'}
[209.967179] (rosapi_msgs) StdoutLine: {'line': b'-- Symlinking: /ros2_ws/install/rosapi_msgs/include/rosapi_msgs/srv/detail/service_type__type_support.hpp\n'}
[209.975905] (rosapi_msgs) StdoutLine: {'line': b'-- Symlinking: /ros2_ws/install/rosapi_msgs/include/rosapi_msgs/srv/detail/services__builder.hpp\n'}
[209.985372] (rosapi_msgs) StdoutLine: {'line': b'-- Symlinking: /ros2_ws/install/rosapi_msgs/include/rosapi_msgs/srv/detail/services__struct.hpp\n'}
[209.994313] (rosapi_msgs) StdoutLine: {'line': b'-- Symlinking: /ros2_ws/install/rosapi_msgs/include/rosapi_msgs/srv/detail/services__traits.hpp\n'}
[210.003191] (rosapi_msgs) StdoutLine: {'line': b'-- Symlinking: /ros2_ws/install/rosapi_msgs/include/rosapi_msgs/srv/detail/services__type_support.hpp\n'}
[210.011834] (rosapi_msgs) StdoutLine: {'line': b'-- Symlinking: /ros2_ws/install/rosapi_msgs/include/rosapi_msgs/srv/detail/services_for_type__builder.hpp\n'}
[210.020555] (rosapi_msgs) StdoutLine: {'line': b'-- Symlinking: /ros2_ws/install/rosapi_msgs/include/rosapi_msgs/srv/detail/services_for_type__struct.hpp\n'}
[210.029300] (rosapi_msgs) StdoutLine: {'line': b'-- Symlinking: /ros2_ws/install/rosapi_msgs/include/rosapi_msgs/srv/detail/services_for_type__traits.hpp\n'}
[210.037866] (rosapi_msgs) StdoutLine: {'line': b'-- Symlinking: /ros2_ws/install/rosapi_msgs/include/rosapi_msgs/srv/detail/services_for_type__type_support.hpp\n'}
[210.046586] (rosapi_msgs) StdoutLine: {'line': b'-- Symlinking: /ros2_ws/install/rosapi_msgs/include/rosapi_msgs/srv/detail/set_param__builder.hpp\n'}
[210.048648] (-) TimerEvent: {}
[210.055270] (rosapi_msgs) StdoutLine: {'line': b'-- Symlinking: /ros2_ws/install/rosapi_msgs/include/rosapi_msgs/srv/detail/set_param__struct.hpp\n'}
[210.064424] (rosapi_msgs) StdoutLine: {'line': b'-- Symlinking: /ros2_ws/install/rosapi_msgs/include/rosapi_msgs/srv/detail/set_param__traits.hpp\n'}
[210.073058] (rosapi_msgs) StdoutLine: {'line': b'-- Symlinking: /ros2_ws/install/rosapi_msgs/include/rosapi_msgs/srv/detail/set_param__type_support.hpp\n'}
[210.082018] (rosapi_msgs) StdoutLine: {'line': b'-- Symlinking: /ros2_ws/install/rosapi_msgs/include/rosapi_msgs/srv/detail/subscribers__builder.hpp\n'}
[210.090813] (rosapi_msgs) StdoutLine: {'line': b'-- Symlinking: /ros2_ws/install/rosapi_msgs/include/rosapi_msgs/srv/detail/subscribers__struct.hpp\n'}
[210.099487] (rosapi_msgs) StdoutLine: {'line': b'-- Symlinking: /ros2_ws/install/rosapi_msgs/include/rosapi_msgs/srv/detail/subscribers__traits.hpp\n'}
[210.108208] (rosapi_msgs) StdoutLine: {'line': b'-- Symlinking: /ros2_ws/install/rosapi_msgs/include/rosapi_msgs/srv/detail/subscribers__type_support.hpp\n'}
[210.117025] (rosapi_msgs) StdoutLine: {'line': b'-- Symlinking: /ros2_ws/install/rosapi_msgs/include/rosapi_msgs/srv/detail/topic_type__builder.hpp\n'}
[210.125674] (rosapi_msgs) StdoutLine: {'line': b'-- Symlinking: /ros2_ws/install/rosapi_msgs/include/rosapi_msgs/srv/detail/topic_type__struct.hpp\n'}
[210.134335] (rosapi_msgs) StdoutLine: {'line': b'-- Symlinking: /ros2_ws/install/rosapi_msgs/include/rosapi_msgs/srv/detail/topic_type__traits.hpp\n'}
[210.143088] (rosapi_msgs) StdoutLine: {'line': b'-- Symlinking: /ros2_ws/install/rosapi_msgs/include/rosapi_msgs/srv/detail/topic_type__type_support.hpp\n'}
[210.148888] (-) TimerEvent: {}
[210.152117] (rosapi_msgs) StdoutLine: {'line': b'-- Symlinking: /ros2_ws/install/rosapi_msgs/include/rosapi_msgs/srv/detail/topics__builder.hpp\n'}
[210.160805] (rosapi_msgs) StdoutLine: {'line': b'-- Symlinking: /ros2_ws/install/rosapi_msgs/include/rosapi_msgs/srv/detail/topics__struct.hpp\n'}
[210.169674] (rosapi_msgs) StdoutLine: {'line': b'-- Symlinking: /ros2_ws/install/rosapi_msgs/include/rosapi_msgs/srv/detail/topics__traits.hpp\n'}
[210.178387] (rosapi_msgs) StdoutLine: {'line': b'-- Symlinking: /ros2_ws/install/rosapi_msgs/include/rosapi_msgs/srv/detail/topics__type_support.hpp\n'}
[210.188308] (rosapi_msgs) StdoutLine: {'line': b'-- Symlinking: /ros2_ws/install/rosapi_msgs/include/rosapi_msgs/srv/detail/topics_and_raw_types__builder.hpp\n'}
[210.197088] (rosapi_msgs) StdoutLine: {'line': b'-- Symlinking: /ros2_ws/install/rosapi_msgs/include/rosapi_msgs/srv/detail/topics_and_raw_types__struct.hpp\n'}
[210.206268] (rosapi_msgs) StdoutLine: {'line': b'-- Symlinking: /ros2_ws/install/rosapi_msgs/include/rosapi_msgs/srv/detail/topics_and_raw_types__traits.hpp\n'}
[210.215320] (rosapi_msgs) StdoutLine: {'line': b'-- Symlinking: /ros2_ws/install/rosapi_msgs/include/rosapi_msgs/srv/detail/topics_and_raw_types__type_support.hpp\n'}
[210.223899] (rosapi_msgs) StdoutLine: {'line': b'-- Symlinking: /ros2_ws/install/rosapi_msgs/include/rosapi_msgs/srv/detail/topics_for_type__builder.hpp\n'}
[210.232521] (rosapi_msgs) StdoutLine: {'line': b'-- Symlinking: /ros2_ws/install/rosapi_msgs/include/rosapi_msgs/srv/detail/topics_for_type__struct.hpp\n'}
[210.241547] (rosapi_msgs) StdoutLine: {'line': b'-- Symlinking: /ros2_ws/install/rosapi_msgs/include/rosapi_msgs/srv/detail/topics_for_type__traits.hpp\n'}
[210.249119] (-) TimerEvent: {}
[210.250190] (rosapi_msgs) StdoutLine: {'line': b'-- Symlinking: /ros2_ws/install/rosapi_msgs/include/rosapi_msgs/srv/detail/topics_for_type__type_support.hpp\n'}
[210.259047] (rosapi_msgs) StdoutLine: {'line': b'-- Symlinking: /ros2_ws/install/rosapi_msgs/include/rosapi_msgs/srv/get_action_servers.hpp\n'}
[210.267930] (rosapi_msgs) StdoutLine: {'line': b'-- Symlinking: /ros2_ws/install/rosapi_msgs/include/rosapi_msgs/srv/get_param.hpp\n'}
[210.276671] (rosapi_msgs) StdoutLine: {'line': b'-- Symlinking: /ros2_ws/install/rosapi_msgs/include/rosapi_msgs/srv/get_param_names.hpp\n'}
[210.285818] (rosapi_msgs) StdoutLine: {'line': b'-- Symlinking: /ros2_ws/install/rosapi_msgs/include/rosapi_msgs/srv/get_ros_version.hpp\n'}
[210.294776] (rosapi_msgs) StdoutLine: {'line': b'-- Symlinking: /ros2_ws/install/rosapi_msgs/include/rosapi_msgs/srv/get_time.hpp\n'}
[210.303311] (rosapi_msgs) StdoutLine: {'line': b'-- Symlinking: /ros2_ws/install/rosapi_msgs/include/rosapi_msgs/srv/has_param.hpp\n'}
[210.312160] (rosapi_msgs) StdoutLine: {'line': b'-- Symlinking: /ros2_ws/install/rosapi_msgs/include/rosapi_msgs/srv/message_details.hpp\n'}
[210.320955] (rosapi_msgs) StdoutLine: {'line': b'-- Symlinking: /ros2_ws/install/rosapi_msgs/include/rosapi_msgs/srv/node_details.hpp\n'}
[210.330109] (rosapi_msgs) StdoutLine: {'line': b'-- Symlinking: /ros2_ws/install/rosapi_msgs/include/rosapi_msgs/srv/nodes.hpp\n'}
[210.338793] (rosapi_msgs) StdoutLine: {'line': b'-- Symlinking: /ros2_ws/install/rosapi_msgs/include/rosapi_msgs/srv/publishers.hpp\n'}
[210.347696] (rosapi_msgs) StdoutLine: {'line': b'-- Symlinking: /ros2_ws/install/rosapi_msgs/include/rosapi_msgs/srv/service_node.hpp\n'}
[210.349254] (-) TimerEvent: {}
[210.356615] (rosapi_msgs) StdoutLine: {'line': b'-- Symlinking: /ros2_ws/install/rosapi_msgs/include/rosapi_msgs/srv/service_providers.hpp\n'}
[210.365945] (rosapi_msgs) StdoutLine: {'line': b'-- Symlinking: /ros2_ws/install/rosapi_msgs/include/rosapi_msgs/srv/service_request_details.hpp\n'}
[210.374695] (rosapi_msgs) StdoutLine: {'line': b'-- Symlinking: /ros2_ws/install/rosapi_msgs/include/rosapi_msgs/srv/service_response_details.hpp\n'}
[210.383949] (rosapi_msgs) StdoutLine: {'line': b'-- Symlinking: /ros2_ws/install/rosapi_msgs/include/rosapi_msgs/srv/service_type.hpp\n'}
[210.392940] (rosapi_msgs) StdoutLine: {'line': b'-- Symlinking: /ros2_ws/install/rosapi_msgs/include/rosapi_msgs/srv/services.hpp\n'}
[210.401553] (rosapi_msgs) StdoutLine: {'line': b'-- Symlinking: /ros2_ws/install/rosapi_msgs/include/rosapi_msgs/srv/services_for_type.hpp\n'}
[210.410174] (rosapi_msgs) StdoutLine: {'line': b'-- Symlinking: /ros2_ws/install/rosapi_msgs/include/rosapi_msgs/srv/set_param.hpp\n'}
[210.418987] (rosapi_msgs) StdoutLine: {'line': b'-- Symlinking: /ros2_ws/install/rosapi_msgs/include/rosapi_msgs/srv/subscribers.hpp\n'}
[210.427827] (rosapi_msgs) StdoutLine: {'line': b'-- Symlinking: /ros2_ws/install/rosapi_msgs/include/rosapi_msgs/srv/topic_type.hpp\n'}
[210.436375] (rosapi_msgs) StdoutLine: {'line': b'-- Symlinking: /ros2_ws/install/rosapi_msgs/include/rosapi_msgs/srv/topics.hpp\n'}
[210.445065] (rosapi_msgs) StdoutLine: {'line': b'-- Symlinking: /ros2_ws/install/rosapi_msgs/include/rosapi_msgs/srv/topics_and_raw_types.hpp\n'}
[210.449476] (-) TimerEvent: {}
[210.453925] (rosapi_msgs) StdoutLine: {'line': b'-- Symlinking: /ros2_ws/install/rosapi_msgs/include/rosapi_msgs/srv/topics_for_type.hpp\n'}
[210.466814] (rosapi_msgs) StdoutLine: {'line': b'-- Symlinking: /ros2_ws/install/rosapi_msgs/include/rosapi_msgs/msg/detail/type_def__rosidl_typesupport_introspection_cpp.hpp\n'}
[210.475520] (rosapi_msgs) StdoutLine: {'line': b'-- Symlinking: /ros2_ws/install/rosapi_msgs/include/rosapi_msgs/srv/detail/delete_param__rosidl_typesupport_introspection_cpp.hpp\n'}
[210.485020] (rosapi_msgs) StdoutLine: {'line': b'-- Symlinking: /ros2_ws/install/rosapi_msgs/include/rosapi_msgs/srv/detail/get_action_servers__rosidl_typesupport_introspection_cpp.hpp\n'}
[210.494200] (rosapi_msgs) StdoutLine: {'line': b'-- Symlinking: /ros2_ws/install/rosapi_msgs/include/rosapi_msgs/srv/detail/get_param__rosidl_typesupport_introspection_cpp.hpp\n'}
[210.503482] (rosapi_msgs) StdoutLine: {'line': b'-- Symlinking: /ros2_ws/install/rosapi_msgs/include/rosapi_msgs/srv/detail/get_param_names__rosidl_typesupport_introspection_cpp.hpp\n'}
[210.512653] (rosapi_msgs) StdoutLine: {'line': b'-- Symlinking: /ros2_ws/install/rosapi_msgs/include/rosapi_msgs/srv/detail/get_ros_version__rosidl_typesupport_introspection_cpp.hpp\n'}
[210.521922] (rosapi_msgs) StdoutLine: {'line': b'-- Symlinking: /ros2_ws/install/rosapi_msgs/include/rosapi_msgs/srv/detail/get_time__rosidl_typesupport_introspection_cpp.hpp\n'}
[210.530854] (rosapi_msgs) StdoutLine: {'line': b'-- Symlinking: /ros2_ws/install/rosapi_msgs/include/rosapi_msgs/srv/detail/has_param__rosidl_typesupport_introspection_cpp.hpp\n'}
[210.540335] (rosapi_msgs) StdoutLine: {'line': b'-- Symlinking: /ros2_ws/install/rosapi_msgs/include/rosapi_msgs/srv/detail/message_details__rosidl_typesupport_introspection_cpp.hpp\n'}
[210.549357] (rosapi_msgs) StdoutLine: {'line': b'-- Symlinking: /ros2_ws/install/rosapi_msgs/include/rosapi_msgs/srv/detail/node_details__rosidl_typesupport_introspection_cpp.hpp\n'}
[210.550081] (-) TimerEvent: {}
[210.558962] (rosapi_msgs) StdoutLine: {'line': b'-- Symlinking: /ros2_ws/install/rosapi_msgs/include/rosapi_msgs/srv/detail/nodes__rosidl_typesupport_introspection_cpp.hpp\n'}
[210.568091] (rosapi_msgs) StdoutLine: {'line': b'-- Symlinking: /ros2_ws/install/rosapi_msgs/include/rosapi_msgs/srv/detail/publishers__rosidl_typesupport_introspection_cpp.hpp\n'}
[210.577053] (rosapi_msgs) StdoutLine: {'line': b'-- Symlinking: /ros2_ws/install/rosapi_msgs/include/rosapi_msgs/srv/detail/service_node__rosidl_typesupport_introspection_cpp.hpp\n'}
[210.586552] (rosapi_msgs) StdoutLine: {'line': b'-- Symlinking: /ros2_ws/install/rosapi_msgs/include/rosapi_msgs/srv/detail/service_providers__rosidl_typesupport_introspection_cpp.hpp\n'}
[210.595601] (rosapi_msgs) StdoutLine: {'line': b'-- Symlinking: /ros2_ws/install/rosapi_msgs/include/rosapi_msgs/srv/detail/service_request_details__rosidl_typesupport_introspection_cpp.hpp\n'}
[210.604140] (rosapi_msgs) StdoutLine: {'line': b'-- Symlinking: /ros2_ws/install/rosapi_msgs/include/rosapi_msgs/srv/detail/service_response_details__rosidl_typesupport_introspection_cpp.hpp\n'}
[210.613091] (rosapi_msgs) StdoutLine: {'line': b'-- Symlinking: /ros2_ws/install/rosapi_msgs/include/rosapi_msgs/srv/detail/service_type__rosidl_typesupport_introspection_cpp.hpp\n'}
[210.621999] (rosapi_msgs) StdoutLine: {'line': b'-- Symlinking: /ros2_ws/install/rosapi_msgs/include/rosapi_msgs/srv/detail/services__rosidl_typesupport_introspection_cpp.hpp\n'}
[210.631135] (rosapi_msgs) StdoutLine: {'line': b'-- Symlinking: /ros2_ws/install/rosapi_msgs/include/rosapi_msgs/srv/detail/services_for_type__rosidl_typesupport_introspection_cpp.hpp\n'}
[210.640240] (rosapi_msgs) StdoutLine: {'line': b'-- Symlinking: /ros2_ws/install/rosapi_msgs/include/rosapi_msgs/srv/detail/set_param__rosidl_typesupport_introspection_cpp.hpp\n'}
[210.649455] (rosapi_msgs) StdoutLine: {'line': b'-- Symlinking: /ros2_ws/install/rosapi_msgs/include/rosapi_msgs/srv/detail/subscribers__rosidl_typesupport_introspection_cpp.hpp\n'}
[210.650119] (-) TimerEvent: {}
[210.658518] (rosapi_msgs) StdoutLine: {'line': b'-- Symlinking: /ros2_ws/install/rosapi_msgs/include/rosapi_msgs/srv/detail/topic_type__rosidl_typesupport_introspection_cpp.hpp\n'}
[210.667510] (rosapi_msgs) StdoutLine: {'line': b'-- Symlinking: /ros2_ws/install/rosapi_msgs/include/rosapi_msgs/srv/detail/topics__rosidl_typesupport_introspection_cpp.hpp\n'}
[210.679511] (rosapi_msgs) StdoutLine: {'line': b'-- Symlinking: /ros2_ws/install/rosapi_msgs/include/rosapi_msgs/srv/detail/topics_and_raw_types__rosidl_typesupport_introspection_cpp.hpp\n'}
[210.688775] (rosapi_msgs) StdoutLine: {'line': b'-- Symlinking: /ros2_ws/install/rosapi_msgs/include/rosapi_msgs/srv/detail/topics_for_type__rosidl_typesupport_introspection_cpp.hpp\n'}
[210.698419] (rosapi_msgs) StdoutLine: {'line': b'-- Symlinking: /ros2_ws/install/rosapi_msgs/share/rosapi_msgs/environment/pythonpath.sh\n'}
[210.707740] (rosapi_msgs) StdoutLine: {'line': b'-- Symlinking: /ros2_ws/install/rosapi_msgs/share/rosapi_msgs/environment/pythonpath.dsv\n'}
[210.716991] (rosapi_msgs) StdoutLine: {'line': b'-- Symlinking: /ros2_ws/install/rosapi_msgs/lib/python3.6/site-packages/rosapi_msgs/__init__.py\n'}
[210.727358] (rosapi_msgs) StdoutLine: {'line': b'-- Symlinking: /ros2_ws/install/rosapi_msgs/lib/python3.6/site-packages/rosapi_msgs/msg/__init__.py\n'}
[210.735944] (rosapi_msgs) StdoutLine: {'line': b'-- Symlinking: /ros2_ws/install/rosapi_msgs/lib/python3.6/site-packages/rosapi_msgs/msg/_type_def.py\n'}
[210.747406] (rosapi_msgs) StdoutLine: {'line': b'-- Symlinking: /ros2_ws/install/rosapi_msgs/lib/python3.6/site-packages/rosapi_msgs/srv/__init__.py\n'}
[210.750284] (-) TimerEvent: {}
[210.756243] (rosapi_msgs) StdoutLine: {'line': b'-- Symlinking: /ros2_ws/install/rosapi_msgs/lib/python3.6/site-packages/rosapi_msgs/srv/_delete_param.py\n'}
[210.765222] (rosapi_msgs) StdoutLine: {'line': b'-- Symlinking: /ros2_ws/install/rosapi_msgs/lib/python3.6/site-packages/rosapi_msgs/srv/_get_action_servers.py\n'}
[210.774809] (rosapi_msgs) StdoutLine: {'line': b'-- Symlinking: /ros2_ws/install/rosapi_msgs/lib/python3.6/site-packages/rosapi_msgs/srv/_get_param.py\n'}
[210.783960] (rosapi_msgs) StdoutLine: {'line': b'-- Symlinking: /ros2_ws/install/rosapi_msgs/lib/python3.6/site-packages/rosapi_msgs/srv/_get_param_names.py\n'}
[210.793031] (rosapi_msgs) StdoutLine: {'line': b'-- Symlinking: /ros2_ws/install/rosapi_msgs/lib/python3.6/site-packages/rosapi_msgs/srv/_get_ros_version.py\n'}
[210.801827] (rosapi_msgs) StdoutLine: {'line': b'-- Symlinking: /ros2_ws/install/rosapi_msgs/lib/python3.6/site-packages/rosapi_msgs/srv/_get_time.py\n'}
[210.810430] (rosapi_msgs) StdoutLine: {'line': b'-- Symlinking: /ros2_ws/install/rosapi_msgs/lib/python3.6/site-packages/rosapi_msgs/srv/_has_param.py\n'}
[210.819114] (rosapi_msgs) StdoutLine: {'line': b'-- Symlinking: /ros2_ws/install/rosapi_msgs/lib/python3.6/site-packages/rosapi_msgs/srv/_message_details.py\n'}
[210.828537] (rosapi_msgs) StdoutLine: {'line': b'-- Symlinking: /ros2_ws/install/rosapi_msgs/lib/python3.6/site-packages/rosapi_msgs/srv/_node_details.py\n'}
[210.837498] (rosapi_msgs) StdoutLine: {'line': b'-- Symlinking: /ros2_ws/install/rosapi_msgs/lib/python3.6/site-packages/rosapi_msgs/srv/_nodes.py\n'}
[210.846414] (rosapi_msgs) StdoutLine: {'line': b'-- Symlinking: /ros2_ws/install/rosapi_msgs/lib/python3.6/site-packages/rosapi_msgs/srv/_publishers.py\n'}
[210.850509] (-) TimerEvent: {}
[210.855084] (rosapi_msgs) StdoutLine: {'line': b'-- Symlinking: /ros2_ws/install/rosapi_msgs/lib/python3.6/site-packages/rosapi_msgs/srv/_service_node.py\n'}
[210.864089] (rosapi_msgs) StdoutLine: {'line': b'-- Symlinking: /ros2_ws/install/rosapi_msgs/lib/python3.6/site-packages/rosapi_msgs/srv/_service_providers.py\n'}
[210.872688] (rosapi_msgs) StdoutLine: {'line': b'-- Symlinking: /ros2_ws/install/rosapi_msgs/lib/python3.6/site-packages/rosapi_msgs/srv/_service_request_details.py\n'}
[210.881714] (rosapi_msgs) StdoutLine: {'line': b'-- Symlinking: /ros2_ws/install/rosapi_msgs/lib/python3.6/site-packages/rosapi_msgs/srv/_service_response_details.py\n'}
[210.891459] (rosapi_msgs) StdoutLine: {'line': b'-- Symlinking: /ros2_ws/install/rosapi_msgs/lib/python3.6/site-packages/rosapi_msgs/srv/_service_type.py\n'}
[210.900141] (rosapi_msgs) StdoutLine: {'line': b'-- Symlinking: /ros2_ws/install/rosapi_msgs/lib/python3.6/site-packages/rosapi_msgs/srv/_services.py\n'}
[210.908827] (rosapi_msgs) StdoutLine: {'line': b'-- Symlinking: /ros2_ws/install/rosapi_msgs/lib/python3.6/site-packages/rosapi_msgs/srv/_services_for_type.py\n'}
[210.917646] (rosapi_msgs) StdoutLine: {'line': b'-- Symlinking: /ros2_ws/install/rosapi_msgs/lib/python3.6/site-packages/rosapi_msgs/srv/_set_param.py\n'}
[210.926167] (rosapi_msgs) StdoutLine: {'line': b'-- Symlinking: /ros2_ws/install/rosapi_msgs/lib/python3.6/site-packages/rosapi_msgs/srv/_subscribers.py\n'}
[210.934873] (rosapi_msgs) StdoutLine: {'line': b'-- Symlinking: /ros2_ws/install/rosapi_msgs/lib/python3.6/site-packages/rosapi_msgs/srv/_topic_type.py\n'}
[210.943706] (rosapi_msgs) StdoutLine: {'line': b'-- Symlinking: /ros2_ws/install/rosapi_msgs/lib/python3.6/site-packages/rosapi_msgs/srv/_topics.py\n'}
[210.950881] (-) TimerEvent: {}
[210.952984] (rosapi_msgs) StdoutLine: {'line': b'-- Symlinking: /ros2_ws/install/rosapi_msgs/lib/python3.6/site-packages/rosapi_msgs/srv/_topics_and_raw_types.py\n'}
[210.962768] (rosapi_msgs) StdoutLine: {'line': b'-- Symlinking: /ros2_ws/install/rosapi_msgs/lib/python3.6/site-packages/rosapi_msgs/srv/_topics_for_type.py\n'}
[210.973352] (rosapi_msgs) StdoutLine: {'line': b'-- Symlinking: /ros2_ws/install/rosapi_msgs/lib/python3.6/site-packages/rosapi_msgs/rosapi_msgs_s__rosidl_typesupport_fastrtps_c.cpython-36m-aarch64-linux-gnu.so\n'}
[210.983507] (rosapi_msgs) StdoutLine: {'line': b'-- Symlinking: /ros2_ws/install/rosapi_msgs/lib/python3.6/site-packages/rosapi_msgs/rosapi_msgs_s__rosidl_typesupport_introspection_c.cpython-36m-aarch64-linux-gnu.so\n'}
[210.993671] (rosapi_msgs) StdoutLine: {'line': b'-- Symlinking: /ros2_ws/install/rosapi_msgs/lib/python3.6/site-packages/rosapi_msgs/rosapi_msgs_s__rosidl_typesupport_c.cpython-36m-aarch64-linux-gnu.so\n'}
[211.003438] (rosapi_msgs) StdoutLine: {'line': b'-- Symlinking: /ros2_ws/install/rosapi_msgs/lib/librosapi_msgs__python.so\n'}
[211.012825] (rosapi_msgs) StdoutLine: {'line': b'-- Symlinking: /ros2_ws/install/rosapi_msgs/share/rosapi_msgs/msg/TypeDef.idl\n'}
[211.022546] (rosapi_msgs) StdoutLine: {'line': b'-- Symlinking: /ros2_ws/install/rosapi_msgs/share/rosapi_msgs/srv/DeleteParam.idl\n'}
[211.032022] (rosapi_msgs) StdoutLine: {'line': b'-- Symlinking: /ros2_ws/install/rosapi_msgs/share/rosapi_msgs/srv/GetActionServers.idl\n'}
[211.040842] (rosapi_msgs) StdoutLine: {'line': b'-- Symlinking: /ros2_ws/install/rosapi_msgs/share/rosapi_msgs/srv/GetParam.idl\n'}
[211.050150] (rosapi_msgs) StdoutLine: {'line': b'-- Symlinking: /ros2_ws/install/rosapi_msgs/share/rosapi_msgs/srv/GetParamNames.idl\n'}
[211.050995] (-) TimerEvent: {}
[211.059368] (rosapi_msgs) StdoutLine: {'line': b'-- Symlinking: /ros2_ws/install/rosapi_msgs/share/rosapi_msgs/srv/GetROSVersion.idl\n'}
[211.068615] (rosapi_msgs) StdoutLine: {'line': b'-- Symlinking: /ros2_ws/install/rosapi_msgs/share/rosapi_msgs/srv/GetTime.idl\n'}
[211.077883] (rosapi_msgs) StdoutLine: {'line': b'-- Symlinking: /ros2_ws/install/rosapi_msgs/share/rosapi_msgs/srv/HasParam.idl\n'}
[211.087776] (rosapi_msgs) StdoutLine: {'line': b'-- Symlinking: /ros2_ws/install/rosapi_msgs/share/rosapi_msgs/srv/MessageDetails.idl\n'}
[211.097142] (rosapi_msgs) StdoutLine: {'line': b'-- Symlinking: /ros2_ws/install/rosapi_msgs/share/rosapi_msgs/srv/Nodes.idl\n'}
[211.106142] (rosapi_msgs) StdoutLine: {'line': b'-- Symlinking: /ros2_ws/install/rosapi_msgs/share/rosapi_msgs/srv/NodeDetails.idl\n'}
[211.114912] (rosapi_msgs) StdoutLine: {'line': b'-- Symlinking: /ros2_ws/install/rosapi_msgs/share/rosapi_msgs/srv/Publishers.idl\n'}
[211.124035] (rosapi_msgs) StdoutLine: {'line': b'-- Symlinking: /ros2_ws/install/rosapi_msgs/share/rosapi_msgs/srv/ServiceNode.idl\n'}
[211.133066] (rosapi_msgs) StdoutLine: {'line': b'-- Symlinking: /ros2_ws/install/rosapi_msgs/share/rosapi_msgs/srv/ServiceProviders.idl\n'}
[211.142080] (rosapi_msgs) StdoutLine: {'line': b'-- Symlinking: /ros2_ws/install/rosapi_msgs/share/rosapi_msgs/srv/ServiceRequestDetails.idl\n'}
[211.151110] (rosapi_msgs) StdoutLine: {'line': b'-- Symlinking: /ros2_ws/install/rosapi_msgs/share/rosapi_msgs/srv/ServiceResponseDetails.idl\n'}
[211.151862] (-) TimerEvent: {}
[211.160225] (rosapi_msgs) StdoutLine: {'line': b'-- Symlinking: /ros2_ws/install/rosapi_msgs/share/rosapi_msgs/srv/Services.idl\n'}
[211.169623] (rosapi_msgs) StdoutLine: {'line': b'-- Symlinking: /ros2_ws/install/rosapi_msgs/share/rosapi_msgs/srv/ServicesForType.idl\n'}
[211.178790] (rosapi_msgs) StdoutLine: {'line': b'-- Symlinking: /ros2_ws/install/rosapi_msgs/share/rosapi_msgs/srv/ServiceType.idl\n'}
[211.188079] (rosapi_msgs) StdoutLine: {'line': b'-- Symlinking: /ros2_ws/install/rosapi_msgs/share/rosapi_msgs/srv/SetParam.idl\n'}
[211.197268] (rosapi_msgs) StdoutLine: {'line': b'-- Symlinking: /ros2_ws/install/rosapi_msgs/share/rosapi_msgs/srv/Subscribers.idl\n'}
[211.206140] (rosapi_msgs) StdoutLine: {'line': b'-- Symlinking: /ros2_ws/install/rosapi_msgs/share/rosapi_msgs/srv/Topics.idl\n'}
[211.215042] (rosapi_msgs) StdoutLine: {'line': b'-- Symlinking: /ros2_ws/install/rosapi_msgs/share/rosapi_msgs/srv/TopicsAndRawTypes.idl\n'}
[211.224174] (rosapi_msgs) StdoutLine: {'line': b'-- Symlinking: /ros2_ws/install/rosapi_msgs/share/rosapi_msgs/srv/TopicsForType.idl\n'}
[211.233694] (rosapi_msgs) StdoutLine: {'line': b'-- Symlinking: /ros2_ws/install/rosapi_msgs/share/rosapi_msgs/srv/TopicType.idl\n'}
[211.242908] (rosapi_msgs) StdoutLine: {'line': b'-- Symlinking: /ros2_ws/install/rosapi_msgs/share/rosapi_msgs/msg/TypeDef.msg\n'}
[211.252217] (rosapi_msgs) StdoutLine: {'line': b'-- Symlinking: /ros2_ws/install/rosapi_msgs/share/rosapi_msgs/srv/DeleteParam.srv\n'}
[211.252914] (-) TimerEvent: {}
[211.261898] (rosapi_msgs) StdoutLine: {'line': b'-- Symlinking: /ros2_ws/install/rosapi_msgs/share/rosapi_msgs/srv/DeleteParam_Request.msg\n'}
[211.271369] (rosapi_msgs) StdoutLine: {'line': b'-- Symlinking: /ros2_ws/install/rosapi_msgs/share/rosapi_msgs/srv/DeleteParam_Response.msg\n'}
[211.280502] (rosapi_msgs) StdoutLine: {'line': b'-- Symlinking: /ros2_ws/install/rosapi_msgs/share/rosapi_msgs/srv/GetActionServers.srv\n'}
[211.289594] (rosapi_msgs) StdoutLine: {'line': b'-- Symlinking: /ros2_ws/install/rosapi_msgs/share/rosapi_msgs/srv/GetActionServers_Request.msg\n'}
[211.298950] (rosapi_msgs) StdoutLine: {'line': b'-- Symlinking: /ros2_ws/install/rosapi_msgs/share/rosapi_msgs/srv/GetActionServers_Response.msg\n'}
[211.307836] (rosapi_msgs) StdoutLine: {'line': b'-- Symlinking: /ros2_ws/install/rosapi_msgs/share/rosapi_msgs/srv/GetParam.srv\n'}
[211.317389] (rosapi_msgs) StdoutLine: {'line': b'-- Symlinking: /ros2_ws/install/rosapi_msgs/share/rosapi_msgs/srv/GetParam_Request.msg\n'}
[211.326578] (rosapi_msgs) StdoutLine: {'line': b'-- Symlinking: /ros2_ws/install/rosapi_msgs/share/rosapi_msgs/srv/GetParam_Response.msg\n'}
[211.335762] (rosapi_msgs) StdoutLine: {'line': b'-- Symlinking: /ros2_ws/install/rosapi_msgs/share/rosapi_msgs/srv/GetParamNames.srv\n'}
[211.344763] (rosapi_msgs) StdoutLine: {'line': b'-- Symlinking: /ros2_ws/install/rosapi_msgs/share/rosapi_msgs/srv/GetParamNames_Request.msg\n'}
[211.353130] (-) TimerEvent: {}
[211.353960] (rosapi_msgs) StdoutLine: {'line': b'-- Symlinking: /ros2_ws/install/rosapi_msgs/share/rosapi_msgs/srv/GetParamNames_Response.msg\n'}
[211.362724] (rosapi_msgs) StdoutLine: {'line': b'-- Symlinking: /ros2_ws/install/rosapi_msgs/share/rosapi_msgs/srv/GetROSVersion.srv\n'}
[211.371866] (rosapi_msgs) StdoutLine: {'line': b'-- Symlinking: /ros2_ws/install/rosapi_msgs/share/rosapi_msgs/srv/GetROSVersion_Request.msg\n'}
[211.381076] (rosapi_msgs) StdoutLine: {'line': b'-- Symlinking: /ros2_ws/install/rosapi_msgs/share/rosapi_msgs/srv/GetROSVersion_Response.msg\n'}
[211.390711] (rosapi_msgs) StdoutLine: {'line': b'-- Symlinking: /ros2_ws/install/rosapi_msgs/share/rosapi_msgs/srv/GetTime.srv\n'}
[211.399857] (rosapi_msgs) StdoutLine: {'line': b'-- Symlinking: /ros2_ws/install/rosapi_msgs/share/rosapi_msgs/srv/GetTime_Request.msg\n'}
[211.408657] (rosapi_msgs) StdoutLine: {'line': b'-- Symlinking: /ros2_ws/install/rosapi_msgs/share/rosapi_msgs/srv/GetTime_Response.msg\n'}
[211.417632] (rosapi_msgs) StdoutLine: {'line': b'-- Symlinking: /ros2_ws/install/rosapi_msgs/share/rosapi_msgs/srv/HasParam.srv\n'}
[211.426986] (rosapi_msgs) StdoutLine: {'line': b'-- Symlinking: /ros2_ws/install/rosapi_msgs/share/rosapi_msgs/srv/HasParam_Request.msg\n'}
[211.435748] (rosapi_msgs) StdoutLine: {'line': b'-- Symlinking: /ros2_ws/install/rosapi_msgs/share/rosapi_msgs/srv/HasParam_Response.msg\n'}
[211.445036] (rosapi_msgs) StdoutLine: {'line': b'-- Symlinking: /ros2_ws/install/rosapi_msgs/share/rosapi_msgs/srv/MessageDetails.srv\n'}
[211.453368] (-) TimerEvent: {}
[211.454147] (rosapi_msgs) StdoutLine: {'line': b'-- Symlinking: /ros2_ws/install/rosapi_msgs/share/rosapi_msgs/srv/MessageDetails_Request.msg\n'}
[211.463042] (rosapi_msgs) StdoutLine: {'line': b'-- Symlinking: /ros2_ws/install/rosapi_msgs/share/rosapi_msgs/srv/MessageDetails_Response.msg\n'}
[211.472678] (rosapi_msgs) StdoutLine: {'line': b'-- Symlinking: /ros2_ws/install/rosapi_msgs/share/rosapi_msgs/srv/Nodes.srv\n'}
[211.481841] (rosapi_msgs) StdoutLine: {'line': b'-- Symlinking: /ros2_ws/install/rosapi_msgs/share/rosapi_msgs/srv/Nodes_Request.msg\n'}
[211.491572] (rosapi_msgs) StdoutLine: {'line': b'-- Symlinking: /ros2_ws/install/rosapi_msgs/share/rosapi_msgs/srv/Nodes_Response.msg\n'}
[211.500465] (rosapi_msgs) StdoutLine: {'line': b'-- Symlinking: /ros2_ws/install/rosapi_msgs/share/rosapi_msgs/srv/NodeDetails.srv\n'}
[211.509452] (rosapi_msgs) StdoutLine: {'line': b'-- Symlinking: /ros2_ws/install/rosapi_msgs/share/rosapi_msgs/srv/NodeDetails_Request.msg\n'}
[211.518355] (rosapi_msgs) StdoutLine: {'line': b'-- Symlinking: /ros2_ws/install/rosapi_msgs/share/rosapi_msgs/srv/NodeDetails_Response.msg\n'}
[211.527278] (rosapi_msgs) StdoutLine: {'line': b'-- Symlinking: /ros2_ws/install/rosapi_msgs/share/rosapi_msgs/srv/Publishers.srv\n'}
[211.536438] (rosapi_msgs) StdoutLine: {'line': b'-- Symlinking: /ros2_ws/install/rosapi_msgs/share/rosapi_msgs/srv/Publishers_Request.msg\n'}
[211.545699] (rosapi_msgs) StdoutLine: {'line': b'-- Symlinking: /ros2_ws/install/rosapi_msgs/share/rosapi_msgs/srv/Publishers_Response.msg\n'}
[211.553551] (-) TimerEvent: {}
[211.554967] (rosapi_msgs) StdoutLine: {'line': b'-- Symlinking: /ros2_ws/install/rosapi_msgs/share/rosapi_msgs/srv/ServiceNode.srv\n'}
[211.563865] (rosapi_msgs) StdoutLine: {'line': b'-- Symlinking: /ros2_ws/install/rosapi_msgs/share/rosapi_msgs/srv/ServiceNode_Request.msg\n'}
[211.573318] (rosapi_msgs) StdoutLine: {'line': b'-- Symlinking: /ros2_ws/install/rosapi_msgs/share/rosapi_msgs/srv/ServiceNode_Response.msg\n'}
[211.583219] (rosapi_msgs) StdoutLine: {'line': b'-- Symlinking: /ros2_ws/install/rosapi_msgs/share/rosapi_msgs/srv/ServiceProviders.srv\n'}
[211.592018] (rosapi_msgs) StdoutLine: {'line': b'-- Symlinking: /ros2_ws/install/rosapi_msgs/share/rosapi_msgs/srv/ServiceProviders_Request.msg\n'}
[211.601024] (rosapi_msgs) StdoutLine: {'line': b'-- Symlinking: /ros2_ws/install/rosapi_msgs/share/rosapi_msgs/srv/ServiceProviders_Response.msg\n'}
[211.610075] (rosapi_msgs) StdoutLine: {'line': b'-- Symlinking: /ros2_ws/install/rosapi_msgs/share/rosapi_msgs/srv/ServiceRequestDetails.srv\n'}
[211.619072] (rosapi_msgs) StdoutLine: {'line': b'-- Symlinking: /ros2_ws/install/rosapi_msgs/share/rosapi_msgs/srv/ServiceRequestDetails_Request.msg\n'}
[211.628038] (rosapi_msgs) StdoutLine: {'line': b'-- Symlinking: /ros2_ws/install/rosapi_msgs/share/rosapi_msgs/srv/ServiceRequestDetails_Response.msg\n'}
[211.636959] (rosapi_msgs) StdoutLine: {'line': b'-- Symlinking: /ros2_ws/install/rosapi_msgs/share/rosapi_msgs/srv/ServiceResponseDetails.srv\n'}
[211.645885] (rosapi_msgs) StdoutLine: {'line': b'-- Symlinking: /ros2_ws/install/rosapi_msgs/share/rosapi_msgs/srv/ServiceResponseDetails_Request.msg\n'}
[211.653817] (-) TimerEvent: {}
[211.655423] (rosapi_msgs) StdoutLine: {'line': b'-- Symlinking: /ros2_ws/install/rosapi_msgs/share/rosapi_msgs/srv/ServiceResponseDetails_Response.msg\n'}
[211.665574] (rosapi_msgs) StdoutLine: {'line': b'-- Symlinking: /ros2_ws/install/rosapi_msgs/share/rosapi_msgs/srv/Services.srv\n'}
[211.674431] (rosapi_msgs) StdoutLine: {'line': b'-- Symlinking: /ros2_ws/install/rosapi_msgs/share/rosapi_msgs/srv/Services_Request.msg\n'}
[211.683531] (rosapi_msgs) StdoutLine: {'line': b'-- Symlinking: /ros2_ws/install/rosapi_msgs/share/rosapi_msgs/srv/Services_Response.msg\n'}
[211.693181] (rosapi_msgs) StdoutLine: {'line': b'-- Symlinking: /ros2_ws/install/rosapi_msgs/share/rosapi_msgs/srv/ServicesForType.srv\n'}
[211.702091] (rosapi_msgs) StdoutLine: {'line': b'-- Symlinking: /ros2_ws/install/rosapi_msgs/share/rosapi_msgs/srv/ServicesForType_Request.msg\n'}
[211.711281] (rosapi_msgs) StdoutLine: {'line': b'-- Symlinking: /ros2_ws/install/rosapi_msgs/share/rosapi_msgs/srv/ServicesForType_Response.msg\n'}
[211.720090] (rosapi_msgs) StdoutLine: {'line': b'-- Symlinking: /ros2_ws/install/rosapi_msgs/share/rosapi_msgs/srv/ServiceType.srv\n'}
[211.729827] (rosapi_msgs) StdoutLine: {'line': b'-- Symlinking: /ros2_ws/install/rosapi_msgs/share/rosapi_msgs/srv/ServiceType_Request.msg\n'}
[211.738941] (rosapi_msgs) StdoutLine: {'line': b'-- Symlinking: /ros2_ws/install/rosapi_msgs/share/rosapi_msgs/srv/ServiceType_Response.msg\n'}
[211.747906] (rosapi_msgs) StdoutLine: {'line': b'-- Symlinking: /ros2_ws/install/rosapi_msgs/share/rosapi_msgs/srv/SetParam.srv\n'}
[211.754067] (-) TimerEvent: {}
[211.756859] (rosapi_msgs) StdoutLine: {'line': b'-- Symlinking: /ros2_ws/install/rosapi_msgs/share/rosapi_msgs/srv/SetParam_Request.msg\n'}
[211.766365] (rosapi_msgs) StdoutLine: {'line': b'-- Symlinking: /ros2_ws/install/rosapi_msgs/share/rosapi_msgs/srv/SetParam_Response.msg\n'}
[211.776230] (rosapi_msgs) StdoutLine: {'line': b'-- Symlinking: /ros2_ws/install/rosapi_msgs/share/rosapi_msgs/srv/Subscribers.srv\n'}
[211.785487] (rosapi_msgs) StdoutLine: {'line': b'-- Symlinking: /ros2_ws/install/rosapi_msgs/share/rosapi_msgs/srv/Subscribers_Request.msg\n'}
[211.795393] (rosapi_msgs) StdoutLine: {'line': b'-- Symlinking: /ros2_ws/install/rosapi_msgs/share/rosapi_msgs/srv/Subscribers_Response.msg\n'}
[211.804405] (rosapi_msgs) StdoutLine: {'line': b'-- Symlinking: /ros2_ws/install/rosapi_msgs/share/rosapi_msgs/srv/Topics.srv\n'}
[211.813239] (rosapi_msgs) StdoutLine: {'line': b'-- Symlinking: /ros2_ws/install/rosapi_msgs/share/rosapi_msgs/srv/Topics_Request.msg\n'}
[211.822122] (rosapi_msgs) StdoutLine: {'line': b'-- Symlinking: /ros2_ws/install/rosapi_msgs/share/rosapi_msgs/srv/Topics_Response.msg\n'}
[211.831163] (rosapi_msgs) StdoutLine: {'line': b'-- Symlinking: /ros2_ws/install/rosapi_msgs/share/rosapi_msgs/srv/TopicsAndRawTypes.srv\n'}
[211.840105] (rosapi_msgs) StdoutLine: {'line': b'-- Symlinking: /ros2_ws/install/rosapi_msgs/share/rosapi_msgs/srv/TopicsAndRawTypes_Request.msg\n'}
[211.848872] (rosapi_msgs) StdoutLine: {'line': b'-- Symlinking: /ros2_ws/install/rosapi_msgs/share/rosapi_msgs/srv/TopicsAndRawTypes_Response.msg\n'}
[211.854329] (-) TimerEvent: {}
[211.858130] (rosapi_msgs) StdoutLine: {'line': b'-- Symlinking: /ros2_ws/install/rosapi_msgs/share/rosapi_msgs/srv/TopicsForType.srv\n'}
[211.867567] (rosapi_msgs) StdoutLine: {'line': b'-- Symlinking: /ros2_ws/install/rosapi_msgs/share/rosapi_msgs/srv/TopicsForType_Request.msg\n'}
[211.876485] (rosapi_msgs) StdoutLine: {'line': b'-- Symlinking: /ros2_ws/install/rosapi_msgs/share/rosapi_msgs/srv/TopicsForType_Response.msg\n'}
[211.885617] (rosapi_msgs) StdoutLine: {'line': b'-- Symlinking: /ros2_ws/install/rosapi_msgs/share/rosapi_msgs/srv/TopicType.srv\n'}
[211.894612] (rosapi_msgs) StdoutLine: {'line': b'-- Symlinking: /ros2_ws/install/rosapi_msgs/share/rosapi_msgs/srv/TopicType_Request.msg\n'}
[211.903652] (rosapi_msgs) StdoutLine: {'line': b'-- Symlinking: /ros2_ws/install/rosapi_msgs/share/rosapi_msgs/srv/TopicType_Response.msg\n'}
[211.913675] (rosapi_msgs) StdoutLine: {'line': b'-- Symlinking: /ros2_ws/install/rosapi_msgs/share/ament_index/resource_index/package_run_dependencies/rosapi_msgs\n'}
[211.923311] (rosapi_msgs) StdoutLine: {'line': b'-- Symlinking: /ros2_ws/install/rosapi_msgs/share/ament_index/resource_index/parent_prefix_path/rosapi_msgs\n'}
[211.932659] (rosapi_msgs) StdoutLine: {'line': b'-- Symlinking: /ros2_ws/install/rosapi_msgs/share/rosapi_msgs/environment/ament_prefix_path.sh\n'}
[211.941993] (rosapi_msgs) StdoutLine: {'line': b'-- Symlinking: /ros2_ws/install/rosapi_msgs/share/rosapi_msgs/environment/ament_prefix_path.dsv\n'}
[211.950981] (rosapi_msgs) StdoutLine: {'line': b'-- Symlinking: /ros2_ws/install/rosapi_msgs/share/rosapi_msgs/environment/path.sh\n'}
[211.954542] (-) TimerEvent: {}
[211.960101] (rosapi_msgs) StdoutLine: {'line': b'-- Symlinking: /ros2_ws/install/rosapi_msgs/share/rosapi_msgs/environment/path.dsv\n'}
[211.969156] (rosapi_msgs) StdoutLine: {'line': b'-- Symlinking: /ros2_ws/install/rosapi_msgs/share/rosapi_msgs/local_setup.bash\n'}
[211.978425] (rosapi_msgs) StdoutLine: {'line': b'-- Symlinking: /ros2_ws/install/rosapi_msgs/share/rosapi_msgs/local_setup.sh\n'}
[211.988381] (rosapi_msgs) StdoutLine: {'line': b'-- Symlinking: /ros2_ws/install/rosapi_msgs/share/rosapi_msgs/local_setup.zsh\n'}
[211.997405] (rosapi_msgs) StdoutLine: {'line': b'-- Symlinking: /ros2_ws/install/rosapi_msgs/share/rosapi_msgs/local_setup.dsv\n'}
[212.007064] (rosapi_msgs) StdoutLine: {'line': b'-- Symlinking: /ros2_ws/install/rosapi_msgs/share/rosapi_msgs/package.dsv\n'}
[212.016100] (rosapi_msgs) StdoutLine: {'line': b'-- Symlinking: /ros2_ws/install/rosapi_msgs/share/ament_index/resource_index/packages/rosapi_msgs\n'}
[212.025117] (rosapi_msgs) StdoutLine: {'line': b'-- Symlinking: /ros2_ws/install/rosapi_msgs/share/rosapi_msgs/cmake/rosidl_cmake-extras.cmake\n'}
[212.034170] (rosapi_msgs) StdoutLine: {'line': b'-- Symlinking: /ros2_ws/install/rosapi_msgs/share/rosapi_msgs/cmake/ament_cmake_export_dependencies-extras.cmake\n'}
[212.043477] (rosapi_msgs) StdoutLine: {'line': b'-- Symlinking: /ros2_ws/install/rosapi_msgs/share/rosapi_msgs/cmake/ament_cmake_export_libraries-extras.cmake\n'}
[212.052537] (rosapi_msgs) StdoutLine: {'line': b'-- Symlinking: /ros2_ws/install/rosapi_msgs/share/rosapi_msgs/cmake/ament_cmake_export_targets-extras.cmake\n'}
[212.054740] (-) TimerEvent: {}
[212.061871] (rosapi_msgs) StdoutLine: {'line': b'-- Symlinking: /ros2_ws/install/rosapi_msgs/share/rosapi_msgs/cmake/ament_cmake_export_include_directories-extras.cmake\n'}
[212.070931] (rosapi_msgs) StdoutLine: {'line': b'-- Symlinking: /ros2_ws/install/rosapi_msgs/share/rosapi_msgs/cmake/rosidl_cmake_export_typesupport_libraries-extras.cmake\n'}
[212.080297] (rosapi_msgs) StdoutLine: {'line': b'-- Symlinking: /ros2_ws/install/rosapi_msgs/share/rosapi_msgs/cmake/rosidl_cmake_export_typesupport_targets-extras.cmake\n'}
[212.090009] (rosapi_msgs) StdoutLine: {'line': b'-- Symlinking: /ros2_ws/install/rosapi_msgs/share/rosapi_msgs/cmake/rosapi_msgsConfig.cmake\n'}
[212.098964] (rosapi_msgs) StdoutLine: {'line': b'-- Symlinking: /ros2_ws/install/rosapi_msgs/share/rosapi_msgs/cmake/rosapi_msgsConfig-version.cmake\n'}
[212.108041] (rosapi_msgs) StdoutLine: {'line': b'-- Symlinking: /ros2_ws/install/rosapi_msgs/share/rosapi_msgs/package.xml\n'}
[212.117620] (rosapi_msgs) StdoutLine: {'line': b'-- Installing: /ros2_ws/install/rosapi_msgs/lib/librosapi_msgs__rosidl_generator_c.so\n'}
[212.120330] (rosapi_msgs) StdoutLine: {'line': b'-- Set runtime path of "/ros2_ws/install/rosapi_msgs/lib/librosapi_msgs__rosidl_generator_c.so" to ""\n'}
[212.121091] (rosapi_msgs) StdoutLine: {'line': b'-- Installing: /ros2_ws/install/rosapi_msgs/lib/librosapi_msgs__rosidl_typesupport_introspection_c.so\n'}
[212.121966] (rosapi_msgs) StdoutLine: {'line': b'-- Set runtime path of "/ros2_ws/install/rosapi_msgs/lib/librosapi_msgs__rosidl_typesupport_introspection_c.so" to ""\n'}
[212.122983] (rosapi_msgs) StdoutLine: {'line': b'-- Installing: /ros2_ws/install/rosapi_msgs/lib/librosapi_msgs__rosidl_typesupport_c.so\n'}
[212.124220] (rosapi_msgs) StdoutLine: {'line': b'-- Set runtime path of "/ros2_ws/install/rosapi_msgs/lib/librosapi_msgs__rosidl_typesupport_c.so" to ""\n'}
[212.124876] (rosapi_msgs) StdoutLine: {'line': b'-- Installing: /ros2_ws/install/rosapi_msgs/lib/librosapi_msgs__rosidl_typesupport_introspection_cpp.so\n'}
[212.127437] (rosapi_msgs) StdoutLine: {'line': b'-- Set runtime path of "/ros2_ws/install/rosapi_msgs/lib/librosapi_msgs__rosidl_typesupport_introspection_cpp.so" to ""\n'}
[212.128178] (rosapi_msgs) StdoutLine: {'line': b'-- Installing: /ros2_ws/install/rosapi_msgs/lib/librosapi_msgs__rosidl_typesupport_cpp.so\n'}
[212.129410] (rosapi_msgs) StdoutLine: {'line': b'-- Set runtime path of "/ros2_ws/install/rosapi_msgs/lib/librosapi_msgs__rosidl_typesupport_cpp.so" to ""\n'}
[212.154953] (-) TimerEvent: {}
[212.255675] (-) TimerEvent: {}
[212.279754] (rosapi_msgs) StdoutLine: {'line': b"Compiling '/ros2_ws/install/rosapi_msgs/lib/python3.6/site-packages/rosapi_msgs/__init__.py'...\n"}
[212.304329] (rosapi_msgs) StdoutLine: {'line': b'-- Installing: /ros2_ws/install/rosapi_msgs/share/rosapi_msgs/cmake/rosapi_msgs__rosidl_generator_cExport.cmake\n'}
[212.305706] (rosapi_msgs) StdoutLine: {'line': b'-- Installing: /ros2_ws/install/rosapi_msgs/share/rosapi_msgs/cmake/rosapi_msgs__rosidl_generator_cExport-noconfig.cmake\n'}
[212.306693] (rosapi_msgs) StdoutLine: {'line': b'-- Installing: /ros2_ws/install/rosapi_msgs/share/rosapi_msgs/cmake/rosapi_msgs__rosidl_typesupport_introspection_cExport.cmake\n'}
[212.307981] (rosapi_msgs) StdoutLine: {'line': b'-- Installing: /ros2_ws/install/rosapi_msgs/share/rosapi_msgs/cmake/rosapi_msgs__rosidl_typesupport_introspection_cExport-noconfig.cmake\n'}
[212.308861] (rosapi_msgs) StdoutLine: {'line': b'-- Installing: /ros2_ws/install/rosapi_msgs/share/rosapi_msgs/cmake/rosapi_msgs__rosidl_typesupport_cExport.cmake\n'}
[212.309729] (rosapi_msgs) StdoutLine: {'line': b'-- Installing: /ros2_ws/install/rosapi_msgs/share/rosapi_msgs/cmake/rosapi_msgs__rosidl_typesupport_cExport-noconfig.cmake\n'}
[212.310706] (rosapi_msgs) StdoutLine: {'line': b'-- Installing: /ros2_ws/install/rosapi_msgs/share/rosapi_msgs/cmake/rosapi_msgs__rosidl_generator_cppExport.cmake\n'}
[212.311779] (rosapi_msgs) StdoutLine: {'line': b'-- Installing: /ros2_ws/install/rosapi_msgs/share/rosapi_msgs/cmake/rosapi_msgs__rosidl_typesupport_introspection_cppExport.cmake\n'}
[212.312699] (rosapi_msgs) StdoutLine: {'line': b'-- Installing: /ros2_ws/install/rosapi_msgs/share/rosapi_msgs/cmake/rosapi_msgs__rosidl_typesupport_introspection_cppExport-noconfig.cmake\n'}
[212.313676] (rosapi_msgs) StdoutLine: {'line': b'-- Installing: /ros2_ws/install/rosapi_msgs/share/rosapi_msgs/cmake/rosapi_msgs__rosidl_typesupport_cppExport.cmake\n'}
[212.314579] (rosapi_msgs) StdoutLine: {'line': b'-- Installing: /ros2_ws/install/rosapi_msgs/share/rosapi_msgs/cmake/rosapi_msgs__rosidl_typesupport_cppExport-noconfig.cmake\n'}
[212.340948] (rosapi_msgs) CommandEnded: {'returncode': 0}
[212.361238] (-) TimerEvent: {}
[212.462532] (-) TimerEvent: {}
[212.563470] (-) TimerEvent: {}
[212.664187] (-) TimerEvent: {}
[212.764882] (-) TimerEvent: {}
[212.865786] (-) TimerEvent: {}
[212.966950] (-) TimerEvent: {}
[213.067737] (-) TimerEvent: {}
[213.168543] (-) TimerEvent: {}
[213.269372] (-) TimerEvent: {}
[213.370548] (-) TimerEvent: {}
[213.471320] (-) TimerEvent: {}
[213.572141] (-) TimerEvent: {}
[213.672916] (-) TimerEvent: {}
[213.773659] (-) TimerEvent: {}
[213.874448] (-) TimerEvent: {}
[213.975281] (-) TimerEvent: {}
[214.076105] (-) TimerEvent: {}
[214.176815] (-) TimerEvent: {}
[214.281624] (-) TimerEvent: {}
[214.335985] (rosapi_msgs) JobEnded: {'identifier': 'rosapi_msgs', 'rc': 0}
[214.346531] (rosapi) JobStarted: {'identifier': 'rosapi'}
[214.381869] (-) TimerEvent: {}
[214.426918] (rosapi) JobProgress: {'identifier': 'rosapi', 'progress': 'cmake'}
[214.428241] (rosapi) Command: {'cmd': ['/usr/local/bin/cmake', '/ros2_ws/src/rosapi', '-DAMENT_CMAKE_SYMLINK_INSTALL=1', '-DCMAKE_INSTALL_PREFIX=/ros2_ws/install/rosapi'], 'cwd': '/ros2_ws/build/rosapi', 'env': OrderedDict([('OPENBLAS_CORETYPE', 'ARMV8'), ('PYTHONIOENCODING', 'utf-8'), ('HOSTNAME', 'eyerobot-desktop'), ('LD_LIBRARY_PATH', '/ros2_ws/install/rosapi_msgs/lib:/ros2_ws/src/install/rplidar_ros/lib:/ros2_ws/my_ros2_project/install/rosbridge_test_msgs/lib:/ros2_ws/my_ros2_project/install/rosbridge_msgs/lib:/ros2_ws/my_ros2_project/install/rosapi_msgs/lib:/opt/ros/foxy/install/opt/yaml_cpp_vendor/lib:/opt/ros/foxy/install/opt/rviz_ogre_vendor/lib:/opt/ros/foxy/install/lib:/usr/local/cuda-10.2/targets/aarch64-linux/lib'), ('SHLVL', '1'), ('OLDPWD', '/'), ('HOME', '/root'), ('ROS_PYTHON_VERSION', '3'), ('COLCON_PREFIX_PATH', '/ros2_ws/install:/opt/ros/foxy/install:/ros2_ws/src/install:/ros2_ws/my_ros2_project/install'), ('ROS_DISTRO', 'foxy'), ('_', '/usr/bin/colcon'), ('ROS_VERSION', '2'), ('NVIDIA_DRIVER_CAPABILITIES', 'all'), ('PKG_CONFIG_PATH', '/opt/ros/foxy/install/lib/aarch64-linux-gnu/pkgconfig:/opt/ros/foxy/install/lib/pkgconfig'), ('TERM', 'xterm'), ('ROS_LOCALHOST_ONLY', '0'), ('PATH', '/opt/ros/foxy/install/bin:/usr/local/cuda-10.2/bin:/usr/local/cuda/bin:/usr/local/sbin:/usr/local/bin:/usr/sbin:/usr/bin:/sbin:/bin'), ('LANG', 'en_US.UTF-8'), ('RMW_IMPLEMENTATION', 'rmw_cyclonedds_cpp'), ('LS_COLORS', 'rs=0:di=01;34:ln=01;36:mh=00:pi=40;33:so=01;35:do=01;35:bd=40;33;01:cd=40;33;01:or=40;31;01:mi=00:su=37;41:sg=30;43:ca=30;41:tw=30;42:ow=34;42:st=37;44:ex=01;32:*.tar=01;31:*.tgz=01;31:*.arc=01;31:*.arj=01;31:*.taz=01;31:*.lha=01;31:*.lz4=01;31:*.lzh=01;31:*.lzma=01;31:*.tlz=01;31:*.txz=01;31:*.tzo=01;31:*.t7z=01;31:*.zip=01;31:*.z=01;31:*.Z=01;31:*.dz=01;31:*.gz=01;31:*.lrz=01;31:*.lz=01;31:*.lzo=01;31:*.xz=01;31:*.zst=01;31:*.tzst=01;31:*.bz2=01;31:*.bz=01;31:*.tbz=01;31:*.tbz2=01;31:*.tz=01;31:*.deb=01;31:*.rpm=01;31:*.jar=01;31:*.war=01;31:*.ear=01;31:*.sar=01;31:*.rar=01;31:*.alz=01;31:*.ace=01;31:*.zoo=01;31:*.cpio=01;31:*.7z=01;31:*.rz=01;31:*.cab=01;31:*.wim=01;31:*.swm=01;31:*.dwm=01;31:*.esd=01;31:*.jpg=01;35:*.jpeg=01;35:*.mjpg=01;35:*.mjpeg=01;35:*.gif=01;35:*.bmp=01;35:*.pbm=01;35:*.pgm=01;35:*.ppm=01;35:*.tga=01;35:*.xbm=01;35:*.xpm=01;35:*.tif=01;35:*.tiff=01;35:*.png=01;35:*.svg=01;35:*.svgz=01;35:*.mng=01;35:*.pcx=01;35:*.mov=01;35:*.mpg=01;35:*.mpeg=01;35:*.m2v=01;35:*.mkv=01;35:*.webm=01;35:*.ogm=01;35:*.mp4=01;35:*.m4v=01;35:*.mp4v=01;35:*.vob=01;35:*.qt=01;35:*.nuv=01;35:*.wmv=01;35:*.asf=01;35:*.rm=01;35:*.rmvb=01;35:*.flc=01;35:*.avi=01;35:*.fli=01;35:*.flv=01;35:*.gl=01;35:*.dl=01;35:*.xcf=01;35:*.xwd=01;35:*.yuv=01;35:*.cgm=01;35:*.emf=01;35:*.ogv=01;35:*.ogx=01;35:*.aac=00;36:*.au=00;36:*.flac=00;36:*.m4a=00;36:*.mid=00;36:*.midi=00;36:*.mka=00;36:*.mp3=00;36:*.mpc=00;36:*.ogg=00;36:*.ra=00;36:*.wav=00;36:*.oga=00;36:*.opus=00;36:*.spx=00;36:*.xspf=00;36:'), ('ROS_ROOT', '/opt/ros/foxy'), ('AMENT_PREFIX_PATH', '/ros2_ws/install/rosbridge_library:/ros2_ws/install/rosapi_msgs:/ros2_ws/install/rosbridge_suite:/ros2_ws/src/install/rplidar_ros:/opt/ros/foxy/install'), ('DEBIAN_FRONTEND', 'noninteractive'), ('SHELL', '/bin/bash'), ('PWD', '/ros2_ws/build/rosapi'), ('PYTHONPATH', '/ros2_ws/install/rosbridge_library/lib/python3.6/site-packages:/ros2_ws/install/rosapi_msgs/lib/python3.6/site-packages:/ros2_ws/my_ros2_project/install/rosbridge_test_msgs/lib/python3.6/site-packages:/ros2_ws/my_ros2_project/install/rosbridge_server/lib/python3.6/site-packages:/ros2_ws/my_ros2_project/install/rosbridge_msgs/lib/python3.6/site-packages:/ros2_ws/my_ros2_project/install/rosapi/lib/python3.6/site-packages:/ros2_ws/my_ros2_project/install/rosbridge_library/lib/python3.6/site-packages:/ros2_ws/my_ros2_project/install/rosapi_msgs/lib/python3.6/site-packages:/opt/ros/foxy/install/lib/python3.6/site-packages'), ('NVIDIA_VISIBLE_DEVICES', 'all'), ('COLCON', '1'), ('CMAKE_PREFIX_PATH', '/ros2_ws/install/rosbridge_library:/ros2_ws/install/rosapi_msgs:/ros2_ws/install/rosbridge_suite:/ros2_ws/src/install/rplidar_ros:/ros2_ws/my_ros2_project/install/rplidar_ros:/ros2_ws/my_ros2_project/install/rosbridge_test_msgs:/ros2_ws/my_ros2_project/install/rosbridge_server:/ros2_ws/my_ros2_project/install/rosbridge_msgs:/ros2_ws/my_ros2_project/install/rosapi:/ros2_ws/my_ros2_project/install/rosbridge_library:/ros2_ws/my_ros2_project/install/rosapi_msgs:/opt/ros/foxy/install')]), 'shell': False}
[214.482112] (-) TimerEvent: {}
[214.583143] (-) TimerEvent: {}
[214.683945] (-) TimerEvent: {}
[214.755788] (rosapi) StdoutLine: {'line': b'-- The C compiler identification is GNU 7.5.0\n'}
[214.784133] (-) TimerEvent: {}
[214.884950] (-) TimerEvent: {}
[214.955296] (rosapi) StdoutLine: {'line': b'-- The CXX compiler identification is GNU 7.5.0\n'}
[214.985141] (-) TimerEvent: {}
[215.019161] (rosapi) StdoutLine: {'line': b'-- Detecting C compiler ABI info\n'}
[215.085333] (-) TimerEvent: {}
[215.186104] (-) TimerEvent: {}
[215.235549] (rosapi) StdoutLine: {'line': b'-- Detecting C compiler ABI info - done\n'}
[215.286020] (rosapi) StdoutLine: {'line': b'-- Check for working C compiler: /usr/bin/cc - skipped\n'}
[215.286762] (-) TimerEvent: {}
[215.287531] (rosapi) StdoutLine: {'line': b'-- Detecting C compile features\n'}
[215.288828] (rosapi) StdoutLine: {'line': b'-- Detecting C compile features - done\n'}
[215.329313] (rosapi) StdoutLine: {'line': b'-- Detecting CXX compiler ABI info\n'}
[215.386964] (-) TimerEvent: {}
[215.487746] (-) TimerEvent: {}
[215.577839] (rosapi) StdoutLine: {'line': b'-- Detecting CXX compiler ABI info - done\n'}
[215.587935] (-) TimerEvent: {}
[215.631062] (rosapi) StdoutLine: {'line': b'-- Check for working CXX compiler: /usr/bin/c++ - skipped\n'}
[215.632348] (rosapi) StdoutLine: {'line': b'-- Detecting CXX compile features\n'}
[215.634545] (rosapi) StdoutLine: {'line': b'-- Detecting CXX compile features - done\n'}
[215.647924] (rosapi) StdoutLine: {'line': b'-- Found ament_cmake_ros: 0.9.2 (/opt/ros/foxy/install/share/ament_cmake_ros/cmake)\n'}
[215.688109] (-) TimerEvent: {}
[215.711988] (rosapi) StderrLine: {'line': b'\x1b[33mCMake Warning (dev) at /opt/ros/foxy/install/share/ament_cmake_core/cmake/core/python.cmake:22 (find_package):\n'}
[215.712753] (rosapi) StderrLine: {'line': b'  Policy CMP0148 is not set: The FindPythonInterp and FindPythonLibs modules\n'}
[215.713204] (rosapi) StderrLine: {'line': b'  are removed.  Run "cmake --help-policy CMP0148" for policy details.  Use\n'}
[215.713625] (rosapi) StderrLine: {'line': b'  the cmake_policy command to set the policy and suppress this warning.\n'}
[215.714086] (rosapi) StderrLine: {'line': b'\n'}
[215.714570] (rosapi) StderrLine: {'line': b'Call Stack (most recent call first):\n'}
[215.716013] (rosapi) StderrLine: {'line': b'  /opt/ros/foxy/install/share/ament_cmake_core/cmake/core/all.cmake:53 (include)\n'}
[215.716666] (rosapi) StderrLine: {'line': b'  /opt/ros/foxy/install/share/ament_cmake_core/cmake/ament_cmake_core-extras.cmake:17 (include)\n'}
[215.717174] (rosapi) StderrLine: {'line': b'  /opt/ros/foxy/install/share/ament_cmake_core/cmake/ament_cmake_coreConfig.cmake:41 (include)\n'}
[215.717742] (rosapi) StderrLine: {'line': b'  /opt/ros/foxy/install/share/ament_cmake_test/cmake/ament_cmake_test-extras.cmake:39 (find_package)\n'}
[215.718358] (rosapi) StderrLine: {'line': b'  /opt/ros/foxy/install/share/ament_cmake_test/cmake/ament_cmake_testConfig.cmake:41 (include)\n'}
[215.719039] (rosapi) StderrLine: {'line': b'  /opt/ros/foxy/install/share/ament_cmake_pytest/cmake/ament_cmake_pytest-extras.cmake:17 (find_package)\n'}
[215.719556] (rosapi) StderrLine: {'line': b'  /opt/ros/foxy/install/share/ament_cmake_pytest/cmake/ament_cmake_pytestConfig.cmake:41 (include)\n'}
[215.720075] (rosapi) StderrLine: {'line': b'  /opt/ros/foxy/install/share/ament_cmake_ros/cmake/ament_cmake_ros-extras.cmake:19 (find_package)\n'}
[215.720636] (rosapi) StderrLine: {'line': b'  /opt/ros/foxy/install/share/ament_cmake_ros/cmake/ament_cmake_rosConfig.cmake:41 (include)\n'}
[215.721218] (rosapi) StderrLine: {'line': b'  CMakeLists.txt:4 (find_package)\n'}
[215.721827] (rosapi) StderrLine: {'line': b'This warning is for project developers.  Use -Wno-dev to suppress it.\n'}
[215.722320] (rosapi) StderrLine: {'line': b'\x1b[0m\n'}
[215.788285] (-) TimerEvent: {}
[215.825487] (rosapi) StdoutLine: {'line': b'-- Found PythonInterp: /usr/bin/python3 (found suitable version "3.6.9", minimum required is "3") \n'}
[215.826325] (rosapi) StdoutLine: {'line': b'-- Using PYTHON_EXECUTABLE: /usr/bin/python3\n'}
[215.888512] (-) TimerEvent: {}
[215.989273] (-) TimerEvent: {}
[216.090049] (-) TimerEvent: {}
[216.190769] (-) TimerEvent: {}
[216.291498] (-) TimerEvent: {}
[216.392313] (-) TimerEvent: {}
[216.493076] (-) TimerEvent: {}
[216.593826] (-) TimerEvent: {}
[216.694575] (-) TimerEvent: {}
[216.795354] (-) TimerEvent: {}
[216.896142] (-) TimerEvent: {}
[216.912424] (rosapi) StdoutLine: {'line': b'-- Override CMake install command with custom implementation using symlinks instead of copying resources\n'}
[216.996327] (-) TimerEvent: {}
[217.097053] (-) TimerEvent: {}
[217.197836] (-) TimerEvent: {}
[217.298686] (-) TimerEvent: {}
[217.399494] (-) TimerEvent: {}
[217.500318] (-) TimerEvent: {}
[217.601079] (-) TimerEvent: {}
[217.701947] (-) TimerEvent: {}
[217.802767] (-) TimerEvent: {}
[217.903468] (-) TimerEvent: {}
[218.004228] (-) TimerEvent: {}
[218.105041] (-) TimerEvent: {}
[218.205855] (-) TimerEvent: {}
[218.306614] (-) TimerEvent: {}
[218.407432] (-) TimerEvent: {}
[218.508219] (-) TimerEvent: {}
[218.609053] (-) TimerEvent: {}
[218.709822] (-) TimerEvent: {}
[218.810562] (-) TimerEvent: {}
[218.911292] (-) TimerEvent: {}
[219.011998] (-) TimerEvent: {}
[219.112752] (-) TimerEvent: {}
[219.213535] (-) TimerEvent: {}
[219.314299] (-) TimerEvent: {}
[219.415088] (-) TimerEvent: {}
[219.515875] (-) TimerEvent: {}
[219.616612] (-) TimerEvent: {}
[219.717358] (-) TimerEvent: {}
[219.818163] (-) TimerEvent: {}
[219.919057] (-) TimerEvent: {}
[220.019748] (-) TimerEvent: {}
[220.120499] (-) TimerEvent: {}
[220.221243] (-) TimerEvent: {}
[220.322000] (-) TimerEvent: {}
[220.422744] (-) TimerEvent: {}
[220.523547] (-) TimerEvent: {}
[220.624417] (-) TimerEvent: {}
[220.692423] (rosapi) StdoutLine: {'line': b'-- Configuring done (6.1s)\n'}
[220.704613] (rosapi) StdoutLine: {'line': b'-- Generating done (0.0s)\n'}
[220.708569] (rosapi) StdoutLine: {'line': b'-- Build files have been written to: /ros2_ws/build/rosapi\n'}
[220.724613] (-) TimerEvent: {}
[220.748307] (rosapi) CommandEnded: {'returncode': 0}
[220.753174] (rosapi) JobProgress: {'identifier': 'rosapi', 'progress': 'build'}
[220.755200] (rosapi) Command: {'cmd': ['/usr/local/bin/cmake', '--build', '/ros2_ws/build/rosapi', '--', '-j4', '-l4'], 'cwd': '/ros2_ws/build/rosapi', 'env': OrderedDict([('OPENBLAS_CORETYPE', 'ARMV8'), ('PYTHONIOENCODING', 'utf-8'), ('HOSTNAME', 'eyerobot-desktop'), ('LD_LIBRARY_PATH', '/ros2_ws/install/rosapi_msgs/lib:/ros2_ws/src/install/rplidar_ros/lib:/ros2_ws/my_ros2_project/install/rosbridge_test_msgs/lib:/ros2_ws/my_ros2_project/install/rosbridge_msgs/lib:/ros2_ws/my_ros2_project/install/rosapi_msgs/lib:/opt/ros/foxy/install/opt/yaml_cpp_vendor/lib:/opt/ros/foxy/install/opt/rviz_ogre_vendor/lib:/opt/ros/foxy/install/lib:/usr/local/cuda-10.2/targets/aarch64-linux/lib'), ('SHLVL', '1'), ('OLDPWD', '/'), ('HOME', '/root'), ('ROS_PYTHON_VERSION', '3'), ('COLCON_PREFIX_PATH', '/ros2_ws/install:/opt/ros/foxy/install:/ros2_ws/src/install:/ros2_ws/my_ros2_project/install'), ('ROS_DISTRO', 'foxy'), ('_', '/usr/bin/colcon'), ('ROS_VERSION', '2'), ('NVIDIA_DRIVER_CAPABILITIES', 'all'), ('PKG_CONFIG_PATH', '/opt/ros/foxy/install/lib/aarch64-linux-gnu/pkgconfig:/opt/ros/foxy/install/lib/pkgconfig'), ('TERM', 'xterm'), ('ROS_LOCALHOST_ONLY', '0'), ('PATH', '/opt/ros/foxy/install/bin:/usr/local/cuda-10.2/bin:/usr/local/cuda/bin:/usr/local/sbin:/usr/local/bin:/usr/sbin:/usr/bin:/sbin:/bin'), ('LANG', 'en_US.UTF-8'), ('RMW_IMPLEMENTATION', 'rmw_cyclonedds_cpp'), ('LS_COLORS', 'rs=0:di=01;34:ln=01;36:mh=00:pi=40;33:so=01;35:do=01;35:bd=40;33;01:cd=40;33;01:or=40;31;01:mi=00:su=37;41:sg=30;43:ca=30;41:tw=30;42:ow=34;42:st=37;44:ex=01;32:*.tar=01;31:*.tgz=01;31:*.arc=01;31:*.arj=01;31:*.taz=01;31:*.lha=01;31:*.lz4=01;31:*.lzh=01;31:*.lzma=01;31:*.tlz=01;31:*.txz=01;31:*.tzo=01;31:*.t7z=01;31:*.zip=01;31:*.z=01;31:*.Z=01;31:*.dz=01;31:*.gz=01;31:*.lrz=01;31:*.lz=01;31:*.lzo=01;31:*.xz=01;31:*.zst=01;31:*.tzst=01;31:*.bz2=01;31:*.bz=01;31:*.tbz=01;31:*.tbz2=01;31:*.tz=01;31:*.deb=01;31:*.rpm=01;31:*.jar=01;31:*.war=01;31:*.ear=01;31:*.sar=01;31:*.rar=01;31:*.alz=01;31:*.ace=01;31:*.zoo=01;31:*.cpio=01;31:*.7z=01;31:*.rz=01;31:*.cab=01;31:*.wim=01;31:*.swm=01;31:*.dwm=01;31:*.esd=01;31:*.jpg=01;35:*.jpeg=01;35:*.mjpg=01;35:*.mjpeg=01;35:*.gif=01;35:*.bmp=01;35:*.pbm=01;35:*.pgm=01;35:*.ppm=01;35:*.tga=01;35:*.xbm=01;35:*.xpm=01;35:*.tif=01;35:*.tiff=01;35:*.png=01;35:*.svg=01;35:*.svgz=01;35:*.mng=01;35:*.pcx=01;35:*.mov=01;35:*.mpg=01;35:*.mpeg=01;35:*.m2v=01;35:*.mkv=01;35:*.webm=01;35:*.ogm=01;35:*.mp4=01;35:*.m4v=01;35:*.mp4v=01;35:*.vob=01;35:*.qt=01;35:*.nuv=01;35:*.wmv=01;35:*.asf=01;35:*.rm=01;35:*.rmvb=01;35:*.flc=01;35:*.avi=01;35:*.fli=01;35:*.flv=01;35:*.gl=01;35:*.dl=01;35:*.xcf=01;35:*.xwd=01;35:*.yuv=01;35:*.cgm=01;35:*.emf=01;35:*.ogv=01;35:*.ogx=01;35:*.aac=00;36:*.au=00;36:*.flac=00;36:*.m4a=00;36:*.mid=00;36:*.midi=00;36:*.mka=00;36:*.mp3=00;36:*.mpc=00;36:*.ogg=00;36:*.ra=00;36:*.wav=00;36:*.oga=00;36:*.opus=00;36:*.spx=00;36:*.xspf=00;36:'), ('ROS_ROOT', '/opt/ros/foxy'), ('AMENT_PREFIX_PATH', '/ros2_ws/install/rosbridge_library:/ros2_ws/install/rosapi_msgs:/ros2_ws/install/rosbridge_suite:/ros2_ws/src/install/rplidar_ros:/opt/ros/foxy/install'), ('DEBIAN_FRONTEND', 'noninteractive'), ('SHELL', '/bin/bash'), ('PWD', '/ros2_ws/build/rosapi'), ('PYTHONPATH', '/ros2_ws/install/rosbridge_library/lib/python3.6/site-packages:/ros2_ws/install/rosapi_msgs/lib/python3.6/site-packages:/ros2_ws/my_ros2_project/install/rosbridge_test_msgs/lib/python3.6/site-packages:/ros2_ws/my_ros2_project/install/rosbridge_server/lib/python3.6/site-packages:/ros2_ws/my_ros2_project/install/rosbridge_msgs/lib/python3.6/site-packages:/ros2_ws/my_ros2_project/install/rosapi/lib/python3.6/site-packages:/ros2_ws/my_ros2_project/install/rosbridge_library/lib/python3.6/site-packages:/ros2_ws/my_ros2_project/install/rosapi_msgs/lib/python3.6/site-packages:/opt/ros/foxy/install/lib/python3.6/site-packages'), ('NVIDIA_VISIBLE_DEVICES', 'all'), ('COLCON', '1'), ('CMAKE_PREFIX_PATH', '/ros2_ws/install/rosbridge_library:/ros2_ws/install/rosapi_msgs:/ros2_ws/install/rosbridge_suite:/ros2_ws/src/install/rplidar_ros:/ros2_ws/my_ros2_project/install/rplidar_ros:/ros2_ws/my_ros2_project/install/rosbridge_test_msgs:/ros2_ws/my_ros2_project/install/rosbridge_server:/ros2_ws/my_ros2_project/install/rosbridge_msgs:/ros2_ws/my_ros2_project/install/rosapi:/ros2_ws/my_ros2_project/install/rosbridge_library:/ros2_ws/my_ros2_project/install/rosapi_msgs:/opt/ros/foxy/install')]), 'shell': False}
[220.824894] (-) TimerEvent: {}
[220.925829] (-) TimerEvent: {}
[220.970218] (rosapi) CommandEnded: {'returncode': 0}
[221.026154] (-) TimerEvent: {}
[221.127125] (-) TimerEvent: {}
[221.176815] (rosapi) JobProgress: {'identifier': 'rosapi', 'progress': 'install'}
[221.177906] (rosapi) Command: {'cmd': ['/usr/local/bin/cmake', '--install', '/ros2_ws/build/rosapi'], 'cwd': '/ros2_ws/build/rosapi', 'env': OrderedDict([('OPENBLAS_CORETYPE', 'ARMV8'), ('PYTHONIOENCODING', 'utf-8'), ('HOSTNAME', 'eyerobot-desktop'), ('LD_LIBRARY_PATH', '/ros2_ws/install/rosapi_msgs/lib:/ros2_ws/src/install/rplidar_ros/lib:/ros2_ws/my_ros2_project/install/rosbridge_test_msgs/lib:/ros2_ws/my_ros2_project/install/rosbridge_msgs/lib:/ros2_ws/my_ros2_project/install/rosapi_msgs/lib:/opt/ros/foxy/install/opt/yaml_cpp_vendor/lib:/opt/ros/foxy/install/opt/rviz_ogre_vendor/lib:/opt/ros/foxy/install/lib:/usr/local/cuda-10.2/targets/aarch64-linux/lib'), ('SHLVL', '1'), ('OLDPWD', '/'), ('HOME', '/root'), ('ROS_PYTHON_VERSION', '3'), ('COLCON_PREFIX_PATH', '/ros2_ws/install:/opt/ros/foxy/install:/ros2_ws/src/install:/ros2_ws/my_ros2_project/install'), ('ROS_DISTRO', 'foxy'), ('_', '/usr/bin/colcon'), ('ROS_VERSION', '2'), ('NVIDIA_DRIVER_CAPABILITIES', 'all'), ('PKG_CONFIG_PATH', '/opt/ros/foxy/install/lib/aarch64-linux-gnu/pkgconfig:/opt/ros/foxy/install/lib/pkgconfig'), ('TERM', 'xterm'), ('ROS_LOCALHOST_ONLY', '0'), ('PATH', '/opt/ros/foxy/install/bin:/usr/local/cuda-10.2/bin:/usr/local/cuda/bin:/usr/local/sbin:/usr/local/bin:/usr/sbin:/usr/bin:/sbin:/bin'), ('LANG', 'en_US.UTF-8'), ('RMW_IMPLEMENTATION', 'rmw_cyclonedds_cpp'), ('LS_COLORS', 'rs=0:di=01;34:ln=01;36:mh=00:pi=40;33:so=01;35:do=01;35:bd=40;33;01:cd=40;33;01:or=40;31;01:mi=00:su=37;41:sg=30;43:ca=30;41:tw=30;42:ow=34;42:st=37;44:ex=01;32:*.tar=01;31:*.tgz=01;31:*.arc=01;31:*.arj=01;31:*.taz=01;31:*.lha=01;31:*.lz4=01;31:*.lzh=01;31:*.lzma=01;31:*.tlz=01;31:*.txz=01;31:*.tzo=01;31:*.t7z=01;31:*.zip=01;31:*.z=01;31:*.Z=01;31:*.dz=01;31:*.gz=01;31:*.lrz=01;31:*.lz=01;31:*.lzo=01;31:*.xz=01;31:*.zst=01;31:*.tzst=01;31:*.bz2=01;31:*.bz=01;31:*.tbz=01;31:*.tbz2=01;31:*.tz=01;31:*.deb=01;31:*.rpm=01;31:*.jar=01;31:*.war=01;31:*.ear=01;31:*.sar=01;31:*.rar=01;31:*.alz=01;31:*.ace=01;31:*.zoo=01;31:*.cpio=01;31:*.7z=01;31:*.rz=01;31:*.cab=01;31:*.wim=01;31:*.swm=01;31:*.dwm=01;31:*.esd=01;31:*.jpg=01;35:*.jpeg=01;35:*.mjpg=01;35:*.mjpeg=01;35:*.gif=01;35:*.bmp=01;35:*.pbm=01;35:*.pgm=01;35:*.ppm=01;35:*.tga=01;35:*.xbm=01;35:*.xpm=01;35:*.tif=01;35:*.tiff=01;35:*.png=01;35:*.svg=01;35:*.svgz=01;35:*.mng=01;35:*.pcx=01;35:*.mov=01;35:*.mpg=01;35:*.mpeg=01;35:*.m2v=01;35:*.mkv=01;35:*.webm=01;35:*.ogm=01;35:*.mp4=01;35:*.m4v=01;35:*.mp4v=01;35:*.vob=01;35:*.qt=01;35:*.nuv=01;35:*.wmv=01;35:*.asf=01;35:*.rm=01;35:*.rmvb=01;35:*.flc=01;35:*.avi=01;35:*.fli=01;35:*.flv=01;35:*.gl=01;35:*.dl=01;35:*.xcf=01;35:*.xwd=01;35:*.yuv=01;35:*.cgm=01;35:*.emf=01;35:*.ogv=01;35:*.ogx=01;35:*.aac=00;36:*.au=00;36:*.flac=00;36:*.m4a=00;36:*.mid=00;36:*.midi=00;36:*.mka=00;36:*.mp3=00;36:*.mpc=00;36:*.ogg=00;36:*.ra=00;36:*.wav=00;36:*.oga=00;36:*.opus=00;36:*.spx=00;36:*.xspf=00;36:'), ('ROS_ROOT', '/opt/ros/foxy'), ('AMENT_PREFIX_PATH', '/ros2_ws/install/rosbridge_library:/ros2_ws/install/rosapi_msgs:/ros2_ws/install/rosbridge_suite:/ros2_ws/src/install/rplidar_ros:/opt/ros/foxy/install'), ('DEBIAN_FRONTEND', 'noninteractive'), ('SHELL', '/bin/bash'), ('PWD', '/ros2_ws/build/rosapi'), ('PYTHONPATH', '/ros2_ws/install/rosbridge_library/lib/python3.6/site-packages:/ros2_ws/install/rosapi_msgs/lib/python3.6/site-packages:/ros2_ws/my_ros2_project/install/rosbridge_test_msgs/lib/python3.6/site-packages:/ros2_ws/my_ros2_project/install/rosbridge_server/lib/python3.6/site-packages:/ros2_ws/my_ros2_project/install/rosbridge_msgs/lib/python3.6/site-packages:/ros2_ws/my_ros2_project/install/rosapi/lib/python3.6/site-packages:/ros2_ws/my_ros2_project/install/rosbridge_library/lib/python3.6/site-packages:/ros2_ws/my_ros2_project/install/rosapi_msgs/lib/python3.6/site-packages:/opt/ros/foxy/install/lib/python3.6/site-packages'), ('NVIDIA_VISIBLE_DEVICES', 'all'), ('COLCON', '1'), ('CMAKE_PREFIX_PATH', '/ros2_ws/install/rosbridge_library:/ros2_ws/install/rosapi_msgs:/ros2_ws/install/rosbridge_suite:/ros2_ws/src/install/rplidar_ros:/ros2_ws/my_ros2_project/install/rplidar_ros:/ros2_ws/my_ros2_project/install/rosbridge_test_msgs:/ros2_ws/my_ros2_project/install/rosbridge_server:/ros2_ws/my_ros2_project/install/rosbridge_msgs:/ros2_ws/my_ros2_project/install/rosapi:/ros2_ws/my_ros2_project/install/rosbridge_library:/ros2_ws/my_ros2_project/install/rosapi_msgs:/opt/ros/foxy/install')]), 'shell': False}
[221.227395] (-) TimerEvent: {}
[221.326771] (rosapi) StdoutLine: {'line': b'-- Install configuration: ""\n'}
[221.327489] (-) TimerEvent: {}
[221.328454] (rosapi) StdoutLine: {'line': b'-- Execute custom install script\n'}
[221.329398] (rosapi) StdoutLine: {'line': b'-- Symlinking: /ros2_ws/install/rosapi/share/rosapi/environment/pythonpath.sh\n'}
[221.338483] (rosapi) StdoutLine: {'line': b'-- Symlinking: /ros2_ws/install/rosapi/share/rosapi/environment/pythonpath.dsv\n'}
[221.349405] (rosapi) StdoutLine: {'line': b'-- Symlinking: /ros2_ws/install/rosapi/lib/python3.6/site-packages/rosapi/__init__.py\n'}
[221.358215] (rosapi) StdoutLine: {'line': b'-- Symlinking: /ros2_ws/install/rosapi/lib/python3.6/site-packages/rosapi/glob_helper.py\n'}
[221.367716] (rosapi) StdoutLine: {'line': b'-- Symlinking: /ros2_ws/install/rosapi/lib/python3.6/site-packages/rosapi/objectutils.py\n'}
[221.376458] (rosapi) StdoutLine: {'line': b'-- Symlinking: /ros2_ws/install/rosapi/lib/python3.6/site-packages/rosapi/params.py\n'}
[221.384984] (rosapi) StdoutLine: {'line': b'-- Symlinking: /ros2_ws/install/rosapi/lib/python3.6/site-packages/rosapi/proxy.py\n'}
[221.393883] (rosapi) StdoutLine: {'line': b'-- Symlinking: /ros2_ws/install/rosapi/lib/python3.6/site-packages/rosapi/stringify_field_types.py\n'}
[221.404084] (rosapi) StdoutLine: {'line': b'-- Symlinking: /ros2_ws/install/rosapi/share/ament_index/resource_index/package_run_dependencies/rosapi\n'}
[221.412715] (rosapi) StdoutLine: {'line': b'-- Symlinking: /ros2_ws/install/rosapi/share/ament_index/resource_index/parent_prefix_path/rosapi\n'}
[221.421690] (rosapi) StdoutLine: {'line': b'-- Symlinking: /ros2_ws/install/rosapi/share/rosapi/environment/ament_prefix_path.sh\n'}
[221.427690] (-) TimerEvent: {}
[221.430472] (rosapi) StdoutLine: {'line': b'-- Symlinking: /ros2_ws/install/rosapi/share/rosapi/environment/ament_prefix_path.dsv\n'}
[221.439572] (rosapi) StdoutLine: {'line': b'-- Symlinking: /ros2_ws/install/rosapi/share/rosapi/environment/path.sh\n'}
[221.448495] (rosapi) StdoutLine: {'line': b'-- Symlinking: /ros2_ws/install/rosapi/share/rosapi/environment/path.dsv\n'}
[221.457453] (rosapi) StdoutLine: {'line': b'-- Symlinking: /ros2_ws/install/rosapi/share/rosapi/local_setup.bash\n'}
[221.466533] (rosapi) StdoutLine: {'line': b'-- Symlinking: /ros2_ws/install/rosapi/share/rosapi/local_setup.sh\n'}
[221.476257] (rosapi) StdoutLine: {'line': b'-- Symlinking: /ros2_ws/install/rosapi/share/rosapi/local_setup.zsh\n'}
[221.485068] (rosapi) StdoutLine: {'line': b'-- Symlinking: /ros2_ws/install/rosapi/share/rosapi/local_setup.dsv\n'}
[221.494022] (rosapi) StdoutLine: {'line': b'-- Symlinking: /ros2_ws/install/rosapi/share/rosapi/package.dsv\n'}
[221.503479] (rosapi) StdoutLine: {'line': b'-- Symlinking: /ros2_ws/install/rosapi/share/ament_index/resource_index/packages/rosapi\n'}
[221.512553] (rosapi) StdoutLine: {'line': b'-- Symlinking: /ros2_ws/install/rosapi/share/rosapi/cmake/rosapiConfig.cmake\n'}
[221.521184] (rosapi) StdoutLine: {'line': b'-- Symlinking: /ros2_ws/install/rosapi/share/rosapi/cmake/rosapiConfig-version.cmake\n'}
[221.527869] (-) TimerEvent: {}
[221.530209] (rosapi) StdoutLine: {'line': b'-- Symlinking: /ros2_ws/install/rosapi/share/rosapi/package.xml\n'}
[221.539607] (rosapi) StdoutLine: {'line': b'-- Symlinking: /ros2_ws/install/rosapi/lib/rosapi/rosapi_node\n'}
[221.548425] (rosapi) StdoutLine: {'line': b'-- Symlinking: /ros2_ws/install/rosapi/share/rosapi/mapping_rules.yaml\n'}
[221.628040] (-) TimerEvent: {}
[221.728813] (-) TimerEvent: {}
[221.730463] (rosapi) StdoutLine: {'line': b"Listing '/ros2_ws/install/rosapi/lib/python3.6/site-packages/rosapi'...\n"}
[221.731276] (rosapi) StdoutLine: {'line': b"Compiling '/ros2_ws/install/rosapi/lib/python3.6/site-packages/rosapi/__init__.py'...\n"}
[221.731870] (rosapi) StdoutLine: {'line': b"Compiling '/ros2_ws/install/rosapi/lib/python3.6/site-packages/rosapi/glob_helper.py'...\n"}
[221.732439] (rosapi) StdoutLine: {'line': b"Compiling '/ros2_ws/install/rosapi/lib/python3.6/site-packages/rosapi/objectutils.py'...\n"}
[221.732997] (rosapi) StdoutLine: {'line': b"Compiling '/ros2_ws/install/rosapi/lib/python3.6/site-packages/rosapi/params.py'...\n"}
[221.733529] (rosapi) StdoutLine: {'line': b"Compiling '/ros2_ws/install/rosapi/lib/python3.6/site-packages/rosapi/proxy.py'...\n"}
[221.734048] (rosapi) StdoutLine: {'line': b"Compiling '/ros2_ws/install/rosapi/lib/python3.6/site-packages/rosapi/stringify_field_types.py'...\n"}
[221.778553] (rosapi) CommandEnded: {'returncode': 0}
[221.829599] (-) TimerEvent: {}
[221.930523] (-) TimerEvent: {}
[222.031683] (-) TimerEvent: {}
[222.066185] (rosapi) JobEnded: {'identifier': 'rosapi', 'rc': 0}
[222.073478] (rosbridge_server) JobStarted: {'identifier': 'rosbridge_server'}
[222.132113] (-) TimerEvent: {}
[222.172271] (rosbridge_server) JobProgress: {'identifier': 'rosbridge_server', 'progress': 'cmake'}
[222.173136] (rosbridge_server) Command: {'cmd': ['/usr/local/bin/cmake', '/ros2_ws/src/rosbridge_server', '-DAMENT_CMAKE_SYMLINK_INSTALL=1', '-DCMAKE_INSTALL_PREFIX=/ros2_ws/install/rosbridge_server'], 'cwd': '/ros2_ws/build/rosbridge_server', 'env': OrderedDict([('OPENBLAS_CORETYPE', 'ARMV8'), ('PYTHONIOENCODING', 'utf-8'), ('HOSTNAME', 'eyerobot-desktop'), ('LD_LIBRARY_PATH', '/ros2_ws/install/rosbridge_msgs/lib:/ros2_ws/install/rosapi_msgs/lib:/ros2_ws/src/install/rplidar_ros/lib:/ros2_ws/my_ros2_project/install/rosbridge_test_msgs/lib:/ros2_ws/my_ros2_project/install/rosbridge_msgs/lib:/ros2_ws/my_ros2_project/install/rosapi_msgs/lib:/opt/ros/foxy/install/opt/yaml_cpp_vendor/lib:/opt/ros/foxy/install/opt/rviz_ogre_vendor/lib:/opt/ros/foxy/install/lib:/usr/local/cuda-10.2/targets/aarch64-linux/lib'), ('SHLVL', '1'), ('OLDPWD', '/'), ('HOME', '/root'), ('ROS_PYTHON_VERSION', '3'), ('COLCON_PREFIX_PATH', '/ros2_ws/install:/opt/ros/foxy/install:/ros2_ws/src/install:/ros2_ws/my_ros2_project/install'), ('ROS_DISTRO', 'foxy'), ('_', '/usr/bin/colcon'), ('ROS_VERSION', '2'), ('NVIDIA_DRIVER_CAPABILITIES', 'all'), ('PKG_CONFIG_PATH', '/opt/ros/foxy/install/lib/aarch64-linux-gnu/pkgconfig:/opt/ros/foxy/install/lib/pkgconfig'), ('TERM', 'xterm'), ('ROS_LOCALHOST_ONLY', '0'), ('PATH', '/opt/ros/foxy/install/bin:/usr/local/cuda-10.2/bin:/usr/local/cuda/bin:/usr/local/sbin:/usr/local/bin:/usr/sbin:/usr/bin:/sbin:/bin'), ('LANG', 'en_US.UTF-8'), ('RMW_IMPLEMENTATION', 'rmw_cyclonedds_cpp'), ('LS_COLORS', 'rs=0:di=01;34:ln=01;36:mh=00:pi=40;33:so=01;35:do=01;35:bd=40;33;01:cd=40;33;01:or=40;31;01:mi=00:su=37;41:sg=30;43:ca=30;41:tw=30;42:ow=34;42:st=37;44:ex=01;32:*.tar=01;31:*.tgz=01;31:*.arc=01;31:*.arj=01;31:*.taz=01;31:*.lha=01;31:*.lz4=01;31:*.lzh=01;31:*.lzma=01;31:*.tlz=01;31:*.txz=01;31:*.tzo=01;31:*.t7z=01;31:*.zip=01;31:*.z=01;31:*.Z=01;31:*.dz=01;31:*.gz=01;31:*.lrz=01;31:*.lz=01;31:*.lzo=01;31:*.xz=01;31:*.zst=01;31:*.tzst=01;31:*.bz2=01;31:*.bz=01;31:*.tbz=01;31:*.tbz2=01;31:*.tz=01;31:*.deb=01;31:*.rpm=01;31:*.jar=01;31:*.war=01;31:*.ear=01;31:*.sar=01;31:*.rar=01;31:*.alz=01;31:*.ace=01;31:*.zoo=01;31:*.cpio=01;31:*.7z=01;31:*.rz=01;31:*.cab=01;31:*.wim=01;31:*.swm=01;31:*.dwm=01;31:*.esd=01;31:*.jpg=01;35:*.jpeg=01;35:*.mjpg=01;35:*.mjpeg=01;35:*.gif=01;35:*.bmp=01;35:*.pbm=01;35:*.pgm=01;35:*.ppm=01;35:*.tga=01;35:*.xbm=01;35:*.xpm=01;35:*.tif=01;35:*.tiff=01;35:*.png=01;35:*.svg=01;35:*.svgz=01;35:*.mng=01;35:*.pcx=01;35:*.mov=01;35:*.mpg=01;35:*.mpeg=01;35:*.m2v=01;35:*.mkv=01;35:*.webm=01;35:*.ogm=01;35:*.mp4=01;35:*.m4v=01;35:*.mp4v=01;35:*.vob=01;35:*.qt=01;35:*.nuv=01;35:*.wmv=01;35:*.asf=01;35:*.rm=01;35:*.rmvb=01;35:*.flc=01;35:*.avi=01;35:*.fli=01;35:*.flv=01;35:*.gl=01;35:*.dl=01;35:*.xcf=01;35:*.xwd=01;35:*.yuv=01;35:*.cgm=01;35:*.emf=01;35:*.ogv=01;35:*.ogx=01;35:*.aac=00;36:*.au=00;36:*.flac=00;36:*.m4a=00;36:*.mid=00;36:*.midi=00;36:*.mka=00;36:*.mp3=00;36:*.mpc=00;36:*.ogg=00;36:*.ra=00;36:*.wav=00;36:*.oga=00;36:*.opus=00;36:*.spx=00;36:*.xspf=00;36:'), ('ROS_ROOT', '/opt/ros/foxy'), ('AMENT_PREFIX_PATH', '/ros2_ws/install/rosapi:/ros2_ws/install/rosbridge_library:/ros2_ws/install/rosbridge_msgs:/ros2_ws/install/rosapi_msgs:/ros2_ws/install/rosbridge_suite:/ros2_ws/src/install/rplidar_ros:/opt/ros/foxy/install'), ('DEBIAN_FRONTEND', 'noninteractive'), ('SHELL', '/bin/bash'), ('PWD', '/ros2_ws/build/rosbridge_server'), ('PYTHONPATH', '/ros2_ws/install/rosapi/lib/python3.6/site-packages:/ros2_ws/install/rosbridge_library/lib/python3.6/site-packages:/ros2_ws/install/rosbridge_msgs/lib/python3.6/site-packages:/ros2_ws/install/rosapi_msgs/lib/python3.6/site-packages:/ros2_ws/my_ros2_project/install/rosbridge_test_msgs/lib/python3.6/site-packages:/ros2_ws/my_ros2_project/install/rosbridge_server/lib/python3.6/site-packages:/ros2_ws/my_ros2_project/install/rosbridge_msgs/lib/python3.6/site-packages:/ros2_ws/my_ros2_project/install/rosapi/lib/python3.6/site-packages:/ros2_ws/my_ros2_project/install/rosbridge_library/lib/python3.6/site-packages:/ros2_ws/my_ros2_project/install/rosapi_msgs/lib/python3.6/site-packages:/opt/ros/foxy/install/lib/python3.6/site-packages'), ('NVIDIA_VISIBLE_DEVICES', 'all'), ('COLCON', '1'), ('CMAKE_PREFIX_PATH', '/ros2_ws/install/rosapi:/ros2_ws/install/rosbridge_library:/ros2_ws/install/rosbridge_msgs:/ros2_ws/install/rosapi_msgs:/ros2_ws/install/rosbridge_suite:/ros2_ws/src/install/rplidar_ros:/ros2_ws/my_ros2_project/install/rplidar_ros:/ros2_ws/my_ros2_project/install/rosbridge_test_msgs:/ros2_ws/my_ros2_project/install/rosbridge_server:/ros2_ws/my_ros2_project/install/rosbridge_msgs:/ros2_ws/my_ros2_project/install/rosapi:/ros2_ws/my_ros2_project/install/rosbridge_library:/ros2_ws/my_ros2_project/install/rosapi_msgs:/opt/ros/foxy/install')]), 'shell': False}
[222.232294] (-) TimerEvent: {}
[222.333168] (-) TimerEvent: {}
[222.434003] (-) TimerEvent: {}
[222.498685] (rosbridge_server) StdoutLine: {'line': b'-- The C compiler identification is GNU 7.5.0\n'}
[222.534227] (-) TimerEvent: {}
[222.635057] (-) TimerEvent: {}
[222.697234] (rosbridge_server) StdoutLine: {'line': b'-- The CXX compiler identification is GNU 7.5.0\n'}
[222.735241] (-) TimerEvent: {}
[222.758153] (rosbridge_server) StdoutLine: {'line': b'-- Detecting C compiler ABI info\n'}
[222.835425] (-) TimerEvent: {}
[222.936198] (-) TimerEvent: {}
[222.978764] (rosbridge_server) StdoutLine: {'line': b'-- Detecting C compiler ABI info - done\n'}
[223.027010] (rosbridge_server) StdoutLine: {'line': b'-- Check for working C compiler: /usr/bin/cc - skipped\n'}
[223.028085] (rosbridge_server) StdoutLine: {'line': b'-- Detecting C compile features\n'}
[223.029768] (rosbridge_server) StdoutLine: {'line': b'-- Detecting C compile features - done\n'}
[223.036402] (-) TimerEvent: {}
[223.070959] (rosbridge_server) StdoutLine: {'line': b'-- Detecting CXX compiler ABI info\n'}
[223.136649] (-) TimerEvent: {}
[223.237488] (-) TimerEvent: {}
[223.317762] (rosbridge_server) StdoutLine: {'line': b'-- Detecting CXX compiler ABI info - done\n'}
[223.337701] (-) TimerEvent: {}
[223.368010] (rosbridge_server) StdoutLine: {'line': b'-- Check for working CXX compiler: /usr/bin/c++ - skipped\n'}
[223.369323] (rosbridge_server) StdoutLine: {'line': b'-- Detecting CXX compile features\n'}
[223.371769] (rosbridge_server) StdoutLine: {'line': b'-- Detecting CXX compile features - done\n'}
[223.386185] (rosbridge_server) StdoutLine: {'line': b'-- Found ament_cmake_ros: 0.9.2 (/opt/ros/foxy/install/share/ament_cmake_ros/cmake)\n'}
[223.437905] (-) TimerEvent: {}
[223.454925] (rosbridge_server) StderrLine: {'line': b'\x1b[33mCMake Warning (dev) at /opt/ros/foxy/install/share/ament_cmake_core/cmake/core/python.cmake:22 (find_package):\n'}
[223.455801] (rosbridge_server) StderrLine: {'line': b'  Policy CMP0148 is not set: The FindPythonInterp and FindPythonLibs modules\n'}
[223.456467] (rosbridge_server) StderrLine: {'line': b'  are removed.  Run "cmake --help-policy CMP0148" for policy details.  Use\n'}
[223.456908] (rosbridge_server) StderrLine: {'line': b'  the cmake_policy command to set the policy and suppress this warning.\n'}
[223.457381] (rosbridge_server) StderrLine: {'line': b'\n'}
[223.457877] (rosbridge_server) StderrLine: {'line': b'Call Stack (most recent call first):\n'}
[223.458331] (rosbridge_server) StderrLine: {'line': b'  /opt/ros/foxy/install/share/ament_cmake_core/cmake/core/all.cmake:53 (include)\n'}
[223.458859] (rosbridge_server) StderrLine: {'line': b'  /opt/ros/foxy/install/share/ament_cmake_core/cmake/ament_cmake_core-extras.cmake:17 (include)\n'}
[223.459348] (rosbridge_server) StderrLine: {'line': b'  /opt/ros/foxy/install/share/ament_cmake_core/cmake/ament_cmake_coreConfig.cmake:41 (include)\n'}
[223.459785] (rosbridge_server) StderrLine: {'line': b'  /opt/ros/foxy/install/share/ament_cmake_test/cmake/ament_cmake_test-extras.cmake:39 (find_package)\n'}
[223.460232] (rosbridge_server) StderrLine: {'line': b'  /opt/ros/foxy/install/share/ament_cmake_test/cmake/ament_cmake_testConfig.cmake:41 (include)\n'}
[223.460688] (rosbridge_server) StderrLine: {'line': b'  /opt/ros/foxy/install/share/ament_cmake_pytest/cmake/ament_cmake_pytest-extras.cmake:17 (find_package)\n'}
[223.461168] (rosbridge_server) StderrLine: {'line': b'  /opt/ros/foxy/install/share/ament_cmake_pytest/cmake/ament_cmake_pytestConfig.cmake:41 (include)\n'}
[223.461638] (rosbridge_server) StderrLine: {'line': b'  /opt/ros/foxy/install/share/ament_cmake_ros/cmake/ament_cmake_ros-extras.cmake:19 (find_package)\n'}
[223.462099] (rosbridge_server) StderrLine: {'line': b'  /opt/ros/foxy/install/share/ament_cmake_ros/cmake/ament_cmake_rosConfig.cmake:41 (include)\n'}
[223.462545] (rosbridge_server) StderrLine: {'line': b'  CMakeLists.txt:4 (find_package)\n'}
[223.463075] (rosbridge_server) StderrLine: {'line': b'This warning is for project developers.  Use -Wno-dev to suppress it.\n'}
[223.463529] (rosbridge_server) StderrLine: {'line': b'\x1b[0m\n'}
[223.538126] (-) TimerEvent: {}
[223.571290] (rosbridge_server) StdoutLine: {'line': b'-- Found PythonInterp: /usr/bin/python3 (found suitable version "3.6.9", minimum required is "3") \n'}
[223.572304] (rosbridge_server) StdoutLine: {'line': b'-- Using PYTHON_EXECUTABLE: /usr/bin/python3\n'}
[223.638298] (-) TimerEvent: {}
[223.739389] (-) TimerEvent: {}
[223.840151] (-) TimerEvent: {}
[223.940903] (-) TimerEvent: {}
[224.041793] (-) TimerEvent: {}
[224.142676] (-) TimerEvent: {}
[224.243386] (-) TimerEvent: {}
[224.344090] (-) TimerEvent: {}
[224.444830] (-) TimerEvent: {}
[224.545532] (-) TimerEvent: {}
[224.646330] (-) TimerEvent: {}
[224.653369] (rosbridge_server) StdoutLine: {'line': b'-- Override CMake install command with custom implementation using symlinks instead of copying resources\n'}
[224.746571] (-) TimerEvent: {}
[224.847415] (-) TimerEvent: {}
[224.948187] (-) TimerEvent: {}
[225.048921] (-) TimerEvent: {}
[225.149676] (-) TimerEvent: {}
[225.250462] (-) TimerEvent: {}
[225.351254] (-) TimerEvent: {}
[225.452077] (-) TimerEvent: {}
[225.535312] (rosbridge_server) StdoutLine: {'line': b'-- Found launch_testing_ament_cmake: 0.10.10 (/opt/ros/foxy/install/share/launch_testing_ament_cmake/cmake)\n'}
[225.548109] (rosbridge_server) StdoutLine: {'line': b'-- Found python_cmake_module: 0.8.1 (/opt/ros/foxy/install/share/python_cmake_module/cmake)\n'}
[225.549491] (rosbridge_server) StderrLine: {'line': b'\x1b[33mCMake Warning (dev) at /opt/ros/foxy/install/share/python_cmake_module/cmake/Modules/FindPythonExtra.cmake:45 (find_package):\n'}
[225.550041] (rosbridge_server) StderrLine: {'line': b'  Policy CMP0148 is not set: The FindPythonInterp and FindPythonLibs modules\n'}
[225.550532] (rosbridge_server) StderrLine: {'line': b'  are removed.  Run "cmake --help-policy CMP0148" for policy details.  Use\n'}
[225.551161] (rosbridge_server) StderrLine: {'line': b'  the cmake_policy command to set the policy and suppress this warning.\n'}
[225.551667] (rosbridge_server) StderrLine: {'line': b'\n'}
[225.552102] (-) TimerEvent: {}
[225.552551] (rosbridge_server) StderrLine: {'line': b'Call Stack (most recent call first):\n'}
[225.553118] (rosbridge_server) StderrLine: {'line': b'  /opt/ros/foxy/install/share/launch_testing_ament_cmake/cmake/launch_testing_ament_cmake-extras.cmake:18 (find_package)\n'}
[225.553612] (rosbridge_server) StderrLine: {'line': b'  /opt/ros/foxy/install/share/launch_testing_ament_cmake/cmake/launch_testing_ament_cmakeConfig.cmake:41 (include)\n'}
[225.554080] (rosbridge_server) StderrLine: {'line': b'  CMakeLists.txt:25 (find_package)\n'}
[225.554558] (rosbridge_server) StderrLine: {'line': b'This warning is for project developers.  Use -Wno-dev to suppress it.\n'}
[225.555136] (rosbridge_server) StderrLine: {'line': b'\x1b[0m\n'}
[225.652386] (-) TimerEvent: {}
[225.665590] (rosbridge_server) StdoutLine: {'line': b'-- Found PythonInterp: /usr/bin/python3 (found suitable version "3.6.9", minimum required is "3.5") \n'}
[225.666645] (rosbridge_server) StderrLine: {'line': b'\x1b[33mCMake Warning (dev) at /opt/ros/foxy/install/share/python_cmake_module/cmake/Modules/FindPythonExtra.cmake:133 (find_package):\n'}
[225.667218] (rosbridge_server) StderrLine: {'line': b'  Policy CMP0148 is not set: The FindPythonInterp and FindPythonLibs modules\n'}
[225.667705] (rosbridge_server) StderrLine: {'line': b'  are removed.  Run "cmake --help-policy CMP0148" for policy details.  Use\n'}
[225.668153] (rosbridge_server) StderrLine: {'line': b'  the cmake_policy command to set the policy and suppress this warning.\n'}
[225.668674] (rosbridge_server) StderrLine: {'line': b'\n'}
[225.669138] (rosbridge_server) StderrLine: {'line': b'Call Stack (most recent call first):\n'}
[225.669580] (rosbridge_server) StderrLine: {'line': b'  /opt/ros/foxy/install/share/launch_testing_ament_cmake/cmake/launch_testing_ament_cmake-extras.cmake:18 (find_package)\n'}
[225.670022] (rosbridge_server) StderrLine: {'line': b'  /opt/ros/foxy/install/share/launch_testing_ament_cmake/cmake/launch_testing_ament_cmakeConfig.cmake:41 (include)\n'}
[225.670439] (rosbridge_server) StderrLine: {'line': b'  CMakeLists.txt:25 (find_package)\n'}
[225.670964] (rosbridge_server) StderrLine: {'line': b'This warning is for project developers.  Use -Wno-dev to suppress it.\n'}
[225.671413] (rosbridge_server) StderrLine: {'line': b'\x1b[0m\n'}
[225.720926] (rosbridge_server) StdoutLine: {'line': b'-- Found PythonLibs: /usr/lib/aarch64-linux-gnu/libpython3.6m.so (found suitable version "3.6.9", minimum required is "3.5") \n'}
[225.721991] (rosbridge_server) StdoutLine: {'line': b'-- Using PYTHON_EXECUTABLE: /usr/bin/python3\n'}
[225.722589] (rosbridge_server) StdoutLine: {'line': b'-- Using PYTHON_INCLUDE_DIRS: /usr/include/python3.6m\n'}
[225.723178] (rosbridge_server) StdoutLine: {'line': b'-- Using PYTHON_LIBRARIES: /usr/lib/aarch64-linux-gnu/libpython3.6m.so\n'}
[225.752604] (-) TimerEvent: {}
[225.835643] (rosbridge_server) StdoutLine: {'line': b'-- Found PythonExtra: .so  \n'}
[225.847913] (rosbridge_server) StdoutLine: {'line': b'-- Configuring done (3.5s)\n'}
[225.852732] (-) TimerEvent: {}
[225.861017] (rosbridge_server) StdoutLine: {'line': b'-- Generating done (0.0s)\n'}
[225.865166] (rosbridge_server) StdoutLine: {'line': b'-- Build files have been written to: /ros2_ws/build/rosbridge_server\n'}
[225.912347] (rosbridge_server) CommandEnded: {'returncode': 0}
[225.914834] (rosbridge_server) JobProgress: {'identifier': 'rosbridge_server', 'progress': 'build'}
[225.920651] (rosbridge_server) Command: {'cmd': ['/usr/local/bin/cmake', '--build', '/ros2_ws/build/rosbridge_server', '--', '-j4', '-l4'], 'cwd': '/ros2_ws/build/rosbridge_server', 'env': OrderedDict([('OPENBLAS_CORETYPE', 'ARMV8'), ('PYTHONIOENCODING', 'utf-8'), ('HOSTNAME', 'eyerobot-desktop'), ('LD_LIBRARY_PATH', '/ros2_ws/install/rosbridge_msgs/lib:/ros2_ws/install/rosapi_msgs/lib:/ros2_ws/src/install/rplidar_ros/lib:/ros2_ws/my_ros2_project/install/rosbridge_test_msgs/lib:/ros2_ws/my_ros2_project/install/rosbridge_msgs/lib:/ros2_ws/my_ros2_project/install/rosapi_msgs/lib:/opt/ros/foxy/install/opt/yaml_cpp_vendor/lib:/opt/ros/foxy/install/opt/rviz_ogre_vendor/lib:/opt/ros/foxy/install/lib:/usr/local/cuda-10.2/targets/aarch64-linux/lib'), ('SHLVL', '1'), ('OLDPWD', '/'), ('HOME', '/root'), ('ROS_PYTHON_VERSION', '3'), ('COLCON_PREFIX_PATH', '/ros2_ws/install:/opt/ros/foxy/install:/ros2_ws/src/install:/ros2_ws/my_ros2_project/install'), ('ROS_DISTRO', 'foxy'), ('_', '/usr/bin/colcon'), ('ROS_VERSION', '2'), ('NVIDIA_DRIVER_CAPABILITIES', 'all'), ('PKG_CONFIG_PATH', '/opt/ros/foxy/install/lib/aarch64-linux-gnu/pkgconfig:/opt/ros/foxy/install/lib/pkgconfig'), ('TERM', 'xterm'), ('ROS_LOCALHOST_ONLY', '0'), ('PATH', '/opt/ros/foxy/install/bin:/usr/local/cuda-10.2/bin:/usr/local/cuda/bin:/usr/local/sbin:/usr/local/bin:/usr/sbin:/usr/bin:/sbin:/bin'), ('LANG', 'en_US.UTF-8'), ('RMW_IMPLEMENTATION', 'rmw_cyclonedds_cpp'), ('LS_COLORS', 'rs=0:di=01;34:ln=01;36:mh=00:pi=40;33:so=01;35:do=01;35:bd=40;33;01:cd=40;33;01:or=40;31;01:mi=00:su=37;41:sg=30;43:ca=30;41:tw=30;42:ow=34;42:st=37;44:ex=01;32:*.tar=01;31:*.tgz=01;31:*.arc=01;31:*.arj=01;31:*.taz=01;31:*.lha=01;31:*.lz4=01;31:*.lzh=01;31:*.lzma=01;31:*.tlz=01;31:*.txz=01;31:*.tzo=01;31:*.t7z=01;31:*.zip=01;31:*.z=01;31:*.Z=01;31:*.dz=01;31:*.gz=01;31:*.lrz=01;31:*.lz=01;31:*.lzo=01;31:*.xz=01;31:*.zst=01;31:*.tzst=01;31:*.bz2=01;31:*.bz=01;31:*.tbz=01;31:*.tbz2=01;31:*.tz=01;31:*.deb=01;31:*.rpm=01;31:*.jar=01;31:*.war=01;31:*.ear=01;31:*.sar=01;31:*.rar=01;31:*.alz=01;31:*.ace=01;31:*.zoo=01;31:*.cpio=01;31:*.7z=01;31:*.rz=01;31:*.cab=01;31:*.wim=01;31:*.swm=01;31:*.dwm=01;31:*.esd=01;31:*.jpg=01;35:*.jpeg=01;35:*.mjpg=01;35:*.mjpeg=01;35:*.gif=01;35:*.bmp=01;35:*.pbm=01;35:*.pgm=01;35:*.ppm=01;35:*.tga=01;35:*.xbm=01;35:*.xpm=01;35:*.tif=01;35:*.tiff=01;35:*.png=01;35:*.svg=01;35:*.svgz=01;35:*.mng=01;35:*.pcx=01;35:*.mov=01;35:*.mpg=01;35:*.mpeg=01;35:*.m2v=01;35:*.mkv=01;35:*.webm=01;35:*.ogm=01;35:*.mp4=01;35:*.m4v=01;35:*.mp4v=01;35:*.vob=01;35:*.qt=01;35:*.nuv=01;35:*.wmv=01;35:*.asf=01;35:*.rm=01;35:*.rmvb=01;35:*.flc=01;35:*.avi=01;35:*.fli=01;35:*.flv=01;35:*.gl=01;35:*.dl=01;35:*.xcf=01;35:*.xwd=01;35:*.yuv=01;35:*.cgm=01;35:*.emf=01;35:*.ogv=01;35:*.ogx=01;35:*.aac=00;36:*.au=00;36:*.flac=00;36:*.m4a=00;36:*.mid=00;36:*.midi=00;36:*.mka=00;36:*.mp3=00;36:*.mpc=00;36:*.ogg=00;36:*.ra=00;36:*.wav=00;36:*.oga=00;36:*.opus=00;36:*.spx=00;36:*.xspf=00;36:'), ('ROS_ROOT', '/opt/ros/foxy'), ('AMENT_PREFIX_PATH', '/ros2_ws/install/rosapi:/ros2_ws/install/rosbridge_library:/ros2_ws/install/rosbridge_msgs:/ros2_ws/install/rosapi_msgs:/ros2_ws/install/rosbridge_suite:/ros2_ws/src/install/rplidar_ros:/opt/ros/foxy/install'), ('DEBIAN_FRONTEND', 'noninteractive'), ('SHELL', '/bin/bash'), ('PWD', '/ros2_ws/build/rosbridge_server'), ('PYTHONPATH', '/ros2_ws/install/rosapi/lib/python3.6/site-packages:/ros2_ws/install/rosbridge_library/lib/python3.6/site-packages:/ros2_ws/install/rosbridge_msgs/lib/python3.6/site-packages:/ros2_ws/install/rosapi_msgs/lib/python3.6/site-packages:/ros2_ws/my_ros2_project/install/rosbridge_test_msgs/lib/python3.6/site-packages:/ros2_ws/my_ros2_project/install/rosbridge_server/lib/python3.6/site-packages:/ros2_ws/my_ros2_project/install/rosbridge_msgs/lib/python3.6/site-packages:/ros2_ws/my_ros2_project/install/rosapi/lib/python3.6/site-packages:/ros2_ws/my_ros2_project/install/rosbridge_library/lib/python3.6/site-packages:/ros2_ws/my_ros2_project/install/rosapi_msgs/lib/python3.6/site-packages:/opt/ros/foxy/install/lib/python3.6/site-packages'), ('NVIDIA_VISIBLE_DEVICES', 'all'), ('COLCON', '1'), ('CMAKE_PREFIX_PATH', '/ros2_ws/install/rosapi:/ros2_ws/install/rosbridge_library:/ros2_ws/install/rosbridge_msgs:/ros2_ws/install/rosapi_msgs:/ros2_ws/install/rosbridge_suite:/ros2_ws/src/install/rplidar_ros:/ros2_ws/my_ros2_project/install/rplidar_ros:/ros2_ws/my_ros2_project/install/rosbridge_test_msgs:/ros2_ws/my_ros2_project/install/rosbridge_server:/ros2_ws/my_ros2_project/install/rosbridge_msgs:/ros2_ws/my_ros2_project/install/rosapi:/ros2_ws/my_ros2_project/install/rosbridge_library:/ros2_ws/my_ros2_project/install/rosapi_msgs:/opt/ros/foxy/install')]), 'shell': False}
[225.952994] (-) TimerEvent: {}
[226.053843] (-) TimerEvent: {}
[226.136942] (rosbridge_server) CommandEnded: {'returncode': 0}
[226.154187] (-) TimerEvent: {}
[226.255176] (-) TimerEvent: {}
[226.347189] (rosbridge_server) JobProgress: {'identifier': 'rosbridge_server', 'progress': 'install'}
[226.353023] (rosbridge_server) Command: {'cmd': ['/usr/local/bin/cmake', '--install', '/ros2_ws/build/rosbridge_server'], 'cwd': '/ros2_ws/build/rosbridge_server', 'env': OrderedDict([('OPENBLAS_CORETYPE', 'ARMV8'), ('PYTHONIOENCODING', 'utf-8'), ('HOSTNAME', 'eyerobot-desktop'), ('LD_LIBRARY_PATH', '/ros2_ws/install/rosbridge_msgs/lib:/ros2_ws/install/rosapi_msgs/lib:/ros2_ws/src/install/rplidar_ros/lib:/ros2_ws/my_ros2_project/install/rosbridge_test_msgs/lib:/ros2_ws/my_ros2_project/install/rosbridge_msgs/lib:/ros2_ws/my_ros2_project/install/rosapi_msgs/lib:/opt/ros/foxy/install/opt/yaml_cpp_vendor/lib:/opt/ros/foxy/install/opt/rviz_ogre_vendor/lib:/opt/ros/foxy/install/lib:/usr/local/cuda-10.2/targets/aarch64-linux/lib'), ('SHLVL', '1'), ('OLDPWD', '/'), ('HOME', '/root'), ('ROS_PYTHON_VERSION', '3'), ('COLCON_PREFIX_PATH', '/ros2_ws/install:/opt/ros/foxy/install:/ros2_ws/src/install:/ros2_ws/my_ros2_project/install'), ('ROS_DISTRO', 'foxy'), ('_', '/usr/bin/colcon'), ('ROS_VERSION', '2'), ('NVIDIA_DRIVER_CAPABILITIES', 'all'), ('PKG_CONFIG_PATH', '/opt/ros/foxy/install/lib/aarch64-linux-gnu/pkgconfig:/opt/ros/foxy/install/lib/pkgconfig'), ('TERM', 'xterm'), ('ROS_LOCALHOST_ONLY', '0'), ('PATH', '/opt/ros/foxy/install/bin:/usr/local/cuda-10.2/bin:/usr/local/cuda/bin:/usr/local/sbin:/usr/local/bin:/usr/sbin:/usr/bin:/sbin:/bin'), ('LANG', 'en_US.UTF-8'), ('RMW_IMPLEMENTATION', 'rmw_cyclonedds_cpp'), ('LS_COLORS', 'rs=0:di=01;34:ln=01;36:mh=00:pi=40;33:so=01;35:do=01;35:bd=40;33;01:cd=40;33;01:or=40;31;01:mi=00:su=37;41:sg=30;43:ca=30;41:tw=30;42:ow=34;42:st=37;44:ex=01;32:*.tar=01;31:*.tgz=01;31:*.arc=01;31:*.arj=01;31:*.taz=01;31:*.lha=01;31:*.lz4=01;31:*.lzh=01;31:*.lzma=01;31:*.tlz=01;31:*.txz=01;31:*.tzo=01;31:*.t7z=01;31:*.zip=01;31:*.z=01;31:*.Z=01;31:*.dz=01;31:*.gz=01;31:*.lrz=01;31:*.lz=01;31:*.lzo=01;31:*.xz=01;31:*.zst=01;31:*.tzst=01;31:*.bz2=01;31:*.bz=01;31:*.tbz=01;31:*.tbz2=01;31:*.tz=01;31:*.deb=01;31:*.rpm=01;31:*.jar=01;31:*.war=01;31:*.ear=01;31:*.sar=01;31:*.rar=01;31:*.alz=01;31:*.ace=01;31:*.zoo=01;31:*.cpio=01;31:*.7z=01;31:*.rz=01;31:*.cab=01;31:*.wim=01;31:*.swm=01;31:*.dwm=01;31:*.esd=01;31:*.jpg=01;35:*.jpeg=01;35:*.mjpg=01;35:*.mjpeg=01;35:*.gif=01;35:*.bmp=01;35:*.pbm=01;35:*.pgm=01;35:*.ppm=01;35:*.tga=01;35:*.xbm=01;35:*.xpm=01;35:*.tif=01;35:*.tiff=01;35:*.png=01;35:*.svg=01;35:*.svgz=01;35:*.mng=01;35:*.pcx=01;35:*.mov=01;35:*.mpg=01;35:*.mpeg=01;35:*.m2v=01;35:*.mkv=01;35:*.webm=01;35:*.ogm=01;35:*.mp4=01;35:*.m4v=01;35:*.mp4v=01;35:*.vob=01;35:*.qt=01;35:*.nuv=01;35:*.wmv=01;35:*.asf=01;35:*.rm=01;35:*.rmvb=01;35:*.flc=01;35:*.avi=01;35:*.fli=01;35:*.flv=01;35:*.gl=01;35:*.dl=01;35:*.xcf=01;35:*.xwd=01;35:*.yuv=01;35:*.cgm=01;35:*.emf=01;35:*.ogv=01;35:*.ogx=01;35:*.aac=00;36:*.au=00;36:*.flac=00;36:*.m4a=00;36:*.mid=00;36:*.midi=00;36:*.mka=00;36:*.mp3=00;36:*.mpc=00;36:*.ogg=00;36:*.ra=00;36:*.wav=00;36:*.oga=00;36:*.opus=00;36:*.spx=00;36:*.xspf=00;36:'), ('ROS_ROOT', '/opt/ros/foxy'), ('AMENT_PREFIX_PATH', '/ros2_ws/install/rosapi:/ros2_ws/install/rosbridge_library:/ros2_ws/install/rosbridge_msgs:/ros2_ws/install/rosapi_msgs:/ros2_ws/install/rosbridge_suite:/ros2_ws/src/install/rplidar_ros:/opt/ros/foxy/install'), ('DEBIAN_FRONTEND', 'noninteractive'), ('SHELL', '/bin/bash'), ('PWD', '/ros2_ws/build/rosbridge_server'), ('PYTHONPATH', '/ros2_ws/install/rosapi/lib/python3.6/site-packages:/ros2_ws/install/rosbridge_library/lib/python3.6/site-packages:/ros2_ws/install/rosbridge_msgs/lib/python3.6/site-packages:/ros2_ws/install/rosapi_msgs/lib/python3.6/site-packages:/ros2_ws/my_ros2_project/install/rosbridge_test_msgs/lib/python3.6/site-packages:/ros2_ws/my_ros2_project/install/rosbridge_server/lib/python3.6/site-packages:/ros2_ws/my_ros2_project/install/rosbridge_msgs/lib/python3.6/site-packages:/ros2_ws/my_ros2_project/install/rosapi/lib/python3.6/site-packages:/ros2_ws/my_ros2_project/install/rosbridge_library/lib/python3.6/site-packages:/ros2_ws/my_ros2_project/install/rosapi_msgs/lib/python3.6/site-packages:/opt/ros/foxy/install/lib/python3.6/site-packages'), ('NVIDIA_VISIBLE_DEVICES', 'all'), ('COLCON', '1'), ('CMAKE_PREFIX_PATH', '/ros2_ws/install/rosapi:/ros2_ws/install/rosbridge_library:/ros2_ws/install/rosbridge_msgs:/ros2_ws/install/rosapi_msgs:/ros2_ws/install/rosbridge_suite:/ros2_ws/src/install/rplidar_ros:/ros2_ws/my_ros2_project/install/rplidar_ros:/ros2_ws/my_ros2_project/install/rosbridge_test_msgs:/ros2_ws/my_ros2_project/install/rosbridge_server:/ros2_ws/my_ros2_project/install/rosbridge_msgs:/ros2_ws/my_ros2_project/install/rosapi:/ros2_ws/my_ros2_project/install/rosbridge_library:/ros2_ws/my_ros2_project/install/rosapi_msgs:/opt/ros/foxy/install')]), 'shell': False}
[226.357092] (-) TimerEvent: {}
[226.457917] (-) TimerEvent: {}
[226.511897] (rosbridge_server) StdoutLine: {'line': b'-- Install configuration: ""\n'}
[226.513472] (rosbridge_server) StdoutLine: {'line': b'-- Execute custom install script\n'}
[226.514464] (rosbridge_server) StdoutLine: {'line': b'-- Symlinking: /ros2_ws/install/rosbridge_server/share/rosbridge_server/environment/pythonpath.sh\n'}
[226.523798] (rosbridge_server) StdoutLine: {'line': b'-- Symlinking: /ros2_ws/install/rosbridge_server/share/rosbridge_server/environment/pythonpath.dsv\n'}
[226.534144] (rosbridge_server) StdoutLine: {'line': b'-- Symlinking: /ros2_ws/install/rosbridge_server/lib/python3.6/site-packages/rosbridge_server/__init__.py\n'}
[226.543038] (rosbridge_server) StdoutLine: {'line': b'-- Symlinking: /ros2_ws/install/rosbridge_server/lib/python3.6/site-packages/rosbridge_server/client_mananger.py\n'}
[226.551938] (rosbridge_server) StdoutLine: {'line': b'-- Symlinking: /ros2_ws/install/rosbridge_server/lib/python3.6/site-packages/rosbridge_server/websocket_handler.py\n'}
[226.558152] (-) TimerEvent: {}
[226.561452] (rosbridge_server) StdoutLine: {'line': b'-- Symlinking: /ros2_ws/install/rosbridge_server/share/ament_index/resource_index/package_run_dependencies/rosbridge_server\n'}
[226.570706] (rosbridge_server) StdoutLine: {'line': b'-- Symlinking: /ros2_ws/install/rosbridge_server/share/ament_index/resource_index/parent_prefix_path/rosbridge_server\n'}
[226.579838] (rosbridge_server) StdoutLine: {'line': b'-- Symlinking: /ros2_ws/install/rosbridge_server/share/rosbridge_server/environment/ament_prefix_path.sh\n'}
[226.589267] (rosbridge_server) StdoutLine: {'line': b'-- Symlinking: /ros2_ws/install/rosbridge_server/share/rosbridge_server/environment/ament_prefix_path.dsv\n'}
[226.598725] (rosbridge_server) StdoutLine: {'line': b'-- Symlinking: /ros2_ws/install/rosbridge_server/share/rosbridge_server/environment/path.sh\n'}
[226.607716] (rosbridge_server) StdoutLine: {'line': b'-- Symlinking: /ros2_ws/install/rosbridge_server/share/rosbridge_server/environment/path.dsv\n'}
[226.616755] (rosbridge_server) StdoutLine: {'line': b'-- Symlinking: /ros2_ws/install/rosbridge_server/share/rosbridge_server/local_setup.bash\n'}
[226.626189] (rosbridge_server) StdoutLine: {'line': b'-- Symlinking: /ros2_ws/install/rosbridge_server/share/rosbridge_server/local_setup.sh\n'}
[226.635315] (rosbridge_server) StdoutLine: {'line': b'-- Symlinking: /ros2_ws/install/rosbridge_server/share/rosbridge_server/local_setup.zsh\n'}
[226.644386] (rosbridge_server) StdoutLine: {'line': b'-- Symlinking: /ros2_ws/install/rosbridge_server/share/rosbridge_server/local_setup.dsv\n'}
[226.653444] (rosbridge_server) StdoutLine: {'line': b'-- Symlinking: /ros2_ws/install/rosbridge_server/share/rosbridge_server/package.dsv\n'}
[226.658393] (-) TimerEvent: {}
[226.663396] (rosbridge_server) StdoutLine: {'line': b'-- Symlinking: /ros2_ws/install/rosbridge_server/share/ament_index/resource_index/packages/rosbridge_server\n'}
[226.672945] (rosbridge_server) StdoutLine: {'line': b'-- Symlinking: /ros2_ws/install/rosbridge_server/share/rosbridge_server/cmake/rosbridge_serverConfig.cmake\n'}
[226.681660] (rosbridge_server) StdoutLine: {'line': b'-- Symlinking: /ros2_ws/install/rosbridge_server/share/rosbridge_server/cmake/rosbridge_serverConfig-version.cmake\n'}
[226.691736] (rosbridge_server) StdoutLine: {'line': b'-- Symlinking: /ros2_ws/install/rosbridge_server/share/rosbridge_server/package.xml\n'}
[226.700989] (rosbridge_server) StdoutLine: {'line': b'-- Symlinking: /ros2_ws/install/rosbridge_server/lib/rosbridge_server/rosbridge_websocket.py\n'}
[226.709634] (rosbridge_server) StdoutLine: {'line': b'-- Symlinking: /ros2_ws/install/rosbridge_server/lib/rosbridge_server/rosbridge_websocket\n'}
[226.718704] (rosbridge_server) StdoutLine: {'line': b'-- Symlinking: /ros2_ws/install/rosbridge_server/share/rosbridge_server/launch/rosbridge_websocket_launch.xml\n'}
[226.758561] (-) TimerEvent: {}
[226.859307] (-) TimerEvent: {}
[226.897159] (rosbridge_server) StdoutLine: {'line': b"Listing '/ros2_ws/install/rosbridge_server/lib/python3.6/site-packages/rosbridge_server'...\n"}
[226.897926] (rosbridge_server) StdoutLine: {'line': b"Compiling '/ros2_ws/install/rosbridge_server/lib/python3.6/site-packages/rosbridge_server/__init__.py'...\n"}
[226.898569] (rosbridge_server) StdoutLine: {'line': b"Compiling '/ros2_ws/install/rosbridge_server/lib/python3.6/site-packages/rosbridge_server/client_mananger.py'...\n"}
[226.899263] (rosbridge_server) StdoutLine: {'line': b"Compiling '/ros2_ws/install/rosbridge_server/lib/python3.6/site-packages/rosbridge_server/websocket_handler.py'...\n"}
[226.948498] (rosbridge_server) CommandEnded: {'returncode': 0}
[226.959763] (-) TimerEvent: {}
[227.061650] (-) TimerEvent: {}
[227.162737] (-) TimerEvent: {}
[227.235299] (rosbridge_server) JobEnded: {'identifier': 'rosbridge_server', 'rc': 0}
[227.238487] (rosbridge_suite) JobStarted: {'identifier': 'rosbridge_suite'}
[227.262941] (-) TimerEvent: {}
[227.337862] (rosbridge_suite) JobProgress: {'identifier': 'rosbridge_suite', 'progress': 'cmake'}
[227.338886] (rosbridge_suite) Command: {'cmd': ['/usr/local/bin/cmake', '/ros2_ws/src/rosbridge_suite', '-DAMENT_CMAKE_SYMLINK_INSTALL=1', '-DCMAKE_INSTALL_PREFIX=/ros2_ws/install/rosbridge_suite'], 'cwd': '/ros2_ws/build/rosbridge_suite', 'env': OrderedDict([('OPENBLAS_CORETYPE', 'ARMV8'), ('PYTHONIOENCODING', 'utf-8'), ('HOSTNAME', 'eyerobot-desktop'), ('LD_LIBRARY_PATH', '/ros2_ws/install/rosbridge_msgs/lib:/ros2_ws/install/rosapi_msgs/lib:/ros2_ws/src/install/rplidar_ros/lib:/ros2_ws/my_ros2_project/install/rosbridge_test_msgs/lib:/ros2_ws/my_ros2_project/install/rosbridge_msgs/lib:/ros2_ws/my_ros2_project/install/rosapi_msgs/lib:/opt/ros/foxy/install/opt/yaml_cpp_vendor/lib:/opt/ros/foxy/install/opt/rviz_ogre_vendor/lib:/opt/ros/foxy/install/lib:/usr/local/cuda-10.2/targets/aarch64-linux/lib'), ('SHLVL', '1'), ('OLDPWD', '/'), ('HOME', '/root'), ('ROS_PYTHON_VERSION', '3'), ('COLCON_PREFIX_PATH', '/ros2_ws/install:/opt/ros/foxy/install:/ros2_ws/src/install:/ros2_ws/my_ros2_project/install'), ('ROS_DISTRO', 'foxy'), ('_', '/usr/bin/colcon'), ('ROS_VERSION', '2'), ('NVIDIA_DRIVER_CAPABILITIES', 'all'), ('PKG_CONFIG_PATH', '/opt/ros/foxy/install/lib/aarch64-linux-gnu/pkgconfig:/opt/ros/foxy/install/lib/pkgconfig'), ('TERM', 'xterm'), ('ROS_LOCALHOST_ONLY', '0'), ('PATH', '/opt/ros/foxy/install/bin:/usr/local/cuda-10.2/bin:/usr/local/cuda/bin:/usr/local/sbin:/usr/local/bin:/usr/sbin:/usr/bin:/sbin:/bin'), ('LANG', 'en_US.UTF-8'), ('RMW_IMPLEMENTATION', 'rmw_cyclonedds_cpp'), ('LS_COLORS', 'rs=0:di=01;34:ln=01;36:mh=00:pi=40;33:so=01;35:do=01;35:bd=40;33;01:cd=40;33;01:or=40;31;01:mi=00:su=37;41:sg=30;43:ca=30;41:tw=30;42:ow=34;42:st=37;44:ex=01;32:*.tar=01;31:*.tgz=01;31:*.arc=01;31:*.arj=01;31:*.taz=01;31:*.lha=01;31:*.lz4=01;31:*.lzh=01;31:*.lzma=01;31:*.tlz=01;31:*.txz=01;31:*.tzo=01;31:*.t7z=01;31:*.zip=01;31:*.z=01;31:*.Z=01;31:*.dz=01;31:*.gz=01;31:*.lrz=01;31:*.lz=01;31:*.lzo=01;31:*.xz=01;31:*.zst=01;31:*.tzst=01;31:*.bz2=01;31:*.bz=01;31:*.tbz=01;31:*.tbz2=01;31:*.tz=01;31:*.deb=01;31:*.rpm=01;31:*.jar=01;31:*.war=01;31:*.ear=01;31:*.sar=01;31:*.rar=01;31:*.alz=01;31:*.ace=01;31:*.zoo=01;31:*.cpio=01;31:*.7z=01;31:*.rz=01;31:*.cab=01;31:*.wim=01;31:*.swm=01;31:*.dwm=01;31:*.esd=01;31:*.jpg=01;35:*.jpeg=01;35:*.mjpg=01;35:*.mjpeg=01;35:*.gif=01;35:*.bmp=01;35:*.pbm=01;35:*.pgm=01;35:*.ppm=01;35:*.tga=01;35:*.xbm=01;35:*.xpm=01;35:*.tif=01;35:*.tiff=01;35:*.png=01;35:*.svg=01;35:*.svgz=01;35:*.mng=01;35:*.pcx=01;35:*.mov=01;35:*.mpg=01;35:*.mpeg=01;35:*.m2v=01;35:*.mkv=01;35:*.webm=01;35:*.ogm=01;35:*.mp4=01;35:*.m4v=01;35:*.mp4v=01;35:*.vob=01;35:*.qt=01;35:*.nuv=01;35:*.wmv=01;35:*.asf=01;35:*.rm=01;35:*.rmvb=01;35:*.flc=01;35:*.avi=01;35:*.fli=01;35:*.flv=01;35:*.gl=01;35:*.dl=01;35:*.xcf=01;35:*.xwd=01;35:*.yuv=01;35:*.cgm=01;35:*.emf=01;35:*.ogv=01;35:*.ogx=01;35:*.aac=00;36:*.au=00;36:*.flac=00;36:*.m4a=00;36:*.mid=00;36:*.midi=00;36:*.mka=00;36:*.mp3=00;36:*.mpc=00;36:*.ogg=00;36:*.ra=00;36:*.wav=00;36:*.oga=00;36:*.opus=00;36:*.spx=00;36:*.xspf=00;36:'), ('ROS_ROOT', '/opt/ros/foxy'), ('AMENT_PREFIX_PATH', '/ros2_ws/install/rosbridge_server:/ros2_ws/install/rosapi:/ros2_ws/install/rosbridge_library:/ros2_ws/install/rosbridge_msgs:/ros2_ws/install/rosapi_msgs:/ros2_ws/install/rosbridge_suite:/ros2_ws/src/install/rplidar_ros:/opt/ros/foxy/install'), ('DEBIAN_FRONTEND', 'noninteractive'), ('SHELL', '/bin/bash'), ('PWD', '/ros2_ws/build/rosbridge_suite'), ('PYTHONPATH', '/ros2_ws/install/rosbridge_server/lib/python3.6/site-packages:/ros2_ws/install/rosapi/lib/python3.6/site-packages:/ros2_ws/install/rosbridge_library/lib/python3.6/site-packages:/ros2_ws/install/rosbridge_msgs/lib/python3.6/site-packages:/ros2_ws/install/rosapi_msgs/lib/python3.6/site-packages:/ros2_ws/my_ros2_project/install/rosbridge_test_msgs/lib/python3.6/site-packages:/ros2_ws/my_ros2_project/install/rosbridge_server/lib/python3.6/site-packages:/ros2_ws/my_ros2_project/install/rosbridge_msgs/lib/python3.6/site-packages:/ros2_ws/my_ros2_project/install/rosapi/lib/python3.6/site-packages:/ros2_ws/my_ros2_project/install/rosbridge_library/lib/python3.6/site-packages:/ros2_ws/my_ros2_project/install/rosapi_msgs/lib/python3.6/site-packages:/opt/ros/foxy/install/lib/python3.6/site-packages'), ('NVIDIA_VISIBLE_DEVICES', 'all'), ('COLCON', '1'), ('CMAKE_PREFIX_PATH', '/ros2_ws/install/rosbridge_server:/ros2_ws/install/rosapi:/ros2_ws/install/rosbridge_library:/ros2_ws/install/rosbridge_msgs:/ros2_ws/install/rosapi_msgs:/ros2_ws/install/rosbridge_suite:/ros2_ws/src/install/rplidar_ros:/ros2_ws/my_ros2_project/install/rplidar_ros:/ros2_ws/my_ros2_project/install/rosbridge_test_msgs:/ros2_ws/my_ros2_project/install/rosbridge_server:/ros2_ws/my_ros2_project/install/rosbridge_msgs:/ros2_ws/my_ros2_project/install/rosapi:/ros2_ws/my_ros2_project/install/rosbridge_library:/ros2_ws/my_ros2_project/install/rosapi_msgs:/opt/ros/foxy/install')]), 'shell': False}
[227.363149] (-) TimerEvent: {}
[227.464020] (-) TimerEvent: {}
[227.530963] (rosbridge_suite) StdoutLine: {'line': b'-- Found ament_cmake_core: 0.9.12 (/opt/ros/foxy/install/share/ament_cmake_core/cmake)\n'}
[227.534469] (rosbridge_suite) StderrLine: {'line': b'\x1b[33mCMake Warning (dev) at /opt/ros/foxy/install/share/ament_cmake_core/cmake/core/python.cmake:22 (find_package):\n'}
[227.535192] (rosbridge_suite) StderrLine: {'line': b'  Policy CMP0148 is not set: The FindPythonInterp and FindPythonLibs modules\n'}
[227.535656] (rosbridge_suite) StderrLine: {'line': b'  are removed.  Run "cmake --help-policy CMP0148" for policy details.  Use\n'}
[227.536083] (rosbridge_suite) StderrLine: {'line': b'  the cmake_policy command to set the policy and suppress this warning.\n'}
[227.536497] (rosbridge_suite) StderrLine: {'line': b'\n'}
[227.536995] (rosbridge_suite) StderrLine: {'line': b'Call Stack (most recent call first):\n'}
[227.537502] (rosbridge_suite) StderrLine: {'line': b'  /opt/ros/foxy/install/share/ament_cmake_core/cmake/core/all.cmake:53 (include)\n'}
[227.537961] (rosbridge_suite) StderrLine: {'line': b'  /opt/ros/foxy/install/share/ament_cmake_core/cmake/ament_cmake_core-extras.cmake:17 (include)\n'}
[227.538411] (rosbridge_suite) StderrLine: {'line': b'  /opt/ros/foxy/install/share/ament_cmake_core/cmake/ament_cmake_coreConfig.cmake:41 (include)\n'}
[227.538958] (rosbridge_suite) StderrLine: {'line': b'  CMakeLists.txt:3 (find_package)\n'}
[227.539415] (rosbridge_suite) StderrLine: {'line': b'This warning is for project developers.  Use -Wno-dev to suppress it.\n'}
[227.539861] (rosbridge_suite) StderrLine: {'line': b'\x1b[0m\n'}
[227.564247] (-) TimerEvent: {}
[227.656074] (rosbridge_suite) StdoutLine: {'line': b'-- Found PythonInterp: /usr/bin/python3 (found suitable version "3.6.9", minimum required is "3") \n'}
[227.657049] (rosbridge_suite) StdoutLine: {'line': b'-- Using PYTHON_EXECUTABLE: /usr/bin/python3\n'}
[227.664469] (-) TimerEvent: {}
[227.765240] (-) TimerEvent: {}
[227.866024] (-) TimerEvent: {}
[227.966816] (-) TimerEvent: {}
[228.067587] (-) TimerEvent: {}
[228.168283] (-) TimerEvent: {}
[228.269039] (-) TimerEvent: {}
[228.369792] (-) TimerEvent: {}
[228.470545] (-) TimerEvent: {}
[228.571347] (-) TimerEvent: {}
[228.672101] (-) TimerEvent: {}
[228.744058] (rosbridge_suite) StdoutLine: {'line': b'-- Override CMake install command with custom implementation using symlinks instead of copying resources\n'}
[228.772310] (-) TimerEvent: {}
[228.873212] (-) TimerEvent: {}
[228.973912] (-) TimerEvent: {}
[229.074685] (-) TimerEvent: {}
[229.175406] (-) TimerEvent: {}
[229.276132] (-) TimerEvent: {}
[229.297677] (rosbridge_suite) StdoutLine: {'line': b'-- Configuring done (1.8s)\n'}
[229.306270] (rosbridge_suite) StdoutLine: {'line': b'-- Generating done (0.0s)\n'}
[229.309691] (rosbridge_suite) StdoutLine: {'line': b'-- Build files have been written to: /ros2_ws/build/rosbridge_suite\n'}
[229.336055] (rosbridge_suite) CommandEnded: {'returncode': 0}
[229.338301] (rosbridge_suite) JobProgress: {'identifier': 'rosbridge_suite', 'progress': 'build'}
[229.339154] (rosbridge_suite) Command: {'cmd': ['/usr/local/bin/cmake', '--build', '/ros2_ws/build/rosbridge_suite', '--', '-j4', '-l4'], 'cwd': '/ros2_ws/build/rosbridge_suite', 'env': OrderedDict([('OPENBLAS_CORETYPE', 'ARMV8'), ('PYTHONIOENCODING', 'utf-8'), ('HOSTNAME', 'eyerobot-desktop'), ('LD_LIBRARY_PATH', '/ros2_ws/install/rosbridge_msgs/lib:/ros2_ws/install/rosapi_msgs/lib:/ros2_ws/src/install/rplidar_ros/lib:/ros2_ws/my_ros2_project/install/rosbridge_test_msgs/lib:/ros2_ws/my_ros2_project/install/rosbridge_msgs/lib:/ros2_ws/my_ros2_project/install/rosapi_msgs/lib:/opt/ros/foxy/install/opt/yaml_cpp_vendor/lib:/opt/ros/foxy/install/opt/rviz_ogre_vendor/lib:/opt/ros/foxy/install/lib:/usr/local/cuda-10.2/targets/aarch64-linux/lib'), ('SHLVL', '1'), ('OLDPWD', '/'), ('HOME', '/root'), ('ROS_PYTHON_VERSION', '3'), ('COLCON_PREFIX_PATH', '/ros2_ws/install:/opt/ros/foxy/install:/ros2_ws/src/install:/ros2_ws/my_ros2_project/install'), ('ROS_DISTRO', 'foxy'), ('_', '/usr/bin/colcon'), ('ROS_VERSION', '2'), ('NVIDIA_DRIVER_CAPABILITIES', 'all'), ('PKG_CONFIG_PATH', '/opt/ros/foxy/install/lib/aarch64-linux-gnu/pkgconfig:/opt/ros/foxy/install/lib/pkgconfig'), ('TERM', 'xterm'), ('ROS_LOCALHOST_ONLY', '0'), ('PATH', '/opt/ros/foxy/install/bin:/usr/local/cuda-10.2/bin:/usr/local/cuda/bin:/usr/local/sbin:/usr/local/bin:/usr/sbin:/usr/bin:/sbin:/bin'), ('LANG', 'en_US.UTF-8'), ('RMW_IMPLEMENTATION', 'rmw_cyclonedds_cpp'), ('LS_COLORS', 'rs=0:di=01;34:ln=01;36:mh=00:pi=40;33:so=01;35:do=01;35:bd=40;33;01:cd=40;33;01:or=40;31;01:mi=00:su=37;41:sg=30;43:ca=30;41:tw=30;42:ow=34;42:st=37;44:ex=01;32:*.tar=01;31:*.tgz=01;31:*.arc=01;31:*.arj=01;31:*.taz=01;31:*.lha=01;31:*.lz4=01;31:*.lzh=01;31:*.lzma=01;31:*.tlz=01;31:*.txz=01;31:*.tzo=01;31:*.t7z=01;31:*.zip=01;31:*.z=01;31:*.Z=01;31:*.dz=01;31:*.gz=01;31:*.lrz=01;31:*.lz=01;31:*.lzo=01;31:*.xz=01;31:*.zst=01;31:*.tzst=01;31:*.bz2=01;31:*.bz=01;31:*.tbz=01;31:*.tbz2=01;31:*.tz=01;31:*.deb=01;31:*.rpm=01;31:*.jar=01;31:*.war=01;31:*.ear=01;31:*.sar=01;31:*.rar=01;31:*.alz=01;31:*.ace=01;31:*.zoo=01;31:*.cpio=01;31:*.7z=01;31:*.rz=01;31:*.cab=01;31:*.wim=01;31:*.swm=01;31:*.dwm=01;31:*.esd=01;31:*.jpg=01;35:*.jpeg=01;35:*.mjpg=01;35:*.mjpeg=01;35:*.gif=01;35:*.bmp=01;35:*.pbm=01;35:*.pgm=01;35:*.ppm=01;35:*.tga=01;35:*.xbm=01;35:*.xpm=01;35:*.tif=01;35:*.tiff=01;35:*.png=01;35:*.svg=01;35:*.svgz=01;35:*.mng=01;35:*.pcx=01;35:*.mov=01;35:*.mpg=01;35:*.mpeg=01;35:*.m2v=01;35:*.mkv=01;35:*.webm=01;35:*.ogm=01;35:*.mp4=01;35:*.m4v=01;35:*.mp4v=01;35:*.vob=01;35:*.qt=01;35:*.nuv=01;35:*.wmv=01;35:*.asf=01;35:*.rm=01;35:*.rmvb=01;35:*.flc=01;35:*.avi=01;35:*.fli=01;35:*.flv=01;35:*.gl=01;35:*.dl=01;35:*.xcf=01;35:*.xwd=01;35:*.yuv=01;35:*.cgm=01;35:*.emf=01;35:*.ogv=01;35:*.ogx=01;35:*.aac=00;36:*.au=00;36:*.flac=00;36:*.m4a=00;36:*.mid=00;36:*.midi=00;36:*.mka=00;36:*.mp3=00;36:*.mpc=00;36:*.ogg=00;36:*.ra=00;36:*.wav=00;36:*.oga=00;36:*.opus=00;36:*.spx=00;36:*.xspf=00;36:'), ('ROS_ROOT', '/opt/ros/foxy'), ('AMENT_PREFIX_PATH', '/ros2_ws/install/rosbridge_server:/ros2_ws/install/rosapi:/ros2_ws/install/rosbridge_library:/ros2_ws/install/rosbridge_msgs:/ros2_ws/install/rosapi_msgs:/ros2_ws/install/rosbridge_suite:/ros2_ws/src/install/rplidar_ros:/opt/ros/foxy/install'), ('DEBIAN_FRONTEND', 'noninteractive'), ('SHELL', '/bin/bash'), ('PWD', '/ros2_ws/build/rosbridge_suite'), ('PYTHONPATH', '/ros2_ws/install/rosbridge_server/lib/python3.6/site-packages:/ros2_ws/install/rosapi/lib/python3.6/site-packages:/ros2_ws/install/rosbridge_library/lib/python3.6/site-packages:/ros2_ws/install/rosbridge_msgs/lib/python3.6/site-packages:/ros2_ws/install/rosapi_msgs/lib/python3.6/site-packages:/ros2_ws/my_ros2_project/install/rosbridge_test_msgs/lib/python3.6/site-packages:/ros2_ws/my_ros2_project/install/rosbridge_server/lib/python3.6/site-packages:/ros2_ws/my_ros2_project/install/rosbridge_msgs/lib/python3.6/site-packages:/ros2_ws/my_ros2_project/install/rosapi/lib/python3.6/site-packages:/ros2_ws/my_ros2_project/install/rosbridge_library/lib/python3.6/site-packages:/ros2_ws/my_ros2_project/install/rosapi_msgs/lib/python3.6/site-packages:/opt/ros/foxy/install/lib/python3.6/site-packages'), ('NVIDIA_VISIBLE_DEVICES', 'all'), ('COLCON', '1'), ('CMAKE_PREFIX_PATH', '/ros2_ws/install/rosbridge_server:/ros2_ws/install/rosapi:/ros2_ws/install/rosbridge_library:/ros2_ws/install/rosbridge_msgs:/ros2_ws/install/rosapi_msgs:/ros2_ws/install/rosbridge_suite:/ros2_ws/src/install/rplidar_ros:/ros2_ws/my_ros2_project/install/rplidar_ros:/ros2_ws/my_ros2_project/install/rosbridge_test_msgs:/ros2_ws/my_ros2_project/install/rosbridge_server:/ros2_ws/my_ros2_project/install/rosbridge_msgs:/ros2_ws/my_ros2_project/install/rosapi:/ros2_ws/my_ros2_project/install/rosbridge_library:/ros2_ws/my_ros2_project/install/rosapi_msgs:/opt/ros/foxy/install')]), 'shell': False}
[229.376404] (-) TimerEvent: {}
[229.477282] (-) TimerEvent: {}
[229.557697] (rosbridge_suite) CommandEnded: {'returncode': 0}
[229.577590] (-) TimerEvent: {}
[229.678536] (-) TimerEvent: {}
[229.757242] (rosbridge_suite) JobProgress: {'identifier': 'rosbridge_suite', 'progress': 'install'}
[229.758041] (rosbridge_suite) Command: {'cmd': ['/usr/local/bin/cmake', '--install', '/ros2_ws/build/rosbridge_suite'], 'cwd': '/ros2_ws/build/rosbridge_suite', 'env': OrderedDict([('OPENBLAS_CORETYPE', 'ARMV8'), ('PYTHONIOENCODING', 'utf-8'), ('HOSTNAME', 'eyerobot-desktop'), ('LD_LIBRARY_PATH', '/ros2_ws/install/rosbridge_msgs/lib:/ros2_ws/install/rosapi_msgs/lib:/ros2_ws/src/install/rplidar_ros/lib:/ros2_ws/my_ros2_project/install/rosbridge_test_msgs/lib:/ros2_ws/my_ros2_project/install/rosbridge_msgs/lib:/ros2_ws/my_ros2_project/install/rosapi_msgs/lib:/opt/ros/foxy/install/opt/yaml_cpp_vendor/lib:/opt/ros/foxy/install/opt/rviz_ogre_vendor/lib:/opt/ros/foxy/install/lib:/usr/local/cuda-10.2/targets/aarch64-linux/lib'), ('SHLVL', '1'), ('OLDPWD', '/'), ('HOME', '/root'), ('ROS_PYTHON_VERSION', '3'), ('COLCON_PREFIX_PATH', '/ros2_ws/install:/opt/ros/foxy/install:/ros2_ws/src/install:/ros2_ws/my_ros2_project/install'), ('ROS_DISTRO', 'foxy'), ('_', '/usr/bin/colcon'), ('ROS_VERSION', '2'), ('NVIDIA_DRIVER_CAPABILITIES', 'all'), ('PKG_CONFIG_PATH', '/opt/ros/foxy/install/lib/aarch64-linux-gnu/pkgconfig:/opt/ros/foxy/install/lib/pkgconfig'), ('TERM', 'xterm'), ('ROS_LOCALHOST_ONLY', '0'), ('PATH', '/opt/ros/foxy/install/bin:/usr/local/cuda-10.2/bin:/usr/local/cuda/bin:/usr/local/sbin:/usr/local/bin:/usr/sbin:/usr/bin:/sbin:/bin'), ('LANG', 'en_US.UTF-8'), ('RMW_IMPLEMENTATION', 'rmw_cyclonedds_cpp'), ('LS_COLORS', 'rs=0:di=01;34:ln=01;36:mh=00:pi=40;33:so=01;35:do=01;35:bd=40;33;01:cd=40;33;01:or=40;31;01:mi=00:su=37;41:sg=30;43:ca=30;41:tw=30;42:ow=34;42:st=37;44:ex=01;32:*.tar=01;31:*.tgz=01;31:*.arc=01;31:*.arj=01;31:*.taz=01;31:*.lha=01;31:*.lz4=01;31:*.lzh=01;31:*.lzma=01;31:*.tlz=01;31:*.txz=01;31:*.tzo=01;31:*.t7z=01;31:*.zip=01;31:*.z=01;31:*.Z=01;31:*.dz=01;31:*.gz=01;31:*.lrz=01;31:*.lz=01;31:*.lzo=01;31:*.xz=01;31:*.zst=01;31:*.tzst=01;31:*.bz2=01;31:*.bz=01;31:*.tbz=01;31:*.tbz2=01;31:*.tz=01;31:*.deb=01;31:*.rpm=01;31:*.jar=01;31:*.war=01;31:*.ear=01;31:*.sar=01;31:*.rar=01;31:*.alz=01;31:*.ace=01;31:*.zoo=01;31:*.cpio=01;31:*.7z=01;31:*.rz=01;31:*.cab=01;31:*.wim=01;31:*.swm=01;31:*.dwm=01;31:*.esd=01;31:*.jpg=01;35:*.jpeg=01;35:*.mjpg=01;35:*.mjpeg=01;35:*.gif=01;35:*.bmp=01;35:*.pbm=01;35:*.pgm=01;35:*.ppm=01;35:*.tga=01;35:*.xbm=01;35:*.xpm=01;35:*.tif=01;35:*.tiff=01;35:*.png=01;35:*.svg=01;35:*.svgz=01;35:*.mng=01;35:*.pcx=01;35:*.mov=01;35:*.mpg=01;35:*.mpeg=01;35:*.m2v=01;35:*.mkv=01;35:*.webm=01;35:*.ogm=01;35:*.mp4=01;35:*.m4v=01;35:*.mp4v=01;35:*.vob=01;35:*.qt=01;35:*.nuv=01;35:*.wmv=01;35:*.asf=01;35:*.rm=01;35:*.rmvb=01;35:*.flc=01;35:*.avi=01;35:*.fli=01;35:*.flv=01;35:*.gl=01;35:*.dl=01;35:*.xcf=01;35:*.xwd=01;35:*.yuv=01;35:*.cgm=01;35:*.emf=01;35:*.ogv=01;35:*.ogx=01;35:*.aac=00;36:*.au=00;36:*.flac=00;36:*.m4a=00;36:*.mid=00;36:*.midi=00;36:*.mka=00;36:*.mp3=00;36:*.mpc=00;36:*.ogg=00;36:*.ra=00;36:*.wav=00;36:*.oga=00;36:*.opus=00;36:*.spx=00;36:*.xspf=00;36:'), ('ROS_ROOT', '/opt/ros/foxy'), ('AMENT_PREFIX_PATH', '/ros2_ws/install/rosbridge_server:/ros2_ws/install/rosapi:/ros2_ws/install/rosbridge_library:/ros2_ws/install/rosbridge_msgs:/ros2_ws/install/rosapi_msgs:/ros2_ws/install/rosbridge_suite:/ros2_ws/src/install/rplidar_ros:/opt/ros/foxy/install'), ('DEBIAN_FRONTEND', 'noninteractive'), ('SHELL', '/bin/bash'), ('PWD', '/ros2_ws/build/rosbridge_suite'), ('PYTHONPATH', '/ros2_ws/install/rosbridge_server/lib/python3.6/site-packages:/ros2_ws/install/rosapi/lib/python3.6/site-packages:/ros2_ws/install/rosbridge_library/lib/python3.6/site-packages:/ros2_ws/install/rosbridge_msgs/lib/python3.6/site-packages:/ros2_ws/install/rosapi_msgs/lib/python3.6/site-packages:/ros2_ws/my_ros2_project/install/rosbridge_test_msgs/lib/python3.6/site-packages:/ros2_ws/my_ros2_project/install/rosbridge_server/lib/python3.6/site-packages:/ros2_ws/my_ros2_project/install/rosbridge_msgs/lib/python3.6/site-packages:/ros2_ws/my_ros2_project/install/rosapi/lib/python3.6/site-packages:/ros2_ws/my_ros2_project/install/rosbridge_library/lib/python3.6/site-packages:/ros2_ws/my_ros2_project/install/rosapi_msgs/lib/python3.6/site-packages:/opt/ros/foxy/install/lib/python3.6/site-packages'), ('NVIDIA_VISIBLE_DEVICES', 'all'), ('COLCON', '1'), ('CMAKE_PREFIX_PATH', '/ros2_ws/install/rosbridge_server:/ros2_ws/install/rosapi:/ros2_ws/install/rosbridge_library:/ros2_ws/install/rosbridge_msgs:/ros2_ws/install/rosapi_msgs:/ros2_ws/install/rosbridge_suite:/ros2_ws/src/install/rplidar_ros:/ros2_ws/my_ros2_project/install/rplidar_ros:/ros2_ws/my_ros2_project/install/rosbridge_test_msgs:/ros2_ws/my_ros2_project/install/rosbridge_server:/ros2_ws/my_ros2_project/install/rosbridge_msgs:/ros2_ws/my_ros2_project/install/rosapi:/ros2_ws/my_ros2_project/install/rosbridge_library:/ros2_ws/my_ros2_project/install/rosapi_msgs:/opt/ros/foxy/install')]), 'shell': False}
[229.778810] (-) TimerEvent: {}
[229.879659] (-) TimerEvent: {}
[229.916433] (rosbridge_suite) StdoutLine: {'line': b'-- Install configuration: ""\n'}
[229.918067] (rosbridge_suite) StdoutLine: {'line': b'-- Execute custom install script\n'}
[229.919300] (rosbridge_suite) StdoutLine: {'line': b'-- Symlinking: /ros2_ws/install/rosbridge_suite/share/ament_index/resource_index/package_run_dependencies/rosbridge_suite\n'}
[229.928704] (rosbridge_suite) StdoutLine: {'line': b'-- Symlinking: /ros2_ws/install/rosbridge_suite/share/ament_index/resource_index/parent_prefix_path/rosbridge_suite\n'}
[229.938233] (rosbridge_suite) StdoutLine: {'line': b'-- Symlinking: /ros2_ws/install/rosbridge_suite/share/rosbridge_suite/environment/ament_prefix_path.sh\n'}
[229.947420] (rosbridge_suite) StdoutLine: {'line': b'-- Symlinking: /ros2_ws/install/rosbridge_suite/share/rosbridge_suite/environment/ament_prefix_path.dsv\n'}
[229.956449] (rosbridge_suite) StdoutLine: {'line': b'-- Symlinking: /ros2_ws/install/rosbridge_suite/share/rosbridge_suite/environment/path.sh\n'}
[229.965673] (rosbridge_suite) StdoutLine: {'line': b'-- Symlinking: /ros2_ws/install/rosbridge_suite/share/rosbridge_suite/environment/path.dsv\n'}
[229.974598] (rosbridge_suite) StdoutLine: {'line': b'-- Symlinking: /ros2_ws/install/rosbridge_suite/share/rosbridge_suite/local_setup.bash\n'}
[229.979838] (-) TimerEvent: {}
[229.983854] (rosbridge_suite) StdoutLine: {'line': b'-- Symlinking: /ros2_ws/install/rosbridge_suite/share/rosbridge_suite/local_setup.sh\n'}
[229.993912] (rosbridge_suite) StdoutLine: {'line': b'-- Symlinking: /ros2_ws/install/rosbridge_suite/share/rosbridge_suite/local_setup.zsh\n'}
[230.002905] (rosbridge_suite) StdoutLine: {'line': b'-- Symlinking: /ros2_ws/install/rosbridge_suite/share/rosbridge_suite/local_setup.dsv\n'}
[230.012614] (rosbridge_suite) StdoutLine: {'line': b'-- Symlinking: /ros2_ws/install/rosbridge_suite/share/rosbridge_suite/package.dsv\n'}
[230.021980] (rosbridge_suite) StdoutLine: {'line': b'-- Symlinking: /ros2_ws/install/rosbridge_suite/share/ament_index/resource_index/packages/rosbridge_suite\n'}
[230.031543] (rosbridge_suite) StdoutLine: {'line': b'-- Symlinking: /ros2_ws/install/rosbridge_suite/share/rosbridge_suite/cmake/rosbridge_suiteConfig.cmake\n'}
[230.040712] (rosbridge_suite) StdoutLine: {'line': b'-- Symlinking: /ros2_ws/install/rosbridge_suite/share/rosbridge_suite/cmake/rosbridge_suiteConfig-version.cmake\n'}
[230.049896] (rosbridge_suite) StdoutLine: {'line': b'-- Symlinking: /ros2_ws/install/rosbridge_suite/share/rosbridge_suite/package.xml\n'}
[230.080054] (-) TimerEvent: {}
[230.086416] (rosbridge_suite) CommandEnded: {'returncode': 0}
[230.180435] (-) TimerEvent: {}
[230.281684] (-) TimerEvent: {}
[230.344880] (rosbridge_suite) JobEnded: {'identifier': 'rosbridge_suite', 'rc': 0}
[230.351633] (-) EventReactorShutdown: {}
