[1.807s] DEBUG:colcon:Command line arguments: ['/usr/bin/colcon', 'build', '--symlink-install']
[1.807s] DEBUG:colcon:Parsed command line arguments: Namespace(ament_cmake_args=None, base_paths=['.'], build_base='build', catkin_cmake_args=None, catkin_skip_building_tests=False, cmake_args=None, cmake_clean_cache=False, cmake_clean_first=False, cmake_force_configure=False, cmake_target=None, cmake_target_skip_unavailable=False, continue_on_error=False, event_handlers=None, executor='parallel', ignore_user_meta=False, install_base='install', log_base=None, log_level=None, main=<bound method BuildVerb.main of <colcon_core.verb.build.BuildVerb object at 0x7fae11e828>>, merge_install=False, metas=['./colcon.meta'], packages_above=None, packages_above_and_dependencies=None, packages_above_depth=None, packages_end=None, packages_ignore=None, packages_ignore_regex=None, packages_select=None, packages_select_build_failed=False, packages_select_by_dep=None, packages_select_regex=None, packages_select_test_failures=False, packages_skip=None, packages_skip_build_finished=False, packages_skip_by_dep=None, packages_skip_regex=None, packages_skip_test_passed=False, packages_skip_up_to=None, packages_start=None, packages_up_to=None, packages_up_to_regex=None, parallel_workers=4, paths=None, symlink_install=True, test_result_base=None, verb_extension=<colcon_core.verb.build.BuildVerb object at 0x7fae11e828>, verb_name='build', verb_parser=<colcon_defaults.argument_parser.defaults.DefaultArgumentsDecorator object at 0x7fadf8e240>)
[1.901s] Level 1:colcon.colcon_core.package_discovery:discover_packages(colcon_meta) check parameters
[1.902s] Level 1:colcon.colcon_core.package_discovery:discover_packages(recursive) check parameters
[1.902s] Level 1:colcon.colcon_core.package_discovery:discover_packages(ignore) check parameters
[1.902s] Level 1:colcon.colcon_core.package_discovery:discover_packages(path) check parameters
[1.902s] Level 1:colcon.colcon_core.package_discovery:discover_packages(colcon_meta) discover
[1.904s] Level 1:colcon.colcon_core.package_discovery:discover_packages(recursive) discover
[1.904s] INFO:colcon.colcon_core.package_discovery:Crawling recursively for packages in '/ros2_ws'
[1.904s] Level 1:colcon.colcon_core.package_identification:_identify(.) by extensions ['ignore', 'ignore_ament_install']
[1.905s] Level 1:colcon.colcon_core.package_identification:_identify(.) by extension 'ignore'
[1.905s] Level 1:colcon.colcon_core.package_identification:_identify(.) by extension 'ignore_ament_install'
[1.906s] Level 1:colcon.colcon_core.package_identification:_identify(.) by extensions ['colcon_pkg']
[1.906s] Level 1:colcon.colcon_core.package_identification:_identify(.) by extension 'colcon_pkg'
[1.906s] Level 1:colcon.colcon_core.package_identification:_identify(.) by extensions ['colcon_meta']
[1.906s] Level 1:colcon.colcon_core.package_identification:_identify(.) by extension 'colcon_meta'
[1.907s] Level 1:colcon.colcon_core.package_identification:_identify(.) by extensions ['ros']
[1.907s] Level 1:colcon.colcon_core.package_identification:_identify(.) by extension 'ros'
[2.095s] Level 1:colcon.colcon_core.package_identification:_identify(.) by extensions ['cmake', 'python']
[2.095s] Level 1:colcon.colcon_core.package_identification:_identify(.) by extension 'cmake'
[2.095s] Level 1:colcon.colcon_core.package_identification:_identify(.) by extension 'python'
[2.096s] Level 1:colcon.colcon_core.package_identification:_identify(.) by extensions ['python_setup_py']
[2.096s] Level 1:colcon.colcon_core.package_identification:_identify(.) by extension 'python_setup_py'
[2.096s] Level 1:colcon.colcon_core.package_identification:_identify(build) by extensions ['ignore', 'ignore_ament_install']
[2.097s] Level 1:colcon.colcon_core.package_identification:_identify(build) by extension 'ignore'
[2.097s] Level 1:colcon.colcon_core.package_identification:_identify(build) ignored
[2.099s] Level 1:colcon.colcon_core.package_identification:_identify(install) by extensions ['ignore', 'ignore_ament_install']
[2.099s] Level 1:colcon.colcon_core.package_identification:_identify(install) by extension 'ignore'
[2.100s] Level 1:colcon.colcon_core.package_identification:_identify(install) ignored
[2.100s] Level 1:colcon.colcon_core.package_identification:_identify(log) by extensions ['ignore', 'ignore_ament_install']
[2.101s] Level 1:colcon.colcon_core.package_identification:_identify(log) by extension 'ignore'
[2.101s] Level 1:colcon.colcon_core.package_identification:_identify(log) ignored
[2.101s] Level 1:colcon.colcon_core.package_identification:_identify(src) by extensions ['ignore', 'ignore_ament_install']
[2.102s] Level 1:colcon.colcon_core.package_identification:_identify(src) by extension 'ignore'
[2.102s] Level 1:colcon.colcon_core.package_identification:_identify(src) by extension 'ignore_ament_install'
[2.102s] Level 1:colcon.colcon_core.package_identification:_identify(src) by extensions ['colcon_pkg']
[2.103s] Level 1:colcon.colcon_core.package_identification:_identify(src) by extension 'colcon_pkg'
[2.103s] Level 1:colcon.colcon_core.package_identification:_identify(src) by extensions ['colcon_meta']
[2.103s] Level 1:colcon.colcon_core.package_identification:_identify(src) by extension 'colcon_meta'
[2.103s] Level 1:colcon.colcon_core.package_identification:_identify(src) by extensions ['ros']
[2.104s] Level 1:colcon.colcon_core.package_identification:_identify(src) by extension 'ros'
[2.104s] Level 1:colcon.colcon_core.package_identification:_identify(src) by extensions ['cmake', 'python']
[2.104s] Level 1:colcon.colcon_core.package_identification:_identify(src) by extension 'cmake'
[2.104s] Level 1:colcon.colcon_core.package_identification:_identify(src) by extension 'python'
[2.105s] Level 1:colcon.colcon_core.package_identification:_identify(src) by extensions ['python_setup_py']
[2.105s] Level 1:colcon.colcon_core.package_identification:_identify(src) by extension 'python_setup_py'
[2.105s] Level 1:colcon.colcon_core.package_identification:_identify(src/rosapi) by extensions ['ignore', 'ignore_ament_install']
[2.106s] Level 1:colcon.colcon_core.package_identification:_identify(src/rosapi) by extension 'ignore'
[2.106s] Level 1:colcon.colcon_core.package_identification:_identify(src/rosapi) by extension 'ignore_ament_install'
[2.106s] Level 1:colcon.colcon_core.package_identification:_identify(src/rosapi) by extensions ['colcon_pkg']
[2.107s] Level 1:colcon.colcon_core.package_identification:_identify(src/rosapi) by extension 'colcon_pkg'
[2.107s] Level 1:colcon.colcon_core.package_identification:_identify(src/rosapi) by extensions ['colcon_meta']
[2.107s] Level 1:colcon.colcon_core.package_identification:_identify(src/rosapi) by extension 'colcon_meta'
[2.107s] Level 1:colcon.colcon_core.package_identification:_identify(src/rosapi) by extensions ['ros']
[2.108s] Level 1:colcon.colcon_core.package_identification:_identify(src/rosapi) by extension 'ros'
[2.127s] DEBUG:colcon.colcon_core.package_identification:Package 'src/rosapi' with type 'ros.ament_cmake' and name 'rosapi'
[2.128s] Level 1:colcon.colcon_core.package_identification:_identify(src/rosapi_msgs) by extensions ['ignore', 'ignore_ament_install']
[2.129s] Level 1:colcon.colcon_core.package_identification:_identify(src/rosapi_msgs) by extension 'ignore'
[2.129s] Level 1:colcon.colcon_core.package_identification:_identify(src/rosapi_msgs) by extension 'ignore_ament_install'
[2.129s] Level 1:colcon.colcon_core.package_identification:_identify(src/rosapi_msgs) by extensions ['colcon_pkg']
[2.130s] Level 1:colcon.colcon_core.package_identification:_identify(src/rosapi_msgs) by extension 'colcon_pkg'
[2.130s] Level 1:colcon.colcon_core.package_identification:_identify(src/rosapi_msgs) by extensions ['colcon_meta']
[2.130s] Level 1:colcon.colcon_core.package_identification:_identify(src/rosapi_msgs) by extension 'colcon_meta'
[2.130s] Level 1:colcon.colcon_core.package_identification:_identify(src/rosapi_msgs) by extensions ['ros']
[2.130s] Level 1:colcon.colcon_core.package_identification:_identify(src/rosapi_msgs) by extension 'ros'
[2.134s] DEBUG:colcon.colcon_core.package_identification:Package 'src/rosapi_msgs' with type 'ros.ament_cmake' and name 'rosapi_msgs'
[2.134s] Level 1:colcon.colcon_core.package_identification:_identify(src/rosbridge_library) by extensions ['ignore', 'ignore_ament_install']
[2.135s] Level 1:colcon.colcon_core.package_identification:_identify(src/rosbridge_library) by extension 'ignore'
[2.135s] Level 1:colcon.colcon_core.package_identification:_identify(src/rosbridge_library) by extension 'ignore_ament_install'
[2.136s] Level 1:colcon.colcon_core.package_identification:_identify(src/rosbridge_library) by extensions ['colcon_pkg']
[2.136s] Level 1:colcon.colcon_core.package_identification:_identify(src/rosbridge_library) by extension 'colcon_pkg'
[2.136s] Level 1:colcon.colcon_core.package_identification:_identify(src/rosbridge_library) by extensions ['colcon_meta']
[2.136s] Level 1:colcon.colcon_core.package_identification:_identify(src/rosbridge_library) by extension 'colcon_meta'
[2.136s] Level 1:colcon.colcon_core.package_identification:_identify(src/rosbridge_library) by extensions ['ros']
[2.137s] Level 1:colcon.colcon_core.package_identification:_identify(src/rosbridge_library) by extension 'ros'
[2.141s] DEBUG:colcon.colcon_core.package_identification:Package 'src/rosbridge_library' with type 'ros.ament_cmake' and name 'rosbridge_library'
[2.142s] Level 1:colcon.colcon_core.package_identification:_identify(src/rosbridge_msgs) by extensions ['ignore', 'ignore_ament_install']
[2.142s] Level 1:colcon.colcon_core.package_identification:_identify(src/rosbridge_msgs) by extension 'ignore'
[2.142s] Level 1:colcon.colcon_core.package_identification:_identify(src/rosbridge_msgs) by extension 'ignore_ament_install'
[2.143s] Level 1:colcon.colcon_core.package_identification:_identify(src/rosbridge_msgs) by extensions ['colcon_pkg']
[2.143s] Level 1:colcon.colcon_core.package_identification:_identify(src/rosbridge_msgs) by extension 'colcon_pkg'
[2.143s] Level 1:colcon.colcon_core.package_identification:_identify(src/rosbridge_msgs) by extensions ['colcon_meta']
[2.143s] Level 1:colcon.colcon_core.package_identification:_identify(src/rosbridge_msgs) by extension 'colcon_meta'
[2.144s] Level 1:colcon.colcon_core.package_identification:_identify(src/rosbridge_msgs) by extensions ['ros']
[2.144s] Level 1:colcon.colcon_core.package_identification:_identify(src/rosbridge_msgs) by extension 'ros'
[2.147s] DEBUG:colcon.colcon_core.package_identification:Package 'src/rosbridge_msgs' with type 'ros.ament_cmake' and name 'rosbridge_msgs'
[2.147s] Level 1:colcon.colcon_core.package_identification:_identify(src/rosbridge_server) by extensions ['ignore', 'ignore_ament_install']
[2.148s] Level 1:colcon.colcon_core.package_identification:_identify(src/rosbridge_server) by extension 'ignore'
[2.148s] Level 1:colcon.colcon_core.package_identification:_identify(src/rosbridge_server) by extension 'ignore_ament_install'
[2.148s] Level 1:colcon.colcon_core.package_identification:_identify(src/rosbridge_server) by extensions ['colcon_pkg']
[2.148s] Level 1:colcon.colcon_core.package_identification:_identify(src/rosbridge_server) by extension 'colcon_pkg'
[2.149s] Level 1:colcon.colcon_core.package_identification:_identify(src/rosbridge_server) by extensions ['colcon_meta']
[2.149s] Level 1:colcon.colcon_core.package_identification:_identify(src/rosbridge_server) by extension 'colcon_meta'
[2.149s] Level 1:colcon.colcon_core.package_identification:_identify(src/rosbridge_server) by extensions ['ros']
[2.149s] Level 1:colcon.colcon_core.package_identification:_identify(src/rosbridge_server) by extension 'ros'
[2.154s] DEBUG:colcon.colcon_core.package_identification:Package 'src/rosbridge_server' with type 'ros.ament_cmake' and name 'rosbridge_server'
[2.154s] Level 1:colcon.colcon_core.package_identification:_identify(src/rosbridge_suite) by extensions ['ignore', 'ignore_ament_install']
[2.155s] Level 1:colcon.colcon_core.package_identification:_identify(src/rosbridge_suite) by extension 'ignore'
[2.155s] Level 1:colcon.colcon_core.package_identification:_identify(src/rosbridge_suite) by extension 'ignore_ament_install'
[2.155s] Level 1:colcon.colcon_core.package_identification:_identify(src/rosbridge_suite) by extensions ['colcon_pkg']
[2.155s] Level 1:colcon.colcon_core.package_identification:_identify(src/rosbridge_suite) by extension 'colcon_pkg'
[2.156s] Level 1:colcon.colcon_core.package_identification:_identify(src/rosbridge_suite) by extensions ['colcon_meta']
[2.156s] Level 1:colcon.colcon_core.package_identification:_identify(src/rosbridge_suite) by extension 'colcon_meta'
[2.156s] Level 1:colcon.colcon_core.package_identification:_identify(src/rosbridge_suite) by extensions ['ros']
[2.156s] Level 1:colcon.colcon_core.package_identification:_identify(src/rosbridge_suite) by extension 'ros'
[2.159s] DEBUG:colcon.colcon_core.package_identification:Package 'src/rosbridge_suite' with type 'ros.ament_cmake' and name 'rosbridge_suite'
[2.160s] Level 1:colcon.colcon_core.package_identification:_identify(src/rosbridge_test_msgs) by extensions ['ignore', 'ignore_ament_install']
[2.160s] Level 1:colcon.colcon_core.package_identification:_identify(src/rosbridge_test_msgs) by extension 'ignore'
[2.160s] Level 1:colcon.colcon_core.package_identification:_identify(src/rosbridge_test_msgs) by extension 'ignore_ament_install'
[2.161s] Level 1:colcon.colcon_core.package_identification:_identify(src/rosbridge_test_msgs) by extensions ['colcon_pkg']
[2.161s] Level 1:colcon.colcon_core.package_identification:_identify(src/rosbridge_test_msgs) by extension 'colcon_pkg'
[2.161s] Level 1:colcon.colcon_core.package_identification:_identify(src/rosbridge_test_msgs) by extensions ['colcon_meta']
[2.161s] Level 1:colcon.colcon_core.package_identification:_identify(src/rosbridge_test_msgs) by extension 'colcon_meta'
[2.162s] Level 1:colcon.colcon_core.package_identification:_identify(src/rosbridge_test_msgs) by extensions ['ros']
[2.162s] Level 1:colcon.colcon_core.package_identification:_identify(src/rosbridge_test_msgs) by extension 'ros'
[2.166s] DEBUG:colcon.colcon_core.package_identification:Package 'src/rosbridge_test_msgs' with type 'ros.ament_cmake' and name 'rosbridge_test_msgs'
[2.166s] Level 1:colcon.colcon_core.package_discovery:discover_packages(recursive) using defaults
[2.168s] Level 1:colcon.colcon_core.package_discovery:discover_packages(ignore) discover
[2.168s] Level 1:colcon.colcon_core.package_discovery:discover_packages(ignore) using defaults
[2.168s] Level 1:colcon.colcon_core.package_discovery:discover_packages(path) discover
[2.168s] Level 1:colcon.colcon_core.package_discovery:discover_packages(path) using defaults
[2.277s] Level 5:colcon.colcon_core.verb:set package 'rosapi_msgs' build argument 'cmake_args' from command line to 'None'
[2.278s] Level 5:colcon.colcon_core.verb:set package 'rosapi_msgs' build argument 'cmake_target' from command line to 'None'
[2.278s] Level 5:colcon.colcon_core.verb:set package 'rosapi_msgs' build argument 'cmake_target_skip_unavailable' from command line to 'False'
[2.278s] Level 5:colcon.colcon_core.verb:set package 'rosapi_msgs' build argument 'cmake_clean_cache' from command line to 'False'
[2.278s] Level 5:colcon.colcon_core.verb:set package 'rosapi_msgs' build argument 'cmake_clean_first' from command line to 'False'
[2.278s] Level 5:colcon.colcon_core.verb:set package 'rosapi_msgs' build argument 'cmake_force_configure' from command line to 'False'
[2.278s] Level 5:colcon.colcon_core.verb:set package 'rosapi_msgs' build argument 'ament_cmake_args' from command line to 'None'
[2.279s] Level 5:colcon.colcon_core.verb:set package 'rosapi_msgs' build argument 'catkin_cmake_args' from command line to 'None'
[2.279s] Level 5:colcon.colcon_core.verb:set package 'rosapi_msgs' build argument 'catkin_skip_building_tests' from command line to 'False'
[2.279s] DEBUG:colcon.colcon_core.verb:Building package 'rosapi_msgs' with the following arguments: {'ament_cmake_args': None, 'build_base': '/ros2_ws/build/rosapi_msgs', 'catkin_cmake_args': None, 'catkin_skip_building_tests': False, 'cmake_args': None, 'cmake_clean_cache': False, 'cmake_clean_first': False, 'cmake_force_configure': False, 'cmake_target': None, 'cmake_target_skip_unavailable': False, 'install_base': '/ros2_ws/install/rosapi_msgs', 'merge_install': False, 'path': '/ros2_ws/src/rosapi_msgs', 'symlink_install': True, 'test_result_base': None}
[2.282s] Level 5:colcon.colcon_core.verb:set package 'rosbridge_msgs' build argument 'cmake_args' from command line to 'None'
[2.282s] Level 5:colcon.colcon_core.verb:set package 'rosbridge_msgs' build argument 'cmake_target' from command line to 'None'
[2.282s] Level 5:colcon.colcon_core.verb:set package 'rosbridge_msgs' build argument 'cmake_target_skip_unavailable' from command line to 'False'
[2.282s] Level 5:colcon.colcon_core.verb:set package 'rosbridge_msgs' build argument 'cmake_clean_cache' from command line to 'False'
[2.282s] Level 5:colcon.colcon_core.verb:set package 'rosbridge_msgs' build argument 'cmake_clean_first' from command line to 'False'
[2.282s] Level 5:colcon.colcon_core.verb:set package 'rosbridge_msgs' build argument 'cmake_force_configure' from command line to 'False'
[2.283s] Level 5:colcon.colcon_core.verb:set package 'rosbridge_msgs' build argument 'ament_cmake_args' from command line to 'None'
[2.283s] Level 5:colcon.colcon_core.verb:set package 'rosbridge_msgs' build argument 'catkin_cmake_args' from command line to 'None'
[2.283s] Level 5:colcon.colcon_core.verb:set package 'rosbridge_msgs' build argument 'catkin_skip_building_tests' from command line to 'False'
[2.283s] DEBUG:colcon.colcon_core.verb:Building package 'rosbridge_msgs' with the following arguments: {'ament_cmake_args': None, 'build_base': '/ros2_ws/build/rosbridge_msgs', 'catkin_cmake_args': None, 'catkin_skip_building_tests': False, 'cmake_args': None, 'cmake_clean_cache': False, 'cmake_clean_first': False, 'cmake_force_configure': False, 'cmake_target': None, 'cmake_target_skip_unavailable': False, 'install_base': '/ros2_ws/install/rosbridge_msgs', 'merge_install': False, 'path': '/ros2_ws/src/rosbridge_msgs', 'symlink_install': True, 'test_result_base': None}
[2.286s] Level 5:colcon.colcon_core.verb:set package 'rosbridge_test_msgs' build argument 'cmake_args' from command line to 'None'
[2.286s] Level 5:colcon.colcon_core.verb:set package 'rosbridge_test_msgs' build argument 'cmake_target' from command line to 'None'
[2.286s] Level 5:colcon.colcon_core.verb:set package 'rosbridge_test_msgs' build argument 'cmake_target_skip_unavailable' from command line to 'False'
[2.286s] Level 5:colcon.colcon_core.verb:set package 'rosbridge_test_msgs' build argument 'cmake_clean_cache' from command line to 'False'
[2.286s] Level 5:colcon.colcon_core.verb:set package 'rosbridge_test_msgs' build argument 'cmake_clean_first' from command line to 'False'
[2.286s] Level 5:colcon.colcon_core.verb:set package 'rosbridge_test_msgs' build argument 'cmake_force_configure' from command line to 'False'
[2.287s] Level 5:colcon.colcon_core.verb:set package 'rosbridge_test_msgs' build argument 'ament_cmake_args' from command line to 'None'
[2.287s] Level 5:colcon.colcon_core.verb:set package 'rosbridge_test_msgs' build argument 'catkin_cmake_args' from command line to 'None'
[2.287s] Level 5:colcon.colcon_core.verb:set package 'rosbridge_test_msgs' build argument 'catkin_skip_building_tests' from command line to 'False'
[2.287s] DEBUG:colcon.colcon_core.verb:Building package 'rosbridge_test_msgs' with the following arguments: {'ament_cmake_args': None, 'build_base': '/ros2_ws/build/rosbridge_test_msgs', 'catkin_cmake_args': None, 'catkin_skip_building_tests': False, 'cmake_args': None, 'cmake_clean_cache': False, 'cmake_clean_first': False, 'cmake_force_configure': False, 'cmake_target': None, 'cmake_target_skip_unavailable': False, 'install_base': '/ros2_ws/install/rosbridge_test_msgs', 'merge_install': False, 'path': '/ros2_ws/src/rosbridge_test_msgs', 'symlink_install': True, 'test_result_base': None}
[2.290s] Level 5:colcon.colcon_core.verb:set package 'rosbridge_library' build argument 'cmake_args' from command line to 'None'
[2.290s] Level 5:colcon.colcon_core.verb:set package 'rosbridge_library' build argument 'cmake_target' from command line to 'None'
[2.290s] Level 5:colcon.colcon_core.verb:set package 'rosbridge_library' build argument 'cmake_target_skip_unavailable' from command line to 'False'
[2.290s] Level 5:colcon.colcon_core.verb:set package 'rosbridge_library' build argument 'cmake_clean_cache' from command line to 'False'
[2.290s] Level 5:colcon.colcon_core.verb:set package 'rosbridge_library' build argument 'cmake_clean_first' from command line to 'False'
[2.290s] Level 5:colcon.colcon_core.verb:set package 'rosbridge_library' build argument 'cmake_force_configure' from command line to 'False'
[2.291s] Level 5:colcon.colcon_core.verb:set package 'rosbridge_library' build argument 'ament_cmake_args' from command line to 'None'
[2.291s] Level 5:colcon.colcon_core.verb:set package 'rosbridge_library' build argument 'catkin_cmake_args' from command line to 'None'
[2.291s] Level 5:colcon.colcon_core.verb:set package 'rosbridge_library' build argument 'catkin_skip_building_tests' from command line to 'False'
[2.291s] DEBUG:colcon.colcon_core.verb:Building package 'rosbridge_library' with the following arguments: {'ament_cmake_args': None, 'build_base': '/ros2_ws/build/rosbridge_library', 'catkin_cmake_args': None, 'catkin_skip_building_tests': False, 'cmake_args': None, 'cmake_clean_cache': False, 'cmake_clean_first': False, 'cmake_force_configure': False, 'cmake_target': None, 'cmake_target_skip_unavailable': False, 'install_base': '/ros2_ws/install/rosbridge_library', 'merge_install': False, 'path': '/ros2_ws/src/rosbridge_library', 'symlink_install': True, 'test_result_base': None}
[2.294s] Level 5:colcon.colcon_core.verb:set package 'rosapi' build argument 'cmake_args' from command line to 'None'
[2.294s] Level 5:colcon.colcon_core.verb:set package 'rosapi' build argument 'cmake_target' from command line to 'None'
[2.294s] Level 5:colcon.colcon_core.verb:set package 'rosapi' build argument 'cmake_target_skip_unavailable' from command line to 'False'
[2.294s] Level 5:colcon.colcon_core.verb:set package 'rosapi' build argument 'cmake_clean_cache' from command line to 'False'
[2.294s] Level 5:colcon.colcon_core.verb:set package 'rosapi' build argument 'cmake_clean_first' from command line to 'False'
[2.294s] Level 5:colcon.colcon_core.verb:set package 'rosapi' build argument 'cmake_force_configure' from command line to 'False'
[2.295s] Level 5:colcon.colcon_core.verb:set package 'rosapi' build argument 'ament_cmake_args' from command line to 'None'
[2.295s] Level 5:colcon.colcon_core.verb:set package 'rosapi' build argument 'catkin_cmake_args' from command line to 'None'
[2.295s] Level 5:colcon.colcon_core.verb:set package 'rosapi' build argument 'catkin_skip_building_tests' from command line to 'False'
[2.295s] DEBUG:colcon.colcon_core.verb:Building package 'rosapi' with the following arguments: {'ament_cmake_args': None, 'build_base': '/ros2_ws/build/rosapi', 'catkin_cmake_args': None, 'catkin_skip_building_tests': False, 'cmake_args': None, 'cmake_clean_cache': False, 'cmake_clean_first': False, 'cmake_force_configure': False, 'cmake_target': None, 'cmake_target_skip_unavailable': False, 'install_base': '/ros2_ws/install/rosapi', 'merge_install': False, 'path': '/ros2_ws/src/rosapi', 'symlink_install': True, 'test_result_base': None}
[2.297s] Level 5:colcon.colcon_core.verb:set package 'rosbridge_server' build argument 'cmake_args' from command line to 'None'
[2.298s] Level 5:colcon.colcon_core.verb:set package 'rosbridge_server' build argument 'cmake_target' from command line to 'None'
[2.298s] Level 5:colcon.colcon_core.verb:set package 'rosbridge_server' build argument 'cmake_target_skip_unavailable' from command line to 'False'
[2.298s] Level 5:colcon.colcon_core.verb:set package 'rosbridge_server' build argument 'cmake_clean_cache' from command line to 'False'
[2.298s] Level 5:colcon.colcon_core.verb:set package 'rosbridge_server' build argument 'cmake_clean_first' from command line to 'False'
[2.298s] Level 5:colcon.colcon_core.verb:set package 'rosbridge_server' build argument 'cmake_force_configure' from command line to 'False'
[2.298s] Level 5:colcon.colcon_core.verb:set package 'rosbridge_server' build argument 'ament_cmake_args' from command line to 'None'
[2.299s] Level 5:colcon.colcon_core.verb:set package 'rosbridge_server' build argument 'catkin_cmake_args' from command line to 'None'
[2.299s] Level 5:colcon.colcon_core.verb:set package 'rosbridge_server' build argument 'catkin_skip_building_tests' from command line to 'False'
[2.299s] DEBUG:colcon.colcon_core.verb:Building package 'rosbridge_server' with the following arguments: {'ament_cmake_args': None, 'build_base': '/ros2_ws/build/rosbridge_server', 'catkin_cmake_args': None, 'catkin_skip_building_tests': False, 'cmake_args': None, 'cmake_clean_cache': False, 'cmake_clean_first': False, 'cmake_force_configure': False, 'cmake_target': None, 'cmake_target_skip_unavailable': False, 'install_base': '/ros2_ws/install/rosbridge_server', 'merge_install': False, 'path': '/ros2_ws/src/rosbridge_server', 'symlink_install': True, 'test_result_base': None}
[2.302s] Level 5:colcon.colcon_core.verb:set package 'rosbridge_suite' build argument 'cmake_args' from command line to 'None'
[2.302s] Level 5:colcon.colcon_core.verb:set package 'rosbridge_suite' build argument 'cmake_target' from command line to 'None'
[2.302s] Level 5:colcon.colcon_core.verb:set package 'rosbridge_suite' build argument 'cmake_target_skip_unavailable' from command line to 'False'
[2.302s] Level 5:colcon.colcon_core.verb:set package 'rosbridge_suite' build argument 'cmake_clean_cache' from command line to 'False'
[2.302s] Level 5:colcon.colcon_core.verb:set package 'rosbridge_suite' build argument 'cmake_clean_first' from command line to 'False'
[2.302s] Level 5:colcon.colcon_core.verb:set package 'rosbridge_suite' build argument 'cmake_force_configure' from command line to 'False'
[2.303s] Level 5:colcon.colcon_core.verb:set package 'rosbridge_suite' build argument 'ament_cmake_args' from command line to 'None'
[2.303s] Level 5:colcon.colcon_core.verb:set package 'rosbridge_suite' build argument 'catkin_cmake_args' from command line to 'None'
[2.303s] Level 5:colcon.colcon_core.verb:set package 'rosbridge_suite' build argument 'catkin_skip_building_tests' from command line to 'False'
[2.303s] DEBUG:colcon.colcon_core.verb:Building package 'rosbridge_suite' with the following arguments: {'ament_cmake_args': None, 'build_base': '/ros2_ws/build/rosbridge_suite', 'catkin_cmake_args': None, 'catkin_skip_building_tests': False, 'cmake_args': None, 'cmake_clean_cache': False, 'cmake_clean_first': False, 'cmake_force_configure': False, 'cmake_target': None, 'cmake_target_skip_unavailable': False, 'install_base': '/ros2_ws/install/rosbridge_suite', 'merge_install': False, 'path': '/ros2_ws/src/rosbridge_suite', 'symlink_install': True, 'test_result_base': None}
[2.304s] INFO:colcon.colcon_core.executor:Executing jobs using 'parallel' executor
[2.309s] DEBUG:colcon.colcon_parallel_executor.executor.parallel:run_until_complete
[2.311s] INFO:colcon.colcon_ros.task.ament_cmake.build:Building ROS package in '/ros2_ws/src/rosapi_msgs' with build type 'ament_cmake'
[2.311s] INFO:colcon.colcon_cmake.task.cmake.build:Building CMake package in '/ros2_ws/src/rosapi_msgs'
[2.324s] INFO:colcon.colcon_core.plugin_system:Skipping extension 'colcon_core.shell.bat': Not used on non-Windows systems
[2.326s] INFO:colcon.colcon_core.shell:Skip shell extension 'powershell' for command environment: Not usable outside of PowerShell
[2.326s] DEBUG:colcon.colcon_core.shell:Skip shell extension 'dsv' for command environment
[2.332s] WARNING:colcon.colcon_core.prefix_path.colcon:The path '/ros2_ws/src/install' in the environment variable COLCON_PREFIX_PATH doesn't exist
[2.333s] WARNING:colcon.colcon_core.prefix_path.colcon:The path '/ros2_ws/my_ros2_project/install' in the environment variable COLCON_PREFIX_PATH doesn't exist
[2.333s] WARNING:colcon.colcon_ros.prefix_path.ament:The path '/ros2_ws/install/rosbridge_suite' in the environment variable AMENT_PREFIX_PATH doesn't exist
[2.333s] WARNING:colcon.colcon_ros.prefix_path.ament:The path '/ros2_ws/src/install/rplidar_ros' in the environment variable AMENT_PREFIX_PATH doesn't exist
[2.334s] WARNING:colcon.colcon_ros.prefix_path.catkin:The path '/ros2_ws/install/rosbridge_suite' in the environment variable CMAKE_PREFIX_PATH doesn't exist
[2.334s] WARNING:colcon.colcon_ros.prefix_path.catkin:The path '/ros2_ws/src/install/rplidar_ros' in the environment variable CMAKE_PREFIX_PATH doesn't exist
[2.335s] WARNING:colcon.colcon_ros.prefix_path.catkin:The path '/ros2_ws/my_ros2_project/install/rplidar_ros' in the environment variable CMAKE_PREFIX_PATH doesn't exist
[2.335s] WARNING:colcon.colcon_ros.prefix_path.catkin:The path '/ros2_ws/my_ros2_project/install/rosbridge_test_msgs' in the environment variable CMAKE_PREFIX_PATH doesn't exist
[2.335s] WARNING:colcon.colcon_ros.prefix_path.catkin:The path '/ros2_ws/my_ros2_project/install/rosbridge_server' in the environment variable CMAKE_PREFIX_PATH doesn't exist
[2.335s] WARNING:colcon.colcon_ros.prefix_path.catkin:The path '/ros2_ws/my_ros2_project/install/rosbridge_msgs' in the environment variable CMAKE_PREFIX_PATH doesn't exist
[2.336s] WARNING:colcon.colcon_ros.prefix_path.catkin:The path '/ros2_ws/my_ros2_project/install/rosapi' in the environment variable CMAKE_PREFIX_PATH doesn't exist
[2.336s] WARNING:colcon.colcon_ros.prefix_path.catkin:The path '/ros2_ws/my_ros2_project/install/rosbridge_library' in the environment variable CMAKE_PREFIX_PATH doesn't exist
[2.336s] WARNING:colcon.colcon_ros.prefix_path.catkin:The path '/ros2_ws/my_ros2_project/install/rosapi_msgs' in the environment variable CMAKE_PREFIX_PATH doesn't exist
[2.393s] INFO:colcon.colcon_ros.task.ament_cmake.build:Building ROS package in '/ros2_ws/src/rosbridge_msgs' with build type 'ament_cmake'
[2.394s] INFO:colcon.colcon_cmake.task.cmake.build:Building CMake package in '/ros2_ws/src/rosbridge_msgs'
[2.396s] INFO:colcon.colcon_core.shell:Skip shell extension 'powershell' for command environment: Not usable outside of PowerShell
[2.397s] DEBUG:colcon.colcon_core.shell:Skip shell extension 'dsv' for command environment
[2.456s] INFO:colcon.colcon_ros.task.ament_cmake.build:Building ROS package in '/ros2_ws/src/rosbridge_test_msgs' with build type 'ament_cmake'
[2.457s] INFO:colcon.colcon_cmake.task.cmake.build:Building CMake package in '/ros2_ws/src/rosbridge_test_msgs'
[2.460s] INFO:colcon.colcon_core.shell:Skip shell extension 'powershell' for command environment: Not usable outside of PowerShell
[2.460s] DEBUG:colcon.colcon_core.shell:Skip shell extension 'dsv' for command environment
[2.536s] DEBUG:colcon.colcon_core.event_handler.log_command:Invoking command in '/ros2_ws/build/rosapi_msgs': /usr/local/bin/cmake /ros2_ws/src/rosapi_msgs -DAMENT_CMAKE_SYMLINK_INSTALL=1 -DCMAKE_INSTALL_PREFIX=/ros2_ws/install/rosapi_msgs
[2.562s] DEBUG:colcon.colcon_core.event_handler.log_command:Invoking command in '/ros2_ws/build/rosbridge_msgs': /usr/local/bin/cmake /ros2_ws/src/rosbridge_msgs -DAMENT_CMAKE_SYMLINK_INSTALL=1 -DCMAKE_INSTALL_PREFIX=/ros2_ws/install/rosbridge_msgs
[2.577s] DEBUG:colcon.colcon_core.event_handler.log_command:Invoking command in '/ros2_ws/build/rosbridge_test_msgs': /usr/local/bin/cmake /ros2_ws/src/rosbridge_test_msgs -DAMENT_CMAKE_SYMLINK_INSTALL=1 -DCMAKE_INSTALL_PREFIX=/ros2_ws/install/rosbridge_test_msgs
[11.475s] DEBUG:colcon.colcon_core.event_handler.log_command:Invoked command in '/ros2_ws/build/rosbridge_msgs' returned '0': /usr/local/bin/cmake /ros2_ws/src/rosbridge_msgs -DAMENT_CMAKE_SYMLINK_INSTALL=1 -DCMAKE_INSTALL_PREFIX=/ros2_ws/install/rosbridge_msgs
[11.489s] DEBUG:colcon.colcon_core.event_handler.log_command:Invoking command in '/ros2_ws/build/rosbridge_msgs': /usr/local/bin/cmake --build /ros2_ws/build/rosbridge_msgs -- -j4 -l4
[13.285s] DEBUG:colcon.colcon_core.event_handler.log_command:Invoked command in '/ros2_ws/build/rosapi_msgs' returned '0': /usr/local/bin/cmake /ros2_ws/src/rosapi_msgs -DAMENT_CMAKE_SYMLINK_INSTALL=1 -DCMAKE_INSTALL_PREFIX=/ros2_ws/install/rosapi_msgs
[13.287s] DEBUG:colcon.colcon_core.event_handler.log_command:Invoking command in '/ros2_ws/build/rosapi_msgs': /usr/local/bin/cmake --build /ros2_ws/build/rosapi_msgs -- -j4 -l4
[16.928s] DEBUG:colcon.colcon_core.event_handler.log_command:Invoked command in '/ros2_ws/build/rosbridge_test_msgs' returned '0': /usr/local/bin/cmake /ros2_ws/src/rosbridge_test_msgs -DAMENT_CMAKE_SYMLINK_INSTALL=1 -DCMAKE_INSTALL_PREFIX=/ros2_ws/install/rosbridge_test_msgs
[16.932s] DEBUG:colcon.colcon_core.event_handler.log_command:Invoking command in '/ros2_ws/build/rosbridge_test_msgs': /usr/local/bin/cmake --build /ros2_ws/build/rosbridge_test_msgs -- -j4 -l4
[35.996s] DEBUG:colcon.colcon_core.event_handler.log_command:Invoked command in '/ros2_ws/build/rosbridge_msgs' returned '0': /usr/local/bin/cmake --build /ros2_ws/build/rosbridge_msgs -- -j4 -l4
[38.368s] DEBUG:colcon.colcon_core.event_handler.log_command:Invoking command in '/ros2_ws/build/rosbridge_msgs': /usr/local/bin/cmake --install /ros2_ws/build/rosbridge_msgs
[42.298s] Level 1:colcon.colcon_core.environment:create_environment_scripts_only(rosbridge_msgs)
[42.303s] DEBUG:colcon.colcon_core.event_handler.log_command:Invoked command in '/ros2_ws/build/rosbridge_msgs' returned '0': /usr/local/bin/cmake --install /ros2_ws/build/rosbridge_msgs
[42.347s] Level 1:colcon.colcon_core.environment:checking '/ros2_ws/install/rosbridge_msgs' for CMake module files
[42.364s] Level 1:colcon.colcon_core.environment:checking '/ros2_ws/install/rosbridge_msgs' for CMake config files
[42.368s] Level 1:colcon.colcon_core.shell:create_environment_hook('rosbridge_msgs', 'cmake_prefix_path')
[42.370s] INFO:colcon.colcon_core.shell:Creating environment hook '/ros2_ws/install/rosbridge_msgs/share/rosbridge_msgs/hook/cmake_prefix_path.ps1'
[42.398s] INFO:colcon.colcon_core.shell:Creating environment descriptor '/ros2_ws/install/rosbridge_msgs/share/rosbridge_msgs/hook/cmake_prefix_path.dsv'
[42.402s] INFO:colcon.colcon_core.shell:Creating environment hook '/ros2_ws/install/rosbridge_msgs/share/rosbridge_msgs/hook/cmake_prefix_path.sh'
[42.421s] Level 1:colcon.colcon_core.environment:checking '/ros2_ws/install/rosbridge_msgs/lib'
[42.422s] Level 1:colcon.colcon_core.shell:create_environment_hook('rosbridge_msgs', 'ld_library_path_lib')
[42.437s] INFO:colcon.colcon_core.shell:Creating environment hook '/ros2_ws/install/rosbridge_msgs/share/rosbridge_msgs/hook/ld_library_path_lib.ps1'
[42.438s] INFO:colcon.colcon_core.shell:Creating environment descriptor '/ros2_ws/install/rosbridge_msgs/share/rosbridge_msgs/hook/ld_library_path_lib.dsv'
[42.440s] INFO:colcon.colcon_core.shell:Creating environment hook '/ros2_ws/install/rosbridge_msgs/share/rosbridge_msgs/hook/ld_library_path_lib.sh'
[42.441s] Level 1:colcon.colcon_core.environment:checking '/ros2_ws/install/rosbridge_msgs/bin'
[42.442s] Level 1:colcon.colcon_core.environment:checking '/ros2_ws/install/rosbridge_msgs/lib/pkgconfig/rosbridge_msgs.pc'
[42.443s] Level 1:colcon.colcon_core.environment:checking '/ros2_ws/install/rosbridge_msgs/lib/python3.6/site-packages'
[42.443s] Level 1:colcon.colcon_core.shell:create_environment_hook('rosbridge_msgs', 'pythonpath')
[42.477s] INFO:colcon.colcon_core.shell:Creating environment hook '/ros2_ws/install/rosbridge_msgs/share/rosbridge_msgs/hook/pythonpath.ps1'
[42.479s] INFO:colcon.colcon_core.shell:Creating environment descriptor '/ros2_ws/install/rosbridge_msgs/share/rosbridge_msgs/hook/pythonpath.dsv'
[42.480s] INFO:colcon.colcon_core.shell:Creating environment hook '/ros2_ws/install/rosbridge_msgs/share/rosbridge_msgs/hook/pythonpath.sh'
[42.482s] Level 1:colcon.colcon_core.environment:checking '/ros2_ws/install/rosbridge_msgs/bin'
[42.501s] INFO:colcon.colcon_core.shell:Creating package script '/ros2_ws/install/rosbridge_msgs/share/rosbridge_msgs/package.ps1'
[42.518s] INFO:colcon.colcon_core.shell:Creating package descriptor '/ros2_ws/install/rosbridge_msgs/share/rosbridge_msgs/package.dsv'
[42.522s] INFO:colcon.colcon_core.shell:Creating package script '/ros2_ws/install/rosbridge_msgs/share/rosbridge_msgs/package.sh'
[42.537s] INFO:colcon.colcon_core.shell:Creating package script '/ros2_ws/install/rosbridge_msgs/share/rosbridge_msgs/package.bash'
[42.558s] INFO:colcon.colcon_core.shell:Creating package script '/ros2_ws/install/rosbridge_msgs/share/rosbridge_msgs/package.zsh'
[42.572s] Level 1:colcon.colcon_core.environment:create_file_with_runtime_dependencies(/ros2_ws/install/rosbridge_msgs/share/colcon-core/packages/rosbridge_msgs)
[44.800s] Level 1:colcon.colcon_core.environment:create_environment_scripts_only(rosbridge_msgs)
[44.802s] Level 1:colcon.colcon_core.environment:checking '/ros2_ws/install/rosbridge_msgs' for CMake module files
[44.807s] Level 1:colcon.colcon_core.environment:checking '/ros2_ws/install/rosbridge_msgs' for CMake config files
[44.819s] Level 1:colcon.colcon_core.shell:create_environment_hook('rosbridge_msgs', 'cmake_prefix_path')
[44.821s] INFO:colcon.colcon_core.shell:Creating environment hook '/ros2_ws/install/rosbridge_msgs/share/rosbridge_msgs/hook/cmake_prefix_path.ps1'
[44.823s] INFO:colcon.colcon_core.shell:Creating environment descriptor '/ros2_ws/install/rosbridge_msgs/share/rosbridge_msgs/hook/cmake_prefix_path.dsv'
[44.838s] INFO:colcon.colcon_core.shell:Creating environment hook '/ros2_ws/install/rosbridge_msgs/share/rosbridge_msgs/hook/cmake_prefix_path.sh'
[44.842s] Level 1:colcon.colcon_core.environment:checking '/ros2_ws/install/rosbridge_msgs/lib'
[44.842s] Level 1:colcon.colcon_core.shell:create_environment_hook('rosbridge_msgs', 'ld_library_path_lib')
[44.848s] INFO:colcon.colcon_core.shell:Creating environment hook '/ros2_ws/install/rosbridge_msgs/share/rosbridge_msgs/hook/ld_library_path_lib.ps1'
[44.862s] INFO:colcon.colcon_core.shell:Creating environment descriptor '/ros2_ws/install/rosbridge_msgs/share/rosbridge_msgs/hook/ld_library_path_lib.dsv'
[44.866s] INFO:colcon.colcon_core.shell:Creating environment hook '/ros2_ws/install/rosbridge_msgs/share/rosbridge_msgs/hook/ld_library_path_lib.sh'
[44.869s] Level 1:colcon.colcon_core.environment:checking '/ros2_ws/install/rosbridge_msgs/bin'
[44.870s] Level 1:colcon.colcon_core.environment:checking '/ros2_ws/install/rosbridge_msgs/lib/pkgconfig/rosbridge_msgs.pc'
[44.871s] Level 1:colcon.colcon_core.environment:checking '/ros2_ws/install/rosbridge_msgs/lib/python3.6/site-packages'
[44.871s] Level 1:colcon.colcon_core.shell:create_environment_hook('rosbridge_msgs', 'pythonpath')
[44.879s] INFO:colcon.colcon_core.shell:Creating environment hook '/ros2_ws/install/rosbridge_msgs/share/rosbridge_msgs/hook/pythonpath.ps1'
[44.881s] INFO:colcon.colcon_core.shell:Creating environment descriptor '/ros2_ws/install/rosbridge_msgs/share/rosbridge_msgs/hook/pythonpath.dsv'
[44.883s] INFO:colcon.colcon_core.shell:Creating environment hook '/ros2_ws/install/rosbridge_msgs/share/rosbridge_msgs/hook/pythonpath.sh'
[44.885s] Level 1:colcon.colcon_core.environment:checking '/ros2_ws/install/rosbridge_msgs/bin'
[44.908s] INFO:colcon.colcon_core.shell:Creating package script '/ros2_ws/install/rosbridge_msgs/share/rosbridge_msgs/package.ps1'
[44.911s] INFO:colcon.colcon_core.shell:Creating package descriptor '/ros2_ws/install/rosbridge_msgs/share/rosbridge_msgs/package.dsv'
[44.920s] INFO:colcon.colcon_core.shell:Creating package script '/ros2_ws/install/rosbridge_msgs/share/rosbridge_msgs/package.sh'
[44.923s] INFO:colcon.colcon_core.shell:Creating package script '/ros2_ws/install/rosbridge_msgs/share/rosbridge_msgs/package.bash'
[44.925s] INFO:colcon.colcon_core.shell:Creating package script '/ros2_ws/install/rosbridge_msgs/share/rosbridge_msgs/package.zsh'
[44.927s] Level 1:colcon.colcon_core.environment:create_file_with_runtime_dependencies(/ros2_ws/install/rosbridge_msgs/share/colcon-core/packages/rosbridge_msgs)
[170.542s] DEBUG:colcon.colcon_core.event_handler.log_command:Invoked command in '/ros2_ws/build/rosbridge_test_msgs' returned '0': /usr/local/bin/cmake --build /ros2_ws/build/rosbridge_test_msgs -- -j4 -l4
[172.419s] DEBUG:colcon.colcon_core.event_handler.log_command:Invoking command in '/ros2_ws/build/rosbridge_test_msgs': /usr/local/bin/cmake --install /ros2_ws/build/rosbridge_test_msgs
[176.618s] Level 1:colcon.colcon_core.environment:create_environment_scripts_only(rosbridge_test_msgs)
[176.620s] Level 1:colcon.colcon_core.environment:checking '/ros2_ws/install/rosbridge_test_msgs' for CMake module files
[176.623s] DEBUG:colcon.colcon_core.event_handler.log_command:Invoked command in '/ros2_ws/build/rosbridge_test_msgs' returned '0': /usr/local/bin/cmake --install /ros2_ws/build/rosbridge_test_msgs
[176.626s] Level 1:colcon.colcon_core.environment:checking '/ros2_ws/install/rosbridge_test_msgs' for CMake config files
[176.642s] Level 1:colcon.colcon_core.shell:create_environment_hook('rosbridge_test_msgs', 'cmake_prefix_path')
[176.644s] INFO:colcon.colcon_core.shell:Creating environment hook '/ros2_ws/install/rosbridge_test_msgs/share/rosbridge_test_msgs/hook/cmake_prefix_path.ps1'
[176.646s] INFO:colcon.colcon_core.shell:Creating environment descriptor '/ros2_ws/install/rosbridge_test_msgs/share/rosbridge_test_msgs/hook/cmake_prefix_path.dsv'
[176.648s] INFO:colcon.colcon_core.shell:Creating environment hook '/ros2_ws/install/rosbridge_test_msgs/share/rosbridge_test_msgs/hook/cmake_prefix_path.sh'
[176.651s] Level 1:colcon.colcon_core.environment:checking '/ros2_ws/install/rosbridge_test_msgs/lib'
[176.652s] Level 1:colcon.colcon_core.shell:create_environment_hook('rosbridge_test_msgs', 'ld_library_path_lib')
[176.654s] INFO:colcon.colcon_core.shell:Creating environment hook '/ros2_ws/install/rosbridge_test_msgs/share/rosbridge_test_msgs/hook/ld_library_path_lib.ps1'
[176.656s] INFO:colcon.colcon_core.shell:Creating environment descriptor '/ros2_ws/install/rosbridge_test_msgs/share/rosbridge_test_msgs/hook/ld_library_path_lib.dsv'
[176.658s] INFO:colcon.colcon_core.shell:Creating environment hook '/ros2_ws/install/rosbridge_test_msgs/share/rosbridge_test_msgs/hook/ld_library_path_lib.sh'
[176.661s] Level 1:colcon.colcon_core.environment:checking '/ros2_ws/install/rosbridge_test_msgs/bin'
[176.661s] Level 1:colcon.colcon_core.environment:checking '/ros2_ws/install/rosbridge_test_msgs/lib/pkgconfig/rosbridge_test_msgs.pc'
[176.662s] Level 1:colcon.colcon_core.environment:checking '/ros2_ws/install/rosbridge_test_msgs/lib/python3.6/site-packages'
[176.662s] Level 1:colcon.colcon_core.shell:create_environment_hook('rosbridge_test_msgs', 'pythonpath')
[176.664s] INFO:colcon.colcon_core.shell:Creating environment hook '/ros2_ws/install/rosbridge_test_msgs/share/rosbridge_test_msgs/hook/pythonpath.ps1'
[176.666s] INFO:colcon.colcon_core.shell:Creating environment descriptor '/ros2_ws/install/rosbridge_test_msgs/share/rosbridge_test_msgs/hook/pythonpath.dsv'
[176.667s] INFO:colcon.colcon_core.shell:Creating environment hook '/ros2_ws/install/rosbridge_test_msgs/share/rosbridge_test_msgs/hook/pythonpath.sh'
[176.669s] Level 1:colcon.colcon_core.environment:checking '/ros2_ws/install/rosbridge_test_msgs/bin'
[176.672s] INFO:colcon.colcon_core.shell:Creating package script '/ros2_ws/install/rosbridge_test_msgs/share/rosbridge_test_msgs/package.ps1'
[176.674s] INFO:colcon.colcon_core.shell:Creating package descriptor '/ros2_ws/install/rosbridge_test_msgs/share/rosbridge_test_msgs/package.dsv'
[176.677s] INFO:colcon.colcon_core.shell:Creating package script '/ros2_ws/install/rosbridge_test_msgs/share/rosbridge_test_msgs/package.sh'
[176.679s] INFO:colcon.colcon_core.shell:Creating package script '/ros2_ws/install/rosbridge_test_msgs/share/rosbridge_test_msgs/package.bash'
[176.680s] INFO:colcon.colcon_core.shell:Creating package script '/ros2_ws/install/rosbridge_test_msgs/share/rosbridge_test_msgs/package.zsh'
[176.681s] Level 1:colcon.colcon_core.environment:create_file_with_runtime_dependencies(/ros2_ws/install/rosbridge_test_msgs/share/colcon-core/packages/rosbridge_test_msgs)
[178.288s] Level 1:colcon.colcon_core.environment:create_environment_scripts_only(rosbridge_test_msgs)
[178.290s] Level 1:colcon.colcon_core.environment:checking '/ros2_ws/install/rosbridge_test_msgs' for CMake module files
[178.294s] Level 1:colcon.colcon_core.environment:checking '/ros2_ws/install/rosbridge_test_msgs' for CMake config files
[178.309s] Level 1:colcon.colcon_core.shell:create_environment_hook('rosbridge_test_msgs', 'cmake_prefix_path')
[178.312s] INFO:colcon.colcon_core.shell:Creating environment hook '/ros2_ws/install/rosbridge_test_msgs/share/rosbridge_test_msgs/hook/cmake_prefix_path.ps1'
[178.314s] INFO:colcon.colcon_core.shell:Creating environment descriptor '/ros2_ws/install/rosbridge_test_msgs/share/rosbridge_test_msgs/hook/cmake_prefix_path.dsv'
[178.315s] INFO:colcon.colcon_core.shell:Creating environment hook '/ros2_ws/install/rosbridge_test_msgs/share/rosbridge_test_msgs/hook/cmake_prefix_path.sh'
[178.319s] Level 1:colcon.colcon_core.environment:checking '/ros2_ws/install/rosbridge_test_msgs/lib'
[178.320s] Level 1:colcon.colcon_core.shell:create_environment_hook('rosbridge_test_msgs', 'ld_library_path_lib')
[178.321s] INFO:colcon.colcon_core.shell:Creating environment hook '/ros2_ws/install/rosbridge_test_msgs/share/rosbridge_test_msgs/hook/ld_library_path_lib.ps1'
[178.323s] INFO:colcon.colcon_core.shell:Creating environment descriptor '/ros2_ws/install/rosbridge_test_msgs/share/rosbridge_test_msgs/hook/ld_library_path_lib.dsv'
[178.325s] INFO:colcon.colcon_core.shell:Creating environment hook '/ros2_ws/install/rosbridge_test_msgs/share/rosbridge_test_msgs/hook/ld_library_path_lib.sh'
[178.327s] Level 1:colcon.colcon_core.environment:checking '/ros2_ws/install/rosbridge_test_msgs/bin'
[178.327s] Level 1:colcon.colcon_core.environment:checking '/ros2_ws/install/rosbridge_test_msgs/lib/pkgconfig/rosbridge_test_msgs.pc'
[178.328s] Level 1:colcon.colcon_core.environment:checking '/ros2_ws/install/rosbridge_test_msgs/lib/python3.6/site-packages'
[178.329s] Level 1:colcon.colcon_core.shell:create_environment_hook('rosbridge_test_msgs', 'pythonpath')
[178.331s] INFO:colcon.colcon_core.shell:Creating environment hook '/ros2_ws/install/rosbridge_test_msgs/share/rosbridge_test_msgs/hook/pythonpath.ps1'
[178.332s] INFO:colcon.colcon_core.shell:Creating environment descriptor '/ros2_ws/install/rosbridge_test_msgs/share/rosbridge_test_msgs/hook/pythonpath.dsv'
[178.334s] INFO:colcon.colcon_core.shell:Creating environment hook '/ros2_ws/install/rosbridge_test_msgs/share/rosbridge_test_msgs/hook/pythonpath.sh'
[178.336s] Level 1:colcon.colcon_core.environment:checking '/ros2_ws/install/rosbridge_test_msgs/bin'
[178.338s] INFO:colcon.colcon_core.shell:Creating package script '/ros2_ws/install/rosbridge_test_msgs/share/rosbridge_test_msgs/package.ps1'
[178.341s] INFO:colcon.colcon_core.shell:Creating package descriptor '/ros2_ws/install/rosbridge_test_msgs/share/rosbridge_test_msgs/package.dsv'
[178.344s] INFO:colcon.colcon_core.shell:Creating package script '/ros2_ws/install/rosbridge_test_msgs/share/rosbridge_test_msgs/package.sh'
[178.346s] INFO:colcon.colcon_core.shell:Creating package script '/ros2_ws/install/rosbridge_test_msgs/share/rosbridge_test_msgs/package.bash'
[178.348s] INFO:colcon.colcon_core.shell:Creating package script '/ros2_ws/install/rosbridge_test_msgs/share/rosbridge_test_msgs/package.zsh'
[178.350s] Level 1:colcon.colcon_core.environment:create_file_with_runtime_dependencies(/ros2_ws/install/rosbridge_test_msgs/share/colcon-core/packages/rosbridge_test_msgs)
[178.352s] INFO:colcon.colcon_ros.task.ament_cmake.build:Building ROS package in '/ros2_ws/src/rosbridge_library' with build type 'ament_cmake'
[178.352s] INFO:colcon.colcon_cmake.task.cmake.build:Building CMake package in '/ros2_ws/src/rosbridge_library'
[178.354s] INFO:colcon.colcon_core.shell:Skip shell extension 'powershell' for command environment: Not usable outside of PowerShell
[178.354s] DEBUG:colcon.colcon_core.shell:Skip shell extension 'dsv' for command environment
[178.454s] DEBUG:colcon.colcon_core.event_handler.log_command:Invoking command in '/ros2_ws/build/rosbridge_library': AMENT_PREFIX_PATH=/ros2_ws/install/rosbridge_test_msgs:${AMENT_PREFIX_PATH} CMAKE_PREFIX_PATH=/ros2_ws/install/rosbridge_test_msgs:${CMAKE_PREFIX_PATH} LD_LIBRARY_PATH=/ros2_ws/install/rosbridge_test_msgs/lib:/ros2_ws/src/install/rplidar_ros/lib:/ros2_ws/my_ros2_project/install/rosbridge_test_msgs/lib:/ros2_ws/my_ros2_project/install/rosbridge_msgs/lib:/ros2_ws/my_ros2_project/install/rosapi_msgs/lib:/opt/ros/foxy/install/opt/yaml_cpp_vendor/lib:/opt/ros/foxy/install/opt/rviz_ogre_vendor/lib:/opt/ros/foxy/install/lib:/usr/local/cuda-10.2/targets/aarch64-linux/lib PYTHONPATH=/ros2_ws/install/rosbridge_test_msgs/lib/python3.6/site-packages:${PYTHONPATH} /usr/local/bin/cmake /ros2_ws/src/rosbridge_library -DAMENT_CMAKE_SYMLINK_INSTALL=1 -DCMAKE_INSTALL_PREFIX=/ros2_ws/install/rosbridge_library
[188.555s] DEBUG:colcon.colcon_core.event_handler.log_command:Invoked command in '/ros2_ws/build/rosbridge_library' returned '0': AMENT_PREFIX_PATH=/ros2_ws/install/rosbridge_test_msgs:${AMENT_PREFIX_PATH} CMAKE_PREFIX_PATH=/ros2_ws/install/rosbridge_test_msgs:${CMAKE_PREFIX_PATH} LD_LIBRARY_PATH=/ros2_ws/install/rosbridge_test_msgs/lib:/ros2_ws/src/install/rplidar_ros/lib:/ros2_ws/my_ros2_project/install/rosbridge_test_msgs/lib:/ros2_ws/my_ros2_project/install/rosbridge_msgs/lib:/ros2_ws/my_ros2_project/install/rosapi_msgs/lib:/opt/ros/foxy/install/opt/yaml_cpp_vendor/lib:/opt/ros/foxy/install/opt/rviz_ogre_vendor/lib:/opt/ros/foxy/install/lib:/usr/local/cuda-10.2/targets/aarch64-linux/lib PYTHONPATH=/ros2_ws/install/rosbridge_test_msgs/lib/python3.6/site-packages:${PYTHONPATH} /usr/local/bin/cmake /ros2_ws/src/rosbridge_library -DAMENT_CMAKE_SYMLINK_INSTALL=1 -DCMAKE_INSTALL_PREFIX=/ros2_ws/install/rosbridge_library
[188.558s] DEBUG:colcon.colcon_core.event_handler.log_command:Invoking command in '/ros2_ws/build/rosbridge_library': AMENT_PREFIX_PATH=/ros2_ws/install/rosbridge_test_msgs:${AMENT_PREFIX_PATH} CMAKE_PREFIX_PATH=/ros2_ws/install/rosbridge_test_msgs:${CMAKE_PREFIX_PATH} LD_LIBRARY_PATH=/ros2_ws/install/rosbridge_test_msgs/lib:/ros2_ws/src/install/rplidar_ros/lib:/ros2_ws/my_ros2_project/install/rosbridge_test_msgs/lib:/ros2_ws/my_ros2_project/install/rosbridge_msgs/lib:/ros2_ws/my_ros2_project/install/rosapi_msgs/lib:/opt/ros/foxy/install/opt/yaml_cpp_vendor/lib:/opt/ros/foxy/install/opt/rviz_ogre_vendor/lib:/opt/ros/foxy/install/lib:/usr/local/cuda-10.2/targets/aarch64-linux/lib PYTHONPATH=/ros2_ws/install/rosbridge_test_msgs/lib/python3.6/site-packages:${PYTHONPATH} /usr/local/bin/cmake --build /ros2_ws/build/rosbridge_library -- -j4 -l4
[188.769s] DEBUG:colcon.colcon_core.event_handler.log_command:Invoked command in '/ros2_ws/build/rosbridge_library' returned '0': AMENT_PREFIX_PATH=/ros2_ws/install/rosbridge_test_msgs:${AMENT_PREFIX_PATH} CMAKE_PREFIX_PATH=/ros2_ws/install/rosbridge_test_msgs:${CMAKE_PREFIX_PATH} LD_LIBRARY_PATH=/ros2_ws/install/rosbridge_test_msgs/lib:/ros2_ws/src/install/rplidar_ros/lib:/ros2_ws/my_ros2_project/install/rosbridge_test_msgs/lib:/ros2_ws/my_ros2_project/install/rosbridge_msgs/lib:/ros2_ws/my_ros2_project/install/rosapi_msgs/lib:/opt/ros/foxy/install/opt/yaml_cpp_vendor/lib:/opt/ros/foxy/install/opt/rviz_ogre_vendor/lib:/opt/ros/foxy/install/lib:/usr/local/cuda-10.2/targets/aarch64-linux/lib PYTHONPATH=/ros2_ws/install/rosbridge_test_msgs/lib/python3.6/site-packages:${PYTHONPATH} /usr/local/bin/cmake --build /ros2_ws/build/rosbridge_library -- -j4 -l4
[188.982s] DEBUG:colcon.colcon_core.event_handler.log_command:Invoking command in '/ros2_ws/build/rosbridge_library': AMENT_PREFIX_PATH=/ros2_ws/install/rosbridge_test_msgs:${AMENT_PREFIX_PATH} CMAKE_PREFIX_PATH=/ros2_ws/install/rosbridge_test_msgs:${CMAKE_PREFIX_PATH} LD_LIBRARY_PATH=/ros2_ws/install/rosbridge_test_msgs/lib:/ros2_ws/src/install/rplidar_ros/lib:/ros2_ws/my_ros2_project/install/rosbridge_test_msgs/lib:/ros2_ws/my_ros2_project/install/rosbridge_msgs/lib:/ros2_ws/my_ros2_project/install/rosapi_msgs/lib:/opt/ros/foxy/install/opt/yaml_cpp_vendor/lib:/opt/ros/foxy/install/opt/rviz_ogre_vendor/lib:/opt/ros/foxy/install/lib:/usr/local/cuda-10.2/targets/aarch64-linux/lib PYTHONPATH=/ros2_ws/install/rosbridge_test_msgs/lib/python3.6/site-packages:${PYTHONPATH} /usr/local/bin/cmake --install /ros2_ws/build/rosbridge_library
[189.868s] Level 1:colcon.colcon_core.environment:create_environment_scripts_only(rosbridge_library)
[189.870s] Level 1:colcon.colcon_core.environment:checking '/ros2_ws/install/rosbridge_library' for CMake module files
[189.873s] DEBUG:colcon.colcon_core.event_handler.log_command:Invoked command in '/ros2_ws/build/rosbridge_library' returned '0': AMENT_PREFIX_PATH=/ros2_ws/install/rosbridge_test_msgs:${AMENT_PREFIX_PATH} CMAKE_PREFIX_PATH=/ros2_ws/install/rosbridge_test_msgs:${CMAKE_PREFIX_PATH} LD_LIBRARY_PATH=/ros2_ws/install/rosbridge_test_msgs/lib:/ros2_ws/src/install/rplidar_ros/lib:/ros2_ws/my_ros2_project/install/rosbridge_test_msgs/lib:/ros2_ws/my_ros2_project/install/rosbridge_msgs/lib:/ros2_ws/my_ros2_project/install/rosapi_msgs/lib:/opt/ros/foxy/install/opt/yaml_cpp_vendor/lib:/opt/ros/foxy/install/opt/rviz_ogre_vendor/lib:/opt/ros/foxy/install/lib:/usr/local/cuda-10.2/targets/aarch64-linux/lib PYTHONPATH=/ros2_ws/install/rosbridge_test_msgs/lib/python3.6/site-packages:${PYTHONPATH} /usr/local/bin/cmake --install /ros2_ws/build/rosbridge_library
[189.875s] Level 1:colcon.colcon_core.environment:checking '/ros2_ws/install/rosbridge_library' for CMake config files
[189.879s] Level 1:colcon.colcon_core.shell:create_environment_hook('rosbridge_library', 'cmake_prefix_path')
[189.881s] INFO:colcon.colcon_core.shell:Creating environment hook '/ros2_ws/install/rosbridge_library/share/rosbridge_library/hook/cmake_prefix_path.ps1'
[189.883s] INFO:colcon.colcon_core.shell:Creating environment descriptor '/ros2_ws/install/rosbridge_library/share/rosbridge_library/hook/cmake_prefix_path.dsv'
[189.884s] INFO:colcon.colcon_core.shell:Creating environment hook '/ros2_ws/install/rosbridge_library/share/rosbridge_library/hook/cmake_prefix_path.sh'
[189.888s] Level 1:colcon.colcon_core.environment:checking '/ros2_ws/install/rosbridge_library/lib'
[189.888s] Level 1:colcon.colcon_core.environment:checking '/ros2_ws/install/rosbridge_library/bin'
[189.889s] Level 1:colcon.colcon_core.environment:checking '/ros2_ws/install/rosbridge_library/lib/pkgconfig/rosbridge_library.pc'
[189.890s] Level 1:colcon.colcon_core.environment:checking '/ros2_ws/install/rosbridge_library/lib/python3.6/site-packages'
[189.890s] Level 1:colcon.colcon_core.shell:create_environment_hook('rosbridge_library', 'pythonpath')
[189.891s] INFO:colcon.colcon_core.shell:Creating environment hook '/ros2_ws/install/rosbridge_library/share/rosbridge_library/hook/pythonpath.ps1'
[189.893s] INFO:colcon.colcon_core.shell:Creating environment descriptor '/ros2_ws/install/rosbridge_library/share/rosbridge_library/hook/pythonpath.dsv'
[189.895s] INFO:colcon.colcon_core.shell:Creating environment hook '/ros2_ws/install/rosbridge_library/share/rosbridge_library/hook/pythonpath.sh'
[189.898s] Level 1:colcon.colcon_core.environment:checking '/ros2_ws/install/rosbridge_library/bin'
[189.901s] INFO:colcon.colcon_core.shell:Creating package script '/ros2_ws/install/rosbridge_library/share/rosbridge_library/package.ps1'
[189.903s] INFO:colcon.colcon_core.shell:Creating package descriptor '/ros2_ws/install/rosbridge_library/share/rosbridge_library/package.dsv'
[189.905s] INFO:colcon.colcon_core.shell:Creating package script '/ros2_ws/install/rosbridge_library/share/rosbridge_library/package.sh'
[189.907s] INFO:colcon.colcon_core.shell:Creating package script '/ros2_ws/install/rosbridge_library/share/rosbridge_library/package.bash'
[189.909s] INFO:colcon.colcon_core.shell:Creating package script '/ros2_ws/install/rosbridge_library/share/rosbridge_library/package.zsh'
[189.910s] Level 1:colcon.colcon_core.environment:create_file_with_runtime_dependencies(/ros2_ws/install/rosbridge_library/share/colcon-core/packages/rosbridge_library)
[190.124s] Level 1:colcon.colcon_core.environment:create_environment_scripts_only(rosbridge_library)
[190.126s] Level 1:colcon.colcon_core.environment:checking '/ros2_ws/install/rosbridge_library' for CMake module files
[190.129s] Level 1:colcon.colcon_core.environment:checking '/ros2_ws/install/rosbridge_library' for CMake config files
[190.134s] Level 1:colcon.colcon_core.shell:create_environment_hook('rosbridge_library', 'cmake_prefix_path')
[190.136s] INFO:colcon.colcon_core.shell:Creating environment hook '/ros2_ws/install/rosbridge_library/share/rosbridge_library/hook/cmake_prefix_path.ps1'
[190.139s] INFO:colcon.colcon_core.shell:Creating environment descriptor '/ros2_ws/install/rosbridge_library/share/rosbridge_library/hook/cmake_prefix_path.dsv'
[190.140s] INFO:colcon.colcon_core.shell:Creating environment hook '/ros2_ws/install/rosbridge_library/share/rosbridge_library/hook/cmake_prefix_path.sh'
[190.144s] Level 1:colcon.colcon_core.environment:checking '/ros2_ws/install/rosbridge_library/lib'
[190.144s] Level 1:colcon.colcon_core.environment:checking '/ros2_ws/install/rosbridge_library/bin'
[190.145s] Level 1:colcon.colcon_core.environment:checking '/ros2_ws/install/rosbridge_library/lib/pkgconfig/rosbridge_library.pc'
[190.146s] Level 1:colcon.colcon_core.environment:checking '/ros2_ws/install/rosbridge_library/lib/python3.6/site-packages'
[190.146s] Level 1:colcon.colcon_core.shell:create_environment_hook('rosbridge_library', 'pythonpath')
[190.148s] INFO:colcon.colcon_core.shell:Creating environment hook '/ros2_ws/install/rosbridge_library/share/rosbridge_library/hook/pythonpath.ps1'
[190.151s] INFO:colcon.colcon_core.shell:Creating environment descriptor '/ros2_ws/install/rosbridge_library/share/rosbridge_library/hook/pythonpath.dsv'
[190.153s] INFO:colcon.colcon_core.shell:Creating environment hook '/ros2_ws/install/rosbridge_library/share/rosbridge_library/hook/pythonpath.sh'
[190.156s] Level 1:colcon.colcon_core.environment:checking '/ros2_ws/install/rosbridge_library/bin'
[190.158s] INFO:colcon.colcon_core.shell:Creating package script '/ros2_ws/install/rosbridge_library/share/rosbridge_library/package.ps1'
[190.162s] INFO:colcon.colcon_core.shell:Creating package descriptor '/ros2_ws/install/rosbridge_library/share/rosbridge_library/package.dsv'
[190.165s] INFO:colcon.colcon_core.shell:Creating package script '/ros2_ws/install/rosbridge_library/share/rosbridge_library/package.sh'
[190.168s] INFO:colcon.colcon_core.shell:Creating package script '/ros2_ws/install/rosbridge_library/share/rosbridge_library/package.bash'
[190.169s] INFO:colcon.colcon_core.shell:Creating package script '/ros2_ws/install/rosbridge_library/share/rosbridge_library/package.zsh'
[190.171s] Level 1:colcon.colcon_core.environment:create_file_with_runtime_dependencies(/ros2_ws/install/rosbridge_library/share/colcon-core/packages/rosbridge_library)
[207.961s] DEBUG:colcon.colcon_core.event_handler.log_command:Invoked command in '/ros2_ws/build/rosapi_msgs' returned '0': /usr/local/bin/cmake --build /ros2_ws/build/rosapi_msgs -- -j4 -l4
[209.821s] DEBUG:colcon.colcon_core.event_handler.log_command:Invoking command in '/ros2_ws/build/rosapi_msgs': /usr/local/bin/cmake --install /ros2_ws/build/rosapi_msgs
[214.653s] Level 1:colcon.colcon_core.environment:create_environment_scripts_only(rosapi_msgs)
[214.657s] Level 1:colcon.colcon_core.environment:checking '/ros2_ws/install/rosapi_msgs' for CMake module files
[214.658s] DEBUG:colcon.colcon_core.event_handler.log_command:Invoked command in '/ros2_ws/build/rosapi_msgs' returned '0': /usr/local/bin/cmake --install /ros2_ws/build/rosapi_msgs
[214.662s] Level 1:colcon.colcon_core.environment:checking '/ros2_ws/install/rosapi_msgs' for CMake config files
[214.683s] Level 1:colcon.colcon_core.shell:create_environment_hook('rosapi_msgs', 'cmake_prefix_path')
[214.685s] INFO:colcon.colcon_core.shell:Creating environment hook '/ros2_ws/install/rosapi_msgs/share/rosapi_msgs/hook/cmake_prefix_path.ps1'
[214.687s] INFO:colcon.colcon_core.shell:Creating environment descriptor '/ros2_ws/install/rosapi_msgs/share/rosapi_msgs/hook/cmake_prefix_path.dsv'
[214.689s] INFO:colcon.colcon_core.shell:Creating environment hook '/ros2_ws/install/rosapi_msgs/share/rosapi_msgs/hook/cmake_prefix_path.sh'
[214.692s] Level 1:colcon.colcon_core.environment:checking '/ros2_ws/install/rosapi_msgs/lib'
[214.693s] Level 1:colcon.colcon_core.shell:create_environment_hook('rosapi_msgs', 'ld_library_path_lib')
[214.695s] INFO:colcon.colcon_core.shell:Creating environment hook '/ros2_ws/install/rosapi_msgs/share/rosapi_msgs/hook/ld_library_path_lib.ps1'
[214.696s] INFO:colcon.colcon_core.shell:Creating environment descriptor '/ros2_ws/install/rosapi_msgs/share/rosapi_msgs/hook/ld_library_path_lib.dsv'
[214.697s] INFO:colcon.colcon_core.shell:Creating environment hook '/ros2_ws/install/rosapi_msgs/share/rosapi_msgs/hook/ld_library_path_lib.sh'
[214.699s] Level 1:colcon.colcon_core.environment:checking '/ros2_ws/install/rosapi_msgs/bin'
[214.699s] Level 1:colcon.colcon_core.environment:checking '/ros2_ws/install/rosapi_msgs/lib/pkgconfig/rosapi_msgs.pc'
[214.700s] Level 1:colcon.colcon_core.environment:checking '/ros2_ws/install/rosapi_msgs/lib/python3.6/site-packages'
[214.700s] Level 1:colcon.colcon_core.shell:create_environment_hook('rosapi_msgs', 'pythonpath')
[214.702s] INFO:colcon.colcon_core.shell:Creating environment hook '/ros2_ws/install/rosapi_msgs/share/rosapi_msgs/hook/pythonpath.ps1'
[214.704s] INFO:colcon.colcon_core.shell:Creating environment descriptor '/ros2_ws/install/rosapi_msgs/share/rosapi_msgs/hook/pythonpath.dsv'
[214.706s] INFO:colcon.colcon_core.shell:Creating environment hook '/ros2_ws/install/rosapi_msgs/share/rosapi_msgs/hook/pythonpath.sh'
[214.708s] Level 1:colcon.colcon_core.environment:checking '/ros2_ws/install/rosapi_msgs/bin'
[214.711s] INFO:colcon.colcon_core.shell:Creating package script '/ros2_ws/install/rosapi_msgs/share/rosapi_msgs/package.ps1'
[214.713s] INFO:colcon.colcon_core.shell:Creating package descriptor '/ros2_ws/install/rosapi_msgs/share/rosapi_msgs/package.dsv'
[214.716s] INFO:colcon.colcon_core.shell:Creating package script '/ros2_ws/install/rosapi_msgs/share/rosapi_msgs/package.sh'
[214.718s] INFO:colcon.colcon_core.shell:Creating package script '/ros2_ws/install/rosapi_msgs/share/rosapi_msgs/package.bash'
[214.719s] INFO:colcon.colcon_core.shell:Creating package script '/ros2_ws/install/rosapi_msgs/share/rosapi_msgs/package.zsh'
[214.720s] Level 1:colcon.colcon_core.environment:create_file_with_runtime_dependencies(/ros2_ws/install/rosapi_msgs/share/colcon-core/packages/rosapi_msgs)
[216.578s] Level 1:colcon.colcon_core.environment:create_environment_scripts_only(rosapi_msgs)
[216.580s] Level 1:colcon.colcon_core.environment:checking '/ros2_ws/install/rosapi_msgs' for CMake module files
[216.585s] Level 1:colcon.colcon_core.environment:checking '/ros2_ws/install/rosapi_msgs' for CMake config files
[216.603s] Level 1:colcon.colcon_core.shell:create_environment_hook('rosapi_msgs', 'cmake_prefix_path')
[216.605s] INFO:colcon.colcon_core.shell:Creating environment hook '/ros2_ws/install/rosapi_msgs/share/rosapi_msgs/hook/cmake_prefix_path.ps1'
[216.607s] INFO:colcon.colcon_core.shell:Creating environment descriptor '/ros2_ws/install/rosapi_msgs/share/rosapi_msgs/hook/cmake_prefix_path.dsv'
[216.609s] INFO:colcon.colcon_core.shell:Creating environment hook '/ros2_ws/install/rosapi_msgs/share/rosapi_msgs/hook/cmake_prefix_path.sh'
[216.612s] Level 1:colcon.colcon_core.environment:checking '/ros2_ws/install/rosapi_msgs/lib'
[216.613s] Level 1:colcon.colcon_core.shell:create_environment_hook('rosapi_msgs', 'ld_library_path_lib')
[216.614s] INFO:colcon.colcon_core.shell:Creating environment hook '/ros2_ws/install/rosapi_msgs/share/rosapi_msgs/hook/ld_library_path_lib.ps1'
[216.616s] INFO:colcon.colcon_core.shell:Creating environment descriptor '/ros2_ws/install/rosapi_msgs/share/rosapi_msgs/hook/ld_library_path_lib.dsv'
[216.618s] INFO:colcon.colcon_core.shell:Creating environment hook '/ros2_ws/install/rosapi_msgs/share/rosapi_msgs/hook/ld_library_path_lib.sh'
[216.620s] Level 1:colcon.colcon_core.environment:checking '/ros2_ws/install/rosapi_msgs/bin'
[216.621s] Level 1:colcon.colcon_core.environment:checking '/ros2_ws/install/rosapi_msgs/lib/pkgconfig/rosapi_msgs.pc'
[216.622s] Level 1:colcon.colcon_core.environment:checking '/ros2_ws/install/rosapi_msgs/lib/python3.6/site-packages'
[216.622s] Level 1:colcon.colcon_core.shell:create_environment_hook('rosapi_msgs', 'pythonpath')
[216.624s] INFO:colcon.colcon_core.shell:Creating environment hook '/ros2_ws/install/rosapi_msgs/share/rosapi_msgs/hook/pythonpath.ps1'
[216.626s] INFO:colcon.colcon_core.shell:Creating environment descriptor '/ros2_ws/install/rosapi_msgs/share/rosapi_msgs/hook/pythonpath.dsv'
[216.628s] INFO:colcon.colcon_core.shell:Creating environment hook '/ros2_ws/install/rosapi_msgs/share/rosapi_msgs/hook/pythonpath.sh'
[216.630s] Level 1:colcon.colcon_core.environment:checking '/ros2_ws/install/rosapi_msgs/bin'
[216.633s] INFO:colcon.colcon_core.shell:Creating package script '/ros2_ws/install/rosapi_msgs/share/rosapi_msgs/package.ps1'
[216.636s] INFO:colcon.colcon_core.shell:Creating package descriptor '/ros2_ws/install/rosapi_msgs/share/rosapi_msgs/package.dsv'
[216.639s] INFO:colcon.colcon_core.shell:Creating package script '/ros2_ws/install/rosapi_msgs/share/rosapi_msgs/package.sh'
[216.641s] INFO:colcon.colcon_core.shell:Creating package script '/ros2_ws/install/rosapi_msgs/share/rosapi_msgs/package.bash'
[216.643s] INFO:colcon.colcon_core.shell:Creating package script '/ros2_ws/install/rosapi_msgs/share/rosapi_msgs/package.zsh'
[216.644s] Level 1:colcon.colcon_core.environment:create_file_with_runtime_dependencies(/ros2_ws/install/rosapi_msgs/share/colcon-core/packages/rosapi_msgs)
[216.646s] INFO:colcon.colcon_ros.task.ament_cmake.build:Building ROS package in '/ros2_ws/src/rosapi' with build type 'ament_cmake'
[216.647s] INFO:colcon.colcon_cmake.task.cmake.build:Building CMake package in '/ros2_ws/src/rosapi'
[216.648s] INFO:colcon.colcon_core.shell:Skip shell extension 'powershell' for command environment: Not usable outside of PowerShell
[216.649s] DEBUG:colcon.colcon_core.shell:Skip shell extension 'dsv' for command environment
[216.744s] DEBUG:colcon.colcon_core.event_handler.log_command:Invoking command in '/ros2_ws/build/rosapi': AMENT_PREFIX_PATH=/ros2_ws/install/rosbridge_library:/ros2_ws/install/rosapi_msgs:${AMENT_PREFIX_PATH} CMAKE_PREFIX_PATH=/ros2_ws/install/rosbridge_library:/ros2_ws/install/rosapi_msgs:${CMAKE_PREFIX_PATH} LD_LIBRARY_PATH=/ros2_ws/install/rosapi_msgs/lib:/ros2_ws/src/install/rplidar_ros/lib:/ros2_ws/my_ros2_project/install/rosbridge_test_msgs/lib:/ros2_ws/my_ros2_project/install/rosbridge_msgs/lib:/ros2_ws/my_ros2_project/install/rosapi_msgs/lib:/opt/ros/foxy/install/opt/yaml_cpp_vendor/lib:/opt/ros/foxy/install/opt/rviz_ogre_vendor/lib:/opt/ros/foxy/install/lib:/usr/local/cuda-10.2/targets/aarch64-linux/lib PYTHONPATH=/ros2_ws/install/rosbridge_library/lib/python3.6/site-packages:/ros2_ws/install/rosapi_msgs/lib/python3.6/site-packages:${PYTHONPATH} /usr/local/bin/cmake /ros2_ws/src/rosapi -DAMENT_CMAKE_SYMLINK_INSTALL=1 -DCMAKE_INSTALL_PREFIX=/ros2_ws/install/rosapi
[223.065s] DEBUG:colcon.colcon_core.event_handler.log_command:Invoked command in '/ros2_ws/build/rosapi' returned '0': AMENT_PREFIX_PATH=/ros2_ws/install/rosbridge_library:/ros2_ws/install/rosapi_msgs:${AMENT_PREFIX_PATH} CMAKE_PREFIX_PATH=/ros2_ws/install/rosbridge_library:/ros2_ws/install/rosapi_msgs:${CMAKE_PREFIX_PATH} LD_LIBRARY_PATH=/ros2_ws/install/rosapi_msgs/lib:/ros2_ws/src/install/rplidar_ros/lib:/ros2_ws/my_ros2_project/install/rosbridge_test_msgs/lib:/ros2_ws/my_ros2_project/install/rosbridge_msgs/lib:/ros2_ws/my_ros2_project/install/rosapi_msgs/lib:/opt/ros/foxy/install/opt/yaml_cpp_vendor/lib:/opt/ros/foxy/install/opt/rviz_ogre_vendor/lib:/opt/ros/foxy/install/lib:/usr/local/cuda-10.2/targets/aarch64-linux/lib PYTHONPATH=/ros2_ws/install/rosbridge_library/lib/python3.6/site-packages:/ros2_ws/install/rosapi_msgs/lib/python3.6/site-packages:${PYTHONPATH} /usr/local/bin/cmake /ros2_ws/src/rosapi -DAMENT_CMAKE_SYMLINK_INSTALL=1 -DCMAKE_INSTALL_PREFIX=/ros2_ws/install/rosapi
[223.075s] DEBUG:colcon.colcon_core.event_handler.log_command:Invoking command in '/ros2_ws/build/rosapi': AMENT_PREFIX_PATH=/ros2_ws/install/rosbridge_library:/ros2_ws/install/rosapi_msgs:${AMENT_PREFIX_PATH} CMAKE_PREFIX_PATH=/ros2_ws/install/rosbridge_library:/ros2_ws/install/rosapi_msgs:${CMAKE_PREFIX_PATH} LD_LIBRARY_PATH=/ros2_ws/install/rosapi_msgs/lib:/ros2_ws/src/install/rplidar_ros/lib:/ros2_ws/my_ros2_project/install/rosbridge_test_msgs/lib:/ros2_ws/my_ros2_project/install/rosbridge_msgs/lib:/ros2_ws/my_ros2_project/install/rosapi_msgs/lib:/opt/ros/foxy/install/opt/yaml_cpp_vendor/lib:/opt/ros/foxy/install/opt/rviz_ogre_vendor/lib:/opt/ros/foxy/install/lib:/usr/local/cuda-10.2/targets/aarch64-linux/lib PYTHONPATH=/ros2_ws/install/rosbridge_library/lib/python3.6/site-packages:/ros2_ws/install/rosapi_msgs/lib/python3.6/site-packages:${PYTHONPATH} /usr/local/bin/cmake --build /ros2_ws/build/rosapi -- -j4 -l4
[223.285s] DEBUG:colcon.colcon_core.event_handler.log_command:Invoked command in '/ros2_ws/build/rosapi' returned '0': AMENT_PREFIX_PATH=/ros2_ws/install/rosbridge_library:/ros2_ws/install/rosapi_msgs:${AMENT_PREFIX_PATH} CMAKE_PREFIX_PATH=/ros2_ws/install/rosbridge_library:/ros2_ws/install/rosapi_msgs:${CMAKE_PREFIX_PATH} LD_LIBRARY_PATH=/ros2_ws/install/rosapi_msgs/lib:/ros2_ws/src/install/rplidar_ros/lib:/ros2_ws/my_ros2_project/install/rosbridge_test_msgs/lib:/ros2_ws/my_ros2_project/install/rosbridge_msgs/lib:/ros2_ws/my_ros2_project/install/rosapi_msgs/lib:/opt/ros/foxy/install/opt/yaml_cpp_vendor/lib:/opt/ros/foxy/install/opt/rviz_ogre_vendor/lib:/opt/ros/foxy/install/lib:/usr/local/cuda-10.2/targets/aarch64-linux/lib PYTHONPATH=/ros2_ws/install/rosbridge_library/lib/python3.6/site-packages:/ros2_ws/install/rosapi_msgs/lib/python3.6/site-packages:${PYTHONPATH} /usr/local/bin/cmake --build /ros2_ws/build/rosapi -- -j4 -l4
[223.498s] DEBUG:colcon.colcon_core.event_handler.log_command:Invoking command in '/ros2_ws/build/rosapi': AMENT_PREFIX_PATH=/ros2_ws/install/rosbridge_library:/ros2_ws/install/rosapi_msgs:${AMENT_PREFIX_PATH} CMAKE_PREFIX_PATH=/ros2_ws/install/rosbridge_library:/ros2_ws/install/rosapi_msgs:${CMAKE_PREFIX_PATH} LD_LIBRARY_PATH=/ros2_ws/install/rosapi_msgs/lib:/ros2_ws/src/install/rplidar_ros/lib:/ros2_ws/my_ros2_project/install/rosbridge_test_msgs/lib:/ros2_ws/my_ros2_project/install/rosbridge_msgs/lib:/ros2_ws/my_ros2_project/install/rosapi_msgs/lib:/opt/ros/foxy/install/opt/yaml_cpp_vendor/lib:/opt/ros/foxy/install/opt/rviz_ogre_vendor/lib:/opt/ros/foxy/install/lib:/usr/local/cuda-10.2/targets/aarch64-linux/lib PYTHONPATH=/ros2_ws/install/rosbridge_library/lib/python3.6/site-packages:/ros2_ws/install/rosapi_msgs/lib/python3.6/site-packages:${PYTHONPATH} /usr/local/bin/cmake --install /ros2_ws/build/rosapi
[224.091s] Level 1:colcon.colcon_core.environment:create_environment_scripts_only(rosapi)
[224.093s] Level 1:colcon.colcon_core.environment:checking '/ros2_ws/install/rosapi' for CMake module files
[224.096s] DEBUG:colcon.colcon_core.event_handler.log_command:Invoked command in '/ros2_ws/build/rosapi' returned '0': AMENT_PREFIX_PATH=/ros2_ws/install/rosbridge_library:/ros2_ws/install/rosapi_msgs:${AMENT_PREFIX_PATH} CMAKE_PREFIX_PATH=/ros2_ws/install/rosbridge_library:/ros2_ws/install/rosapi_msgs:${CMAKE_PREFIX_PATH} LD_LIBRARY_PATH=/ros2_ws/install/rosapi_msgs/lib:/ros2_ws/src/install/rplidar_ros/lib:/ros2_ws/my_ros2_project/install/rosbridge_test_msgs/lib:/ros2_ws/my_ros2_project/install/rosbridge_msgs/lib:/ros2_ws/my_ros2_project/install/rosapi_msgs/lib:/opt/ros/foxy/install/opt/yaml_cpp_vendor/lib:/opt/ros/foxy/install/opt/rviz_ogre_vendor/lib:/opt/ros/foxy/install/lib:/usr/local/cuda-10.2/targets/aarch64-linux/lib PYTHONPATH=/ros2_ws/install/rosbridge_library/lib/python3.6/site-packages:/ros2_ws/install/rosapi_msgs/lib/python3.6/site-packages:${PYTHONPATH} /usr/local/bin/cmake --install /ros2_ws/build/rosapi
[224.098s] Level 1:colcon.colcon_core.environment:checking '/ros2_ws/install/rosapi' for CMake config files
[224.100s] Level 1:colcon.colcon_core.shell:create_environment_hook('rosapi', 'cmake_prefix_path')
[224.102s] INFO:colcon.colcon_core.shell:Creating environment hook '/ros2_ws/install/rosapi/share/rosapi/hook/cmake_prefix_path.ps1'
[224.104s] INFO:colcon.colcon_core.shell:Creating environment descriptor '/ros2_ws/install/rosapi/share/rosapi/hook/cmake_prefix_path.dsv'
[224.105s] INFO:colcon.colcon_core.shell:Creating environment hook '/ros2_ws/install/rosapi/share/rosapi/hook/cmake_prefix_path.sh'
[224.109s] Level 1:colcon.colcon_core.environment:checking '/ros2_ws/install/rosapi/lib'
[224.109s] Level 1:colcon.colcon_core.environment:checking '/ros2_ws/install/rosapi/bin'
[224.109s] Level 1:colcon.colcon_core.environment:checking '/ros2_ws/install/rosapi/lib/pkgconfig/rosapi.pc'
[224.110s] Level 1:colcon.colcon_core.environment:checking '/ros2_ws/install/rosapi/lib/python3.6/site-packages'
[224.111s] Level 1:colcon.colcon_core.shell:create_environment_hook('rosapi', 'pythonpath')
[224.112s] INFO:colcon.colcon_core.shell:Creating environment hook '/ros2_ws/install/rosapi/share/rosapi/hook/pythonpath.ps1'
[224.114s] INFO:colcon.colcon_core.shell:Creating environment descriptor '/ros2_ws/install/rosapi/share/rosapi/hook/pythonpath.dsv'
[224.115s] INFO:colcon.colcon_core.shell:Creating environment hook '/ros2_ws/install/rosapi/share/rosapi/hook/pythonpath.sh'
[224.118s] Level 1:colcon.colcon_core.environment:checking '/ros2_ws/install/rosapi/bin'
[224.120s] INFO:colcon.colcon_core.shell:Creating package script '/ros2_ws/install/rosapi/share/rosapi/package.ps1'
[224.123s] INFO:colcon.colcon_core.shell:Creating package descriptor '/ros2_ws/install/rosapi/share/rosapi/package.dsv'
[224.125s] INFO:colcon.colcon_core.shell:Creating package script '/ros2_ws/install/rosapi/share/rosapi/package.sh'
[224.127s] INFO:colcon.colcon_core.shell:Creating package script '/ros2_ws/install/rosapi/share/rosapi/package.bash'
[224.128s] INFO:colcon.colcon_core.shell:Creating package script '/ros2_ws/install/rosapi/share/rosapi/package.zsh'
[224.129s] Level 1:colcon.colcon_core.environment:create_file_with_runtime_dependencies(/ros2_ws/install/rosapi/share/colcon-core/packages/rosapi)
[224.334s] Level 1:colcon.colcon_core.environment:create_environment_scripts_only(rosapi)
[224.336s] Level 1:colcon.colcon_core.environment:checking '/ros2_ws/install/rosapi' for CMake module files
[224.339s] Level 1:colcon.colcon_core.environment:checking '/ros2_ws/install/rosapi' for CMake config files
[224.341s] Level 1:colcon.colcon_core.shell:create_environment_hook('rosapi', 'cmake_prefix_path')
[224.343s] INFO:colcon.colcon_core.shell:Creating environment hook '/ros2_ws/install/rosapi/share/rosapi/hook/cmake_prefix_path.ps1'
[224.346s] INFO:colcon.colcon_core.shell:Creating environment descriptor '/ros2_ws/install/rosapi/share/rosapi/hook/cmake_prefix_path.dsv'
[224.347s] INFO:colcon.colcon_core.shell:Creating environment hook '/ros2_ws/install/rosapi/share/rosapi/hook/cmake_prefix_path.sh'
[224.351s] Level 1:colcon.colcon_core.environment:checking '/ros2_ws/install/rosapi/lib'
[224.351s] Level 1:colcon.colcon_core.environment:checking '/ros2_ws/install/rosapi/bin'
[224.352s] Level 1:colcon.colcon_core.environment:checking '/ros2_ws/install/rosapi/lib/pkgconfig/rosapi.pc'
[224.353s] Level 1:colcon.colcon_core.environment:checking '/ros2_ws/install/rosapi/lib/python3.6/site-packages'
[224.353s] Level 1:colcon.colcon_core.shell:create_environment_hook('rosapi', 'pythonpath')
[224.355s] INFO:colcon.colcon_core.shell:Creating environment hook '/ros2_ws/install/rosapi/share/rosapi/hook/pythonpath.ps1'
[224.357s] INFO:colcon.colcon_core.shell:Creating environment descriptor '/ros2_ws/install/rosapi/share/rosapi/hook/pythonpath.dsv'
[224.358s] INFO:colcon.colcon_core.shell:Creating environment hook '/ros2_ws/install/rosapi/share/rosapi/hook/pythonpath.sh'
[224.360s] Level 1:colcon.colcon_core.environment:checking '/ros2_ws/install/rosapi/bin'
[224.362s] INFO:colcon.colcon_core.shell:Creating package script '/ros2_ws/install/rosapi/share/rosapi/package.ps1'
[224.365s] INFO:colcon.colcon_core.shell:Creating package descriptor '/ros2_ws/install/rosapi/share/rosapi/package.dsv'
[224.367s] INFO:colcon.colcon_core.shell:Creating package script '/ros2_ws/install/rosapi/share/rosapi/package.sh'
[224.372s] INFO:colcon.colcon_core.shell:Creating package script '/ros2_ws/install/rosapi/share/rosapi/package.bash'
[224.374s] INFO:colcon.colcon_core.shell:Creating package script '/ros2_ws/install/rosapi/share/rosapi/package.zsh'
[224.377s] Level 1:colcon.colcon_core.environment:create_file_with_runtime_dependencies(/ros2_ws/install/rosapi/share/colcon-core/packages/rosapi)
[224.379s] INFO:colcon.colcon_ros.task.ament_cmake.build:Building ROS package in '/ros2_ws/src/rosbridge_server' with build type 'ament_cmake'
[224.380s] INFO:colcon.colcon_cmake.task.cmake.build:Building CMake package in '/ros2_ws/src/rosbridge_server'
[224.382s] INFO:colcon.colcon_core.shell:Skip shell extension 'powershell' for command environment: Not usable outside of PowerShell
[224.382s] DEBUG:colcon.colcon_core.shell:Skip shell extension 'dsv' for command environment
[224.495s] DEBUG:colcon.colcon_core.event_handler.log_command:Invoking command in '/ros2_ws/build/rosbridge_server': AMENT_PREFIX_PATH=/ros2_ws/install/rosapi:/ros2_ws/install/rosbridge_library:/ros2_ws/install/rosbridge_msgs:/ros2_ws/install/rosapi_msgs:${AMENT_PREFIX_PATH} CMAKE_PREFIX_PATH=/ros2_ws/install/rosapi:/ros2_ws/install/rosbridge_library:/ros2_ws/install/rosbridge_msgs:/ros2_ws/install/rosapi_msgs:${CMAKE_PREFIX_PATH} LD_LIBRARY_PATH=/ros2_ws/install/rosbridge_msgs/lib:/ros2_ws/install/rosapi_msgs/lib:/ros2_ws/src/install/rplidar_ros/lib:/ros2_ws/my_ros2_project/install/rosbridge_test_msgs/lib:/ros2_ws/my_ros2_project/install/rosbridge_msgs/lib:/ros2_ws/my_ros2_project/install/rosapi_msgs/lib:/opt/ros/foxy/install/opt/yaml_cpp_vendor/lib:/opt/ros/foxy/install/opt/rviz_ogre_vendor/lib:/opt/ros/foxy/install/lib:/usr/local/cuda-10.2/targets/aarch64-linux/lib PYTHONPATH=/ros2_ws/install/rosapi/lib/python3.6/site-packages:/ros2_ws/install/rosbridge_library/lib/python3.6/site-packages:/ros2_ws/install/rosbridge_msgs/lib/python3.6/site-packages:/ros2_ws/install/rosapi_msgs/lib/python3.6/site-packages:${PYTHONPATH} /usr/local/bin/cmake /ros2_ws/src/rosbridge_server -DAMENT_CMAKE_SYMLINK_INSTALL=1 -DCMAKE_INSTALL_PREFIX=/ros2_ws/install/rosbridge_server
[228.227s] DEBUG:colcon.colcon_core.event_handler.log_command:Invoked command in '/ros2_ws/build/rosbridge_server' returned '0': AMENT_PREFIX_PATH=/ros2_ws/install/rosapi:/ros2_ws/install/rosbridge_library:/ros2_ws/install/rosbridge_msgs:/ros2_ws/install/rosapi_msgs:${AMENT_PREFIX_PATH} CMAKE_PREFIX_PATH=/ros2_ws/install/rosapi:/ros2_ws/install/rosbridge_library:/ros2_ws/install/rosbridge_msgs:/ros2_ws/install/rosapi_msgs:${CMAKE_PREFIX_PATH} LD_LIBRARY_PATH=/ros2_ws/install/rosbridge_msgs/lib:/ros2_ws/install/rosapi_msgs/lib:/ros2_ws/src/install/rplidar_ros/lib:/ros2_ws/my_ros2_project/install/rosbridge_test_msgs/lib:/ros2_ws/my_ros2_project/install/rosbridge_msgs/lib:/ros2_ws/my_ros2_project/install/rosapi_msgs/lib:/opt/ros/foxy/install/opt/yaml_cpp_vendor/lib:/opt/ros/foxy/install/opt/rviz_ogre_vendor/lib:/opt/ros/foxy/install/lib:/usr/local/cuda-10.2/targets/aarch64-linux/lib PYTHONPATH=/ros2_ws/install/rosapi/lib/python3.6/site-packages:/ros2_ws/install/rosbridge_library/lib/python3.6/site-packages:/ros2_ws/install/rosbridge_msgs/lib/python3.6/site-packages:/ros2_ws/install/rosapi_msgs/lib/python3.6/site-packages:${PYTHONPATH} /usr/local/bin/cmake /ros2_ws/src/rosbridge_server -DAMENT_CMAKE_SYMLINK_INSTALL=1 -DCMAKE_INSTALL_PREFIX=/ros2_ws/install/rosbridge_server
[228.237s] DEBUG:colcon.colcon_core.event_handler.log_command:Invoking command in '/ros2_ws/build/rosbridge_server': AMENT_PREFIX_PATH=/ros2_ws/install/rosapi:/ros2_ws/install/rosbridge_library:/ros2_ws/install/rosbridge_msgs:/ros2_ws/install/rosapi_msgs:${AMENT_PREFIX_PATH} CMAKE_PREFIX_PATH=/ros2_ws/install/rosapi:/ros2_ws/install/rosbridge_library:/ros2_ws/install/rosbridge_msgs:/ros2_ws/install/rosapi_msgs:${CMAKE_PREFIX_PATH} LD_LIBRARY_PATH=/ros2_ws/install/rosbridge_msgs/lib:/ros2_ws/install/rosapi_msgs/lib:/ros2_ws/src/install/rplidar_ros/lib:/ros2_ws/my_ros2_project/install/rosbridge_test_msgs/lib:/ros2_ws/my_ros2_project/install/rosbridge_msgs/lib:/ros2_ws/my_ros2_project/install/rosapi_msgs/lib:/opt/ros/foxy/install/opt/yaml_cpp_vendor/lib:/opt/ros/foxy/install/opt/rviz_ogre_vendor/lib:/opt/ros/foxy/install/lib:/usr/local/cuda-10.2/targets/aarch64-linux/lib PYTHONPATH=/ros2_ws/install/rosapi/lib/python3.6/site-packages:/ros2_ws/install/rosbridge_library/lib/python3.6/site-packages:/ros2_ws/install/rosbridge_msgs/lib/python3.6/site-packages:/ros2_ws/install/rosapi_msgs/lib/python3.6/site-packages:${PYTHONPATH} /usr/local/bin/cmake --build /ros2_ws/build/rosbridge_server -- -j4 -l4
[228.451s] DEBUG:colcon.colcon_core.event_handler.log_command:Invoked command in '/ros2_ws/build/rosbridge_server' returned '0': AMENT_PREFIX_PATH=/ros2_ws/install/rosapi:/ros2_ws/install/rosbridge_library:/ros2_ws/install/rosbridge_msgs:/ros2_ws/install/rosapi_msgs:${AMENT_PREFIX_PATH} CMAKE_PREFIX_PATH=/ros2_ws/install/rosapi:/ros2_ws/install/rosbridge_library:/ros2_ws/install/rosbridge_msgs:/ros2_ws/install/rosapi_msgs:${CMAKE_PREFIX_PATH} LD_LIBRARY_PATH=/ros2_ws/install/rosbridge_msgs/lib:/ros2_ws/install/rosapi_msgs/lib:/ros2_ws/src/install/rplidar_ros/lib:/ros2_ws/my_ros2_project/install/rosbridge_test_msgs/lib:/ros2_ws/my_ros2_project/install/rosbridge_msgs/lib:/ros2_ws/my_ros2_project/install/rosapi_msgs/lib:/opt/ros/foxy/install/opt/yaml_cpp_vendor/lib:/opt/ros/foxy/install/opt/rviz_ogre_vendor/lib:/opt/ros/foxy/install/lib:/usr/local/cuda-10.2/targets/aarch64-linux/lib PYTHONPATH=/ros2_ws/install/rosapi/lib/python3.6/site-packages:/ros2_ws/install/rosbridge_library/lib/python3.6/site-packages:/ros2_ws/install/rosbridge_msgs/lib/python3.6/site-packages:/ros2_ws/install/rosapi_msgs/lib/python3.6/site-packages:${PYTHONPATH} /usr/local/bin/cmake --build /ros2_ws/build/rosbridge_server -- -j4 -l4
[228.669s] DEBUG:colcon.colcon_core.event_handler.log_command:Invoking command in '/ros2_ws/build/rosbridge_server': AMENT_PREFIX_PATH=/ros2_ws/install/rosapi:/ros2_ws/install/rosbridge_library:/ros2_ws/install/rosbridge_msgs:/ros2_ws/install/rosapi_msgs:${AMENT_PREFIX_PATH} CMAKE_PREFIX_PATH=/ros2_ws/install/rosapi:/ros2_ws/install/rosbridge_library:/ros2_ws/install/rosbridge_msgs:/ros2_ws/install/rosapi_msgs:${CMAKE_PREFIX_PATH} LD_LIBRARY_PATH=/ros2_ws/install/rosbridge_msgs/lib:/ros2_ws/install/rosapi_msgs/lib:/ros2_ws/src/install/rplidar_ros/lib:/ros2_ws/my_ros2_project/install/rosbridge_test_msgs/lib:/ros2_ws/my_ros2_project/install/rosbridge_msgs/lib:/ros2_ws/my_ros2_project/install/rosapi_msgs/lib:/opt/ros/foxy/install/opt/yaml_cpp_vendor/lib:/opt/ros/foxy/install/opt/rviz_ogre_vendor/lib:/opt/ros/foxy/install/lib:/usr/local/cuda-10.2/targets/aarch64-linux/lib PYTHONPATH=/ros2_ws/install/rosapi/lib/python3.6/site-packages:/ros2_ws/install/rosbridge_library/lib/python3.6/site-packages:/ros2_ws/install/rosbridge_msgs/lib/python3.6/site-packages:/ros2_ws/install/rosapi_msgs/lib/python3.6/site-packages:${PYTHONPATH} /usr/local/bin/cmake --install /ros2_ws/build/rosbridge_server
[229.257s] Level 1:colcon.colcon_core.environment:create_environment_scripts_only(rosbridge_server)
[229.260s] Level 1:colcon.colcon_core.environment:checking '/ros2_ws/install/rosbridge_server' for CMake module files
[229.263s] DEBUG:colcon.colcon_core.event_handler.log_command:Invoked command in '/ros2_ws/build/rosbridge_server' returned '0': AMENT_PREFIX_PATH=/ros2_ws/install/rosapi:/ros2_ws/install/rosbridge_library:/ros2_ws/install/rosbridge_msgs:/ros2_ws/install/rosapi_msgs:${AMENT_PREFIX_PATH} CMAKE_PREFIX_PATH=/ros2_ws/install/rosapi:/ros2_ws/install/rosbridge_library:/ros2_ws/install/rosbridge_msgs:/ros2_ws/install/rosapi_msgs:${CMAKE_PREFIX_PATH} LD_LIBRARY_PATH=/ros2_ws/install/rosbridge_msgs/lib:/ros2_ws/install/rosapi_msgs/lib:/ros2_ws/src/install/rplidar_ros/lib:/ros2_ws/my_ros2_project/install/rosbridge_test_msgs/lib:/ros2_ws/my_ros2_project/install/rosbridge_msgs/lib:/ros2_ws/my_ros2_project/install/rosapi_msgs/lib:/opt/ros/foxy/install/opt/yaml_cpp_vendor/lib:/opt/ros/foxy/install/opt/rviz_ogre_vendor/lib:/opt/ros/foxy/install/lib:/usr/local/cuda-10.2/targets/aarch64-linux/lib PYTHONPATH=/ros2_ws/install/rosapi/lib/python3.6/site-packages:/ros2_ws/install/rosbridge_library/lib/python3.6/site-packages:/ros2_ws/install/rosbridge_msgs/lib/python3.6/site-packages:/ros2_ws/install/rosapi_msgs/lib/python3.6/site-packages:${PYTHONPATH} /usr/local/bin/cmake --install /ros2_ws/build/rosbridge_server
[229.264s] Level 1:colcon.colcon_core.environment:checking '/ros2_ws/install/rosbridge_server' for CMake config files
[229.267s] Level 1:colcon.colcon_core.shell:create_environment_hook('rosbridge_server', 'cmake_prefix_path')
[229.269s] INFO:colcon.colcon_core.shell:Creating environment hook '/ros2_ws/install/rosbridge_server/share/rosbridge_server/hook/cmake_prefix_path.ps1'
[229.271s] INFO:colcon.colcon_core.shell:Creating environment descriptor '/ros2_ws/install/rosbridge_server/share/rosbridge_server/hook/cmake_prefix_path.dsv'
[229.272s] INFO:colcon.colcon_core.shell:Creating environment hook '/ros2_ws/install/rosbridge_server/share/rosbridge_server/hook/cmake_prefix_path.sh'
[229.277s] Level 1:colcon.colcon_core.environment:checking '/ros2_ws/install/rosbridge_server/lib'
[229.277s] Level 1:colcon.colcon_core.environment:checking '/ros2_ws/install/rosbridge_server/bin'
[229.278s] Level 1:colcon.colcon_core.environment:checking '/ros2_ws/install/rosbridge_server/lib/pkgconfig/rosbridge_server.pc'
[229.278s] Level 1:colcon.colcon_core.environment:checking '/ros2_ws/install/rosbridge_server/lib/python3.6/site-packages'
[229.279s] Level 1:colcon.colcon_core.shell:create_environment_hook('rosbridge_server', 'pythonpath')
[229.280s] INFO:colcon.colcon_core.shell:Creating environment hook '/ros2_ws/install/rosbridge_server/share/rosbridge_server/hook/pythonpath.ps1'
[229.282s] INFO:colcon.colcon_core.shell:Creating environment descriptor '/ros2_ws/install/rosbridge_server/share/rosbridge_server/hook/pythonpath.dsv'
[229.283s] INFO:colcon.colcon_core.shell:Creating environment hook '/ros2_ws/install/rosbridge_server/share/rosbridge_server/hook/pythonpath.sh'
[229.285s] Level 1:colcon.colcon_core.environment:checking '/ros2_ws/install/rosbridge_server/bin'
[229.288s] INFO:colcon.colcon_core.shell:Creating package script '/ros2_ws/install/rosbridge_server/share/rosbridge_server/package.ps1'
[229.290s] INFO:colcon.colcon_core.shell:Creating package descriptor '/ros2_ws/install/rosbridge_server/share/rosbridge_server/package.dsv'
[229.292s] INFO:colcon.colcon_core.shell:Creating package script '/ros2_ws/install/rosbridge_server/share/rosbridge_server/package.sh'
[229.294s] INFO:colcon.colcon_core.shell:Creating package script '/ros2_ws/install/rosbridge_server/share/rosbridge_server/package.bash'
[229.295s] INFO:colcon.colcon_core.shell:Creating package script '/ros2_ws/install/rosbridge_server/share/rosbridge_server/package.zsh'
[229.296s] Level 1:colcon.colcon_core.environment:create_file_with_runtime_dependencies(/ros2_ws/install/rosbridge_server/share/colcon-core/packages/rosbridge_server)
[229.502s] Level 1:colcon.colcon_core.environment:create_environment_scripts_only(rosbridge_server)
[229.504s] Level 1:colcon.colcon_core.environment:checking '/ros2_ws/install/rosbridge_server' for CMake module files
[229.508s] Level 1:colcon.colcon_core.environment:checking '/ros2_ws/install/rosbridge_server' for CMake config files
[229.511s] Level 1:colcon.colcon_core.shell:create_environment_hook('rosbridge_server', 'cmake_prefix_path')
[229.513s] INFO:colcon.colcon_core.shell:Creating environment hook '/ros2_ws/install/rosbridge_server/share/rosbridge_server/hook/cmake_prefix_path.ps1'
[229.515s] INFO:colcon.colcon_core.shell:Creating environment descriptor '/ros2_ws/install/rosbridge_server/share/rosbridge_server/hook/cmake_prefix_path.dsv'
[229.517s] INFO:colcon.colcon_core.shell:Creating environment hook '/ros2_ws/install/rosbridge_server/share/rosbridge_server/hook/cmake_prefix_path.sh'
[229.520s] Level 1:colcon.colcon_core.environment:checking '/ros2_ws/install/rosbridge_server/lib'
[229.521s] Level 1:colcon.colcon_core.environment:checking '/ros2_ws/install/rosbridge_server/bin'
[229.521s] Level 1:colcon.colcon_core.environment:checking '/ros2_ws/install/rosbridge_server/lib/pkgconfig/rosbridge_server.pc'
[229.522s] Level 1:colcon.colcon_core.environment:checking '/ros2_ws/install/rosbridge_server/lib/python3.6/site-packages'
[229.522s] Level 1:colcon.colcon_core.shell:create_environment_hook('rosbridge_server', 'pythonpath')
[229.524s] INFO:colcon.colcon_core.shell:Creating environment hook '/ros2_ws/install/rosbridge_server/share/rosbridge_server/hook/pythonpath.ps1'
[229.526s] INFO:colcon.colcon_core.shell:Creating environment descriptor '/ros2_ws/install/rosbridge_server/share/rosbridge_server/hook/pythonpath.dsv'
[229.527s] INFO:colcon.colcon_core.shell:Creating environment hook '/ros2_ws/install/rosbridge_server/share/rosbridge_server/hook/pythonpath.sh'
[229.529s] Level 1:colcon.colcon_core.environment:checking '/ros2_ws/install/rosbridge_server/bin'
[229.531s] INFO:colcon.colcon_core.shell:Creating package script '/ros2_ws/install/rosbridge_server/share/rosbridge_server/package.ps1'
[229.534s] INFO:colcon.colcon_core.shell:Creating package descriptor '/ros2_ws/install/rosbridge_server/share/rosbridge_server/package.dsv'
[229.537s] INFO:colcon.colcon_core.shell:Creating package script '/ros2_ws/install/rosbridge_server/share/rosbridge_server/package.sh'
[229.539s] INFO:colcon.colcon_core.shell:Creating package script '/ros2_ws/install/rosbridge_server/share/rosbridge_server/package.bash'
[229.541s] INFO:colcon.colcon_core.shell:Creating package script '/ros2_ws/install/rosbridge_server/share/rosbridge_server/package.zsh'
[229.543s] Level 1:colcon.colcon_core.environment:create_file_with_runtime_dependencies(/ros2_ws/install/rosbridge_server/share/colcon-core/packages/rosbridge_server)
[229.544s] INFO:colcon.colcon_ros.task.ament_cmake.build:Building ROS package in '/ros2_ws/src/rosbridge_suite' with build type 'ament_cmake'
[229.545s] INFO:colcon.colcon_cmake.task.cmake.build:Building CMake package in '/ros2_ws/src/rosbridge_suite'
[229.547s] INFO:colcon.colcon_core.shell:Skip shell extension 'powershell' for command environment: Not usable outside of PowerShell
[229.547s] DEBUG:colcon.colcon_core.shell:Skip shell extension 'dsv' for command environment
[229.661s] DEBUG:colcon.colcon_core.event_handler.log_command:Invoking command in '/ros2_ws/build/rosbridge_suite': AMENT_PREFIX_PATH=/ros2_ws/install/rosbridge_server:/ros2_ws/install/rosapi:/ros2_ws/install/rosbridge_library:/ros2_ws/install/rosbridge_msgs:/ros2_ws/install/rosapi_msgs:${AMENT_PREFIX_PATH} CMAKE_PREFIX_PATH=/ros2_ws/install/rosbridge_server:/ros2_ws/install/rosapi:/ros2_ws/install/rosbridge_library:/ros2_ws/install/rosbridge_msgs:/ros2_ws/install/rosapi_msgs:${CMAKE_PREFIX_PATH} LD_LIBRARY_PATH=/ros2_ws/install/rosbridge_msgs/lib:/ros2_ws/install/rosapi_msgs/lib:/ros2_ws/src/install/rplidar_ros/lib:/ros2_ws/my_ros2_project/install/rosbridge_test_msgs/lib:/ros2_ws/my_ros2_project/install/rosbridge_msgs/lib:/ros2_ws/my_ros2_project/install/rosapi_msgs/lib:/opt/ros/foxy/install/opt/yaml_cpp_vendor/lib:/opt/ros/foxy/install/opt/rviz_ogre_vendor/lib:/opt/ros/foxy/install/lib:/usr/local/cuda-10.2/targets/aarch64-linux/lib PYTHONPATH=/ros2_ws/install/rosbridge_server/lib/python3.6/site-packages:/ros2_ws/install/rosapi/lib/python3.6/site-packages:/ros2_ws/install/rosbridge_library/lib/python3.6/site-packages:/ros2_ws/install/rosbridge_msgs/lib/python3.6/site-packages:/ros2_ws/install/rosapi_msgs/lib/python3.6/site-packages:${PYTHONPATH} /usr/local/bin/cmake /ros2_ws/src/rosbridge_suite -DAMENT_CMAKE_SYMLINK_INSTALL=1 -DCMAKE_INSTALL_PREFIX=/ros2_ws/install/rosbridge_suite
[231.650s] DEBUG:colcon.colcon_core.event_handler.log_command:Invoked command in '/ros2_ws/build/rosbridge_suite' returned '0': AMENT_PREFIX_PATH=/ros2_ws/install/rosbridge_server:/ros2_ws/install/rosapi:/ros2_ws/install/rosbridge_library:/ros2_ws/install/rosbridge_msgs:/ros2_ws/install/rosapi_msgs:${AMENT_PREFIX_PATH} CMAKE_PREFIX_PATH=/ros2_ws/install/rosbridge_server:/ros2_ws/install/rosapi:/ros2_ws/install/rosbridge_library:/ros2_ws/install/rosbridge_msgs:/ros2_ws/install/rosapi_msgs:${CMAKE_PREFIX_PATH} LD_LIBRARY_PATH=/ros2_ws/install/rosbridge_msgs/lib:/ros2_ws/install/rosapi_msgs/lib:/ros2_ws/src/install/rplidar_ros/lib:/ros2_ws/my_ros2_project/install/rosbridge_test_msgs/lib:/ros2_ws/my_ros2_project/install/rosbridge_msgs/lib:/ros2_ws/my_ros2_project/install/rosapi_msgs/lib:/opt/ros/foxy/install/opt/yaml_cpp_vendor/lib:/opt/ros/foxy/install/opt/rviz_ogre_vendor/lib:/opt/ros/foxy/install/lib:/usr/local/cuda-10.2/targets/aarch64-linux/lib PYTHONPATH=/ros2_ws/install/rosbridge_server/lib/python3.6/site-packages:/ros2_ws/install/rosapi/lib/python3.6/site-packages:/ros2_ws/install/rosbridge_library/lib/python3.6/site-packages:/ros2_ws/install/rosbridge_msgs/lib/python3.6/site-packages:/ros2_ws/install/rosapi_msgs/lib/python3.6/site-packages:${PYTHONPATH} /usr/local/bin/cmake /ros2_ws/src/rosbridge_suite -DAMENT_CMAKE_SYMLINK_INSTALL=1 -DCMAKE_INSTALL_PREFIX=/ros2_ws/install/rosbridge_suite
[231.660s] DEBUG:colcon.colcon_core.event_handler.log_command:Invoking command in '/ros2_ws/build/rosbridge_suite': AMENT_PREFIX_PATH=/ros2_ws/install/rosbridge_server:/ros2_ws/install/rosapi:/ros2_ws/install/rosbridge_library:/ros2_ws/install/rosbridge_msgs:/ros2_ws/install/rosapi_msgs:${AMENT_PREFIX_PATH} CMAKE_PREFIX_PATH=/ros2_ws/install/rosbridge_server:/ros2_ws/install/rosapi:/ros2_ws/install/rosbridge_library:/ros2_ws/install/rosbridge_msgs:/ros2_ws/install/rosapi_msgs:${CMAKE_PREFIX_PATH} LD_LIBRARY_PATH=/ros2_ws/install/rosbridge_msgs/lib:/ros2_ws/install/rosapi_msgs/lib:/ros2_ws/src/install/rplidar_ros/lib:/ros2_ws/my_ros2_project/install/rosbridge_test_msgs/lib:/ros2_ws/my_ros2_project/install/rosbridge_msgs/lib:/ros2_ws/my_ros2_project/install/rosapi_msgs/lib:/opt/ros/foxy/install/opt/yaml_cpp_vendor/lib:/opt/ros/foxy/install/opt/rviz_ogre_vendor/lib:/opt/ros/foxy/install/lib:/usr/local/cuda-10.2/targets/aarch64-linux/lib PYTHONPATH=/ros2_ws/install/rosbridge_server/lib/python3.6/site-packages:/ros2_ws/install/rosapi/lib/python3.6/site-packages:/ros2_ws/install/rosbridge_library/lib/python3.6/site-packages:/ros2_ws/install/rosbridge_msgs/lib/python3.6/site-packages:/ros2_ws/install/rosapi_msgs/lib/python3.6/site-packages:${PYTHONPATH} /usr/local/bin/cmake --build /ros2_ws/build/rosbridge_suite -- -j4 -l4
[231.872s] DEBUG:colcon.colcon_core.event_handler.log_command:Invoked command in '/ros2_ws/build/rosbridge_suite' returned '0': AMENT_PREFIX_PATH=/ros2_ws/install/rosbridge_server:/ros2_ws/install/rosapi:/ros2_ws/install/rosbridge_library:/ros2_ws/install/rosbridge_msgs:/ros2_ws/install/rosapi_msgs:${AMENT_PREFIX_PATH} CMAKE_PREFIX_PATH=/ros2_ws/install/rosbridge_server:/ros2_ws/install/rosapi:/ros2_ws/install/rosbridge_library:/ros2_ws/install/rosbridge_msgs:/ros2_ws/install/rosapi_msgs:${CMAKE_PREFIX_PATH} LD_LIBRARY_PATH=/ros2_ws/install/rosbridge_msgs/lib:/ros2_ws/install/rosapi_msgs/lib:/ros2_ws/src/install/rplidar_ros/lib:/ros2_ws/my_ros2_project/install/rosbridge_test_msgs/lib:/ros2_ws/my_ros2_project/install/rosbridge_msgs/lib:/ros2_ws/my_ros2_project/install/rosapi_msgs/lib:/opt/ros/foxy/install/opt/yaml_cpp_vendor/lib:/opt/ros/foxy/install/opt/rviz_ogre_vendor/lib:/opt/ros/foxy/install/lib:/usr/local/cuda-10.2/targets/aarch64-linux/lib PYTHONPATH=/ros2_ws/install/rosbridge_server/lib/python3.6/site-packages:/ros2_ws/install/rosapi/lib/python3.6/site-packages:/ros2_ws/install/rosbridge_library/lib/python3.6/site-packages:/ros2_ws/install/rosbridge_msgs/lib/python3.6/site-packages:/ros2_ws/install/rosapi_msgs/lib/python3.6/site-packages:${PYTHONPATH} /usr/local/bin/cmake --build /ros2_ws/build/rosbridge_suite -- -j4 -l4
[232.078s] DEBUG:colcon.colcon_core.event_handler.log_command:Invoking command in '/ros2_ws/build/rosbridge_suite': AMENT_PREFIX_PATH=/ros2_ws/install/rosbridge_server:/ros2_ws/install/rosapi:/ros2_ws/install/rosbridge_library:/ros2_ws/install/rosbridge_msgs:/ros2_ws/install/rosapi_msgs:${AMENT_PREFIX_PATH} CMAKE_PREFIX_PATH=/ros2_ws/install/rosbridge_server:/ros2_ws/install/rosapi:/ros2_ws/install/rosbridge_library:/ros2_ws/install/rosbridge_msgs:/ros2_ws/install/rosapi_msgs:${CMAKE_PREFIX_PATH} LD_LIBRARY_PATH=/ros2_ws/install/rosbridge_msgs/lib:/ros2_ws/install/rosapi_msgs/lib:/ros2_ws/src/install/rplidar_ros/lib:/ros2_ws/my_ros2_project/install/rosbridge_test_msgs/lib:/ros2_ws/my_ros2_project/install/rosbridge_msgs/lib:/ros2_ws/my_ros2_project/install/rosapi_msgs/lib:/opt/ros/foxy/install/opt/yaml_cpp_vendor/lib:/opt/ros/foxy/install/opt/rviz_ogre_vendor/lib:/opt/ros/foxy/install/lib:/usr/local/cuda-10.2/targets/aarch64-linux/lib PYTHONPATH=/ros2_ws/install/rosbridge_server/lib/python3.6/site-packages:/ros2_ws/install/rosapi/lib/python3.6/site-packages:/ros2_ws/install/rosbridge_library/lib/python3.6/site-packages:/ros2_ws/install/rosbridge_msgs/lib/python3.6/site-packages:/ros2_ws/install/rosapi_msgs/lib/python3.6/site-packages:${PYTHONPATH} /usr/local/bin/cmake --install /ros2_ws/build/rosbridge_suite
[232.395s] Level 1:colcon.colcon_core.environment:create_environment_scripts_only(rosbridge_suite)
[232.398s] Level 1:colcon.colcon_core.environment:checking '/ros2_ws/install/rosbridge_suite' for CMake module files
[232.401s] DEBUG:colcon.colcon_core.event_handler.log_command:Invoked command in '/ros2_ws/build/rosbridge_suite' returned '0': AMENT_PREFIX_PATH=/ros2_ws/install/rosbridge_server:/ros2_ws/install/rosapi:/ros2_ws/install/rosbridge_library:/ros2_ws/install/rosbridge_msgs:/ros2_ws/install/rosapi_msgs:${AMENT_PREFIX_PATH} CMAKE_PREFIX_PATH=/ros2_ws/install/rosbridge_server:/ros2_ws/install/rosapi:/ros2_ws/install/rosbridge_library:/ros2_ws/install/rosbridge_msgs:/ros2_ws/install/rosapi_msgs:${CMAKE_PREFIX_PATH} LD_LIBRARY_PATH=/ros2_ws/install/rosbridge_msgs/lib:/ros2_ws/install/rosapi_msgs/lib:/ros2_ws/src/install/rplidar_ros/lib:/ros2_ws/my_ros2_project/install/rosbridge_test_msgs/lib:/ros2_ws/my_ros2_project/install/rosbridge_msgs/lib:/ros2_ws/my_ros2_project/install/rosapi_msgs/lib:/opt/ros/foxy/install/opt/yaml_cpp_vendor/lib:/opt/ros/foxy/install/opt/rviz_ogre_vendor/lib:/opt/ros/foxy/install/lib:/usr/local/cuda-10.2/targets/aarch64-linux/lib PYTHONPATH=/ros2_ws/install/rosbridge_server/lib/python3.6/site-packages:/ros2_ws/install/rosapi/lib/python3.6/site-packages:/ros2_ws/install/rosbridge_library/lib/python3.6/site-packages:/ros2_ws/install/rosbridge_msgs/lib/python3.6/site-packages:/ros2_ws/install/rosapi_msgs/lib/python3.6/site-packages:${PYTHONPATH} /usr/local/bin/cmake --install /ros2_ws/build/rosbridge_suite
[232.402s] Level 1:colcon.colcon_core.environment:checking '/ros2_ws/install/rosbridge_suite' for CMake config files
[232.403s] Level 1:colcon.colcon_core.shell:create_environment_hook('rosbridge_suite', 'cmake_prefix_path')
[232.405s] INFO:colcon.colcon_core.shell:Creating environment hook '/ros2_ws/install/rosbridge_suite/share/rosbridge_suite/hook/cmake_prefix_path.ps1'
[232.407s] INFO:colcon.colcon_core.shell:Creating environment descriptor '/ros2_ws/install/rosbridge_suite/share/rosbridge_suite/hook/cmake_prefix_path.dsv'
[232.409s] INFO:colcon.colcon_core.shell:Creating environment hook '/ros2_ws/install/rosbridge_suite/share/rosbridge_suite/hook/cmake_prefix_path.sh'
[232.412s] Level 1:colcon.colcon_core.environment:checking '/ros2_ws/install/rosbridge_suite/bin'
[232.412s] Level 1:colcon.colcon_core.environment:checking '/ros2_ws/install/rosbridge_suite/lib/pkgconfig/rosbridge_suite.pc'
[232.413s] Level 1:colcon.colcon_core.environment:checking '/ros2_ws/install/rosbridge_suite/lib/python3.6/site-packages'
[232.414s] Level 1:colcon.colcon_core.environment:checking '/ros2_ws/install/rosbridge_suite/bin'
[232.416s] INFO:colcon.colcon_core.shell:Creating package script '/ros2_ws/install/rosbridge_suite/share/rosbridge_suite/package.ps1'
[232.418s] INFO:colcon.colcon_core.shell:Creating package descriptor '/ros2_ws/install/rosbridge_suite/share/rosbridge_suite/package.dsv'
[232.420s] INFO:colcon.colcon_core.shell:Creating package script '/ros2_ws/install/rosbridge_suite/share/rosbridge_suite/package.sh'
[232.422s] INFO:colcon.colcon_core.shell:Creating package script '/ros2_ws/install/rosbridge_suite/share/rosbridge_suite/package.bash'
[232.424s] INFO:colcon.colcon_core.shell:Creating package script '/ros2_ws/install/rosbridge_suite/share/rosbridge_suite/package.zsh'
[232.425s] Level 1:colcon.colcon_core.environment:create_file_with_runtime_dependencies(/ros2_ws/install/rosbridge_suite/share/colcon-core/packages/rosbridge_suite)
[232.626s] Level 1:colcon.colcon_core.environment:create_environment_scripts_only(rosbridge_suite)
[232.628s] Level 1:colcon.colcon_core.environment:checking '/ros2_ws/install/rosbridge_suite' for CMake module files
[232.631s] Level 1:colcon.colcon_core.environment:checking '/ros2_ws/install/rosbridge_suite' for CMake config files
[232.633s] Level 1:colcon.colcon_core.shell:create_environment_hook('rosbridge_suite', 'cmake_prefix_path')
[232.634s] INFO:colcon.colcon_core.shell:Creating environment hook '/ros2_ws/install/rosbridge_suite/share/rosbridge_suite/hook/cmake_prefix_path.ps1'
[232.636s] INFO:colcon.colcon_core.shell:Creating environment descriptor '/ros2_ws/install/rosbridge_suite/share/rosbridge_suite/hook/cmake_prefix_path.dsv'
[232.638s] INFO:colcon.colcon_core.shell:Creating environment hook '/ros2_ws/install/rosbridge_suite/share/rosbridge_suite/hook/cmake_prefix_path.sh'
[232.641s] Level 1:colcon.colcon_core.environment:checking '/ros2_ws/install/rosbridge_suite/bin'
[232.641s] Level 1:colcon.colcon_core.environment:checking '/ros2_ws/install/rosbridge_suite/lib/pkgconfig/rosbridge_suite.pc'
[232.642s] Level 1:colcon.colcon_core.environment:checking '/ros2_ws/install/rosbridge_suite/lib/python3.6/site-packages'
[232.643s] Level 1:colcon.colcon_core.environment:checking '/ros2_ws/install/rosbridge_suite/bin'
[232.645s] INFO:colcon.colcon_core.shell:Creating package script '/ros2_ws/install/rosbridge_suite/share/rosbridge_suite/package.ps1'
[232.648s] INFO:colcon.colcon_core.shell:Creating package descriptor '/ros2_ws/install/rosbridge_suite/share/rosbridge_suite/package.dsv'
[232.650s] INFO:colcon.colcon_core.shell:Creating package script '/ros2_ws/install/rosbridge_suite/share/rosbridge_suite/package.sh'
[232.652s] INFO:colcon.colcon_core.shell:Creating package script '/ros2_ws/install/rosbridge_suite/share/rosbridge_suite/package.bash'
[232.654s] INFO:colcon.colcon_core.shell:Creating package script '/ros2_ws/install/rosbridge_suite/share/rosbridge_suite/package.zsh'
[232.656s] Level 1:colcon.colcon_core.environment:create_file_with_runtime_dependencies(/ros2_ws/install/rosbridge_suite/share/colcon-core/packages/rosbridge_suite)
[232.657s] DEBUG:colcon.colcon_parallel_executor.executor.parallel:closing loop
[232.662s] DEBUG:colcon.colcon_parallel_executor.executor.parallel:loop closed
[232.663s] DEBUG:colcon.colcon_parallel_executor.executor.parallel:run_until_complete finished with '0'
[232.663s] DEBUG:colcon.colcon_core.event_reactor:joining thread
[232.720s] INFO:colcon.colcon_core.plugin_system:Skipping extension 'colcon_notification.desktop_notification.notify_send': Could not find 'notify-send'
[232.721s] INFO:colcon.colcon_core.plugin_system:Skipping extension 'colcon_notification.desktop_notification.terminal_notifier': Not used on non-Darwin systems
[232.721s] INFO:colcon.colcon_core.plugin_system:Skipping extension 'colcon_notification.desktop_notification.win32': Not used on non-Windows systems
[232.722s] INFO:colcon.colcon_notification.desktop_notification:Sending desktop notification using 'notify2'
[232.722s] DEBUG:colcon.colcon_notification.desktop_notification.notify2:Failed to initialize notify2: org.freedesktop.DBus.Error.NotSupported: Unable to autolaunch a dbus-daemon without a $DISPLAY for X11
[232.722s] DEBUG:colcon.colcon_core.event_reactor:joined thread
[232.724s] INFO:colcon.colcon_core.shell:Creating prefix script '/ros2_ws/install/local_setup.ps1'
[232.730s] INFO:colcon.colcon_core.shell:Creating prefix util module '/ros2_ws/install/_local_setup_util_ps1.py'
[232.740s] INFO:colcon.colcon_core.shell:Creating prefix chain script '/ros2_ws/install/setup.ps1'
[232.747s] INFO:colcon.colcon_core.shell:Creating prefix script '/ros2_ws/install/local_setup.sh'
[232.752s] INFO:colcon.colcon_core.shell:Creating prefix util module '/ros2_ws/install/_local_setup_util_sh.py'
[232.754s] INFO:colcon.colcon_core.shell:Creating prefix chain script '/ros2_ws/install/setup.sh'
[232.762s] INFO:colcon.colcon_core.shell:Creating prefix script '/ros2_ws/install/local_setup.bash'
[232.765s] INFO:colcon.colcon_core.shell:Creating prefix chain script '/ros2_ws/install/setup.bash'
[232.772s] INFO:colcon.colcon_core.shell:Creating prefix script '/ros2_ws/install/local_setup.zsh'
[232.775s] INFO:colcon.colcon_core.shell:Creating prefix chain script '/ros2_ws/install/setup.zsh'
