[0.055s] Invoking command in '/ros2_ws/build/rosapi_msgs': CMAKE_PREFIX_PATH=/opt/ros/humble /usr/bin/cmake /ros2_ws/rosapi_msgs -DCMAKE_INSTALL_PREFIX=/ros2_ws/install/rosapi_msgs
[1.029s] -- The C compiler identification is GNU 11.4.0
[1.540s] -- The CXX compiler identification is GNU 11.4.0
[1.580s] -- Detecting C compiler ABI info
[1.851s] -- Detecting C compiler ABI info - done
[1.884s] -- Check for working C compiler: /usr/bin/cc - skipped
[1.885s] -- Detecting C compile features
[1.887s] -- Detecting C compile features - done
[1.902s] -- Detecting CXX compiler ABI info
[2.216s] -- Detecting CXX compiler ABI info - done
[2.253s] -- Check for working CXX compiler: /usr/bin/c++ - skipped
[2.254s] -- Detecting CXX compile features
[2.256s] -- Detecting CXX compile features - done
[2.269s] -- Found ament_cmake_ros: 0.10.0 (/opt/ros/humble/share/ament_cmake_ros/cmake)
[2.960s] -- Found Python3: /usr/bin/python3 (found version "3.10.12") found components: Interpreter 
[3.470s] -- Found builtin_interfaces: 1.2.2 (/opt/ros/humble/share/builtin_interfaces/cmake)
[3.627s] -- Found rosidl_generator_c: 3.1.8 (/opt/ros/humble/share/rosidl_generator_c/cmake)
[3.660s] -- Found rosidl_adapter: 3.1.8 (/opt/ros/humble/share/rosidl_adapter/cmake)
[3.703s] -- Found rosidl_generator_cpp: 3.1.8 (/opt/ros/humble/share/rosidl_generator_cpp/cmake)
[3.766s] -- Using all available rosidl_typesupport_c: rosidl_typesupport_fastrtps_c;rosidl_typesupport_introspection_c
[3.852s] -- Using all available rosidl_typesupport_cpp: rosidl_typesupport_fastrtps_cpp;rosidl_typesupport_introspection_cpp
[3.936s] -- Found rosidl_default_generators: 1.2.1 (/opt/ros/humble/share/rosidl_default_generators/cmake)
[7.568s] -- Using all available rosidl_typesupport_c: rosidl_typesupport_fastrtps_c;rosidl_typesupport_introspection_c
[8.053s] -- Using all available rosidl_typesupport_cpp: rosidl_typesupport_fastrtps_cpp;rosidl_typesupport_introspection_cpp
[8.139s] -- Found PythonInterp: /usr/bin/python3 (found suitable version "3.10.12", minimum required is "3.6") 
[8.147s] -- Found python_cmake_module: 0.10.0 (/opt/ros/humble/share/python_cmake_module/cmake)
[8.256s] -- Found PythonLibs: /usr/lib/aarch64-linux-gnu/libpython3.10.so (found suitable version "3.10.12", minimum required is "3.5") 
[8.257s] -- Using PYTHON_EXECUTABLE: /usr/bin/python3
[8.257s] -- Using PYTHON_INCLUDE_DIRS: /usr/include/python3.10
[8.258s] -- Using PYTHON_LIBRARIES: /usr/lib/aarch64-linux-gnu/libpython3.10.so
[8.466s] -- Found PythonExtra: .so  
[9.173s] -- Configuring done
[9.826s] -- Generating done
[9.998s] -- Build files have been written to: /ros2_ws/build/rosapi_msgs
[10.071s] Invoked command in '/ros2_ws/build/rosapi_msgs' returned '0': CMAKE_PREFIX_PATH=/opt/ros/humble /usr/bin/cmake /ros2_ws/rosapi_msgs -DCMAKE_INSTALL_PREFIX=/ros2_ws/install/rosapi_msgs
[10.073s] Invoking command in '/ros2_ws/build/rosapi_msgs': CMAKE_PREFIX_PATH=/opt/ros/humble /usr/bin/cmake --build /ros2_ws/build/rosapi_msgs -- -j4 -l4
[10.753s] [  1%] [34m[1mGenerating C code for ROS interfaces[0m
[10.766s] [  2%] [34m[1mGenerating Rust code for ROS interfaces[0m
[10.942s] [  2%] Built target ament_cmake_python_copy_rosapi_msgs
[10.946s] [  2%] [34m[1mGenerating C++ code for ROS interfaces[0m
[13.811s] running egg_info
[13.815s] creating rosapi_msgs.egg-info
[13.816s] writing rosapi_msgs.egg-info/PKG-INFO
[13.818s] writing dependency_links to rosapi_msgs.egg-info/dependency_links.txt
[13.819s] writing top-level names to rosapi_msgs.egg-info/top_level.txt
[13.821s] writing manifest file 'rosapi_msgs.egg-info/SOURCES.txt'
[13.850s] reading manifest file 'rosapi_msgs.egg-info/SOURCES.txt'
[13.853s] writing manifest file 'rosapi_msgs.egg-info/SOURCES.txt'
[14.288s] [  2%] Built target ament_cmake_python_build_rosapi_msgs_egg
[20.966s] [  2%] Built target rosapi_msgs__rs
[41.451s] [  2%] Built target rosapi_msgs__cpp
[41.737s] [  2%] [32mBuilding C object CMakeFiles/rosapi_msgs__rosidl_generator_c.dir/rosidl_generator_c/rosapi_msgs/msg/detail/type_def__functions.c.o[0m
[42.068s] [  3%] [32mBuilding C object CMakeFiles/rosapi_msgs__rosidl_generator_c.dir/rosidl_generator_c/rosapi_msgs/srv/detail/delete_param__functions.c.o[0m
[42.349s] [  3%] [32mBuilding C object CMakeFiles/rosapi_msgs__rosidl_generator_c.dir/rosidl_generator_c/rosapi_msgs/srv/detail/get_action_servers__functions.c.o[0m
[42.639s] [  4%] [32mBuilding C object CMakeFiles/rosapi_msgs__rosidl_generator_c.dir/rosidl_generator_c/rosapi_msgs/srv/detail/get_param__functions.c.o[0m
[42.952s] [  4%] [32mBuilding C object CMakeFiles/rosapi_msgs__rosidl_generator_c.dir/rosidl_generator_c/rosapi_msgs/srv/detail/get_param_names__functions.c.o[0m
[43.243s] [  5%] [32mBuilding C object CMakeFiles/rosapi_msgs__rosidl_generator_c.dir/rosidl_generator_c/rosapi_msgs/srv/detail/get_ros_version__functions.c.o[0m
[43.515s] [  5%] [32mBuilding C object CMakeFiles/rosapi_msgs__rosidl_generator_c.dir/rosidl_generator_c/rosapi_msgs/srv/detail/get_time__functions.c.o[0m
[43.777s] [  5%] [32mBuilding C object CMakeFiles/rosapi_msgs__rosidl_generator_c.dir/rosidl_generator_c/rosapi_msgs/srv/detail/has_param__functions.c.o[0m
[44.048s] [  6%] [32mBuilding C object CMakeFiles/rosapi_msgs__rosidl_generator_c.dir/rosidl_generator_c/rosapi_msgs/srv/detail/message_details__functions.c.o[0m
[44.314s] [  6%] [32mBuilding C object CMakeFiles/rosapi_msgs__rosidl_generator_c.dir/rosidl_generator_c/rosapi_msgs/srv/detail/nodes__functions.c.o[0m
[44.557s] [  7%] [32mBuilding C object CMakeFiles/rosapi_msgs__rosidl_generator_c.dir/rosidl_generator_c/rosapi_msgs/srv/detail/node_details__functions.c.o[0m
[44.826s] [  7%] [32mBuilding C object CMakeFiles/rosapi_msgs__rosidl_generator_c.dir/rosidl_generator_c/rosapi_msgs/srv/detail/publishers__functions.c.o[0m
[45.097s] [  8%] [32mBuilding C object CMakeFiles/rosapi_msgs__rosidl_generator_c.dir/rosidl_generator_c/rosapi_msgs/srv/detail/service_node__functions.c.o[0m
[45.372s] [  8%] [32mBuilding C object CMakeFiles/rosapi_msgs__rosidl_generator_c.dir/rosidl_generator_c/rosapi_msgs/srv/detail/service_providers__functions.c.o[0m
[45.645s] [  9%] [32mBuilding C object CMakeFiles/rosapi_msgs__rosidl_generator_c.dir/rosidl_generator_c/rosapi_msgs/srv/detail/service_request_details__functions.c.o[0m
[45.907s] [  9%] [32mBuilding C object CMakeFiles/rosapi_msgs__rosidl_generator_c.dir/rosidl_generator_c/rosapi_msgs/srv/detail/service_response_details__functions.c.o[0m
[46.168s] [  9%] [32mBuilding C object CMakeFiles/rosapi_msgs__rosidl_generator_c.dir/rosidl_generator_c/rosapi_msgs/srv/detail/services__functions.c.o[0m
[46.410s] [ 10%] [32mBuilding C object CMakeFiles/rosapi_msgs__rosidl_generator_c.dir/rosidl_generator_c/rosapi_msgs/srv/detail/services_for_type__functions.c.o[0m
[46.671s] [ 10%] [32mBuilding C object CMakeFiles/rosapi_msgs__rosidl_generator_c.dir/rosidl_generator_c/rosapi_msgs/srv/detail/service_type__functions.c.o[0m
[46.926s] [ 11%] [32mBuilding C object CMakeFiles/rosapi_msgs__rosidl_generator_c.dir/rosidl_generator_c/rosapi_msgs/srv/detail/set_param__functions.c.o[0m
[47.196s] [ 11%] [32mBuilding C object CMakeFiles/rosapi_msgs__rosidl_generator_c.dir/rosidl_generator_c/rosapi_msgs/srv/detail/subscribers__functions.c.o[0m
[47.463s] [ 12%] [32mBuilding C object CMakeFiles/rosapi_msgs__rosidl_generator_c.dir/rosidl_generator_c/rosapi_msgs/srv/detail/topics__functions.c.o[0m
[47.733s] [ 12%] [32mBuilding C object CMakeFiles/rosapi_msgs__rosidl_generator_c.dir/rosidl_generator_c/rosapi_msgs/srv/detail/topics_and_raw_types__functions.c.o[0m
[47.997s] [ 13%] [32mBuilding C object CMakeFiles/rosapi_msgs__rosidl_generator_c.dir/rosidl_generator_c/rosapi_msgs/srv/detail/topics_for_type__functions.c.o[0m
[48.292s] [ 13%] [32mBuilding C object CMakeFiles/rosapi_msgs__rosidl_generator_c.dir/rosidl_generator_c/rosapi_msgs/srv/detail/topic_type__functions.c.o[0m
[48.558s] [ 13%] [32m[1mLinking C shared library librosapi_msgs__rosidl_generator_c.so[0m
[48.736s] [ 13%] Built target rosapi_msgs__rosidl_generator_c
[48.774s] [ 13%] [34m[1mGenerating C++ type support dispatch for ROS interfaces[0m
[55.018s] [ 14%] [32mBuilding CXX object CMakeFiles/rosapi_msgs__rosidl_typesupport_cpp.dir/rosidl_typesupport_cpp/rosapi_msgs/msg/type_def__type_support.cpp.o[0m
[56.229s] [ 14%] [32mBuilding CXX object CMakeFiles/rosapi_msgs__rosidl_typesupport_cpp.dir/rosidl_typesupport_cpp/rosapi_msgs/srv/delete_param__type_support.cpp.o[0m
[57.497s] [ 15%] [32mBuilding CXX object CMakeFiles/rosapi_msgs__rosidl_typesupport_cpp.dir/rosidl_typesupport_cpp/rosapi_msgs/srv/get_action_servers__type_support.cpp.o[0m
[58.803s] [ 15%] [32mBuilding CXX object CMakeFiles/rosapi_msgs__rosidl_typesupport_cpp.dir/rosidl_typesupport_cpp/rosapi_msgs/srv/get_param__type_support.cpp.o[0m
[60.096s] [ 16%] [32mBuilding CXX object CMakeFiles/rosapi_msgs__rosidl_typesupport_cpp.dir/rosidl_typesupport_cpp/rosapi_msgs/srv/get_param_names__type_support.cpp.o[0m
[61.276s] [ 16%] [32mBuilding CXX object CMakeFiles/rosapi_msgs__rosidl_typesupport_cpp.dir/rosidl_typesupport_cpp/rosapi_msgs/srv/get_ros_version__type_support.cpp.o[0m
[62.490s] [ 17%] [32mBuilding CXX object CMakeFiles/rosapi_msgs__rosidl_typesupport_cpp.dir/rosidl_typesupport_cpp/rosapi_msgs/srv/get_time__type_support.cpp.o[0m
[63.638s] [ 17%] [32mBuilding CXX object CMakeFiles/rosapi_msgs__rosidl_typesupport_cpp.dir/rosidl_typesupport_cpp/rosapi_msgs/srv/has_param__type_support.cpp.o[0m
[64.770s] [ 17%] [32mBuilding CXX object CMakeFiles/rosapi_msgs__rosidl_typesupport_cpp.dir/rosidl_typesupport_cpp/rosapi_msgs/srv/message_details__type_support.cpp.o[0m
[65.929s] [ 18%] [32mBuilding CXX object CMakeFiles/rosapi_msgs__rosidl_typesupport_cpp.dir/rosidl_typesupport_cpp/rosapi_msgs/srv/nodes__type_support.cpp.o[0m
[67.278s] [ 18%] [32mBuilding CXX object CMakeFiles/rosapi_msgs__rosidl_typesupport_cpp.dir/rosidl_typesupport_cpp/rosapi_msgs/srv/node_details__type_support.cpp.o[0m
[68.424s] [ 19%] [32mBuilding CXX object CMakeFiles/rosapi_msgs__rosidl_typesupport_cpp.dir/rosidl_typesupport_cpp/rosapi_msgs/srv/publishers__type_support.cpp.o[0m
[69.558s] [ 19%] [32mBuilding CXX object CMakeFiles/rosapi_msgs__rosidl_typesupport_cpp.dir/rosidl_typesupport_cpp/rosapi_msgs/srv/service_node__type_support.cpp.o[0m
[70.687s] [ 20%] [32mBuilding CXX object CMakeFiles/rosapi_msgs__rosidl_typesupport_cpp.dir/rosidl_typesupport_cpp/rosapi_msgs/srv/service_providers__type_support.cpp.o[0m
[71.850s] [ 20%] [32mBuilding CXX object CMakeFiles/rosapi_msgs__rosidl_typesupport_cpp.dir/rosidl_typesupport_cpp/rosapi_msgs/srv/service_request_details__type_support.cpp.o[0m
[73.050s] [ 21%] [32mBuilding CXX object CMakeFiles/rosapi_msgs__rosidl_typesupport_cpp.dir/rosidl_typesupport_cpp/rosapi_msgs/srv/service_response_details__type_support.cpp.o[0m
[74.236s] [ 21%] [32mBuilding CXX object CMakeFiles/rosapi_msgs__rosidl_typesupport_cpp.dir/rosidl_typesupport_cpp/rosapi_msgs/srv/services__type_support.cpp.o[0m
[75.432s] [ 21%] [32mBuilding CXX object CMakeFiles/rosapi_msgs__rosidl_typesupport_cpp.dir/rosidl_typesupport_cpp/rosapi_msgs/srv/services_for_type__type_support.cpp.o[0m
[76.644s] [ 22%] [32mBuilding CXX object CMakeFiles/rosapi_msgs__rosidl_typesupport_cpp.dir/rosidl_typesupport_cpp/rosapi_msgs/srv/service_type__type_support.cpp.o[0m
[77.907s] [ 22%] [32mBuilding CXX object CMakeFiles/rosapi_msgs__rosidl_typesupport_cpp.dir/rosidl_typesupport_cpp/rosapi_msgs/srv/set_param__type_support.cpp.o[0m
[79.028s] [ 23%] [32mBuilding CXX object CMakeFiles/rosapi_msgs__rosidl_typesupport_cpp.dir/rosidl_typesupport_cpp/rosapi_msgs/srv/subscribers__type_support.cpp.o[0m
[80.207s] [ 23%] [32mBuilding CXX object CMakeFiles/rosapi_msgs__rosidl_typesupport_cpp.dir/rosidl_typesupport_cpp/rosapi_msgs/srv/topics__type_support.cpp.o[0m
[81.369s] [ 24%] [32mBuilding CXX object CMakeFiles/rosapi_msgs__rosidl_typesupport_cpp.dir/rosidl_typesupport_cpp/rosapi_msgs/srv/topics_and_raw_types__type_support.cpp.o[0m
[82.515s] [ 24%] [32mBuilding CXX object CMakeFiles/rosapi_msgs__rosidl_typesupport_cpp.dir/rosidl_typesupport_cpp/rosapi_msgs/srv/topics_for_type__type_support.cpp.o[0m
[83.655s] [ 25%] [32mBuilding CXX object CMakeFiles/rosapi_msgs__rosidl_typesupport_cpp.dir/rosidl_typesupport_cpp/rosapi_msgs/srv/topic_type__type_support.cpp.o[0m
[84.840s] [ 25%] [32m[1mLinking CXX shared library librosapi_msgs__rosidl_typesupport_cpp.so[0m
[84.999s] [ 25%] Built target rosapi_msgs__rosidl_typesupport_cpp
[85.034s] [ 26%] [34m[1mGenerating C type support for eProsima Fast-RTPS[0m
[94.724s] [ 26%] [32mBuilding CXX object CMakeFiles/rosapi_msgs__rosidl_typesupport_fastrtps_c.dir/rosidl_typesupport_fastrtps_c/rosapi_msgs/msg/detail/type_def__type_support_c.cpp.o[0m
[96.173s] [ 26%] [32mBuilding CXX object CMakeFiles/rosapi_msgs__rosidl_typesupport_fastrtps_c.dir/rosidl_typesupport_fastrtps_c/rosapi_msgs/srv/detail/delete_param__type_support_c.cpp.o[0m
[97.548s] [ 27%] [32mBuilding CXX object CMakeFiles/rosapi_msgs__rosidl_typesupport_fastrtps_c.dir/rosidl_typesupport_fastrtps_c/rosapi_msgs/srv/detail/get_action_servers__type_support_c.cpp.o[0m
[98.935s] [ 27%] [32mBuilding CXX object CMakeFiles/rosapi_msgs__rosidl_typesupport_fastrtps_c.dir/rosidl_typesupport_fastrtps_c/rosapi_msgs/srv/detail/get_param__type_support_c.cpp.o[0m
[100.321s] [ 28%] [32mBuilding CXX object CMakeFiles/rosapi_msgs__rosidl_typesupport_fastrtps_c.dir/rosidl_typesupport_fastrtps_c/rosapi_msgs/srv/detail/get_param_names__type_support_c.cpp.o[0m
[101.703s] [ 28%] [32mBuilding CXX object CMakeFiles/rosapi_msgs__rosidl_typesupport_fastrtps_c.dir/rosidl_typesupport_fastrtps_c/rosapi_msgs/srv/detail/get_ros_version__type_support_c.cpp.o[0m
[102.736s] [ 29%] [34m[1mGenerating C introspection for ROS interfaces[0m
[103.216s] [ 30%] [32mBuilding CXX object CMakeFiles/rosapi_msgs__rosidl_typesupport_fastrtps_c.dir/rosidl_typesupport_fastrtps_c/rosapi_msgs/srv/detail/get_time__type_support_c.cpp.o[0m
[103.810s] [ 30%] [34m[1mGenerating C++ introspection for ROS interfaces[0m
[104.813s] [ 30%] [34m[1mGenerating C++ type support for eProsima Fast-RTPS[0m
[105.012s] [ 30%] [32mBuilding CXX object CMakeFiles/rosapi_msgs__rosidl_typesupport_fastrtps_c.dir/rosidl_typesupport_fastrtps_c/rosapi_msgs/srv/detail/has_param__type_support_c.cpp.o[0m
[108.004s] [ 31%] [32mBuilding CXX object CMakeFiles/rosapi_msgs__rosidl_typesupport_fastrtps_c.dir/rosidl_typesupport_fastrtps_c/rosapi_msgs/srv/detail/message_details__type_support_c.cpp.o[0m
[111.199s] [ 31%] [32mBuilding CXX object CMakeFiles/rosapi_msgs__rosidl_typesupport_fastrtps_c.dir/rosidl_typesupport_fastrtps_c/rosapi_msgs/srv/detail/nodes__type_support_c.cpp.o[0m
[114.418s] [ 31%] [32mBuilding CXX object CMakeFiles/rosapi_msgs__rosidl_typesupport_fastrtps_c.dir/rosidl_typesupport_fastrtps_c/rosapi_msgs/srv/detail/node_details__type_support_c.cpp.o[0m
[117.762s] [ 32%] [32mBuilding CXX object CMakeFiles/rosapi_msgs__rosidl_typesupport_fastrtps_c.dir/rosidl_typesupport_fastrtps_c/rosapi_msgs/srv/detail/publishers__type_support_c.cpp.o[0m
[120.659s] [ 32%] [32mBuilding CXX object CMakeFiles/rosapi_msgs__rosidl_typesupport_fastrtps_c.dir/rosidl_typesupport_fastrtps_c/rosapi_msgs/srv/detail/service_node__type_support_c.cpp.o[0m
[122.492s] [ 33%] [32mBuilding CXX object CMakeFiles/rosapi_msgs__rosidl_typesupport_fastrtps_c.dir/rosidl_typesupport_fastrtps_c/rosapi_msgs/srv/detail/service_providers__type_support_c.cpp.o[0m
[122.657s] [ 34%] [32mBuilding CXX object CMakeFiles/rosapi_msgs__rosidl_typesupport_introspection_cpp.dir/rosidl_typesupport_introspection_cpp/rosapi_msgs/msg/detail/type_def__type_support.cpp.o[0m
[123.256s] [ 34%] [32mBuilding C object CMakeFiles/rosapi_msgs__rosidl_typesupport_introspection_c.dir/rosidl_typesupport_introspection_c/rosapi_msgs/msg/detail/type_def__type_support.c.o[0m
[123.801s] [ 34%] [32mBuilding C object CMakeFiles/rosapi_msgs__rosidl_typesupport_introspection_c.dir/rosidl_typesupport_introspection_c/rosapi_msgs/srv/detail/delete_param__type_support.c.o[0m
[124.019s] [ 35%] [32mBuilding C object CMakeFiles/rosapi_msgs__rosidl_typesupport_introspection_c.dir/rosidl_typesupport_introspection_c/rosapi_msgs/srv/detail/get_action_servers__type_support.c.o[0m
[124.213s] [ 35%] [32mBuilding C object CMakeFiles/rosapi_msgs__rosidl_typesupport_introspection_c.dir/rosidl_typesupport_introspection_c/rosapi_msgs/srv/detail/get_param__type_support.c.o[0m
[124.862s] [ 36%] [32mBuilding C object CMakeFiles/rosapi_msgs__rosidl_typesupport_introspection_c.dir/rosidl_typesupport_introspection_c/rosapi_msgs/srv/detail/get_param_names__type_support.c.o[0m
[125.142s] [ 36%] [32mBuilding CXX object CMakeFiles/rosapi_msgs__rosidl_typesupport_introspection_cpp.dir/rosidl_typesupport_introspection_cpp/rosapi_msgs/srv/detail/delete_param__type_support.cpp.o[0m
[125.214s] [ 36%] [32mBuilding CXX object CMakeFiles/rosapi_msgs__rosidl_typesupport_fastrtps_c.dir/rosidl_typesupport_fastrtps_c/rosapi_msgs/srv/detail/service_request_details__type_support_c.cpp.o[0m
[125.260s] [ 36%] [32mBuilding C object CMakeFiles/rosapi_msgs__rosidl_typesupport_introspection_c.dir/rosidl_typesupport_introspection_c/rosapi_msgs/srv/detail/get_ros_version__type_support.c.o[0m
[125.641s] [ 37%] [32mBuilding C object CMakeFiles/rosapi_msgs__rosidl_typesupport_introspection_c.dir/rosidl_typesupport_introspection_c/rosapi_msgs/srv/detail/get_time__type_support.c.o[0m
[126.074s] [ 37%] [32mBuilding C object CMakeFiles/rosapi_msgs__rosidl_typesupport_introspection_c.dir/rosidl_typesupport_introspection_c/rosapi_msgs/srv/detail/has_param__type_support.c.o[0m
[126.758s] [ 38%] [32mBuilding C object CMakeFiles/rosapi_msgs__rosidl_typesupport_introspection_c.dir/rosidl_typesupport_introspection_c/rosapi_msgs/srv/detail/message_details__type_support.c.o[0m
[127.164s] [ 39%] [32mBuilding CXX object CMakeFiles/rosapi_msgs__rosidl_typesupport_fastrtps_c.dir/rosidl_typesupport_fastrtps_c/rosapi_msgs/srv/detail/service_response_details__type_support_c.cpp.o[0m
[127.242s] [ 40%] [32mBuilding CXX object CMakeFiles/rosapi_msgs__rosidl_typesupport_introspection_cpp.dir/rosidl_typesupport_introspection_cpp/rosapi_msgs/srv/detail/get_action_servers__type_support.cpp.o[0m
[127.282s] [ 41%] [32mBuilding CXX object CMakeFiles/rosapi_msgs__rosidl_typesupport_fastrtps_cpp.dir/rosidl_typesupport_fastrtps_cpp/rosapi_msgs/msg/detail/dds_fastrtps/type_def__type_support.cpp.o[0m
[127.352s] [ 41%] [32mBuilding C object CMakeFiles/rosapi_msgs__rosidl_typesupport_introspection_c.dir/rosidl_typesupport_introspection_c/rosapi_msgs/srv/detail/nodes__type_support.c.o[0m
[127.770s] [ 41%] [32mBuilding C object CMakeFiles/rosapi_msgs__rosidl_typesupport_introspection_c.dir/rosidl_typesupport_introspection_c/rosapi_msgs/srv/detail/node_details__type_support.c.o[0m
[128.233s] [ 42%] [32mBuilding C object CMakeFiles/rosapi_msgs__rosidl_typesupport_introspection_c.dir/rosidl_typesupport_introspection_c/rosapi_msgs/srv/detail/publishers__type_support.c.o[0m
[128.617s] [ 42%] [32mBuilding C object CMakeFiles/rosapi_msgs__rosidl_typesupport_introspection_c.dir/rosidl_typesupport_introspection_c/rosapi_msgs/srv/detail/service_node__type_support.c.o[0m
[128.954s] [ 43%] [32mBuilding C object CMakeFiles/rosapi_msgs__rosidl_typesupport_introspection_c.dir/rosidl_typesupport_introspection_c/rosapi_msgs/srv/detail/service_providers__type_support.c.o[0m
[129.364s] [ 43%] [32mBuilding C object CMakeFiles/rosapi_msgs__rosidl_typesupport_introspection_c.dir/rosidl_typesupport_introspection_c/rosapi_msgs/srv/detail/service_request_details__type_support.c.o[0m
[129.709s] [ 44%] [32mBuilding C object CMakeFiles/rosapi_msgs__rosidl_typesupport_introspection_c.dir/rosidl_typesupport_introspection_c/rosapi_msgs/srv/detail/service_response_details__type_support.c.o[0m
[130.083s] [ 44%] [32mBuilding C object CMakeFiles/rosapi_msgs__rosidl_typesupport_introspection_c.dir/rosidl_typesupport_introspection_c/rosapi_msgs/srv/detail/services__type_support.c.o[0m
[130.248s] [ 44%] [32mBuilding CXX object CMakeFiles/rosapi_msgs__rosidl_typesupport_fastrtps_c.dir/rosidl_typesupport_fastrtps_c/rosapi_msgs/srv/detail/services__type_support_c.cpp.o[0m
[130.492s] [ 45%] [32mBuilding C object CMakeFiles/rosapi_msgs__rosidl_typesupport_introspection_c.dir/rosidl_typesupport_introspection_c/rosapi_msgs/srv/detail/services_for_type__type_support.c.o[0m
[130.635s] [ 45%] [32mBuilding CXX object CMakeFiles/rosapi_msgs__rosidl_typesupport_introspection_cpp.dir/rosidl_typesupport_introspection_cpp/rosapi_msgs/srv/detail/get_param__type_support.cpp.o[0m
[130.851s] [ 45%] [32mBuilding C object CMakeFiles/rosapi_msgs__rosidl_typesupport_introspection_c.dir/rosidl_typesupport_introspection_c/rosapi_msgs/srv/detail/service_type__type_support.c.o[0m
[131.174s] [ 45%] [32mBuilding C object CMakeFiles/rosapi_msgs__rosidl_typesupport_introspection_c.dir/rosidl_typesupport_introspection_c/rosapi_msgs/srv/detail/set_param__type_support.c.o[0m
[131.248s] [ 45%] [32mBuilding CXX object CMakeFiles/rosapi_msgs__rosidl_typesupport_fastrtps_cpp.dir/rosidl_typesupport_fastrtps_cpp/rosapi_msgs/srv/detail/dds_fastrtps/delete_param__type_support.cpp.o[0m
[131.573s] [ 46%] [32mBuilding C object CMakeFiles/rosapi_msgs__rosidl_typesupport_introspection_c.dir/rosidl_typesupport_introspection_c/rosapi_msgs/srv/detail/subscribers__type_support.c.o[0m
[131.972s] [ 46%] [32mBuilding C object CMakeFiles/rosapi_msgs__rosidl_typesupport_introspection_c.dir/rosidl_typesupport_introspection_c/rosapi_msgs/srv/detail/topics__type_support.c.o[0m
[132.381s] [ 47%] [32mBuilding C object CMakeFiles/rosapi_msgs__rosidl_typesupport_introspection_c.dir/rosidl_typesupport_introspection_c/rosapi_msgs/srv/detail/topics_and_raw_types__type_support.c.o[0m
[132.823s] [ 47%] [32mBuilding C object CMakeFiles/rosapi_msgs__rosidl_typesupport_introspection_c.dir/rosidl_typesupport_introspection_c/rosapi_msgs/srv/detail/topics_for_type__type_support.c.o[0m
[133.193s] [ 48%] [32mBuilding C object CMakeFiles/rosapi_msgs__rosidl_typesupport_introspection_c.dir/rosidl_typesupport_introspection_c/rosapi_msgs/srv/detail/topic_type__type_support.c.o[0m
[133.521s] [ 48%] [32m[1mLinking C shared library librosapi_msgs__rosidl_typesupport_introspection_c.so[0m
[133.690s] [ 49%] [32mBuilding CXX object CMakeFiles/rosapi_msgs__rosidl_typesupport_fastrtps_c.dir/rosidl_typesupport_fastrtps_c/rosapi_msgs/srv/detail/services_for_type__type_support_c.cpp.o[0m
[133.796s] [ 50%] [32mBuilding CXX object CMakeFiles/rosapi_msgs__rosidl_typesupport_introspection_cpp.dir/rosidl_typesupport_introspection_cpp/rosapi_msgs/srv/detail/get_param_names__type_support.cpp.o[0m
[133.873s] [ 50%] Built target rosapi_msgs__rosidl_typesupport_introspection_c
[134.882s] [ 51%] [32mBuilding CXX object CMakeFiles/rosapi_msgs__rosidl_typesupport_fastrtps_cpp.dir/rosidl_typesupport_fastrtps_cpp/rosapi_msgs/srv/detail/dds_fastrtps/get_action_servers__type_support.cpp.o[0m
[136.429s] [ 51%] [32mBuilding CXX object CMakeFiles/rosapi_msgs__rosidl_typesupport_fastrtps_c.dir/rosidl_typesupport_fastrtps_c/rosapi_msgs/srv/detail/service_type__type_support_c.cpp.o[0m
[137.268s] [ 51%] [32mBuilding CXX object CMakeFiles/rosapi_msgs__rosidl_typesupport_introspection_cpp.dir/rosidl_typesupport_introspection_cpp/rosapi_msgs/srv/detail/get_ros_version__type_support.cpp.o[0m
[138.378s] [ 51%] [32mBuilding CXX object CMakeFiles/rosapi_msgs__rosidl_typesupport_fastrtps_cpp.dir/rosidl_typesupport_fastrtps_cpp/rosapi_msgs/srv/detail/dds_fastrtps/get_param__type_support.cpp.o[0m
[138.517s] [ 51%] [32mBuilding CXX object CMakeFiles/rosapi_msgs__rosidl_typesupport_fastrtps_c.dir/rosidl_typesupport_fastrtps_c/rosapi_msgs/srv/detail/set_param__type_support_c.cpp.o[0m
[139.940s] [ 52%] [32mBuilding CXX object CMakeFiles/rosapi_msgs__rosidl_typesupport_introspection_cpp.dir/rosidl_typesupport_introspection_cpp/rosapi_msgs/srv/detail/get_time__type_support.cpp.o[0m
[141.004s] [ 53%] [32mBuilding CXX object CMakeFiles/rosapi_msgs__rosidl_typesupport_fastrtps_c.dir/rosidl_typesupport_fastrtps_c/rosapi_msgs/srv/detail/subscribers__type_support_c.cpp.o[0m
[141.388s] [ 54%] [32mBuilding CXX object CMakeFiles/rosapi_msgs__rosidl_typesupport_fastrtps_cpp.dir/rosidl_typesupport_fastrtps_cpp/rosapi_msgs/srv/detail/dds_fastrtps/get_param_names__type_support.cpp.o[0m
[142.346s] [ 54%] [32mBuilding CXX object CMakeFiles/rosapi_msgs__rosidl_typesupport_introspection_cpp.dir/rosidl_typesupport_introspection_cpp/rosapi_msgs/srv/detail/has_param__type_support.cpp.o[0m
[143.203s] [ 54%] [32mBuilding CXX object CMakeFiles/rosapi_msgs__rosidl_typesupport_fastrtps_c.dir/rosidl_typesupport_fastrtps_c/rosapi_msgs/srv/detail/topics__type_support_c.cpp.o[0m
[144.537s] [ 54%] [32mBuilding CXX object CMakeFiles/rosapi_msgs__rosidl_typesupport_fastrtps_cpp.dir/rosidl_typesupport_fastrtps_cpp/rosapi_msgs/srv/detail/dds_fastrtps/get_ros_version__type_support.cpp.o[0m
[145.066s] [ 54%] [32mBuilding CXX object CMakeFiles/rosapi_msgs__rosidl_typesupport_introspection_cpp.dir/rosidl_typesupport_introspection_cpp/rosapi_msgs/srv/detail/message_details__type_support.cpp.o[0m
[145.396s] [ 55%] [32mBuilding CXX object CMakeFiles/rosapi_msgs__rosidl_typesupport_fastrtps_c.dir/rosidl_typesupport_fastrtps_c/rosapi_msgs/srv/detail/topics_and_raw_types__type_support_c.cpp.o[0m
[147.263s] [ 56%] [32mBuilding CXX object CMakeFiles/rosapi_msgs__rosidl_typesupport_fastrtps_cpp.dir/rosidl_typesupport_fastrtps_cpp/rosapi_msgs/srv/detail/dds_fastrtps/get_time__type_support.cpp.o[0m
[147.653s] [ 56%] [32mBuilding CXX object CMakeFiles/rosapi_msgs__rosidl_typesupport_fastrtps_c.dir/rosidl_typesupport_fastrtps_c/rosapi_msgs/srv/detail/topics_for_type__type_support_c.cpp.o[0m
[149.224s] [ 57%] [32mBuilding CXX object CMakeFiles/rosapi_msgs__rosidl_typesupport_introspection_cpp.dir/rosidl_typesupport_introspection_cpp/rosapi_msgs/srv/detail/nodes__type_support.cpp.o[0m
[150.168s] [ 58%] [32mBuilding CXX object CMakeFiles/rosapi_msgs__rosidl_typesupport_fastrtps_c.dir/rosidl_typesupport_fastrtps_c/rosapi_msgs/srv/detail/topic_type__type_support_c.cpp.o[0m
[150.306s] [ 58%] [32mBuilding CXX object CMakeFiles/rosapi_msgs__rosidl_typesupport_fastrtps_cpp.dir/rosidl_typesupport_fastrtps_cpp/rosapi_msgs/srv/detail/dds_fastrtps/has_param__type_support.cpp.o[0m
[152.338s] [ 58%] [32mBuilding CXX object CMakeFiles/rosapi_msgs__rosidl_typesupport_introspection_cpp.dir/rosidl_typesupport_introspection_cpp/rosapi_msgs/srv/detail/node_details__type_support.cpp.o[0m
[152.546s] [ 58%] [32m[1mLinking CXX shared library librosapi_msgs__rosidl_typesupport_fastrtps_c.so[0m
[153.103s] [ 58%] Built target rosapi_msgs__rosidl_typesupport_fastrtps_c
[153.226s] [ 58%] [32mBuilding CXX object CMakeFiles/rosapi_msgs__rosidl_typesupport_fastrtps_cpp.dir/rosidl_typesupport_fastrtps_cpp/rosapi_msgs/srv/detail/dds_fastrtps/message_details__type_support.cpp.o[0m
[154.966s] [ 59%] [32mBuilding CXX object CMakeFiles/rosapi_msgs__rosidl_typesupport_introspection_cpp.dir/rosidl_typesupport_introspection_cpp/rosapi_msgs/srv/detail/publishers__type_support.cpp.o[0m
[156.337s] [ 60%] [32mBuilding CXX object CMakeFiles/rosapi_msgs__rosidl_typesupport_fastrtps_cpp.dir/rosidl_typesupport_fastrtps_cpp/rosapi_msgs/srv/detail/dds_fastrtps/nodes__type_support.cpp.o[0m
[157.278s] [ 60%] [32mBuilding CXX object CMakeFiles/rosapi_msgs__rosidl_typesupport_introspection_cpp.dir/rosidl_typesupport_introspection_cpp/rosapi_msgs/srv/detail/service_node__type_support.cpp.o[0m
[158.987s] [ 60%] [32mBuilding CXX object CMakeFiles/rosapi_msgs__rosidl_typesupport_fastrtps_cpp.dir/rosidl_typesupport_fastrtps_cpp/rosapi_msgs/srv/detail/dds_fastrtps/node_details__type_support.cpp.o[0m
[159.430s] [ 61%] [32mBuilding CXX object CMakeFiles/rosapi_msgs__rosidl_typesupport_introspection_cpp.dir/rosidl_typesupport_introspection_cpp/rosapi_msgs/srv/detail/service_providers__type_support.cpp.o[0m
[161.753s] [ 62%] [32mBuilding CXX object CMakeFiles/rosapi_msgs__rosidl_typesupport_fastrtps_cpp.dir/rosidl_typesupport_fastrtps_cpp/rosapi_msgs/srv/detail/dds_fastrtps/publishers__type_support.cpp.o[0m
[161.775s] [ 62%] [32mBuilding CXX object CMakeFiles/rosapi_msgs__rosidl_typesupport_introspection_cpp.dir/rosidl_typesupport_introspection_cpp/rosapi_msgs/srv/detail/service_request_details__type_support.cpp.o[0m
[164.251s] [ 62%] [32mBuilding CXX object CMakeFiles/rosapi_msgs__rosidl_typesupport_fastrtps_cpp.dir/rosidl_typesupport_fastrtps_cpp/rosapi_msgs/srv/detail/dds_fastrtps/service_node__type_support.cpp.o[0m
[164.741s] [ 63%] [32mBuilding CXX object CMakeFiles/rosapi_msgs__rosidl_typesupport_introspection_cpp.dir/rosidl_typesupport_introspection_cpp/rosapi_msgs/srv/detail/service_response_details__type_support.cpp.o[0m
[166.598s] [ 64%] [32mBuilding CXX object CMakeFiles/rosapi_msgs__rosidl_typesupport_fastrtps_cpp.dir/rosidl_typesupport_fastrtps_cpp/rosapi_msgs/srv/detail/dds_fastrtps/service_providers__type_support.cpp.o[0m
[167.709s] [ 64%] [32mBuilding CXX object CMakeFiles/rosapi_msgs__rosidl_typesupport_introspection_cpp.dir/rosidl_typesupport_introspection_cpp/rosapi_msgs/srv/detail/services__type_support.cpp.o[0m
[169.402s] [ 64%] [32mBuilding CXX object CMakeFiles/rosapi_msgs__rosidl_typesupport_fastrtps_cpp.dir/rosidl_typesupport_fastrtps_cpp/rosapi_msgs/srv/detail/dds_fastrtps/service_request_details__type_support.cpp.o[0m
[170.205s] [ 64%] [32mBuilding CXX object CMakeFiles/rosapi_msgs__rosidl_typesupport_introspection_cpp.dir/rosidl_typesupport_introspection_cpp/rosapi_msgs/srv/detail/services_for_type__type_support.cpp.o[0m
[172.360s] [ 65%] [32mBuilding CXX object CMakeFiles/rosapi_msgs__rosidl_typesupport_fastrtps_cpp.dir/rosidl_typesupport_fastrtps_cpp/rosapi_msgs/srv/detail/dds_fastrtps/service_response_details__type_support.cpp.o[0m
[172.377s] [ 66%] [32mBuilding CXX object CMakeFiles/rosapi_msgs__rosidl_typesupport_introspection_cpp.dir/rosidl_typesupport_introspection_cpp/rosapi_msgs/srv/detail/service_type__type_support.cpp.o[0m
[174.565s] [ 66%] [32mBuilding CXX object CMakeFiles/rosapi_msgs__rosidl_typesupport_introspection_cpp.dir/rosidl_typesupport_introspection_cpp/rosapi_msgs/srv/detail/set_param__type_support.cpp.o[0m
[175.414s] [ 66%] [32mBuilding CXX object CMakeFiles/rosapi_msgs__rosidl_typesupport_fastrtps_cpp.dir/rosidl_typesupport_fastrtps_cpp/rosapi_msgs/srv/detail/dds_fastrtps/services__type_support.cpp.o[0m
[176.782s] [ 67%] [32mBuilding CXX object CMakeFiles/rosapi_msgs__rosidl_typesupport_introspection_cpp.dir/rosidl_typesupport_introspection_cpp/rosapi_msgs/srv/detail/subscribers__type_support.cpp.o[0m
[177.636s] [ 67%] [32mBuilding CXX object CMakeFiles/rosapi_msgs__rosidl_typesupport_fastrtps_cpp.dir/rosidl_typesupport_fastrtps_cpp/rosapi_msgs/srv/detail/dds_fastrtps/services_for_type__type_support.cpp.o[0m
[178.971s] [ 67%] [32mBuilding CXX object CMakeFiles/rosapi_msgs__rosidl_typesupport_introspection_cpp.dir/rosidl_typesupport_introspection_cpp/rosapi_msgs/srv/detail/topics__type_support.cpp.o[0m
[179.735s] [ 68%] [32mBuilding CXX object CMakeFiles/rosapi_msgs__rosidl_typesupport_fastrtps_cpp.dir/rosidl_typesupport_fastrtps_cpp/rosapi_msgs/srv/detail/dds_fastrtps/service_type__type_support.cpp.o[0m
[180.961s] [ 69%] [32mBuilding CXX object CMakeFiles/rosapi_msgs__rosidl_typesupport_introspection_cpp.dir/rosidl_typesupport_introspection_cpp/rosapi_msgs/srv/detail/topics_and_raw_types__type_support.cpp.o[0m
[181.580s] [ 69%] [32mBuilding CXX object CMakeFiles/rosapi_msgs__rosidl_typesupport_fastrtps_cpp.dir/rosidl_typesupport_fastrtps_cpp/rosapi_msgs/srv/detail/dds_fastrtps/set_param__type_support.cpp.o[0m
[182.924s] [ 69%] [32mBuilding CXX object CMakeFiles/rosapi_msgs__rosidl_typesupport_introspection_cpp.dir/rosidl_typesupport_introspection_cpp/rosapi_msgs/srv/detail/topics_for_type__type_support.cpp.o[0m
[183.422s] [ 70%] [32mBuilding CXX object CMakeFiles/rosapi_msgs__rosidl_typesupport_fastrtps_cpp.dir/rosidl_typesupport_fastrtps_cpp/rosapi_msgs/srv/detail/dds_fastrtps/subscribers__type_support.cpp.o[0m
[184.852s] [ 71%] [32mBuilding CXX object CMakeFiles/rosapi_msgs__rosidl_typesupport_introspection_cpp.dir/rosidl_typesupport_introspection_cpp/rosapi_msgs/srv/detail/topic_type__type_support.cpp.o[0m
[185.501s] [ 71%] [32mBuilding CXX object CMakeFiles/rosapi_msgs__rosidl_typesupport_fastrtps_cpp.dir/rosidl_typesupport_fastrtps_cpp/rosapi_msgs/srv/detail/dds_fastrtps/topics__type_support.cpp.o[0m
[186.616s] [ 71%] [32m[1mLinking CXX shared library librosapi_msgs__rosidl_typesupport_introspection_cpp.so[0m
[187.032s] [ 71%] Built target rosapi_msgs__rosidl_typesupport_introspection_cpp
[187.577s] [ 71%] [32mBuilding CXX object CMakeFiles/rosapi_msgs__rosidl_typesupport_fastrtps_cpp.dir/rosidl_typesupport_fastrtps_cpp/rosapi_msgs/srv/detail/dds_fastrtps/topics_for_type__type_support.cpp.o[0m
[189.531s] [ 72%] [32mBuilding CXX object CMakeFiles/rosapi_msgs__rosidl_typesupport_fastrtps_cpp.dir/rosidl_typesupport_fastrtps_cpp/rosapi_msgs/srv/detail/dds_fastrtps/topic_type__type_support.cpp.o[0m
[191.279s] [ 73%] [32mBuilding CXX object CMakeFiles/rosapi_msgs__rosidl_typesupport_fastrtps_cpp.dir/rosidl_typesupport_fastrtps_cpp/rosapi_msgs/srv/detail/dds_fastrtps/topics_and_raw_types__type_support.cpp.o[0m
[193.283s] [ 73%] [32m[1mLinking CXX shared library librosapi_msgs__rosidl_typesupport_fastrtps_cpp.so[0m
[193.676s] [ 73%] Built target rosapi_msgs__rosidl_typesupport_fastrtps_cpp
[193.710s] [ 74%] [34m[1mGenerating C type support dispatch for ROS interfaces[0m
[199.413s] [ 74%] [32mBuilding CXX object CMakeFiles/rosapi_msgs__rosidl_typesupport_c.dir/rosidl_typesupport_c/rosapi_msgs/msg/type_def__type_support.cpp.o[0m
[199.516s] [ 74%] [32mBuilding CXX object CMakeFiles/rosapi_msgs__rosidl_typesupport_c.dir/rosidl_typesupport_c/rosapi_msgs/srv/get_param__type_support.cpp.o[0m
[199.626s] [ 75%] [32mBuilding CXX object CMakeFiles/rosapi_msgs__rosidl_typesupport_c.dir/rosidl_typesupport_c/rosapi_msgs/srv/get_param_names__type_support.cpp.o[0m
[199.735s] [ 75%] [32mBuilding CXX object CMakeFiles/rosapi_msgs__rosidl_typesupport_c.dir/rosidl_typesupport_c/rosapi_msgs/srv/get_ros_version__type_support.cpp.o[0m
[199.844s] [ 76%] [32mBuilding CXX object CMakeFiles/rosapi_msgs__rosidl_typesupport_c.dir/rosidl_typesupport_c/rosapi_msgs/srv/get_time__type_support.cpp.o[0m
[199.953s] [ 76%] [32mBuilding CXX object CMakeFiles/rosapi_msgs__rosidl_typesupport_c.dir/rosidl_typesupport_c/rosapi_msgs/srv/has_param__type_support.cpp.o[0m
[200.062s] [ 77%] [32mBuilding CXX object CMakeFiles/rosapi_msgs__rosidl_typesupport_c.dir/rosidl_typesupport_c/rosapi_msgs/srv/message_details__type_support.cpp.o[0m
[200.172s] [ 77%] [32mBuilding CXX object CMakeFiles/rosapi_msgs__rosidl_typesupport_c.dir/rosidl_typesupport_c/rosapi_msgs/srv/nodes__type_support.cpp.o[0m
[200.281s] [ 77%] [32mBuilding CXX object CMakeFiles/rosapi_msgs__rosidl_typesupport_c.dir/rosidl_typesupport_c/rosapi_msgs/srv/node_details__type_support.cpp.o[0m
[200.391s] [ 78%] [32mBuilding CXX object CMakeFiles/rosapi_msgs__rosidl_typesupport_c.dir/rosidl_typesupport_c/rosapi_msgs/srv/publishers__type_support.cpp.o[0m
[200.505s] [ 78%] [32mBuilding CXX object CMakeFiles/rosapi_msgs__rosidl_typesupport_c.dir/rosidl_typesupport_c/rosapi_msgs/srv/service_node__type_support.cpp.o[0m
[200.614s] [ 79%] [32mBuilding CXX object CMakeFiles/rosapi_msgs__rosidl_typesupport_c.dir/rosidl_typesupport_c/rosapi_msgs/srv/service_providers__type_support.cpp.o[0m
[200.724s] [ 79%] [32mBuilding CXX object CMakeFiles/rosapi_msgs__rosidl_typesupport_c.dir/rosidl_typesupport_c/rosapi_msgs/srv/service_request_details__type_support.cpp.o[0m
[200.835s] [ 80%] [32mBuilding CXX object CMakeFiles/rosapi_msgs__rosidl_typesupport_c.dir/rosidl_typesupport_c/rosapi_msgs/srv/service_response_details__type_support.cpp.o[0m
[200.944s] [ 80%] [32mBuilding CXX object CMakeFiles/rosapi_msgs__rosidl_typesupport_c.dir/rosidl_typesupport_c/rosapi_msgs/srv/services__type_support.cpp.o[0m
[201.057s] [ 81%] [32mBuilding CXX object CMakeFiles/rosapi_msgs__rosidl_typesupport_c.dir/rosidl_typesupport_c/rosapi_msgs/srv/services_for_type__type_support.cpp.o[0m
[201.166s] [ 81%] [32mBuilding CXX object CMakeFiles/rosapi_msgs__rosidl_typesupport_c.dir/rosidl_typesupport_c/rosapi_msgs/srv/service_type__type_support.cpp.o[0m
[201.277s] [ 81%] [32mBuilding CXX object CMakeFiles/rosapi_msgs__rosidl_typesupport_c.dir/rosidl_typesupport_c/rosapi_msgs/srv/set_param__type_support.cpp.o[0m
[201.387s] [ 82%] [32mBuilding CXX object CMakeFiles/rosapi_msgs__rosidl_typesupport_c.dir/rosidl_typesupport_c/rosapi_msgs/srv/subscribers__type_support.cpp.o[0m
[201.496s] [ 82%] [32mBuilding CXX object CMakeFiles/rosapi_msgs__rosidl_typesupport_c.dir/rosidl_typesupport_c/rosapi_msgs/srv/topics__type_support.cpp.o[0m
[201.607s] [ 83%] [32mBuilding CXX object CMakeFiles/rosapi_msgs__rosidl_typesupport_c.dir/rosidl_typesupport_c/rosapi_msgs/srv/topics_and_raw_types__type_support.cpp.o[0m
[201.716s] [ 83%] [32mBuilding CXX object CMakeFiles/rosapi_msgs__rosidl_typesupport_c.dir/rosidl_typesupport_c/rosapi_msgs/srv/topics_for_type__type_support.cpp.o[0m
[201.827s] [ 84%] [32mBuilding CXX object CMakeFiles/rosapi_msgs__rosidl_typesupport_c.dir/rosidl_typesupport_c/rosapi_msgs/srv/topic_type__type_support.cpp.o[0m
[201.937s] [ 85%] [32mBuilding CXX object CMakeFiles/rosapi_msgs__rosidl_typesupport_c.dir/rosidl_typesupport_c/rosapi_msgs/srv/get_action_servers__type_support.cpp.o[0m
[202.045s] [ 85%] [32mBuilding CXX object CMakeFiles/rosapi_msgs__rosidl_typesupport_c.dir/rosidl_typesupport_c/rosapi_msgs/srv/delete_param__type_support.cpp.o[0m
[202.154s] [ 85%] [32m[1mLinking CXX shared library librosapi_msgs__rosidl_typesupport_c.so[0m
[202.295s] [ 85%] Built target rosapi_msgs__rosidl_typesupport_c
[202.354s] [ 85%] Built target rosapi_msgs
[202.415s] [ 85%] [34m[1mGenerating Python code for ROS interfaces[0m
[223.196s] [ 85%] Built target rosapi_msgs__py
[223.259s] [ 86%] [32mBuilding C object CMakeFiles/rosapi_msgs__rosidl_generator_py.dir/rosidl_generator_py/rosapi_msgs/srv/_delete_param_s.c.o[0m
[223.259s] [ 86%] [32mBuilding C object CMakeFiles/rosapi_msgs__rosidl_generator_py.dir/rosidl_generator_py/rosapi_msgs/msg/_type_def_s.c.o[0m
[223.695s] [ 86%] [32mBuilding C object CMakeFiles/rosapi_msgs__rosidl_generator_py.dir/rosidl_generator_py/rosapi_msgs/srv/_get_param_s.c.o[0m
[223.830s] [ 87%] [32mBuilding C object CMakeFiles/rosapi_msgs__rosidl_generator_py.dir/rosidl_generator_py/rosapi_msgs/srv/_get_param_names_s.c.o[0m
[224.147s] [ 87%] [32mBuilding C object CMakeFiles/rosapi_msgs__rosidl_generator_py.dir/rosidl_generator_py/rosapi_msgs/srv/_get_ros_version_s.c.o[0m
[224.293s] [ 88%] [32mBuilding C object CMakeFiles/rosapi_msgs__rosidl_generator_py.dir/rosidl_generator_py/rosapi_msgs/srv/_get_time_s.c.o[0m
[224.589s] [ 88%] [32mBuilding C object CMakeFiles/rosapi_msgs__rosidl_generator_py.dir/rosidl_generator_py/rosapi_msgs/srv/_has_param_s.c.o[0m
[224.732s] [ 88%] [32mBuilding C object CMakeFiles/rosapi_msgs__rosidl_generator_py.dir/rosidl_generator_py/rosapi_msgs/srv/_message_details_s.c.o[0m
[225.032s] [ 89%] [32mBuilding C object CMakeFiles/rosapi_msgs__rosidl_generator_py.dir/rosidl_generator_py/rosapi_msgs/srv/_nodes_s.c.o[0m
[225.199s] [ 89%] [32mBuilding C object CMakeFiles/rosapi_msgs__rosidl_generator_py.dir/rosidl_generator_py/rosapi_msgs/srv/_node_details_s.c.o[0m
[225.493s] [ 90%] [32mBuilding C object CMakeFiles/rosapi_msgs__rosidl_generator_py.dir/rosidl_generator_py/rosapi_msgs/srv/_publishers_s.c.o[0m
[225.710s] [ 90%] [32mBuilding C object CMakeFiles/rosapi_msgs__rosidl_generator_py.dir/rosidl_generator_py/rosapi_msgs/srv/_service_node_s.c.o[0m
[225.968s] [ 91%] [32mBuilding C object CMakeFiles/rosapi_msgs__rosidl_generator_py.dir/rosidl_generator_py/rosapi_msgs/srv/_service_providers_s.c.o[0m
[226.161s] [ 91%] [32mBuilding C object CMakeFiles/rosapi_msgs__rosidl_generator_py.dir/rosidl_generator_py/rosapi_msgs/srv/_service_request_details_s.c.o[0m
[226.433s] [ 92%] [32mBuilding C object CMakeFiles/rosapi_msgs__rosidl_generator_py.dir/rosidl_generator_py/rosapi_msgs/srv/_service_response_details_s.c.o[0m
[226.622s] [ 92%] [32mBuilding C object CMakeFiles/rosapi_msgs__rosidl_generator_py.dir/rosidl_generator_py/rosapi_msgs/srv/_services_s.c.o[0m
[226.900s] [ 92%] [32mBuilding C object CMakeFiles/rosapi_msgs__rosidl_generator_py.dir/rosidl_generator_py/rosapi_msgs/srv/_services_for_type_s.c.o[0m
[227.080s] [ 93%] [32mBuilding C object CMakeFiles/rosapi_msgs__rosidl_generator_py.dir/rosidl_generator_py/rosapi_msgs/srv/_service_type_s.c.o[0m
[227.371s] [ 93%] [32mBuilding C object CMakeFiles/rosapi_msgs__rosidl_generator_py.dir/rosidl_generator_py/rosapi_msgs/srv/_set_param_s.c.o[0m
[227.401s] [ 94%] [32mBuilding C object CMakeFiles/rosapi_msgs__rosidl_generator_py.dir/rosidl_generator_py/rosapi_msgs/srv/_subscribers_s.c.o[0m
[227.533s] [ 95%] [32mBuilding C object CMakeFiles/rosapi_msgs__rosidl_generator_py.dir/rosidl_generator_py/rosapi_msgs/srv/_get_action_servers_s.c.o[0m
[227.851s] [ 95%] [32mBuilding C object CMakeFiles/rosapi_msgs__rosidl_generator_py.dir/rosidl_generator_py/rosapi_msgs/srv/_topics_s.c.o[0m
[227.905s] [ 96%] [32mBuilding C object CMakeFiles/rosapi_msgs__rosidl_generator_py.dir/rosidl_generator_py/rosapi_msgs/srv/_topics_and_raw_types_s.c.o[0m
[228.012s] [ 96%] [32mBuilding C object CMakeFiles/rosapi_msgs__rosidl_generator_py.dir/rosidl_generator_py/rosapi_msgs/srv/_topics_for_type_s.c.o[0m
[228.363s] [ 97%] [32mBuilding C object CMakeFiles/rosapi_msgs__rosidl_generator_py.dir/rosidl_generator_py/rosapi_msgs/srv/_topic_type_s.c.o[0m
[228.807s] [ 97%] [32m[1mLinking C shared library rosidl_generator_py/rosapi_msgs/librosapi_msgs__rosidl_generator_py.so[0m
[228.969s] [ 97%] Built target rosapi_msgs__rosidl_generator_py
[229.029s] [ 98%] [32mBuilding C object CMakeFiles/rosapi_msgs__rosidl_typesupport_introspection_c__pyext.dir/rosidl_generator_py/rosapi_msgs/_rosapi_msgs_s.ep.rosidl_typesupport_introspection_c.c.o[0m
[229.035s] [ 99%] [32mBuilding C object CMakeFiles/rosapi_msgs__rosidl_typesupport_fastrtps_c__pyext.dir/rosidl_generator_py/rosapi_msgs/_rosapi_msgs_s.ep.rosidl_typesupport_fastrtps_c.c.o[0m
[230.226s] [ 99%] [32m[1mLinking C shared library rosidl_generator_py/rosapi_msgs/rosapi_msgs_s__rosidl_typesupport_introspection_c.cpython-310-aarch64-linux-gnu.so[0m
[230.245s] [ 99%] [32m[1mLinking C shared library rosidl_generator_py/rosapi_msgs/rosapi_msgs_s__rosidl_typesupport_fastrtps_c.cpython-310-aarch64-linux-gnu.so[0m
[230.377s] [ 99%] Built target rosapi_msgs__rosidl_typesupport_introspection_c__pyext
[230.405s] [ 99%] Built target rosapi_msgs__rosidl_typesupport_fastrtps_c__pyext
[230.440s] [100%] [32mBuilding C object CMakeFiles/rosapi_msgs__rosidl_typesupport_c__pyext.dir/rosidl_generator_py/rosapi_msgs/_rosapi_msgs_s.ep.rosidl_typesupport_c.c.o[0m
[231.641s] [100%] [32m[1mLinking C shared library rosidl_generator_py/rosapi_msgs/rosapi_msgs_s__rosidl_typesupport_c.cpython-310-aarch64-linux-gnu.so[0m
[231.785s] [100%] Built target rosapi_msgs__rosidl_typesupport_c__pyext
[231.824s] Invoked command in '/ros2_ws/build/rosapi_msgs' returned '0': CMAKE_PREFIX_PATH=/opt/ros/humble /usr/bin/cmake --build /ros2_ws/build/rosapi_msgs -- -j4 -l4
[231.829s] Invoking command in '/ros2_ws/build/rosapi_msgs': CMAKE_PREFIX_PATH=/opt/ros/humble /usr/bin/cmake --install /ros2_ws/build/rosapi_msgs
[231.854s] -- Install configuration: ""
[231.855s] -- Installing: /ros2_ws/install/rosapi_msgs/share/ament_index/resource_index/rosidl_interfaces/rosapi_msgs
[231.856s] -- Installing: /ros2_ws/install/rosapi_msgs/include/rosapi_msgs/rosapi_msgs
[231.856s] -- Installing: /ros2_ws/install/rosapi_msgs/include/rosapi_msgs/rosapi_msgs/srv
[231.857s] -- Installing: /ros2_ws/install/rosapi_msgs/include/rosapi_msgs/rosapi_msgs/srv/set_param.h
[231.857s] -- Installing: /ros2_ws/install/rosapi_msgs/include/rosapi_msgs/rosapi_msgs/srv/get_ros_version.h
[231.858s] -- Installing: /ros2_ws/install/rosapi_msgs/include/rosapi_msgs/rosapi_msgs/srv/subscribers.h
[231.858s] -- Installing: /ros2_ws/install/rosapi_msgs/include/rosapi_msgs/rosapi_msgs/srv/services_for_type.h
[231.859s] -- Installing: /ros2_ws/install/rosapi_msgs/include/rosapi_msgs/rosapi_msgs/srv/topics.h
[231.859s] -- Installing: /ros2_ws/install/rosapi_msgs/include/rosapi_msgs/rosapi_msgs/srv/get_param_names.h
[231.860s] -- Installing: /ros2_ws/install/rosapi_msgs/include/rosapi_msgs/rosapi_msgs/srv/nodes.h
[231.860s] -- Installing: /ros2_ws/install/rosapi_msgs/include/rosapi_msgs/rosapi_msgs/srv/publishers.h
[231.861s] -- Installing: /ros2_ws/install/rosapi_msgs/include/rosapi_msgs/rosapi_msgs/srv/topics_and_raw_types.h
[231.861s] -- Installing: /ros2_ws/install/rosapi_msgs/include/rosapi_msgs/rosapi_msgs/srv/get_param.h
[231.862s] -- Installing: /ros2_ws/install/rosapi_msgs/include/rosapi_msgs/rosapi_msgs/srv/get_time.h
[231.862s] -- Installing: /ros2_ws/install/rosapi_msgs/include/rosapi_msgs/rosapi_msgs/srv/service_response_details.h
[231.863s] -- Installing: /ros2_ws/install/rosapi_msgs/include/rosapi_msgs/rosapi_msgs/srv/message_details.h
[231.863s] -- Installing: /ros2_ws/install/rosapi_msgs/include/rosapi_msgs/rosapi_msgs/srv/service_node.h
[231.864s] -- Installing: /ros2_ws/install/rosapi_msgs/include/rosapi_msgs/rosapi_msgs/srv/delete_param.h
[231.864s] -- Installing: /ros2_ws/install/rosapi_msgs/include/rosapi_msgs/rosapi_msgs/srv/topics_for_type.h
[231.865s] -- Installing: /ros2_ws/install/rosapi_msgs/include/rosapi_msgs/rosapi_msgs/srv/service_providers.h
[231.865s] -- Installing: /ros2_ws/install/rosapi_msgs/include/rosapi_msgs/rosapi_msgs/srv/get_action_servers.h
[231.866s] -- Installing: /ros2_ws/install/rosapi_msgs/include/rosapi_msgs/rosapi_msgs/srv/service_type.h
[231.866s] -- Installing: /ros2_ws/install/rosapi_msgs/include/rosapi_msgs/rosapi_msgs/srv/topic_type.h
[231.867s] -- Installing: /ros2_ws/install/rosapi_msgs/include/rosapi_msgs/rosapi_msgs/srv/detail
[231.867s] -- Installing: /ros2_ws/install/rosapi_msgs/include/rosapi_msgs/rosapi_msgs/srv/detail/node_details__struct.h
[231.868s] -- Installing: /ros2_ws/install/rosapi_msgs/include/rosapi_msgs/rosapi_msgs/srv/detail/get_action_servers__type_support.h
[231.868s] -- Installing: /ros2_ws/install/rosapi_msgs/include/rosapi_msgs/rosapi_msgs/srv/detail/node_details__functions.h
[231.868s] -- Installing: /ros2_ws/install/rosapi_msgs/include/rosapi_msgs/rosapi_msgs/srv/detail/message_details__struct.h
[231.869s] -- Installing: /ros2_ws/install/rosapi_msgs/include/rosapi_msgs/rosapi_msgs/srv/detail/get_action_servers__functions.h
[231.869s] -- Installing: /ros2_ws/install/rosapi_msgs/include/rosapi_msgs/rosapi_msgs/srv/detail/has_param__functions.c
[231.870s] -- Installing: /ros2_ws/install/rosapi_msgs/include/rosapi_msgs/rosapi_msgs/srv/detail/subscribers__type_support.h
[231.870s] -- Installing: /ros2_ws/install/rosapi_msgs/include/rosapi_msgs/rosapi_msgs/srv/detail/get_param_names__struct.h
[231.871s] -- Installing: /ros2_ws/install/rosapi_msgs/include/rosapi_msgs/rosapi_msgs/srv/detail/nodes__functions.c
[231.871s] -- Installing: /ros2_ws/install/rosapi_msgs/include/rosapi_msgs/rosapi_msgs/srv/detail/service_response_details__struct.h
[231.872s] -- Installing: /ros2_ws/install/rosapi_msgs/include/rosapi_msgs/rosapi_msgs/srv/detail/service_response_details__type_support.h
[231.872s] -- Installing: /ros2_ws/install/rosapi_msgs/include/rosapi_msgs/rosapi_msgs/srv/detail/services_for_type__functions.h
[231.873s] -- Installing: /ros2_ws/install/rosapi_msgs/include/rosapi_msgs/rosapi_msgs/srv/detail/subscribers__functions.h
[231.873s] -- Installing: /ros2_ws/install/rosapi_msgs/include/rosapi_msgs/rosapi_msgs/srv/detail/service_request_details__functions.h
[231.874s] -- Installing: /ros2_ws/install/rosapi_msgs/include/rosapi_msgs/rosapi_msgs/srv/detail/service_response_details__functions.h
[231.874s] -- Installing: /ros2_ws/install/rosapi_msgs/include/rosapi_msgs/rosapi_msgs/srv/detail/service_request_details__functions.c
[231.875s] -- Installing: /ros2_ws/install/rosapi_msgs/include/rosapi_msgs/rosapi_msgs/srv/detail/service_request_details__type_support.h
[231.875s] -- Installing: /ros2_ws/install/rosapi_msgs/include/rosapi_msgs/rosapi_msgs/srv/detail/has_param__struct.h
[231.876s] -- Installing: /ros2_ws/install/rosapi_msgs/include/rosapi_msgs/rosapi_msgs/srv/detail/service_node__struct.h
[231.876s] -- Installing: /ros2_ws/install/rosapi_msgs/include/rosapi_msgs/rosapi_msgs/srv/detail/topics_for_type__functions.h
[231.877s] -- Installing: /ros2_ws/install/rosapi_msgs/include/rosapi_msgs/rosapi_msgs/srv/detail/get_time__functions.h
[231.877s] -- Installing: /ros2_ws/install/rosapi_msgs/include/rosapi_msgs/rosapi_msgs/srv/detail/topics_for_type__functions.c
[231.878s] -- Installing: /ros2_ws/install/rosapi_msgs/include/rosapi_msgs/rosapi_msgs/srv/detail/get_action_servers__functions.c
[231.878s] -- Installing: /ros2_ws/install/rosapi_msgs/include/rosapi_msgs/rosapi_msgs/srv/detail/publishers__type_support.h
[231.879s] -- Installing: /ros2_ws/install/rosapi_msgs/include/rosapi_msgs/rosapi_msgs/srv/detail/publishers__functions.c
[231.879s] -- Installing: /ros2_ws/install/rosapi_msgs/include/rosapi_msgs/rosapi_msgs/srv/detail/delete_param__functions.c
[231.880s] -- Installing: /ros2_ws/install/rosapi_msgs/include/rosapi_msgs/rosapi_msgs/srv/detail/topics__functions.c
[231.880s] -- Installing: /ros2_ws/install/rosapi_msgs/include/rosapi_msgs/rosapi_msgs/srv/detail/has_param__functions.h
[231.881s] -- Installing: /ros2_ws/install/rosapi_msgs/include/rosapi_msgs/rosapi_msgs/srv/detail/message_details__functions.h
[231.881s] -- Installing: /ros2_ws/install/rosapi_msgs/include/rosapi_msgs/rosapi_msgs/srv/detail/topic_type__type_support.h
[231.881s] -- Installing: /ros2_ws/install/rosapi_msgs/include/rosapi_msgs/rosapi_msgs/srv/detail/topics_and_raw_types__functions.c
[231.882s] -- Installing: /ros2_ws/install/rosapi_msgs/include/rosapi_msgs/rosapi_msgs/srv/detail/delete_param__type_support.h
[231.883s] -- Installing: /ros2_ws/install/rosapi_msgs/include/rosapi_msgs/rosapi_msgs/srv/detail/set_param__type_support.h
[231.883s] -- Installing: /ros2_ws/install/rosapi_msgs/include/rosapi_msgs/rosapi_msgs/srv/detail/services_for_type__functions.c
[231.884s] -- Installing: /ros2_ws/install/rosapi_msgs/include/rosapi_msgs/rosapi_msgs/srv/detail/delete_param__struct.h
[231.884s] -- Installing: /ros2_ws/install/rosapi_msgs/include/rosapi_msgs/rosapi_msgs/srv/detail/get_ros_version__functions.h
[231.885s] -- Installing: /ros2_ws/install/rosapi_msgs/include/rosapi_msgs/rosapi_msgs/srv/detail/services__functions.h
[231.885s] -- Installing: /ros2_ws/install/rosapi_msgs/include/rosapi_msgs/rosapi_msgs/srv/detail/topic_type__struct.h
[231.886s] -- Installing: /ros2_ws/install/rosapi_msgs/include/rosapi_msgs/rosapi_msgs/srv/detail/get_ros_version__type_support.h
[231.886s] -- Installing: /ros2_ws/install/rosapi_msgs/include/rosapi_msgs/rosapi_msgs/srv/detail/topic_type__functions.h
[231.887s] -- Installing: /ros2_ws/install/rosapi_msgs/include/rosapi_msgs/rosapi_msgs/srv/detail/topics_for_type__struct.h
[231.887s] -- Installing: /ros2_ws/install/rosapi_msgs/include/rosapi_msgs/rosapi_msgs/srv/detail/service_providers__type_support.h
[231.888s] -- Installing: /ros2_ws/install/rosapi_msgs/include/rosapi_msgs/rosapi_msgs/srv/detail/subscribers__struct.h
[231.888s] -- Installing: /ros2_ws/install/rosapi_msgs/include/rosapi_msgs/rosapi_msgs/srv/detail/service_node__functions.h
[231.889s] -- Installing: /ros2_ws/install/rosapi_msgs/include/rosapi_msgs/rosapi_msgs/srv/detail/set_param__struct.h
[231.889s] -- Installing: /ros2_ws/install/rosapi_msgs/include/rosapi_msgs/rosapi_msgs/srv/detail/get_param__struct.h
[231.890s] -- Installing: /ros2_ws/install/rosapi_msgs/include/rosapi_msgs/rosapi_msgs/srv/detail/set_param__functions.c
[231.890s] -- Installing: /ros2_ws/install/rosapi_msgs/include/rosapi_msgs/rosapi_msgs/srv/detail/services__type_support.h
[231.891s] -- Installing: /ros2_ws/install/rosapi_msgs/include/rosapi_msgs/rosapi_msgs/srv/detail/service_providers__functions.h
[231.891s] -- Installing: /ros2_ws/install/rosapi_msgs/include/rosapi_msgs/rosapi_msgs/srv/detail/nodes__type_support.h
[231.892s] -- Installing: /ros2_ws/install/rosapi_msgs/include/rosapi_msgs/rosapi_msgs/srv/detail/topic_type__functions.c
[231.892s] -- Installing: /ros2_ws/install/rosapi_msgs/include/rosapi_msgs/rosapi_msgs/srv/detail/topics__struct.h
[231.893s] -- Installing: /ros2_ws/install/rosapi_msgs/include/rosapi_msgs/rosapi_msgs/srv/detail/service_type__functions.h
[231.893s] -- Installing: /ros2_ws/install/rosapi_msgs/include/rosapi_msgs/rosapi_msgs/srv/detail/get_param__type_support.h
[231.894s] -- Installing: /ros2_ws/install/rosapi_msgs/include/rosapi_msgs/rosapi_msgs/srv/detail/message_details__type_support.h
[231.894s] -- Installing: /ros2_ws/install/rosapi_msgs/include/rosapi_msgs/rosapi_msgs/srv/detail/has_param__type_support.h
[231.895s] -- Installing: /ros2_ws/install/rosapi_msgs/include/rosapi_msgs/rosapi_msgs/srv/detail/services_for_type__struct.h
[231.895s] -- Installing: /ros2_ws/install/rosapi_msgs/include/rosapi_msgs/rosapi_msgs/srv/detail/service_type__struct.h
[231.895s] -- Installing: /ros2_ws/install/rosapi_msgs/include/rosapi_msgs/rosapi_msgs/srv/detail/topics_and_raw_types__type_support.h
[231.896s] -- Installing: /ros2_ws/install/rosapi_msgs/include/rosapi_msgs/rosapi_msgs/srv/detail/message_details__functions.c
[231.896s] -- Installing: /ros2_ws/install/rosapi_msgs/include/rosapi_msgs/rosapi_msgs/srv/detail/node_details__type_support.h
[231.897s] -- Installing: /ros2_ws/install/rosapi_msgs/include/rosapi_msgs/rosapi_msgs/srv/detail/set_param__functions.h
[231.897s] -- Installing: /ros2_ws/install/rosapi_msgs/include/rosapi_msgs/rosapi_msgs/srv/detail/get_time__struct.h
[231.898s] -- Installing: /ros2_ws/install/rosapi_msgs/include/rosapi_msgs/rosapi_msgs/srv/detail/service_response_details__functions.c
[231.899s] -- Installing: /ros2_ws/install/rosapi_msgs/include/rosapi_msgs/rosapi_msgs/srv/detail/topics__functions.h
[231.899s] -- Installing: /ros2_ws/install/rosapi_msgs/include/rosapi_msgs/rosapi_msgs/srv/detail/services__functions.c
[231.900s] -- Installing: /ros2_ws/install/rosapi_msgs/include/rosapi_msgs/rosapi_msgs/srv/detail/get_param_names__functions.h
[231.900s] -- Installing: /ros2_ws/install/rosapi_msgs/include/rosapi_msgs/rosapi_msgs/srv/detail/nodes__functions.h
[231.901s] -- Installing: /ros2_ws/install/rosapi_msgs/include/rosapi_msgs/rosapi_msgs/srv/detail/topics_and_raw_types__functions.h
[231.901s] -- Installing: /ros2_ws/install/rosapi_msgs/include/rosapi_msgs/rosapi_msgs/srv/detail/get_time__type_support.h
[231.902s] -- Installing: /ros2_ws/install/rosapi_msgs/include/rosapi_msgs/rosapi_msgs/srv/detail/services_for_type__type_support.h
[231.902s] -- Installing: /ros2_ws/install/rosapi_msgs/include/rosapi_msgs/rosapi_msgs/srv/detail/get_param_names__functions.c
[231.903s] -- Installing: /ros2_ws/install/rosapi_msgs/include/rosapi_msgs/rosapi_msgs/srv/detail/services__struct.h
[231.903s] -- Installing: /ros2_ws/install/rosapi_msgs/include/rosapi_msgs/rosapi_msgs/srv/detail/service_request_details__struct.h
[231.904s] -- Installing: /ros2_ws/install/rosapi_msgs/include/rosapi_msgs/rosapi_msgs/srv/detail/node_details__functions.c
[231.904s] -- Installing: /ros2_ws/install/rosapi_msgs/include/rosapi_msgs/rosapi_msgs/srv/detail/get_time__functions.c
[231.905s] -- Installing: /ros2_ws/install/rosapi_msgs/include/rosapi_msgs/rosapi_msgs/srv/detail/subscribers__functions.c
[231.905s] -- Installing: /ros2_ws/install/rosapi_msgs/include/rosapi_msgs/rosapi_msgs/srv/detail/service_node__type_support.h
[231.906s] -- Installing: /ros2_ws/install/rosapi_msgs/include/rosapi_msgs/rosapi_msgs/srv/detail/get_param_names__type_support.h
[231.906s] -- Installing: /ros2_ws/install/rosapi_msgs/include/rosapi_msgs/rosapi_msgs/srv/detail/get_ros_version__struct.h
[231.907s] -- Installing: /ros2_ws/install/rosapi_msgs/include/rosapi_msgs/rosapi_msgs/srv/detail/get_ros_version__functions.c
[231.907s] -- Installing: /ros2_ws/install/rosapi_msgs/include/rosapi_msgs/rosapi_msgs/srv/detail/topics_for_type__type_support.h
[231.908s] -- Installing: /ros2_ws/install/rosapi_msgs/include/rosapi_msgs/rosapi_msgs/srv/detail/publishers__struct.h
[231.908s] -- Installing: /ros2_ws/install/rosapi_msgs/include/rosapi_msgs/rosapi_msgs/srv/detail/get_action_servers__struct.h
[231.909s] -- Installing: /ros2_ws/install/rosapi_msgs/include/rosapi_msgs/rosapi_msgs/srv/detail/topics__type_support.h
[231.909s] -- Installing: /ros2_ws/install/rosapi_msgs/include/rosapi_msgs/rosapi_msgs/srv/detail/nodes__struct.h
[231.910s] -- Installing: /ros2_ws/install/rosapi_msgs/include/rosapi_msgs/rosapi_msgs/srv/detail/get_param__functions.c
[231.910s] -- Installing: /ros2_ws/install/rosapi_msgs/include/rosapi_msgs/rosapi_msgs/srv/detail/topics_and_raw_types__struct.h
[231.911s] -- Installing: /ros2_ws/install/rosapi_msgs/include/rosapi_msgs/rosapi_msgs/srv/detail/service_node__functions.c
[231.911s] -- Installing: /ros2_ws/install/rosapi_msgs/include/rosapi_msgs/rosapi_msgs/srv/detail/service_providers__functions.c
[231.912s] -- Installing: /ros2_ws/install/rosapi_msgs/include/rosapi_msgs/rosapi_msgs/srv/detail/publishers__functions.h
[231.912s] -- Installing: /ros2_ws/install/rosapi_msgs/include/rosapi_msgs/rosapi_msgs/srv/detail/get_param__functions.h
[231.913s] -- Installing: /ros2_ws/install/rosapi_msgs/include/rosapi_msgs/rosapi_msgs/srv/detail/service_type__functions.c
[231.913s] -- Installing: /ros2_ws/install/rosapi_msgs/include/rosapi_msgs/rosapi_msgs/srv/detail/service_providers__struct.h
[231.914s] -- Installing: /ros2_ws/install/rosapi_msgs/include/rosapi_msgs/rosapi_msgs/srv/detail/delete_param__functions.h
[231.914s] -- Installing: /ros2_ws/install/rosapi_msgs/include/rosapi_msgs/rosapi_msgs/srv/detail/service_type__type_support.h
[231.915s] -- Installing: /ros2_ws/install/rosapi_msgs/include/rosapi_msgs/rosapi_msgs/srv/service_request_details.h
[231.915s] -- Installing: /ros2_ws/install/rosapi_msgs/include/rosapi_msgs/rosapi_msgs/srv/has_param.h
[231.916s] -- Installing: /ros2_ws/install/rosapi_msgs/include/rosapi_msgs/rosapi_msgs/srv/services.h
[231.916s] -- Installing: /ros2_ws/install/rosapi_msgs/include/rosapi_msgs/rosapi_msgs/srv/node_details.h
[231.917s] -- Installing: /ros2_ws/install/rosapi_msgs/include/rosapi_msgs/rosapi_msgs/msg
[231.917s] -- Installing: /ros2_ws/install/rosapi_msgs/include/rosapi_msgs/rosapi_msgs/msg/type_def.h
[231.918s] -- Installing: /ros2_ws/install/rosapi_msgs/include/rosapi_msgs/rosapi_msgs/msg/detail
[231.918s] -- Installing: /ros2_ws/install/rosapi_msgs/include/rosapi_msgs/rosapi_msgs/msg/detail/type_def__functions.c
[231.919s] -- Installing: /ros2_ws/install/rosapi_msgs/include/rosapi_msgs/rosapi_msgs/msg/detail/type_def__struct.h
[231.919s] -- Installing: /ros2_ws/install/rosapi_msgs/include/rosapi_msgs/rosapi_msgs/msg/detail/type_def__functions.h
[231.919s] -- Installing: /ros2_ws/install/rosapi_msgs/include/rosapi_msgs/rosapi_msgs/msg/detail/type_def__type_support.h
[231.920s] -- Installing: /ros2_ws/install/rosapi_msgs/include/rosapi_msgs/rosapi_msgs/msg/rosidl_generator_c__visibility_control.h
[231.920s] -- Installing: /ros2_ws/install/rosapi_msgs/share/rosapi_msgs/environment/library_path.sh
[231.921s] -- Installing: /ros2_ws/install/rosapi_msgs/share/rosapi_msgs/environment/library_path.dsv
[231.922s] -- Installing: /ros2_ws/install/rosapi_msgs/lib/librosapi_msgs__rosidl_generator_c.so
[231.925s] -- Set runtime path of "/ros2_ws/install/rosapi_msgs/lib/librosapi_msgs__rosidl_generator_c.so" to ""
[231.925s] -- Up-to-date: /ros2_ws/install/rosapi_msgs/include/rosapi_msgs/rosapi_msgs
[231.926s] -- Up-to-date: /ros2_ws/install/rosapi_msgs/include/rosapi_msgs/rosapi_msgs/srv
[231.926s] -- Up-to-date: /ros2_ws/install/rosapi_msgs/include/rosapi_msgs/rosapi_msgs/srv/detail
[231.926s] -- Installing: /ros2_ws/install/rosapi_msgs/include/rosapi_msgs/rosapi_msgs/srv/detail/topics__rosidl_typesupport_fastrtps_c.h
[231.927s] -- Installing: /ros2_ws/install/rosapi_msgs/include/rosapi_msgs/rosapi_msgs/srv/detail/delete_param__rosidl_typesupport_fastrtps_c.h
[231.927s] -- Installing: /ros2_ws/install/rosapi_msgs/include/rosapi_msgs/rosapi_msgs/srv/detail/node_details__rosidl_typesupport_fastrtps_c.h
[231.928s] -- Installing: /ros2_ws/install/rosapi_msgs/include/rosapi_msgs/rosapi_msgs/srv/detail/topic_type__rosidl_typesupport_fastrtps_c.h
[231.928s] -- Installing: /ros2_ws/install/rosapi_msgs/include/rosapi_msgs/rosapi_msgs/srv/detail/nodes__rosidl_typesupport_fastrtps_c.h
[231.929s] -- Installing: /ros2_ws/install/rosapi_msgs/include/rosapi_msgs/rosapi_msgs/srv/detail/service_request_details__rosidl_typesupport_fastrtps_c.h
[231.929s] -- Installing: /ros2_ws/install/rosapi_msgs/include/rosapi_msgs/rosapi_msgs/srv/detail/service_node__rosidl_typesupport_fastrtps_c.h
[231.929s] -- Installing: /ros2_ws/install/rosapi_msgs/include/rosapi_msgs/rosapi_msgs/srv/detail/publishers__rosidl_typesupport_fastrtps_c.h
[231.930s] -- Installing: /ros2_ws/install/rosapi_msgs/include/rosapi_msgs/rosapi_msgs/srv/detail/subscribers__rosidl_typesupport_fastrtps_c.h
[231.930s] -- Installing: /ros2_ws/install/rosapi_msgs/include/rosapi_msgs/rosapi_msgs/srv/detail/topics_for_type__rosidl_typesupport_fastrtps_c.h
[231.931s] -- Installing: /ros2_ws/install/rosapi_msgs/include/rosapi_msgs/rosapi_msgs/srv/detail/get_param_names__rosidl_typesupport_fastrtps_c.h
[231.931s] -- Installing: /ros2_ws/install/rosapi_msgs/include/rosapi_msgs/rosapi_msgs/srv/detail/services__rosidl_typesupport_fastrtps_c.h
[231.932s] -- Installing: /ros2_ws/install/rosapi_msgs/include/rosapi_msgs/rosapi_msgs/srv/detail/topics_and_raw_types__rosidl_typesupport_fastrtps_c.h
[231.932s] -- Installing: /ros2_ws/install/rosapi_msgs/include/rosapi_msgs/rosapi_msgs/srv/detail/service_response_details__rosidl_typesupport_fastrtps_c.h
[231.933s] -- Installing: /ros2_ws/install/rosapi_msgs/include/rosapi_msgs/rosapi_msgs/srv/detail/set_param__rosidl_typesupport_fastrtps_c.h
[231.933s] -- Installing: /ros2_ws/install/rosapi_msgs/include/rosapi_msgs/rosapi_msgs/srv/detail/services_for_type__rosidl_typesupport_fastrtps_c.h
[231.934s] -- Installing: /ros2_ws/install/rosapi_msgs/include/rosapi_msgs/rosapi_msgs/srv/detail/get_param__rosidl_typesupport_fastrtps_c.h
[231.934s] -- Installing: /ros2_ws/install/rosapi_msgs/include/rosapi_msgs/rosapi_msgs/srv/detail/get_ros_version__rosidl_typesupport_fastrtps_c.h
[231.935s] -- Installing: /ros2_ws/install/rosapi_msgs/include/rosapi_msgs/rosapi_msgs/srv/detail/service_providers__rosidl_typesupport_fastrtps_c.h
[231.935s] -- Installing: /ros2_ws/install/rosapi_msgs/include/rosapi_msgs/rosapi_msgs/srv/detail/get_time__rosidl_typesupport_fastrtps_c.h
[231.936s] -- Installing: /ros2_ws/install/rosapi_msgs/include/rosapi_msgs/rosapi_msgs/srv/detail/get_action_servers__rosidl_typesupport_fastrtps_c.h
[231.936s] -- Installing: /ros2_ws/install/rosapi_msgs/include/rosapi_msgs/rosapi_msgs/srv/detail/message_details__rosidl_typesupport_fastrtps_c.h
[231.937s] -- Installing: /ros2_ws/install/rosapi_msgs/include/rosapi_msgs/rosapi_msgs/srv/detail/service_type__rosidl_typesupport_fastrtps_c.h
[231.937s] -- Installing: /ros2_ws/install/rosapi_msgs/include/rosapi_msgs/rosapi_msgs/srv/detail/has_param__rosidl_typesupport_fastrtps_c.h
[231.938s] -- Up-to-date: /ros2_ws/install/rosapi_msgs/include/rosapi_msgs/rosapi_msgs/msg
[231.938s] -- Installing: /ros2_ws/install/rosapi_msgs/include/rosapi_msgs/rosapi_msgs/msg/rosidl_typesupport_fastrtps_c__visibility_control.h
[231.939s] -- Up-to-date: /ros2_ws/install/rosapi_msgs/include/rosapi_msgs/rosapi_msgs/msg/detail
[231.939s] -- Installing: /ros2_ws/install/rosapi_msgs/include/rosapi_msgs/rosapi_msgs/msg/detail/type_def__rosidl_typesupport_fastrtps_c.h
[231.940s] -- Installing: /ros2_ws/install/rosapi_msgs/lib/librosapi_msgs__rosidl_typesupport_fastrtps_c.so
[231.942s] -- Set runtime path of "/ros2_ws/install/rosapi_msgs/lib/librosapi_msgs__rosidl_typesupport_fastrtps_c.so" to ""
[231.943s] -- Up-to-date: /ros2_ws/install/rosapi_msgs/include/rosapi_msgs/rosapi_msgs
[231.943s] -- Up-to-date: /ros2_ws/install/rosapi_msgs/include/rosapi_msgs/rosapi_msgs/srv
[231.944s] -- Installing: /ros2_ws/install/rosapi_msgs/include/rosapi_msgs/rosapi_msgs/srv/service_response_details.hpp
[231.944s] -- Installing: /ros2_ws/install/rosapi_msgs/include/rosapi_msgs/rosapi_msgs/srv/services_for_type.hpp
[231.945s] -- Installing: /ros2_ws/install/rosapi_msgs/include/rosapi_msgs/rosapi_msgs/srv/get_time.hpp
[231.945s] -- Installing: /ros2_ws/install/rosapi_msgs/include/rosapi_msgs/rosapi_msgs/srv/get_ros_version.hpp
[231.946s] -- Installing: /ros2_ws/install/rosapi_msgs/include/rosapi_msgs/rosapi_msgs/srv/get_action_servers.hpp
[231.946s] -- Installing: /ros2_ws/install/rosapi_msgs/include/rosapi_msgs/rosapi_msgs/srv/services.hpp
[231.949s] -- Installing: /ros2_ws/install/rosapi_msgs/include/rosapi_msgs/rosapi_msgs/srv/get_param_names.hpp
[231.950s] -- Installing: /ros2_ws/install/rosapi_msgs/include/rosapi_msgs/rosapi_msgs/srv/service_type.hpp
[231.951s] -- Installing: /ros2_ws/install/rosapi_msgs/include/rosapi_msgs/rosapi_msgs/srv/message_details.hpp
[231.952s] -- Installing: /ros2_ws/install/rosapi_msgs/include/rosapi_msgs/rosapi_msgs/srv/topic_type.hpp
[231.953s] -- Installing: /ros2_ws/install/rosapi_msgs/include/rosapi_msgs/rosapi_msgs/srv/get_param.hpp
[231.953s] -- Installing: /ros2_ws/install/rosapi_msgs/include/rosapi_msgs/rosapi_msgs/srv/has_param.hpp
[231.954s] -- Installing: /ros2_ws/install/rosapi_msgs/include/rosapi_msgs/rosapi_msgs/srv/topics_for_type.hpp
[231.955s] -- Installing: /ros2_ws/install/rosapi_msgs/include/rosapi_msgs/rosapi_msgs/srv/subscribers.hpp
[231.955s] -- Installing: /ros2_ws/install/rosapi_msgs/include/rosapi_msgs/rosapi_msgs/srv/topics_and_raw_types.hpp
[231.956s] -- Installing: /ros2_ws/install/rosapi_msgs/include/rosapi_msgs/rosapi_msgs/srv/delete_param.hpp
[231.956s] -- Installing: /ros2_ws/install/rosapi_msgs/include/rosapi_msgs/rosapi_msgs/srv/service_request_details.hpp
[231.957s] -- Installing: /ros2_ws/install/rosapi_msgs/include/rosapi_msgs/rosapi_msgs/srv/set_param.hpp
[231.957s] -- Installing: /ros2_ws/install/rosapi_msgs/include/rosapi_msgs/rosapi_msgs/srv/publishers.hpp
[231.958s] -- Installing: /ros2_ws/install/rosapi_msgs/include/rosapi_msgs/rosapi_msgs/srv/node_details.hpp
[231.958s] -- Up-to-date: /ros2_ws/install/rosapi_msgs/include/rosapi_msgs/rosapi_msgs/srv/detail
[231.959s] -- Installing: /ros2_ws/install/rosapi_msgs/include/rosapi_msgs/rosapi_msgs/srv/detail/service_type__struct.hpp
[231.959s] -- Installing: /ros2_ws/install/rosapi_msgs/include/rosapi_msgs/rosapi_msgs/srv/detail/get_param__builder.hpp
[231.960s] -- Installing: /ros2_ws/install/rosapi_msgs/include/rosapi_msgs/rosapi_msgs/srv/detail/get_param_names__struct.hpp
[231.960s] -- Installing: /ros2_ws/install/rosapi_msgs/include/rosapi_msgs/rosapi_msgs/srv/detail/service_providers__struct.hpp
[231.961s] -- Installing: /ros2_ws/install/rosapi_msgs/include/rosapi_msgs/rosapi_msgs/srv/detail/publishers__builder.hpp
[231.961s] -- Installing: /ros2_ws/install/rosapi_msgs/include/rosapi_msgs/rosapi_msgs/srv/detail/service_response_details__struct.hpp
[231.962s] -- Installing: /ros2_ws/install/rosapi_msgs/include/rosapi_msgs/rosapi_msgs/srv/detail/message_details__struct.hpp
[231.962s] -- Installing: /ros2_ws/install/rosapi_msgs/include/rosapi_msgs/rosapi_msgs/srv/detail/has_param__type_support.hpp
[231.962s] -- Installing: /ros2_ws/install/rosapi_msgs/include/rosapi_msgs/rosapi_msgs/srv/detail/services_for_type__traits.hpp
[231.963s] -- Installing: /ros2_ws/install/rosapi_msgs/include/rosapi_msgs/rosapi_msgs/srv/detail/set_param__type_support.hpp
[231.963s] -- Installing: /ros2_ws/install/rosapi_msgs/include/rosapi_msgs/rosapi_msgs/srv/detail/get_time__builder.hpp
[231.964s] -- Installing: /ros2_ws/install/rosapi_msgs/include/rosapi_msgs/rosapi_msgs/srv/detail/topics__struct.hpp
[231.964s] -- Installing: /ros2_ws/install/rosapi_msgs/include/rosapi_msgs/rosapi_msgs/srv/detail/node_details__builder.hpp
[231.965s] -- Installing: /ros2_ws/install/rosapi_msgs/include/rosapi_msgs/rosapi_msgs/srv/detail/subscribers__struct.hpp
[231.965s] -- Installing: /ros2_ws/install/rosapi_msgs/include/rosapi_msgs/rosapi_msgs/srv/detail/get_action_servers__struct.hpp
[231.966s] -- Installing: /ros2_ws/install/rosapi_msgs/include/rosapi_msgs/rosapi_msgs/srv/detail/service_type__traits.hpp
[231.967s] -- Installing: /ros2_ws/install/rosapi_msgs/include/rosapi_msgs/rosapi_msgs/srv/detail/get_ros_version__traits.hpp
[231.967s] -- Installing: /ros2_ws/install/rosapi_msgs/include/rosapi_msgs/rosapi_msgs/srv/detail/service_providers__type_support.hpp
[231.968s] -- Installing: /ros2_ws/install/rosapi_msgs/include/rosapi_msgs/rosapi_msgs/srv/detail/nodes__builder.hpp
[231.968s] -- Installing: /ros2_ws/install/rosapi_msgs/include/rosapi_msgs/rosapi_msgs/srv/detail/get_param__struct.hpp
[231.969s] -- Installing: /ros2_ws/install/rosapi_msgs/include/rosapi_msgs/rosapi_msgs/srv/detail/get_time__traits.hpp
[231.969s] -- Installing: /ros2_ws/install/rosapi_msgs/include/rosapi_msgs/rosapi_msgs/srv/detail/message_details__builder.hpp
[231.970s] -- Installing: /ros2_ws/install/rosapi_msgs/include/rosapi_msgs/rosapi_msgs/srv/detail/services_for_type__type_support.hpp
[231.970s] -- Installing: /ros2_ws/install/rosapi_msgs/include/rosapi_msgs/rosapi_msgs/srv/detail/topics_for_type__type_support.hpp
[231.971s] -- Installing: /ros2_ws/install/rosapi_msgs/include/rosapi_msgs/rosapi_msgs/srv/detail/topics_for_type__struct.hpp
[231.971s] -- Installing: /ros2_ws/install/rosapi_msgs/include/rosapi_msgs/rosapi_msgs/srv/detail/get_param__traits.hpp
[231.972s] -- Installing: /ros2_ws/install/rosapi_msgs/include/rosapi_msgs/rosapi_msgs/srv/detail/services__struct.hpp
[231.972s] -- Installing: /ros2_ws/install/rosapi_msgs/include/rosapi_msgs/rosapi_msgs/srv/detail/service_request_details__type_support.hpp
[231.973s] -- Installing: /ros2_ws/install/rosapi_msgs/include/rosapi_msgs/rosapi_msgs/srv/detail/subscribers__builder.hpp
[231.973s] -- Installing: /ros2_ws/install/rosapi_msgs/include/rosapi_msgs/rosapi_msgs/srv/detail/get_param_names__traits.hpp
[231.974s] -- Installing: /ros2_ws/install/rosapi_msgs/include/rosapi_msgs/rosapi_msgs/srv/detail/service_type__type_support.hpp
[231.974s] -- Installing: /ros2_ws/install/rosapi_msgs/include/rosapi_msgs/rosapi_msgs/srv/detail/publishers__traits.hpp
[231.975s] -- Installing: /ros2_ws/install/rosapi_msgs/include/rosapi_msgs/rosapi_msgs/srv/detail/topic_type__traits.hpp
[231.975s] -- Installing: /ros2_ws/install/rosapi_msgs/include/rosapi_msgs/rosapi_msgs/srv/detail/topics_for_type__traits.hpp
[231.976s] -- Installing: /ros2_ws/install/rosapi_msgs/include/rosapi_msgs/rosapi_msgs/srv/detail/node_details__type_support.hpp
[231.976s] -- Installing: /ros2_ws/install/rosapi_msgs/include/rosapi_msgs/rosapi_msgs/srv/detail/get_param_names__builder.hpp
[231.977s] -- Installing: /ros2_ws/install/rosapi_msgs/include/rosapi_msgs/rosapi_msgs/srv/detail/services_for_type__builder.hpp
[231.977s] -- Installing: /ros2_ws/install/rosapi_msgs/include/rosapi_msgs/rosapi_msgs/srv/detail/service_request_details__struct.hpp
[231.978s] -- Installing: /ros2_ws/install/rosapi_msgs/include/rosapi_msgs/rosapi_msgs/srv/detail/service_request_details__traits.hpp
[231.979s] -- Installing: /ros2_ws/install/rosapi_msgs/include/rosapi_msgs/rosapi_msgs/srv/detail/topic_type__type_support.hpp
[231.979s] -- Installing: /ros2_ws/install/rosapi_msgs/include/rosapi_msgs/rosapi_msgs/srv/detail/services__type_support.hpp
[231.980s] -- Installing: /ros2_ws/install/rosapi_msgs/include/rosapi_msgs/rosapi_msgs/srv/detail/publishers__struct.hpp
[231.980s] -- Installing: /ros2_ws/install/rosapi_msgs/include/rosapi_msgs/rosapi_msgs/srv/detail/service_node__type_support.hpp
[231.981s] -- Installing: /ros2_ws/install/rosapi_msgs/include/rosapi_msgs/rosapi_msgs/srv/detail/topic_type__struct.hpp
[231.981s] -- Installing: /ros2_ws/install/rosapi_msgs/include/rosapi_msgs/rosapi_msgs/srv/detail/service_response_details__type_support.hpp
[231.982s] -- Installing: /ros2_ws/install/rosapi_msgs/include/rosapi_msgs/rosapi_msgs/srv/detail/subscribers__type_support.hpp
[231.982s] -- Installing: /ros2_ws/install/rosapi_msgs/include/rosapi_msgs/rosapi_msgs/srv/detail/get_time__struct.hpp
[231.983s] -- Installing: /ros2_ws/install/rosapi_msgs/include/rosapi_msgs/rosapi_msgs/srv/detail/topics__traits.hpp
[231.983s] -- Installing: /ros2_ws/install/rosapi_msgs/include/rosapi_msgs/rosapi_msgs/srv/detail/service_providers__builder.hpp
[231.984s] -- Installing: /ros2_ws/install/rosapi_msgs/include/rosapi_msgs/rosapi_msgs/srv/detail/service_response_details__builder.hpp
[231.985s] -- Installing: /ros2_ws/install/rosapi_msgs/include/rosapi_msgs/rosapi_msgs/srv/detail/subscribers__traits.hpp
[231.985s] -- Installing: /ros2_ws/install/rosapi_msgs/include/rosapi_msgs/rosapi_msgs/srv/detail/service_providers__traits.hpp
[231.986s] -- Installing: /ros2_ws/install/rosapi_msgs/include/rosapi_msgs/rosapi_msgs/srv/detail/services__traits.hpp
[231.986s] -- Installing: /ros2_ws/install/rosapi_msgs/include/rosapi_msgs/rosapi_msgs/srv/detail/topics__type_support.hpp
[231.987s] -- Installing: /ros2_ws/install/rosapi_msgs/include/rosapi_msgs/rosapi_msgs/srv/detail/set_param__struct.hpp
[231.987s] -- Installing: /ros2_ws/install/rosapi_msgs/include/rosapi_msgs/rosapi_msgs/srv/detail/message_details__type_support.hpp
[231.988s] -- Installing: /ros2_ws/install/rosapi_msgs/include/rosapi_msgs/rosapi_msgs/srv/detail/delete_param__traits.hpp
[231.988s] -- Installing: /ros2_ws/install/rosapi_msgs/include/rosapi_msgs/rosapi_msgs/srv/detail/get_ros_version__type_support.hpp
[231.989s] -- Installing: /ros2_ws/install/rosapi_msgs/include/rosapi_msgs/rosapi_msgs/srv/detail/get_param__type_support.hpp
[231.989s] -- Installing: /ros2_ws/install/rosapi_msgs/include/rosapi_msgs/rosapi_msgs/srv/detail/get_time__type_support.hpp
[231.990s] -- Installing: /ros2_ws/install/rosapi_msgs/include/rosapi_msgs/rosapi_msgs/srv/detail/nodes__type_support.hpp
[231.991s] -- Installing: /ros2_ws/install/rosapi_msgs/include/rosapi_msgs/rosapi_msgs/srv/detail/nodes__traits.hpp
[231.991s] -- Installing: /ros2_ws/install/rosapi_msgs/include/rosapi_msgs/rosapi_msgs/srv/detail/nodes__struct.hpp
[231.991s] -- Installing: /ros2_ws/install/rosapi_msgs/include/rosapi_msgs/rosapi_msgs/srv/detail/node_details__struct.hpp
[231.992s] -- Installing: /ros2_ws/install/rosapi_msgs/include/rosapi_msgs/rosapi_msgs/srv/detail/topics__builder.hpp
[231.993s] -- Installing: /ros2_ws/install/rosapi_msgs/include/rosapi_msgs/rosapi_msgs/srv/detail/get_ros_version__builder.hpp
[231.993s] -- Installing: /ros2_ws/install/rosapi_msgs/include/rosapi_msgs/rosapi_msgs/srv/detail/delete_param__builder.hpp
[231.994s] -- Installing: /ros2_ws/install/rosapi_msgs/include/rosapi_msgs/rosapi_msgs/srv/detail/delete_param__struct.hpp
[231.994s] -- Installing: /ros2_ws/install/rosapi_msgs/include/rosapi_msgs/rosapi_msgs/srv/detail/topics_and_raw_types__builder.hpp
[231.995s] -- Installing: /ros2_ws/install/rosapi_msgs/include/rosapi_msgs/rosapi_msgs/srv/detail/topics_and_raw_types__type_support.hpp
[231.995s] -- Installing: /ros2_ws/install/rosapi_msgs/include/rosapi_msgs/rosapi_msgs/srv/detail/service_node__traits.hpp
[231.996s] -- Installing: /ros2_ws/install/rosapi_msgs/include/rosapi_msgs/rosapi_msgs/srv/detail/topics_and_raw_types__struct.hpp
[231.996s] -- Installing: /ros2_ws/install/rosapi_msgs/include/rosapi_msgs/rosapi_msgs/srv/detail/message_details__traits.hpp
[231.997s] -- Installing: /ros2_ws/install/rosapi_msgs/include/rosapi_msgs/rosapi_msgs/srv/detail/set_param__traits.hpp
[231.997s] -- Installing: /ros2_ws/install/rosapi_msgs/include/rosapi_msgs/rosapi_msgs/srv/detail/set_param__builder.hpp
[231.998s] -- Installing: /ros2_ws/install/rosapi_msgs/include/rosapi_msgs/rosapi_msgs/srv/detail/topics_for_type__builder.hpp
[231.998s] -- Installing: /ros2_ws/install/rosapi_msgs/include/rosapi_msgs/rosapi_msgs/srv/detail/service_node__builder.hpp
[231.999s] -- Installing: /ros2_ws/install/rosapi_msgs/include/rosapi_msgs/rosapi_msgs/srv/detail/has_param__traits.hpp
[231.999s] -- Installing: /ros2_ws/install/rosapi_msgs/include/rosapi_msgs/rosapi_msgs/srv/detail/get_action_servers__type_support.hpp
[232.000s] -- Installing: /ros2_ws/install/rosapi_msgs/include/rosapi_msgs/rosapi_msgs/srv/detail/delete_param__type_support.hpp
[232.000s] -- Installing: /ros2_ws/install/rosapi_msgs/include/rosapi_msgs/rosapi_msgs/srv/detail/get_param_names__type_support.hpp
[232.001s] -- Installing: /ros2_ws/install/rosapi_msgs/include/rosapi_msgs/rosapi_msgs/srv/detail/service_node__struct.hpp
[232.001s] -- Installing: /ros2_ws/install/rosapi_msgs/include/rosapi_msgs/rosapi_msgs/srv/detail/get_action_servers__builder.hpp
[232.002s] -- Installing: /ros2_ws/install/rosapi_msgs/include/rosapi_msgs/rosapi_msgs/srv/detail/has_param__struct.hpp
[232.002s] -- Installing: /ros2_ws/install/rosapi_msgs/include/rosapi_msgs/rosapi_msgs/srv/detail/services__builder.hpp
[232.003s] -- Installing: /ros2_ws/install/rosapi_msgs/include/rosapi_msgs/rosapi_msgs/srv/detail/node_details__traits.hpp
[232.003s] -- Installing: /ros2_ws/install/rosapi_msgs/include/rosapi_msgs/rosapi_msgs/srv/detail/publishers__type_support.hpp
[232.004s] -- Installing: /ros2_ws/install/rosapi_msgs/include/rosapi_msgs/rosapi_msgs/srv/detail/service_response_details__traits.hpp
[232.004s] -- Installing: /ros2_ws/install/rosapi_msgs/include/rosapi_msgs/rosapi_msgs/srv/detail/has_param__builder.hpp
[232.005s] -- Installing: /ros2_ws/install/rosapi_msgs/include/rosapi_msgs/rosapi_msgs/srv/detail/service_type__builder.hpp
[232.005s] -- Installing: /ros2_ws/install/rosapi_msgs/include/rosapi_msgs/rosapi_msgs/srv/detail/services_for_type__struct.hpp
[232.006s] -- Installing: /ros2_ws/install/rosapi_msgs/include/rosapi_msgs/rosapi_msgs/srv/detail/get_action_servers__traits.hpp
[232.006s] -- Installing: /ros2_ws/install/rosapi_msgs/include/rosapi_msgs/rosapi_msgs/srv/detail/get_ros_version__struct.hpp
[232.007s] -- Installing: /ros2_ws/install/rosapi_msgs/include/rosapi_msgs/rosapi_msgs/srv/detail/topic_type__builder.hpp
[232.007s] -- Installing: /ros2_ws/install/rosapi_msgs/include/rosapi_msgs/rosapi_msgs/srv/detail/topics_and_raw_types__traits.hpp
[232.008s] -- Installing: /ros2_ws/install/rosapi_msgs/include/rosapi_msgs/rosapi_msgs/srv/detail/service_request_details__builder.hpp
[232.008s] -- Installing: /ros2_ws/install/rosapi_msgs/include/rosapi_msgs/rosapi_msgs/srv/topics.hpp
[232.009s] -- Installing: /ros2_ws/install/rosapi_msgs/include/rosapi_msgs/rosapi_msgs/srv/nodes.hpp
[232.010s] -- Installing: /ros2_ws/install/rosapi_msgs/include/rosapi_msgs/rosapi_msgs/srv/service_providers.hpp
[232.010s] -- Installing: /ros2_ws/install/rosapi_msgs/include/rosapi_msgs/rosapi_msgs/srv/service_node.hpp
[232.011s] -- Up-to-date: /ros2_ws/install/rosapi_msgs/include/rosapi_msgs/rosapi_msgs/msg
[232.011s] -- Installing: /ros2_ws/install/rosapi_msgs/include/rosapi_msgs/rosapi_msgs/msg/rosidl_generator_cpp__visibility_control.hpp
[232.012s] -- Installing: /ros2_ws/install/rosapi_msgs/include/rosapi_msgs/rosapi_msgs/msg/type_def.hpp
[232.012s] -- Up-to-date: /ros2_ws/install/rosapi_msgs/include/rosapi_msgs/rosapi_msgs/msg/detail
[232.013s] -- Installing: /ros2_ws/install/rosapi_msgs/include/rosapi_msgs/rosapi_msgs/msg/detail/type_def__builder.hpp
[232.013s] -- Installing: /ros2_ws/install/rosapi_msgs/include/rosapi_msgs/rosapi_msgs/msg/detail/type_def__struct.hpp
[232.014s] -- Installing: /ros2_ws/install/rosapi_msgs/include/rosapi_msgs/rosapi_msgs/msg/detail/type_def__traits.hpp
[232.014s] -- Installing: /ros2_ws/install/rosapi_msgs/include/rosapi_msgs/rosapi_msgs/msg/detail/type_def__type_support.hpp
[232.015s] -- Up-to-date: /ros2_ws/install/rosapi_msgs/include/rosapi_msgs/rosapi_msgs
[232.015s] -- Up-to-date: /ros2_ws/install/rosapi_msgs/include/rosapi_msgs/rosapi_msgs/srv
[232.016s] -- Up-to-date: /ros2_ws/install/rosapi_msgs/include/rosapi_msgs/rosapi_msgs/srv/detail
[232.016s] -- Installing: /ros2_ws/install/rosapi_msgs/include/rosapi_msgs/rosapi_msgs/srv/detail/nodes__rosidl_typesupport_fastrtps_cpp.hpp
[232.017s] -- Installing: /ros2_ws/install/rosapi_msgs/include/rosapi_msgs/rosapi_msgs/srv/detail/topic_type__rosidl_typesupport_fastrtps_cpp.hpp
[232.017s] -- Installing: /ros2_ws/install/rosapi_msgs/include/rosapi_msgs/rosapi_msgs/srv/detail/service_providers__rosidl_typesupport_fastrtps_cpp.hpp
[232.018s] -- Installing: /ros2_ws/install/rosapi_msgs/include/rosapi_msgs/rosapi_msgs/srv/detail/get_time__rosidl_typesupport_fastrtps_cpp.hpp
[232.018s] -- Installing: /ros2_ws/install/rosapi_msgs/include/rosapi_msgs/rosapi_msgs/srv/detail/node_details__rosidl_typesupport_fastrtps_cpp.hpp
[232.019s] -- Installing: /ros2_ws/install/rosapi_msgs/include/rosapi_msgs/rosapi_msgs/srv/detail/subscribers__rosidl_typesupport_fastrtps_cpp.hpp
[232.020s] -- Installing: /ros2_ws/install/rosapi_msgs/include/rosapi_msgs/rosapi_msgs/srv/detail/services_for_type__rosidl_typesupport_fastrtps_cpp.hpp
[232.020s] -- Installing: /ros2_ws/install/rosapi_msgs/include/rosapi_msgs/rosapi_msgs/srv/detail/delete_param__rosidl_typesupport_fastrtps_cpp.hpp
[232.021s] -- Installing: /ros2_ws/install/rosapi_msgs/include/rosapi_msgs/rosapi_msgs/srv/detail/service_response_details__rosidl_typesupport_fastrtps_cpp.hpp
[232.021s] -- Installing: /ros2_ws/install/rosapi_msgs/include/rosapi_msgs/rosapi_msgs/srv/detail/get_param_names__rosidl_typesupport_fastrtps_cpp.hpp
[232.021s] -- Installing: /ros2_ws/install/rosapi_msgs/include/rosapi_msgs/rosapi_msgs/srv/detail/publishers__rosidl_typesupport_fastrtps_cpp.hpp
[232.022s] -- Installing: /ros2_ws/install/rosapi_msgs/include/rosapi_msgs/rosapi_msgs/srv/detail/get_param__rosidl_typesupport_fastrtps_cpp.hpp
[232.022s] -- Installing: /ros2_ws/install/rosapi_msgs/include/rosapi_msgs/rosapi_msgs/srv/detail/has_param__rosidl_typesupport_fastrtps_cpp.hpp
[232.023s] -- Installing: /ros2_ws/install/rosapi_msgs/include/rosapi_msgs/rosapi_msgs/srv/detail/topics_for_type__rosidl_typesupport_fastrtps_cpp.hpp
[232.024s] -- Installing: /ros2_ws/install/rosapi_msgs/include/rosapi_msgs/rosapi_msgs/srv/detail/service_type__rosidl_typesupport_fastrtps_cpp.hpp
[232.024s] -- Installing: /ros2_ws/install/rosapi_msgs/include/rosapi_msgs/rosapi_msgs/srv/detail/services__rosidl_typesupport_fastrtps_cpp.hpp
[232.025s] -- Installing: /ros2_ws/install/rosapi_msgs/include/rosapi_msgs/rosapi_msgs/srv/detail/topics_and_raw_types__rosidl_typesupport_fastrtps_cpp.hpp
[232.025s] -- Installing: /ros2_ws/install/rosapi_msgs/include/rosapi_msgs/rosapi_msgs/srv/detail/service_request_details__rosidl_typesupport_fastrtps_cpp.hpp
[232.026s] -- Installing: /ros2_ws/install/rosapi_msgs/include/rosapi_msgs/rosapi_msgs/srv/detail/set_param__rosidl_typesupport_fastrtps_cpp.hpp
[232.026s] -- Installing: /ros2_ws/install/rosapi_msgs/include/rosapi_msgs/rosapi_msgs/srv/detail/service_node__rosidl_typesupport_fastrtps_cpp.hpp
[232.027s] -- Installing: /ros2_ws/install/rosapi_msgs/include/rosapi_msgs/rosapi_msgs/srv/detail/topics__rosidl_typesupport_fastrtps_cpp.hpp
[232.027s] -- Installing: /ros2_ws/install/rosapi_msgs/include/rosapi_msgs/rosapi_msgs/srv/detail/get_action_servers__rosidl_typesupport_fastrtps_cpp.hpp
[232.028s] -- Installing: /ros2_ws/install/rosapi_msgs/include/rosapi_msgs/rosapi_msgs/srv/detail/get_ros_version__rosidl_typesupport_fastrtps_cpp.hpp
[232.028s] -- Installing: /ros2_ws/install/rosapi_msgs/include/rosapi_msgs/rosapi_msgs/srv/detail/message_details__rosidl_typesupport_fastrtps_cpp.hpp
[232.028s] -- Installing: /ros2_ws/install/rosapi_msgs/include/rosapi_msgs/rosapi_msgs/srv/detail/dds_fastrtps
[232.029s] -- Up-to-date: /ros2_ws/install/rosapi_msgs/include/rosapi_msgs/rosapi_msgs/msg
[232.029s] -- Installing: /ros2_ws/install/rosapi_msgs/include/rosapi_msgs/rosapi_msgs/msg/rosidl_typesupport_fastrtps_cpp__visibility_control.h
[232.030s] -- Up-to-date: /ros2_ws/install/rosapi_msgs/include/rosapi_msgs/rosapi_msgs/msg/detail
[232.031s] -- Installing: /ros2_ws/install/rosapi_msgs/include/rosapi_msgs/rosapi_msgs/msg/detail/type_def__rosidl_typesupport_fastrtps_cpp.hpp
[232.031s] -- Installing: /ros2_ws/install/rosapi_msgs/include/rosapi_msgs/rosapi_msgs/msg/detail/dds_fastrtps
[232.032s] -- Installing: /ros2_ws/install/rosapi_msgs/lib/librosapi_msgs__rosidl_typesupport_fastrtps_cpp.so
[232.032s] -- Set runtime path of "/ros2_ws/install/rosapi_msgs/lib/librosapi_msgs__rosidl_typesupport_fastrtps_cpp.so" to ""
[232.032s] -- Up-to-date: /ros2_ws/install/rosapi_msgs/include/rosapi_msgs/rosapi_msgs
[232.033s] -- Up-to-date: /ros2_ws/install/rosapi_msgs/include/rosapi_msgs/rosapi_msgs/srv
[232.033s] -- Up-to-date: /ros2_ws/install/rosapi_msgs/include/rosapi_msgs/rosapi_msgs/srv/detail
[232.034s] -- Installing: /ros2_ws/install/rosapi_msgs/include/rosapi_msgs/rosapi_msgs/srv/detail/topic_type__rosidl_typesupport_introspection_c.h
[232.034s] -- Installing: /ros2_ws/install/rosapi_msgs/include/rosapi_msgs/rosapi_msgs/srv/detail/nodes__type_support.c
[232.035s] -- Installing: /ros2_ws/install/rosapi_msgs/include/rosapi_msgs/rosapi_msgs/srv/detail/get_action_servers__rosidl_typesupport_introspection_c.h
[232.035s] -- Installing: /ros2_ws/install/rosapi_msgs/include/rosapi_msgs/rosapi_msgs/srv/detail/topic_type__type_support.c
[232.036s] -- Installing: /ros2_ws/install/rosapi_msgs/include/rosapi_msgs/rosapi_msgs/srv/detail/delete_param__type_support.c
[232.036s] -- Installing: /ros2_ws/install/rosapi_msgs/include/rosapi_msgs/rosapi_msgs/srv/detail/service_providers__rosidl_typesupport_introspection_c.h
[232.037s] -- Installing: /ros2_ws/install/rosapi_msgs/include/rosapi_msgs/rosapi_msgs/srv/detail/subscribers__rosidl_typesupport_introspection_c.h
[232.037s] -- Installing: /ros2_ws/install/rosapi_msgs/include/rosapi_msgs/rosapi_msgs/srv/detail/get_param_names__rosidl_typesupport_introspection_c.h
[232.038s] -- Installing: /ros2_ws/install/rosapi_msgs/include/rosapi_msgs/rosapi_msgs/srv/detail/get_ros_version__type_support.c
[232.038s] -- Installing: /ros2_ws/install/rosapi_msgs/include/rosapi_msgs/rosapi_msgs/srv/detail/service_request_details__rosidl_typesupport_introspection_c.h
[232.039s] -- Installing: /ros2_ws/install/rosapi_msgs/include/rosapi_msgs/rosapi_msgs/srv/detail/service_providers__type_support.c
[232.039s] -- Installing: /ros2_ws/install/rosapi_msgs/include/rosapi_msgs/rosapi_msgs/srv/detail/service_type__rosidl_typesupport_introspection_c.h
[232.039s] -- Installing: /ros2_ws/install/rosapi_msgs/include/rosapi_msgs/rosapi_msgs/srv/detail/topics_for_type__type_support.c
[232.040s] -- Installing: /ros2_ws/install/rosapi_msgs/include/rosapi_msgs/rosapi_msgs/srv/detail/get_param_names__type_support.c
[232.040s] -- Installing: /ros2_ws/install/rosapi_msgs/include/rosapi_msgs/rosapi_msgs/srv/detail/service_node__rosidl_typesupport_introspection_c.h
[232.041s] -- Installing: /ros2_ws/install/rosapi_msgs/include/rosapi_msgs/rosapi_msgs/srv/detail/message_details__rosidl_typesupport_introspection_c.h
[232.041s] -- Installing: /ros2_ws/install/rosapi_msgs/include/rosapi_msgs/rosapi_msgs/srv/detail/has_param__rosidl_typesupport_introspection_c.h
[232.042s] -- Installing: /ros2_ws/install/rosapi_msgs/include/rosapi_msgs/rosapi_msgs/srv/detail/service_node__type_support.c
[232.042s] -- Installing: /ros2_ws/install/rosapi_msgs/include/rosapi_msgs/rosapi_msgs/srv/detail/set_param__type_support.c
[232.043s] -- Installing: /ros2_ws/install/rosapi_msgs/include/rosapi_msgs/rosapi_msgs/srv/detail/delete_param__rosidl_typesupport_introspection_c.h
[232.043s] -- Installing: /ros2_ws/install/rosapi_msgs/include/rosapi_msgs/rosapi_msgs/srv/detail/node_details__rosidl_typesupport_introspection_c.h
[232.044s] -- Installing: /ros2_ws/install/rosapi_msgs/include/rosapi_msgs/rosapi_msgs/srv/detail/node_details__type_support.c
[232.044s] -- Installing: /ros2_ws/install/rosapi_msgs/include/rosapi_msgs/rosapi_msgs/srv/detail/service_type__type_support.c
[232.044s] -- Installing: /ros2_ws/install/rosapi_msgs/include/rosapi_msgs/rosapi_msgs/srv/detail/service_response_details__rosidl_typesupport_introspection_c.h
[232.045s] -- Installing: /ros2_ws/install/rosapi_msgs/include/rosapi_msgs/rosapi_msgs/srv/detail/topics_and_raw_types__rosidl_typesupport_introspection_c.h
[232.045s] -- Installing: /ros2_ws/install/rosapi_msgs/include/rosapi_msgs/rosapi_msgs/srv/detail/topics__rosidl_typesupport_introspection_c.h
[232.046s] -- Installing: /ros2_ws/install/rosapi_msgs/include/rosapi_msgs/rosapi_msgs/srv/detail/publishers__rosidl_typesupport_introspection_c.h
[232.046s] -- Installing: /ros2_ws/install/rosapi_msgs/include/rosapi_msgs/rosapi_msgs/srv/detail/get_ros_version__rosidl_typesupport_introspection_c.h
[232.048s] -- Installing: /ros2_ws/install/rosapi_msgs/include/rosapi_msgs/rosapi_msgs/srv/detail/get_time__type_support.c
[232.049s] -- Installing: /ros2_ws/install/rosapi_msgs/include/rosapi_msgs/rosapi_msgs/srv/detail/service_response_details__type_support.c
[232.050s] -- Installing: /ros2_ws/install/rosapi_msgs/include/rosapi_msgs/rosapi_msgs/srv/detail/services__type_support.c
[232.051s] -- Installing: /ros2_ws/install/rosapi_msgs/include/rosapi_msgs/rosapi_msgs/srv/detail/subscribers__type_support.c
[232.052s] -- Installing: /ros2_ws/install/rosapi_msgs/include/rosapi_msgs/rosapi_msgs/srv/detail/message_details__type_support.c
[232.053s] -- Installing: /ros2_ws/install/rosapi_msgs/include/rosapi_msgs/rosapi_msgs/srv/detail/topics__type_support.c
[232.053s] -- Installing: /ros2_ws/install/rosapi_msgs/include/rosapi_msgs/rosapi_msgs/srv/detail/services_for_type__type_support.c
[232.054s] -- Installing: /ros2_ws/install/rosapi_msgs/include/rosapi_msgs/rosapi_msgs/srv/detail/get_time__rosidl_typesupport_introspection_c.h
[232.056s] -- Installing: /ros2_ws/install/rosapi_msgs/include/rosapi_msgs/rosapi_msgs/srv/detail/service_request_details__type_support.c
[232.057s] -- Installing: /ros2_ws/install/rosapi_msgs/include/rosapi_msgs/rosapi_msgs/srv/detail/has_param__type_support.c
[232.057s] -- Installing: /ros2_ws/install/rosapi_msgs/include/rosapi_msgs/rosapi_msgs/srv/detail/nodes__rosidl_typesupport_introspection_c.h
[232.058s] -- Installing: /ros2_ws/install/rosapi_msgs/include/rosapi_msgs/rosapi_msgs/srv/detail/get_action_servers__type_support.c
[232.059s] -- Installing: /ros2_ws/install/rosapi_msgs/include/rosapi_msgs/rosapi_msgs/srv/detail/get_param__rosidl_typesupport_introspection_c.h
[232.059s] -- Installing: /ros2_ws/install/rosapi_msgs/include/rosapi_msgs/rosapi_msgs/srv/detail/publishers__type_support.c
[232.060s] -- Installing: /ros2_ws/install/rosapi_msgs/include/rosapi_msgs/rosapi_msgs/srv/detail/set_param__rosidl_typesupport_introspection_c.h
[232.060s] -- Installing: /ros2_ws/install/rosapi_msgs/include/rosapi_msgs/rosapi_msgs/srv/detail/services_for_type__rosidl_typesupport_introspection_c.h
[232.061s] -- Installing: /ros2_ws/install/rosapi_msgs/include/rosapi_msgs/rosapi_msgs/srv/detail/services__rosidl_typesupport_introspection_c.h
[232.061s] -- Installing: /ros2_ws/install/rosapi_msgs/include/rosapi_msgs/rosapi_msgs/srv/detail/topics_and_raw_types__type_support.c
[232.062s] -- Installing: /ros2_ws/install/rosapi_msgs/include/rosapi_msgs/rosapi_msgs/srv/detail/topics_for_type__rosidl_typesupport_introspection_c.h
[232.062s] -- Installing: /ros2_ws/install/rosapi_msgs/include/rosapi_msgs/rosapi_msgs/srv/detail/get_param__type_support.c
[232.062s] -- Up-to-date: /ros2_ws/install/rosapi_msgs/include/rosapi_msgs/rosapi_msgs/msg
[232.063s] -- Up-to-date: /ros2_ws/install/rosapi_msgs/include/rosapi_msgs/rosapi_msgs/msg/detail
[232.063s] -- Installing: /ros2_ws/install/rosapi_msgs/include/rosapi_msgs/rosapi_msgs/msg/detail/type_def__rosidl_typesupport_introspection_c.h
[232.064s] -- Installing: /ros2_ws/install/rosapi_msgs/include/rosapi_msgs/rosapi_msgs/msg/detail/type_def__type_support.c
[232.064s] -- Installing: /ros2_ws/install/rosapi_msgs/include/rosapi_msgs/rosapi_msgs/msg/rosidl_typesupport_introspection_c__visibility_control.h
[232.065s] -- Installing: /ros2_ws/install/rosapi_msgs/lib/librosapi_msgs__rosidl_typesupport_introspection_c.so
[232.065s] -- Set runtime path of "/ros2_ws/install/rosapi_msgs/lib/librosapi_msgs__rosidl_typesupport_introspection_c.so" to ""
[232.066s] -- Installing: /ros2_ws/install/rosapi_msgs/lib/librosapi_msgs__rosidl_typesupport_c.so
[232.066s] -- Set runtime path of "/ros2_ws/install/rosapi_msgs/lib/librosapi_msgs__rosidl_typesupport_c.so" to ""
[232.067s] -- Up-to-date: /ros2_ws/install/rosapi_msgs/include/rosapi_msgs/rosapi_msgs
[232.067s] -- Up-to-date: /ros2_ws/install/rosapi_msgs/include/rosapi_msgs/rosapi_msgs/srv
[232.068s] -- Up-to-date: /ros2_ws/install/rosapi_msgs/include/rosapi_msgs/rosapi_msgs/srv/detail
[232.068s] -- Installing: /ros2_ws/install/rosapi_msgs/include/rosapi_msgs/rosapi_msgs/srv/detail/get_param_names__type_support.cpp
[232.069s] -- Installing: /ros2_ws/install/rosapi_msgs/include/rosapi_msgs/rosapi_msgs/srv/detail/topics_and_raw_types__rosidl_typesupport_introspection_cpp.hpp
[232.069s] -- Installing: /ros2_ws/install/rosapi_msgs/include/rosapi_msgs/rosapi_msgs/srv/detail/topics_for_type__type_support.cpp
[232.070s] -- Installing: /ros2_ws/install/rosapi_msgs/include/rosapi_msgs/rosapi_msgs/srv/detail/service_node__type_support.cpp
[232.070s] -- Installing: /ros2_ws/install/rosapi_msgs/include/rosapi_msgs/rosapi_msgs/srv/detail/topics__rosidl_typesupport_introspection_cpp.hpp
[232.071s] -- Installing: /ros2_ws/install/rosapi_msgs/include/rosapi_msgs/rosapi_msgs/srv/detail/get_time__rosidl_typesupport_introspection_cpp.hpp
[232.071s] -- Installing: /ros2_ws/install/rosapi_msgs/include/rosapi_msgs/rosapi_msgs/srv/detail/publishers__type_support.cpp
[232.072s] -- Installing: /ros2_ws/install/rosapi_msgs/include/rosapi_msgs/rosapi_msgs/srv/detail/node_details__type_support.cpp
[232.073s] -- Installing: /ros2_ws/install/rosapi_msgs/include/rosapi_msgs/rosapi_msgs/srv/detail/topics_for_type__rosidl_typesupport_introspection_cpp.hpp
[232.073s] -- Installing: /ros2_ws/install/rosapi_msgs/include/rosapi_msgs/rosapi_msgs/srv/detail/get_param__rosidl_typesupport_introspection_cpp.hpp
[232.074s] -- Installing: /ros2_ws/install/rosapi_msgs/include/rosapi_msgs/rosapi_msgs/srv/detail/service_response_details__rosidl_typesupport_introspection_cpp.hpp
[232.074s] -- Installing: /ros2_ws/install/rosapi_msgs/include/rosapi_msgs/rosapi_msgs/srv/detail/delete_param__type_support.cpp
[232.075s] -- Installing: /ros2_ws/install/rosapi_msgs/include/rosapi_msgs/rosapi_msgs/srv/detail/get_action_servers__type_support.cpp
[232.075s] -- Installing: /ros2_ws/install/rosapi_msgs/include/rosapi_msgs/rosapi_msgs/srv/detail/service_type__type_support.cpp
[232.076s] -- Installing: /ros2_ws/install/rosapi_msgs/include/rosapi_msgs/rosapi_msgs/srv/detail/has_param__type_support.cpp
[232.076s] -- Installing: /ros2_ws/install/rosapi_msgs/include/rosapi_msgs/rosapi_msgs/srv/detail/subscribers__type_support.cpp
[232.077s] -- Installing: /ros2_ws/install/rosapi_msgs/include/rosapi_msgs/rosapi_msgs/srv/detail/nodes__type_support.cpp
[232.077s] -- Installing: /ros2_ws/install/rosapi_msgs/include/rosapi_msgs/rosapi_msgs/srv/detail/subscribers__rosidl_typesupport_introspection_cpp.hpp
[232.078s] -- Installing: /ros2_ws/install/rosapi_msgs/include/rosapi_msgs/rosapi_msgs/srv/detail/node_details__rosidl_typesupport_introspection_cpp.hpp
[232.078s] -- Installing: /ros2_ws/install/rosapi_msgs/include/rosapi_msgs/rosapi_msgs/srv/detail/get_ros_version__rosidl_typesupport_introspection_cpp.hpp
[232.079s] -- Installing: /ros2_ws/install/rosapi_msgs/include/rosapi_msgs/rosapi_msgs/srv/detail/service_type__rosidl_typesupport_introspection_cpp.hpp
[232.079s] -- Installing: /ros2_ws/install/rosapi_msgs/include/rosapi_msgs/rosapi_msgs/srv/detail/get_action_servers__rosidl_typesupport_introspection_cpp.hpp
[232.080s] -- Installing: /ros2_ws/install/rosapi_msgs/include/rosapi_msgs/rosapi_msgs/srv/detail/set_param__type_support.cpp
[232.080s] -- Installing: /ros2_ws/install/rosapi_msgs/include/rosapi_msgs/rosapi_msgs/srv/detail/topic_type__rosidl_typesupport_introspection_cpp.hpp
[232.081s] -- Installing: /ros2_ws/install/rosapi_msgs/include/rosapi_msgs/rosapi_msgs/srv/detail/services_for_type__rosidl_typesupport_introspection_cpp.hpp
[232.081s] -- Installing: /ros2_ws/install/rosapi_msgs/include/rosapi_msgs/rosapi_msgs/srv/detail/service_response_details__type_support.cpp
[232.082s] -- Installing: /ros2_ws/install/rosapi_msgs/include/rosapi_msgs/rosapi_msgs/srv/detail/message_details__rosidl_typesupport_introspection_cpp.hpp
[232.082s] -- Installing: /ros2_ws/install/rosapi_msgs/include/rosapi_msgs/rosapi_msgs/srv/detail/get_param_names__rosidl_typesupport_introspection_cpp.hpp
[232.083s] -- Installing: /ros2_ws/install/rosapi_msgs/include/rosapi_msgs/rosapi_msgs/srv/detail/get_param__type_support.cpp
[232.083s] -- Installing: /ros2_ws/install/rosapi_msgs/include/rosapi_msgs/rosapi_msgs/srv/detail/service_node__rosidl_typesupport_introspection_cpp.hpp
[232.084s] -- Installing: /ros2_ws/install/rosapi_msgs/include/rosapi_msgs/rosapi_msgs/srv/detail/services__type_support.cpp
[232.085s] -- Installing: /ros2_ws/install/rosapi_msgs/include/rosapi_msgs/rosapi_msgs/srv/detail/service_request_details__type_support.cpp
[232.085s] -- Installing: /ros2_ws/install/rosapi_msgs/include/rosapi_msgs/rosapi_msgs/srv/detail/services__rosidl_typesupport_introspection_cpp.hpp
[232.086s] -- Installing: /ros2_ws/install/rosapi_msgs/include/rosapi_msgs/rosapi_msgs/srv/detail/delete_param__rosidl_typesupport_introspection_cpp.hpp
[232.087s] -- Installing: /ros2_ws/install/rosapi_msgs/include/rosapi_msgs/rosapi_msgs/srv/detail/get_time__type_support.cpp
[232.087s] -- Installing: /ros2_ws/install/rosapi_msgs/include/rosapi_msgs/rosapi_msgs/srv/detail/set_param__rosidl_typesupport_introspection_cpp.hpp
[232.088s] -- Installing: /ros2_ws/install/rosapi_msgs/include/rosapi_msgs/rosapi_msgs/srv/detail/has_param__rosidl_typesupport_introspection_cpp.hpp
[232.089s] -- Installing: /ros2_ws/install/rosapi_msgs/include/rosapi_msgs/rosapi_msgs/srv/detail/service_providers__type_support.cpp
[232.090s] -- Installing: /ros2_ws/install/rosapi_msgs/include/rosapi_msgs/rosapi_msgs/srv/detail/topics__type_support.cpp
[232.091s] -- Installing: /ros2_ws/install/rosapi_msgs/include/rosapi_msgs/rosapi_msgs/srv/detail/service_request_details__rosidl_typesupport_introspection_cpp.hpp
[232.092s] -- Installing: /ros2_ws/install/rosapi_msgs/include/rosapi_msgs/rosapi_msgs/srv/detail/topic_type__type_support.cpp
[232.093s] -- Installing: /ros2_ws/install/rosapi_msgs/include/rosapi_msgs/rosapi_msgs/srv/detail/services_for_type__type_support.cpp
[232.093s] -- Installing: /ros2_ws/install/rosapi_msgs/include/rosapi_msgs/rosapi_msgs/srv/detail/nodes__rosidl_typesupport_introspection_cpp.hpp
[232.094s] -- Installing: /ros2_ws/install/rosapi_msgs/include/rosapi_msgs/rosapi_msgs/srv/detail/get_ros_version__type_support.cpp
[232.095s] -- Installing: /ros2_ws/install/rosapi_msgs/include/rosapi_msgs/rosapi_msgs/srv/detail/publishers__rosidl_typesupport_introspection_cpp.hpp
[232.096s] -- Installing: /ros2_ws/install/rosapi_msgs/include/rosapi_msgs/rosapi_msgs/srv/detail/topics_and_raw_types__type_support.cpp
[232.096s] -- Installing: /ros2_ws/install/rosapi_msgs/include/rosapi_msgs/rosapi_msgs/srv/detail/message_details__type_support.cpp
[232.097s] -- Installing: /ros2_ws/install/rosapi_msgs/include/rosapi_msgs/rosapi_msgs/srv/detail/service_providers__rosidl_typesupport_introspection_cpp.hpp
[232.098s] -- Up-to-date: /ros2_ws/install/rosapi_msgs/include/rosapi_msgs/rosapi_msgs/msg
[232.098s] -- Up-to-date: /ros2_ws/install/rosapi_msgs/include/rosapi_msgs/rosapi_msgs/msg/detail
[232.099s] -- Installing: /ros2_ws/install/rosapi_msgs/include/rosapi_msgs/rosapi_msgs/msg/detail/type_def__type_support.cpp
[232.099s] -- Installing: /ros2_ws/install/rosapi_msgs/include/rosapi_msgs/rosapi_msgs/msg/detail/type_def__rosidl_typesupport_introspection_cpp.hpp
[232.100s] -- Installing: /ros2_ws/install/rosapi_msgs/lib/librosapi_msgs__rosidl_typesupport_introspection_cpp.so
[232.104s] -- Set runtime path of "/ros2_ws/install/rosapi_msgs/lib/librosapi_msgs__rosidl_typesupport_introspection_cpp.so" to ""
[232.104s] -- Installing: /ros2_ws/install/rosapi_msgs/lib/librosapi_msgs__rosidl_typesupport_cpp.so
[232.106s] -- Set runtime path of "/ros2_ws/install/rosapi_msgs/lib/librosapi_msgs__rosidl_typesupport_cpp.so" to ""
[232.107s] -- Installing: /ros2_ws/install/rosapi_msgs/share/rosapi_msgs/environment/pythonpath.sh
[232.107s] -- Installing: /ros2_ws/install/rosapi_msgs/share/rosapi_msgs/environment/pythonpath.dsv
[232.108s] -- Installing: /ros2_ws/install/rosapi_msgs/local/lib/python3.10/dist-packages/rosapi_msgs-1.3.1-py3.10.egg-info
[232.108s] -- Installing: /ros2_ws/install/rosapi_msgs/local/lib/python3.10/dist-packages/rosapi_msgs-1.3.1-py3.10.egg-info/SOURCES.txt
[232.109s] -- Installing: /ros2_ws/install/rosapi_msgs/local/lib/python3.10/dist-packages/rosapi_msgs-1.3.1-py3.10.egg-info/dependency_links.txt
[232.109s] -- Installing: /ros2_ws/install/rosapi_msgs/local/lib/python3.10/dist-packages/rosapi_msgs-1.3.1-py3.10.egg-info/top_level.txt
[232.110s] -- Installing: /ros2_ws/install/rosapi_msgs/local/lib/python3.10/dist-packages/rosapi_msgs-1.3.1-py3.10.egg-info/PKG-INFO
[232.111s] -- Installing: /ros2_ws/install/rosapi_msgs/local/lib/python3.10/dist-packages/rosapi_msgs
[232.111s] -- Installing: /ros2_ws/install/rosapi_msgs/local/lib/python3.10/dist-packages/rosapi_msgs/_rosapi_msgs_s.ep.rosidl_typesupport_c.c
[232.113s] -- Installing: /ros2_ws/install/rosapi_msgs/local/lib/python3.10/dist-packages/rosapi_msgs/rosapi_msgs_s__rosidl_typesupport_introspection_c.cpython-310-aarch64-linux-gnu.so
[232.114s] -- Installing: /ros2_ws/install/rosapi_msgs/local/lib/python3.10/dist-packages/rosapi_msgs/srv
[232.115s] -- Installing: /ros2_ws/install/rosapi_msgs/local/lib/python3.10/dist-packages/rosapi_msgs/srv/_service_type_s.c
[232.116s] -- Installing: /ros2_ws/install/rosapi_msgs/local/lib/python3.10/dist-packages/rosapi_msgs/srv/_service_response_details_s.c
[232.116s] -- Installing: /ros2_ws/install/rosapi_msgs/local/lib/python3.10/dist-packages/rosapi_msgs/srv/_services.py
[232.117s] -- Installing: /ros2_ws/install/rosapi_msgs/local/lib/python3.10/dist-packages/rosapi_msgs/srv/_publishers_s.c
[232.117s] -- Installing: /ros2_ws/install/rosapi_msgs/local/lib/python3.10/dist-packages/rosapi_msgs/srv/_service_providers_s.c
[232.118s] -- Installing: /ros2_ws/install/rosapi_msgs/local/lib/python3.10/dist-packages/rosapi_msgs/srv/_node_details_s.c
[232.118s] -- Installing: /ros2_ws/install/rosapi_msgs/local/lib/python3.10/dist-packages/rosapi_msgs/srv/_message_details.py
[232.119s] -- Installing: /ros2_ws/install/rosapi_msgs/local/lib/python3.10/dist-packages/rosapi_msgs/srv/_set_param.py
[232.119s] -- Installing: /ros2_ws/install/rosapi_msgs/local/lib/python3.10/dist-packages/rosapi_msgs/srv/_topics_for_type.py
[232.120s] -- Installing: /ros2_ws/install/rosapi_msgs/local/lib/python3.10/dist-packages/rosapi_msgs/srv/__init__.py
[232.120s] -- Installing: /ros2_ws/install/rosapi_msgs/local/lib/python3.10/dist-packages/rosapi_msgs/srv/_get_param_names.py
[232.121s] -- Installing: /ros2_ws/install/rosapi_msgs/local/lib/python3.10/dist-packages/rosapi_msgs/srv/_topic_type_s.c
[232.122s] -- Installing: /ros2_ws/install/rosapi_msgs/local/lib/python3.10/dist-packages/rosapi_msgs/srv/_services_for_type_s.c
[232.122s] -- Installing: /ros2_ws/install/rosapi_msgs/local/lib/python3.10/dist-packages/rosapi_msgs/srv/_service_request_details_s.c
[232.123s] -- Installing: /ros2_ws/install/rosapi_msgs/local/lib/python3.10/dist-packages/rosapi_msgs/srv/_publishers.py
[232.123s] -- Installing: /ros2_ws/install/rosapi_msgs/local/lib/python3.10/dist-packages/rosapi_msgs/srv/_has_param_s.c
[232.124s] -- Installing: /ros2_ws/install/rosapi_msgs/local/lib/python3.10/dist-packages/rosapi_msgs/srv/_get_ros_version.py
[232.124s] -- Installing: /ros2_ws/install/rosapi_msgs/local/lib/python3.10/dist-packages/rosapi_msgs/srv/_topics_for_type_s.c
[232.125s] -- Installing: /ros2_ws/install/rosapi_msgs/local/lib/python3.10/dist-packages/rosapi_msgs/srv/_has_param.py
[232.126s] -- Installing: /ros2_ws/install/rosapi_msgs/local/lib/python3.10/dist-packages/rosapi_msgs/srv/_get_param_names_s.c
[232.126s] -- Installing: /ros2_ws/install/rosapi_msgs/local/lib/python3.10/dist-packages/rosapi_msgs/srv/_service_node.py
[232.127s] -- Installing: /ros2_ws/install/rosapi_msgs/local/lib/python3.10/dist-packages/rosapi_msgs/srv/_get_param_s.c
[232.127s] -- Installing: /ros2_ws/install/rosapi_msgs/local/lib/python3.10/dist-packages/rosapi_msgs/srv/_topics_and_raw_types.py
[232.128s] -- Installing: /ros2_ws/install/rosapi_msgs/local/lib/python3.10/dist-packages/rosapi_msgs/srv/_topics_and_raw_types_s.c
[232.128s] -- Installing: /ros2_ws/install/rosapi_msgs/local/lib/python3.10/dist-packages/rosapi_msgs/srv/_service_type.py
[232.129s] -- Installing: /ros2_ws/install/rosapi_msgs/local/lib/python3.10/dist-packages/rosapi_msgs/srv/_topics_s.c
[232.129s] -- Installing: /ros2_ws/install/rosapi_msgs/local/lib/python3.10/dist-packages/rosapi_msgs/srv/_get_action_servers_s.c
[232.130s] -- Installing: /ros2_ws/install/rosapi_msgs/local/lib/python3.10/dist-packages/rosapi_msgs/srv/_subscribers_s.c
[232.130s] -- Installing: /ros2_ws/install/rosapi_msgs/local/lib/python3.10/dist-packages/rosapi_msgs/srv/_delete_param.py
[232.131s] -- Installing: /ros2_ws/install/rosapi_msgs/local/lib/python3.10/dist-packages/rosapi_msgs/srv/_service_request_details.py
[232.131s] -- Installing: /ros2_ws/install/rosapi_msgs/local/lib/python3.10/dist-packages/rosapi_msgs/srv/_set_param_s.c
[232.132s] -- Installing: /ros2_ws/install/rosapi_msgs/local/lib/python3.10/dist-packages/rosapi_msgs/srv/_service_node_s.c
[232.133s] -- Installing: /ros2_ws/install/rosapi_msgs/local/lib/python3.10/dist-packages/rosapi_msgs/srv/_message_details_s.c
[232.133s] -- Installing: /ros2_ws/install/rosapi_msgs/local/lib/python3.10/dist-packages/rosapi_msgs/srv/_services_s.c
[232.134s] -- Installing: /ros2_ws/install/rosapi_msgs/local/lib/python3.10/dist-packages/rosapi_msgs/srv/_node_details.py
[232.134s] -- Installing: /ros2_ws/install/rosapi_msgs/local/lib/python3.10/dist-packages/rosapi_msgs/srv/_service_response_details.py
[232.135s] -- Installing: /ros2_ws/install/rosapi_msgs/local/lib/python3.10/dist-packages/rosapi_msgs/srv/_get_ros_version_s.c
[232.135s] -- Installing: /ros2_ws/install/rosapi_msgs/local/lib/python3.10/dist-packages/rosapi_msgs/srv/_get_time_s.c
[232.136s] -- Installing: /ros2_ws/install/rosapi_msgs/local/lib/python3.10/dist-packages/rosapi_msgs/srv/_get_action_servers.py
[232.136s] -- Installing: /ros2_ws/install/rosapi_msgs/local/lib/python3.10/dist-packages/rosapi_msgs/srv/_get_param.py
[232.137s] -- Installing: /ros2_ws/install/rosapi_msgs/local/lib/python3.10/dist-packages/rosapi_msgs/srv/_nodes_s.c
[232.138s] -- Installing: /ros2_ws/install/rosapi_msgs/local/lib/python3.10/dist-packages/rosapi_msgs/srv/_topic_type.py
[232.138s] -- Installing: /ros2_ws/install/rosapi_msgs/local/lib/python3.10/dist-packages/rosapi_msgs/srv/_delete_param_s.c
[232.139s] -- Installing: /ros2_ws/install/rosapi_msgs/local/lib/python3.10/dist-packages/rosapi_msgs/srv/_get_time.py
[232.139s] -- Installing: /ros2_ws/install/rosapi_msgs/local/lib/python3.10/dist-packages/rosapi_msgs/srv/_subscribers.py
[232.140s] -- Installing: /ros2_ws/install/rosapi_msgs/local/lib/python3.10/dist-packages/rosapi_msgs/srv/_service_providers.py
[232.140s] -- Installing: /ros2_ws/install/rosapi_msgs/local/lib/python3.10/dist-packages/rosapi_msgs/srv/_topics.py
[232.141s] -- Installing: /ros2_ws/install/rosapi_msgs/local/lib/python3.10/dist-packages/rosapi_msgs/srv/_services_for_type.py
[232.142s] -- Installing: /ros2_ws/install/rosapi_msgs/local/lib/python3.10/dist-packages/rosapi_msgs/srv/_nodes.py
[232.142s] -- Installing: /ros2_ws/install/rosapi_msgs/local/lib/python3.10/dist-packages/rosapi_msgs/__init__.py
[232.143s] -- Installing: /ros2_ws/install/rosapi_msgs/local/lib/python3.10/dist-packages/rosapi_msgs/_rosapi_msgs_s.ep.rosidl_typesupport_introspection_c.c
[232.144s] -- Installing: /ros2_ws/install/rosapi_msgs/local/lib/python3.10/dist-packages/rosapi_msgs/msg
[232.144s] -- Installing: /ros2_ws/install/rosapi_msgs/local/lib/python3.10/dist-packages/rosapi_msgs/msg/_type_def_s.c
[232.145s] -- Installing: /ros2_ws/install/rosapi_msgs/local/lib/python3.10/dist-packages/rosapi_msgs/msg/__init__.py
[232.146s] -- Installing: /ros2_ws/install/rosapi_msgs/local/lib/python3.10/dist-packages/rosapi_msgs/msg/_type_def.py
[232.146s] -- Installing: /ros2_ws/install/rosapi_msgs/local/lib/python3.10/dist-packages/rosapi_msgs/rosapi_msgs_s__rosidl_typesupport_fastrtps_c.cpython-310-aarch64-linux-gnu.so
[232.147s] -- Installing: /ros2_ws/install/rosapi_msgs/local/lib/python3.10/dist-packages/rosapi_msgs/librosapi_msgs__rosidl_generator_py.so
[232.149s] -- Installing: /ros2_ws/install/rosapi_msgs/local/lib/python3.10/dist-packages/rosapi_msgs/rosapi_msgs_s__rosidl_typesupport_c.cpython-310-aarch64-linux-gnu.so
[232.151s] -- Installing: /ros2_ws/install/rosapi_msgs/local/lib/python3.10/dist-packages/rosapi_msgs/_rosapi_msgs_s.ep.rosidl_typesupport_fastrtps_c.c
[232.448s] Listing '/ros2_ws/install/rosapi_msgs/local/lib/python3.10/dist-packages/rosapi_msgs'...
[232.448s] Compiling '/ros2_ws/install/rosapi_msgs/local/lib/python3.10/dist-packages/rosapi_msgs/__init__.py'...
[232.451s] Listing '/ros2_ws/install/rosapi_msgs/local/lib/python3.10/dist-packages/rosapi_msgs/msg'...
[232.452s] Compiling '/ros2_ws/install/rosapi_msgs/local/lib/python3.10/dist-packages/rosapi_msgs/msg/__init__.py'...
[232.452s] Compiling '/ros2_ws/install/rosapi_msgs/local/lib/python3.10/dist-packages/rosapi_msgs/msg/_type_def.py'...
[232.453s] Listing '/ros2_ws/install/rosapi_msgs/local/lib/python3.10/dist-packages/rosapi_msgs/srv'...
[232.453s] Compiling '/ros2_ws/install/rosapi_msgs/local/lib/python3.10/dist-packages/rosapi_msgs/srv/__init__.py'...
[232.454s] Compiling '/ros2_ws/install/rosapi_msgs/local/lib/python3.10/dist-packages/rosapi_msgs/srv/_delete_param.py'...
[232.454s] Compiling '/ros2_ws/install/rosapi_msgs/local/lib/python3.10/dist-packages/rosapi_msgs/srv/_get_action_servers.py'...
[232.455s] Compiling '/ros2_ws/install/rosapi_msgs/local/lib/python3.10/dist-packages/rosapi_msgs/srv/_get_param.py'...
[232.455s] Compiling '/ros2_ws/install/rosapi_msgs/local/lib/python3.10/dist-packages/rosapi_msgs/srv/_get_param_names.py'...
[232.456s] Compiling '/ros2_ws/install/rosapi_msgs/local/lib/python3.10/dist-packages/rosapi_msgs/srv/_get_ros_version.py'...
[232.456s] Compiling '/ros2_ws/install/rosapi_msgs/local/lib/python3.10/dist-packages/rosapi_msgs/srv/_get_time.py'...
[232.457s] Compiling '/ros2_ws/install/rosapi_msgs/local/lib/python3.10/dist-packages/rosapi_msgs/srv/_has_param.py'...
[232.457s] Compiling '/ros2_ws/install/rosapi_msgs/local/lib/python3.10/dist-packages/rosapi_msgs/srv/_message_details.py'...
[232.458s] Compiling '/ros2_ws/install/rosapi_msgs/local/lib/python3.10/dist-packages/rosapi_msgs/srv/_node_details.py'...
[232.458s] Compiling '/ros2_ws/install/rosapi_msgs/local/lib/python3.10/dist-packages/rosapi_msgs/srv/_nodes.py'...
[232.459s] Compiling '/ros2_ws/install/rosapi_msgs/local/lib/python3.10/dist-packages/rosapi_msgs/srv/_publishers.py'...
[232.459s] Compiling '/ros2_ws/install/rosapi_msgs/local/lib/python3.10/dist-packages/rosapi_msgs/srv/_service_node.py'...
[232.460s] Compiling '/ros2_ws/install/rosapi_msgs/local/lib/python3.10/dist-packages/rosapi_msgs/srv/_service_providers.py'...
[232.460s] Compiling '/ros2_ws/install/rosapi_msgs/local/lib/python3.10/dist-packages/rosapi_msgs/srv/_service_request_details.py'...
[232.461s] Compiling '/ros2_ws/install/rosapi_msgs/local/lib/python3.10/dist-packages/rosapi_msgs/srv/_service_response_details.py'...
[232.461s] Compiling '/ros2_ws/install/rosapi_msgs/local/lib/python3.10/dist-packages/rosapi_msgs/srv/_service_type.py'...
[232.462s] Compiling '/ros2_ws/install/rosapi_msgs/local/lib/python3.10/dist-packages/rosapi_msgs/srv/_services.py'...
[232.462s] Compiling '/ros2_ws/install/rosapi_msgs/local/lib/python3.10/dist-packages/rosapi_msgs/srv/_services_for_type.py'...
[232.463s] Compiling '/ros2_ws/install/rosapi_msgs/local/lib/python3.10/dist-packages/rosapi_msgs/srv/_set_param.py'...
[232.463s] Compiling '/ros2_ws/install/rosapi_msgs/local/lib/python3.10/dist-packages/rosapi_msgs/srv/_subscribers.py'...
[232.463s] Compiling '/ros2_ws/install/rosapi_msgs/local/lib/python3.10/dist-packages/rosapi_msgs/srv/_topic_type.py'...
[232.464s] Compiling '/ros2_ws/install/rosapi_msgs/local/lib/python3.10/dist-packages/rosapi_msgs/srv/_topics.py'...
[232.464s] Compiling '/ros2_ws/install/rosapi_msgs/local/lib/python3.10/dist-packages/rosapi_msgs/srv/_topics_and_raw_types.py'...
[232.465s] Compiling '/ros2_ws/install/rosapi_msgs/local/lib/python3.10/dist-packages/rosapi_msgs/srv/_topics_for_type.py'...
[232.475s] -- Installing: /ros2_ws/install/rosapi_msgs/local/lib/python3.10/dist-packages/rosapi_msgs/rosapi_msgs_s__rosidl_typesupport_fastrtps_c.cpython-310-aarch64-linux-gnu.so
[232.477s] -- Set runtime path of "/ros2_ws/install/rosapi_msgs/local/lib/python3.10/dist-packages/rosapi_msgs/rosapi_msgs_s__rosidl_typesupport_fastrtps_c.cpython-310-aarch64-linux-gnu.so" to ""
[232.478s] -- Installing: /ros2_ws/install/rosapi_msgs/local/lib/python3.10/dist-packages/rosapi_msgs/rosapi_msgs_s__rosidl_typesupport_introspection_c.cpython-310-aarch64-linux-gnu.so
[232.480s] -- Set runtime path of "/ros2_ws/install/rosapi_msgs/local/lib/python3.10/dist-packages/rosapi_msgs/rosapi_msgs_s__rosidl_typesupport_introspection_c.cpython-310-aarch64-linux-gnu.so" to ""
[232.481s] -- Installing: /ros2_ws/install/rosapi_msgs/local/lib/python3.10/dist-packages/rosapi_msgs/rosapi_msgs_s__rosidl_typesupport_c.cpython-310-aarch64-linux-gnu.so
[232.483s] -- Set runtime path of "/ros2_ws/install/rosapi_msgs/local/lib/python3.10/dist-packages/rosapi_msgs/rosapi_msgs_s__rosidl_typesupport_c.cpython-310-aarch64-linux-gnu.so" to ""
[232.484s] -- Installing: /ros2_ws/install/rosapi_msgs/lib/librosapi_msgs__rosidl_generator_py.so
[232.486s] -- Set runtime path of "/ros2_ws/install/rosapi_msgs/lib/librosapi_msgs__rosidl_generator_py.so" to ""
[232.487s] -- Installing: /ros2_ws/install/rosapi_msgs/share/ament_index/resource_index/rust_packages/rosapi_msgs
[232.487s] -- Installing: /ros2_ws/install/rosapi_msgs/share/rosapi_msgs/rust
[232.488s] -- Installing: /ros2_ws/install/rosapi_msgs/share/rosapi_msgs/rust/src
[232.488s] -- Installing: /ros2_ws/install/rosapi_msgs/share/rosapi_msgs/rust/src/srv
[232.489s] -- Installing: /ros2_ws/install/rosapi_msgs/share/rosapi_msgs/rust/src/srv/rmw.rs
[232.489s] -- Installing: /ros2_ws/install/rosapi_msgs/share/rosapi_msgs/rust/src/srv.rs
[232.490s] -- Installing: /ros2_ws/install/rosapi_msgs/share/rosapi_msgs/rust/src/msg
[232.491s] -- Installing: /ros2_ws/install/rosapi_msgs/share/rosapi_msgs/rust/src/msg/rmw.rs
[232.491s] -- Installing: /ros2_ws/install/rosapi_msgs/share/rosapi_msgs/rust/src/msg.rs
[232.492s] -- Installing: /ros2_ws/install/rosapi_msgs/share/rosapi_msgs/rust/src/lib.rs
[232.492s] -- Installing: /ros2_ws/install/rosapi_msgs/share/rosapi_msgs/rust/Cargo.toml
[232.493s] -- Installing: /ros2_ws/install/rosapi_msgs/share/rosapi_msgs/rust/build.rs
[232.493s] -- Installing: /ros2_ws/install/rosapi_msgs/share/rosapi_msgs/msg/TypeDef.idl
[232.494s] -- Installing: /ros2_ws/install/rosapi_msgs/share/rosapi_msgs/srv/DeleteParam.idl
[232.495s] -- Installing: /ros2_ws/install/rosapi_msgs/share/rosapi_msgs/srv/GetActionServers.idl
[232.495s] -- Installing: /ros2_ws/install/rosapi_msgs/share/rosapi_msgs/srv/GetParam.idl
[232.496s] -- Installing: /ros2_ws/install/rosapi_msgs/share/rosapi_msgs/srv/GetParamNames.idl
[232.496s] -- Installing: /ros2_ws/install/rosapi_msgs/share/rosapi_msgs/srv/GetROSVersion.idl
[232.497s] -- Installing: /ros2_ws/install/rosapi_msgs/share/rosapi_msgs/srv/GetTime.idl
[232.498s] -- Installing: /ros2_ws/install/rosapi_msgs/share/rosapi_msgs/srv/HasParam.idl
[232.498s] -- Installing: /ros2_ws/install/rosapi_msgs/share/rosapi_msgs/srv/MessageDetails.idl
[232.499s] -- Installing: /ros2_ws/install/rosapi_msgs/share/rosapi_msgs/srv/Nodes.idl
[232.500s] -- Installing: /ros2_ws/install/rosapi_msgs/share/rosapi_msgs/srv/NodeDetails.idl
[232.500s] -- Installing: /ros2_ws/install/rosapi_msgs/share/rosapi_msgs/srv/Publishers.idl
[232.501s] -- Installing: /ros2_ws/install/rosapi_msgs/share/rosapi_msgs/srv/ServiceNode.idl
[232.502s] -- Installing: /ros2_ws/install/rosapi_msgs/share/rosapi_msgs/srv/ServiceProviders.idl
[232.502s] -- Installing: /ros2_ws/install/rosapi_msgs/share/rosapi_msgs/srv/ServiceRequestDetails.idl
[232.503s] -- Installing: /ros2_ws/install/rosapi_msgs/share/rosapi_msgs/srv/ServiceResponseDetails.idl
[232.504s] -- Installing: /ros2_ws/install/rosapi_msgs/share/rosapi_msgs/srv/Services.idl
[232.504s] -- Installing: /ros2_ws/install/rosapi_msgs/share/rosapi_msgs/srv/ServicesForType.idl
[232.505s] -- Installing: /ros2_ws/install/rosapi_msgs/share/rosapi_msgs/srv/ServiceType.idl
[232.505s] -- Installing: /ros2_ws/install/rosapi_msgs/share/rosapi_msgs/srv/SetParam.idl
[232.506s] -- Installing: /ros2_ws/install/rosapi_msgs/share/rosapi_msgs/srv/Subscribers.idl
[232.507s] -- Installing: /ros2_ws/install/rosapi_msgs/share/rosapi_msgs/srv/Topics.idl
[232.508s] -- Installing: /ros2_ws/install/rosapi_msgs/share/rosapi_msgs/srv/TopicsAndRawTypes.idl
[232.508s] -- Installing: /ros2_ws/install/rosapi_msgs/share/rosapi_msgs/srv/TopicsForType.idl
[232.509s] -- Installing: /ros2_ws/install/rosapi_msgs/share/rosapi_msgs/srv/TopicType.idl
[232.510s] -- Installing: /ros2_ws/install/rosapi_msgs/share/rosapi_msgs/msg/TypeDef.msg
[232.510s] -- Installing: /ros2_ws/install/rosapi_msgs/share/rosapi_msgs/srv/DeleteParam.srv
[232.511s] -- Installing: /ros2_ws/install/rosapi_msgs/share/rosapi_msgs/srv/DeleteParam_Request.msg
[232.512s] -- Installing: /ros2_ws/install/rosapi_msgs/share/rosapi_msgs/srv/DeleteParam_Response.msg
[232.512s] -- Installing: /ros2_ws/install/rosapi_msgs/share/rosapi_msgs/srv/GetActionServers.srv
[232.513s] -- Installing: /ros2_ws/install/rosapi_msgs/share/rosapi_msgs/srv/GetActionServers_Request.msg
[232.514s] -- Installing: /ros2_ws/install/rosapi_msgs/share/rosapi_msgs/srv/GetActionServers_Response.msg
[232.514s] -- Installing: /ros2_ws/install/rosapi_msgs/share/rosapi_msgs/srv/GetParam.srv
[232.515s] -- Installing: /ros2_ws/install/rosapi_msgs/share/rosapi_msgs/srv/GetParam_Request.msg
[232.516s] -- Installing: /ros2_ws/install/rosapi_msgs/share/rosapi_msgs/srv/GetParam_Response.msg
[232.516s] -- Installing: /ros2_ws/install/rosapi_msgs/share/rosapi_msgs/srv/GetParamNames.srv
[232.517s] -- Installing: /ros2_ws/install/rosapi_msgs/share/rosapi_msgs/srv/GetParamNames_Request.msg
[232.518s] -- Installing: /ros2_ws/install/rosapi_msgs/share/rosapi_msgs/srv/GetParamNames_Response.msg
[232.519s] -- Installing: /ros2_ws/install/rosapi_msgs/share/rosapi_msgs/srv/GetROSVersion.srv
[232.519s] -- Installing: /ros2_ws/install/rosapi_msgs/share/rosapi_msgs/srv/GetROSVersion_Request.msg
[232.520s] -- Installing: /ros2_ws/install/rosapi_msgs/share/rosapi_msgs/srv/GetROSVersion_Response.msg
[232.521s] -- Installing: /ros2_ws/install/rosapi_msgs/share/rosapi_msgs/srv/GetTime.srv
[232.522s] -- Installing: /ros2_ws/install/rosapi_msgs/share/rosapi_msgs/srv/GetTime_Request.msg
[232.523s] -- Installing: /ros2_ws/install/rosapi_msgs/share/rosapi_msgs/srv/GetTime_Response.msg
[232.523s] -- Installing: /ros2_ws/install/rosapi_msgs/share/rosapi_msgs/srv/HasParam.srv
[232.524s] -- Installing: /ros2_ws/install/rosapi_msgs/share/rosapi_msgs/srv/HasParam_Request.msg
[232.525s] -- Installing: /ros2_ws/install/rosapi_msgs/share/rosapi_msgs/srv/HasParam_Response.msg
[232.526s] -- Installing: /ros2_ws/install/rosapi_msgs/share/rosapi_msgs/srv/MessageDetails.srv
[232.527s] -- Installing: /ros2_ws/install/rosapi_msgs/share/rosapi_msgs/srv/MessageDetails_Request.msg
[232.528s] -- Installing: /ros2_ws/install/rosapi_msgs/share/rosapi_msgs/srv/MessageDetails_Response.msg
[232.528s] -- Installing: /ros2_ws/install/rosapi_msgs/share/rosapi_msgs/srv/Nodes.srv
[232.529s] -- Installing: /ros2_ws/install/rosapi_msgs/share/rosapi_msgs/srv/Nodes_Request.msg
[232.529s] -- Installing: /ros2_ws/install/rosapi_msgs/share/rosapi_msgs/srv/Nodes_Response.msg
[232.530s] -- Installing: /ros2_ws/install/rosapi_msgs/share/rosapi_msgs/srv/NodeDetails.srv
[232.531s] -- Installing: /ros2_ws/install/rosapi_msgs/share/rosapi_msgs/srv/NodeDetails_Request.msg
[232.531s] -- Installing: /ros2_ws/install/rosapi_msgs/share/rosapi_msgs/srv/NodeDetails_Response.msg
[232.532s] -- Installing: /ros2_ws/install/rosapi_msgs/share/rosapi_msgs/srv/Publishers.srv
[232.533s] -- Installing: /ros2_ws/install/rosapi_msgs/share/rosapi_msgs/srv/Publishers_Request.msg
[232.533s] -- Installing: /ros2_ws/install/rosapi_msgs/share/rosapi_msgs/srv/Publishers_Response.msg
[232.534s] -- Installing: /ros2_ws/install/rosapi_msgs/share/rosapi_msgs/srv/ServiceNode.srv
[232.535s] -- Installing: /ros2_ws/install/rosapi_msgs/share/rosapi_msgs/srv/ServiceNode_Request.msg
[232.535s] -- Installing: /ros2_ws/install/rosapi_msgs/share/rosapi_msgs/srv/ServiceNode_Response.msg
[232.536s] -- Installing: /ros2_ws/install/rosapi_msgs/share/rosapi_msgs/srv/ServiceProviders.srv
[232.537s] -- Installing: /ros2_ws/install/rosapi_msgs/share/rosapi_msgs/srv/ServiceProviders_Request.msg
[232.537s] -- Installing: /ros2_ws/install/rosapi_msgs/share/rosapi_msgs/srv/ServiceProviders_Response.msg
[232.538s] -- Installing: /ros2_ws/install/rosapi_msgs/share/rosapi_msgs/srv/ServiceRequestDetails.srv
[232.539s] -- Installing: /ros2_ws/install/rosapi_msgs/share/rosapi_msgs/srv/ServiceRequestDetails_Request.msg
[232.539s] -- Installing: /ros2_ws/install/rosapi_msgs/share/rosapi_msgs/srv/ServiceRequestDetails_Response.msg
[232.540s] -- Installing: /ros2_ws/install/rosapi_msgs/share/rosapi_msgs/srv/ServiceResponseDetails.srv
[232.541s] -- Installing: /ros2_ws/install/rosapi_msgs/share/rosapi_msgs/srv/ServiceResponseDetails_Request.msg
[232.541s] -- Installing: /ros2_ws/install/rosapi_msgs/share/rosapi_msgs/srv/ServiceResponseDetails_Response.msg
[232.542s] -- Installing: /ros2_ws/install/rosapi_msgs/share/rosapi_msgs/srv/Services.srv
[232.543s] -- Installing: /ros2_ws/install/rosapi_msgs/share/rosapi_msgs/srv/Services_Request.msg
[232.543s] -- Installing: /ros2_ws/install/rosapi_msgs/share/rosapi_msgs/srv/Services_Response.msg
[232.544s] -- Installing: /ros2_ws/install/rosapi_msgs/share/rosapi_msgs/srv/ServicesForType.srv
[232.545s] -- Installing: /ros2_ws/install/rosapi_msgs/share/rosapi_msgs/srv/ServicesForType_Request.msg
[232.546s] -- Installing: /ros2_ws/install/rosapi_msgs/share/rosapi_msgs/srv/ServicesForType_Response.msg
[232.546s] -- Installing: /ros2_ws/install/rosapi_msgs/share/rosapi_msgs/srv/ServiceType.srv
[232.547s] -- Installing: /ros2_ws/install/rosapi_msgs/share/rosapi_msgs/srv/ServiceType_Request.msg
[232.548s] -- Installing: /ros2_ws/install/rosapi_msgs/share/rosapi_msgs/srv/ServiceType_Response.msg
[232.548s] -- Installing: /ros2_ws/install/rosapi_msgs/share/rosapi_msgs/srv/SetParam.srv
[232.552s] -- Installing: /ros2_ws/install/rosapi_msgs/share/rosapi_msgs/srv/SetParam_Request.msg
[232.552s] -- Installing: /ros2_ws/install/rosapi_msgs/share/rosapi_msgs/srv/SetParam_Response.msg
[232.553s] -- Installing: /ros2_ws/install/rosapi_msgs/share/rosapi_msgs/srv/Subscribers.srv
[232.553s] -- Installing: /ros2_ws/install/rosapi_msgs/share/rosapi_msgs/srv/Subscribers_Request.msg
[232.554s] -- Installing: /ros2_ws/install/rosapi_msgs/share/rosapi_msgs/srv/Subscribers_Response.msg
[232.554s] -- Installing: /ros2_ws/install/rosapi_msgs/share/rosapi_msgs/srv/Topics.srv
[232.555s] -- Installing: /ros2_ws/install/rosapi_msgs/share/rosapi_msgs/srv/Topics_Request.msg
[232.556s] -- Installing: /ros2_ws/install/rosapi_msgs/share/rosapi_msgs/srv/Topics_Response.msg
[232.556s] -- Installing: /ros2_ws/install/rosapi_msgs/share/rosapi_msgs/srv/TopicsAndRawTypes.srv
[232.557s] -- Installing: /ros2_ws/install/rosapi_msgs/share/rosapi_msgs/srv/TopicsAndRawTypes_Request.msg
[232.557s] -- Installing: /ros2_ws/install/rosapi_msgs/share/rosapi_msgs/srv/TopicsAndRawTypes_Response.msg
[232.558s] -- Installing: /ros2_ws/install/rosapi_msgs/share/rosapi_msgs/srv/TopicsForType.srv
[232.559s] -- Installing: /ros2_ws/install/rosapi_msgs/share/rosapi_msgs/srv/TopicsForType_Request.msg
[232.559s] -- Installing: /ros2_ws/install/rosapi_msgs/share/rosapi_msgs/srv/TopicsForType_Response.msg
[232.560s] -- Installing: /ros2_ws/install/rosapi_msgs/share/rosapi_msgs/srv/TopicType.srv
[232.560s] -- Installing: /ros2_ws/install/rosapi_msgs/share/rosapi_msgs/srv/TopicType_Request.msg
[232.561s] -- Installing: /ros2_ws/install/rosapi_msgs/share/rosapi_msgs/srv/TopicType_Response.msg
[232.562s] -- Installing: /ros2_ws/install/rosapi_msgs/share/ament_index/resource_index/package_run_dependencies/rosapi_msgs
[232.563s] -- Installing: /ros2_ws/install/rosapi_msgs/share/ament_index/resource_index/parent_prefix_path/rosapi_msgs
[232.563s] -- Installing: /ros2_ws/install/rosapi_msgs/share/rosapi_msgs/environment/ament_prefix_path.sh
[232.565s] -- Installing: /ros2_ws/install/rosapi_msgs/share/rosapi_msgs/environment/ament_prefix_path.dsv
[232.565s] -- Installing: /ros2_ws/install/rosapi_msgs/share/rosapi_msgs/environment/path.sh
[232.566s] -- Installing: /ros2_ws/install/rosapi_msgs/share/rosapi_msgs/environment/path.dsv
[232.567s] -- Installing: /ros2_ws/install/rosapi_msgs/share/rosapi_msgs/local_setup.bash
[232.568s] -- Installing: /ros2_ws/install/rosapi_msgs/share/rosapi_msgs/local_setup.sh
[232.568s] -- Installing: /ros2_ws/install/rosapi_msgs/share/rosapi_msgs/local_setup.zsh
[232.569s] -- Installing: /ros2_ws/install/rosapi_msgs/share/rosapi_msgs/local_setup.dsv
[232.570s] -- Installing: /ros2_ws/install/rosapi_msgs/share/rosapi_msgs/package.dsv
[232.580s] -- Installing: /ros2_ws/install/rosapi_msgs/share/ament_index/resource_index/packages/rosapi_msgs
[232.581s] -- Installing: /ros2_ws/install/rosapi_msgs/share/rosapi_msgs/cmake/export_rosapi_msgs__rosidl_generator_cExport.cmake
[232.581s] -- Installing: /ros2_ws/install/rosapi_msgs/share/rosapi_msgs/cmake/export_rosapi_msgs__rosidl_generator_cExport-noconfig.cmake
[232.582s] -- Installing: /ros2_ws/install/rosapi_msgs/share/rosapi_msgs/cmake/export_rosapi_msgs__rosidl_typesupport_fastrtps_cExport.cmake
[232.582s] -- Installing: /ros2_ws/install/rosapi_msgs/share/rosapi_msgs/cmake/export_rosapi_msgs__rosidl_typesupport_fastrtps_cExport-noconfig.cmake
[232.583s] -- Installing: /ros2_ws/install/rosapi_msgs/share/rosapi_msgs/cmake/export_rosapi_msgs__rosidl_generator_cppExport.cmake
[232.583s] -- Installing: /ros2_ws/install/rosapi_msgs/share/rosapi_msgs/cmake/export_rosapi_msgs__rosidl_typesupport_fastrtps_cppExport.cmake
[232.584s] -- Installing: /ros2_ws/install/rosapi_msgs/share/rosapi_msgs/cmake/export_rosapi_msgs__rosidl_typesupport_fastrtps_cppExport-noconfig.cmake
[232.584s] -- Installing: /ros2_ws/install/rosapi_msgs/share/rosapi_msgs/cmake/rosapi_msgs__rosidl_typesupport_introspection_cExport.cmake
[232.584s] -- Installing: /ros2_ws/install/rosapi_msgs/share/rosapi_msgs/cmake/rosapi_msgs__rosidl_typesupport_introspection_cExport-noconfig.cmake
[232.585s] -- Installing: /ros2_ws/install/rosapi_msgs/share/rosapi_msgs/cmake/rosapi_msgs__rosidl_typesupport_cExport.cmake
[232.585s] -- Installing: /ros2_ws/install/rosapi_msgs/share/rosapi_msgs/cmake/rosapi_msgs__rosidl_typesupport_cExport-noconfig.cmake
[232.585s] -- Installing: /ros2_ws/install/rosapi_msgs/share/rosapi_msgs/cmake/rosapi_msgs__rosidl_typesupport_introspection_cppExport.cmake
[232.586s] -- Installing: /ros2_ws/install/rosapi_msgs/share/rosapi_msgs/cmake/rosapi_msgs__rosidl_typesupport_introspection_cppExport-noconfig.cmake
[232.586s] -- Installing: /ros2_ws/install/rosapi_msgs/share/rosapi_msgs/cmake/rosapi_msgs__rosidl_typesupport_cppExport.cmake
[232.587s] -- Installing: /ros2_ws/install/rosapi_msgs/share/rosapi_msgs/cmake/rosapi_msgs__rosidl_typesupport_cppExport-noconfig.cmake
[232.587s] -- Installing: /ros2_ws/install/rosapi_msgs/share/rosapi_msgs/cmake/export_rosapi_msgs__rosidl_generator_pyExport.cmake
[232.588s] -- Installing: /ros2_ws/install/rosapi_msgs/share/rosapi_msgs/cmake/export_rosapi_msgs__rosidl_generator_pyExport-noconfig.cmake
[232.588s] -- Installing: /ros2_ws/install/rosapi_msgs/share/rosapi_msgs/cmake/rosidl_cmake-extras.cmake
[232.589s] -- Installing: /ros2_ws/install/rosapi_msgs/share/rosapi_msgs/cmake/ament_cmake_export_dependencies-extras.cmake
[232.589s] -- Installing: /ros2_ws/install/rosapi_msgs/share/rosapi_msgs/cmake/ament_cmake_export_include_directories-extras.cmake
[232.590s] -- Installing: /ros2_ws/install/rosapi_msgs/share/rosapi_msgs/cmake/ament_cmake_export_libraries-extras.cmake
[232.590s] -- Installing: /ros2_ws/install/rosapi_msgs/share/rosapi_msgs/cmake/ament_cmake_export_targets-extras.cmake
[232.591s] -- Installing: /ros2_ws/install/rosapi_msgs/share/rosapi_msgs/cmake/rosidl_cmake_export_typesupport_targets-extras.cmake
[232.591s] -- Installing: /ros2_ws/install/rosapi_msgs/share/rosapi_msgs/cmake/rosidl_cmake_export_typesupport_libraries-extras.cmake
[232.592s] -- Installing: /ros2_ws/install/rosapi_msgs/share/rosapi_msgs/cmake/rosapi_msgsConfig.cmake
[232.592s] -- Installing: /ros2_ws/install/rosapi_msgs/share/rosapi_msgs/cmake/rosapi_msgsConfig-version.cmake
[232.592s] -- Installing: /ros2_ws/install/rosapi_msgs/share/rosapi_msgs/package.xml
[232.601s] Invoked command in '/ros2_ws/build/rosapi_msgs' returned '0': CMAKE_PREFIX_PATH=/opt/ros/humble /usr/bin/cmake --install /ros2_ws/build/rosapi_msgs
