[0.486s] DEBUG:colcon:Command line arguments: ['/usr/bin/colcon', 'build']
[0.486s] DEBUG:colcon:Parsed command line arguments: Namespace(log_base=None, log_level=None, verb_name='build', build_base='build', install_base='install', merge_install=False, symlink_install=False, test_result_base=None, continue_on_error=False, executor='parallel', parallel_workers=4, event_handlers=None, ignore_user_meta=False, metas=['./colcon.meta'], base_paths=['.'], packages_ignore=None, packages_ignore_regex=None, paths=None, packages_up_to=None, packages_up_to_regex=None, packages_above=None, packages_above_and_dependencies=None, packages_above_depth=None, packages_select_by_dep=None, packages_skip_by_dep=None, packages_skip_up_to=None, packages_select_build_failed=False, packages_skip_build_finished=False, packages_select_test_failures=False, packages_skip_test_passed=False, packages_select=None, packages_skip=None, packages_select_regex=None, packages_skip_regex=None, packages_start=None, packages_end=None, cmake_args=None, cmake_target=None, cmake_target_skip_unavailable=False, cmake_clean_cache=False, cmake_clean_first=False, cmake_force_configure=False, ament_cmake_args=None, catkin_cmake_args=None, catkin_skip_building_tests=False, mixin_files=None, mixin=None, verb_parser=<colcon_mixin.mixin.mixin_argument.MixinArgumentDecorator object at 0x7f85f9a590>, verb_extension=<colcon_core.verb.build.BuildVerb object at 0x7f8615ff40>, main=<bound method BuildVerb.main of <colcon_core.verb.build.BuildVerb object at 0x7f8615ff40>>, mixin_verb=('build',))
[1.065s] Level 1:colcon.colcon_core.package_discovery:discover_packages(colcon_meta) check parameters
[1.069s] INFO:colcon.colcon_metadata.package_discovery.colcon_meta:Using configuration from '/root/.colcon/metadata/default/Gazebo.meta'
[1.071s] INFO:colcon.colcon_metadata.package_discovery.colcon_meta:Using configuration from '/root/.colcon/metadata/default/fastdds.meta'
[1.073s] INFO:colcon.colcon_metadata.package_discovery.colcon_meta:Using configuration from '/root/.colcon/metadata/default/fastrtps.meta'
[1.073s] Level 1:colcon.colcon_core.package_discovery:discover_packages(recursive) check parameters
[1.073s] Level 1:colcon.colcon_core.package_discovery:discover_packages(ignore) check parameters
[1.073s] Level 1:colcon.colcon_core.package_discovery:discover_packages(path) check parameters
[1.074s] Level 1:colcon.colcon_core.package_discovery:discover_packages(colcon_meta) discover
[1.074s] Level 1:colcon.colcon_core.package_discovery:discover_packages(recursive) discover
[1.074s] INFO:colcon.colcon_core.package_discovery:Crawling recursively for packages in '/ros2_ws'
[1.074s] Level 1:colcon.colcon_core.package_identification:_identify(.) by extensions ['ignore', 'ignore_ament_install']
[1.075s] Level 1:colcon.colcon_core.package_identification:_identify(.) by extension 'ignore'
[1.075s] Level 1:colcon.colcon_core.package_identification:_identify(.) by extension 'ignore_ament_install'
[1.075s] Level 1:colcon.colcon_core.package_identification:_identify(.) by extensions ['colcon_pkg']
[1.075s] Level 1:colcon.colcon_core.package_identification:_identify(.) by extension 'colcon_pkg'
[1.076s] Level 1:colcon.colcon_core.package_identification:_identify(.) by extensions ['colcon_meta']
[1.076s] Level 1:colcon.colcon_core.package_identification:_identify(.) by extension 'colcon_meta'
[1.076s] Level 1:colcon.colcon_core.package_identification:_identify(.) by extensions ['ros']
[1.076s] Level 1:colcon.colcon_core.package_identification:_identify(.) by extension 'ros'
[1.199s] Level 1:colcon.colcon_core.package_identification:_identify(.) by extensions ['cmake', 'python']
[1.199s] Level 1:colcon.colcon_core.package_identification:_identify(.) by extension 'cmake'
[1.200s] Level 1:colcon.colcon_core.package_identification:_identify(.) by extension 'python'
[1.200s] Level 1:colcon.colcon_core.package_identification:_identify(.) by extensions ['python_setup_py']
[1.200s] Level 1:colcon.colcon_core.package_identification:_identify(.) by extension 'python_setup_py'
[1.200s] Level 1:colcon.colcon_core.package_identification:_identify(build) by extensions ['ignore', 'ignore_ament_install']
[1.201s] Level 1:colcon.colcon_core.package_identification:_identify(build) by extension 'ignore'
[1.201s] Level 1:colcon.colcon_core.package_identification:_identify(build) ignored
[1.201s] Level 1:colcon.colcon_core.package_identification:_identify(dataset) by extensions ['ignore', 'ignore_ament_install']
[1.202s] Level 1:colcon.colcon_core.package_identification:_identify(dataset) by extension 'ignore'
[1.202s] Level 1:colcon.colcon_core.package_identification:_identify(dataset) by extension 'ignore_ament_install'
[1.202s] Level 1:colcon.colcon_core.package_identification:_identify(dataset) by extensions ['colcon_pkg']
[1.202s] Level 1:colcon.colcon_core.package_identification:_identify(dataset) by extension 'colcon_pkg'
[1.203s] Level 1:colcon.colcon_core.package_identification:_identify(dataset) by extensions ['colcon_meta']
[1.203s] Level 1:colcon.colcon_core.package_identification:_identify(dataset) by extension 'colcon_meta'
[1.203s] Level 1:colcon.colcon_core.package_identification:_identify(dataset) by extensions ['ros']
[1.203s] Level 1:colcon.colcon_core.package_identification:_identify(dataset) by extension 'ros'
[1.203s] Level 1:colcon.colcon_core.package_identification:_identify(dataset) by extensions ['cmake', 'python']
[1.203s] Level 1:colcon.colcon_core.package_identification:_identify(dataset) by extension 'cmake'
[1.204s] Level 1:colcon.colcon_core.package_identification:_identify(dataset) by extension 'python'
[1.204s] Level 1:colcon.colcon_core.package_identification:_identify(dataset) by extensions ['python_setup_py']
[1.204s] Level 1:colcon.colcon_core.package_identification:_identify(dataset) by extension 'python_setup_py'
[1.204s] Level 1:colcon.colcon_core.package_identification:_identify(dataset/images) by extensions ['ignore', 'ignore_ament_install']
[1.205s] Level 1:colcon.colcon_core.package_identification:_identify(dataset/images) by extension 'ignore'
[1.205s] Level 1:colcon.colcon_core.package_identification:_identify(dataset/images) by extension 'ignore_ament_install'
[1.205s] Level 1:colcon.colcon_core.package_identification:_identify(dataset/images) by extensions ['colcon_pkg']
[1.205s] Level 1:colcon.colcon_core.package_identification:_identify(dataset/images) by extension 'colcon_pkg'
[1.205s] Level 1:colcon.colcon_core.package_identification:_identify(dataset/images) by extensions ['colcon_meta']
[1.206s] Level 1:colcon.colcon_core.package_identification:_identify(dataset/images) by extension 'colcon_meta'
[1.206s] Level 1:colcon.colcon_core.package_identification:_identify(dataset/images) by extensions ['ros']
[1.206s] Level 1:colcon.colcon_core.package_identification:_identify(dataset/images) by extension 'ros'
[1.206s] Level 1:colcon.colcon_core.package_identification:_identify(dataset/images) by extensions ['cmake', 'python']
[1.206s] Level 1:colcon.colcon_core.package_identification:_identify(dataset/images) by extension 'cmake'
[1.207s] Level 1:colcon.colcon_core.package_identification:_identify(dataset/images) by extension 'python'
[1.207s] Level 1:colcon.colcon_core.package_identification:_identify(dataset/images) by extensions ['python_setup_py']
[1.207s] Level 1:colcon.colcon_core.package_identification:_identify(dataset/images) by extension 'python_setup_py'
[1.217s] Level 1:colcon.colcon_core.package_identification:_identify(dataset/images/train) by extensions ['ignore', 'ignore_ament_install']
[1.218s] Level 1:colcon.colcon_core.package_identification:_identify(dataset/images/train) by extension 'ignore'
[1.218s] Level 1:colcon.colcon_core.package_identification:_identify(dataset/images/train) by extension 'ignore_ament_install'
[1.218s] Level 1:colcon.colcon_core.package_identification:_identify(dataset/images/train) by extensions ['colcon_pkg']
[1.218s] Level 1:colcon.colcon_core.package_identification:_identify(dataset/images/train) by extension 'colcon_pkg'
[1.218s] Level 1:colcon.colcon_core.package_identification:_identify(dataset/images/train) by extensions ['colcon_meta']
[1.219s] Level 1:colcon.colcon_core.package_identification:_identify(dataset/images/train) by extension 'colcon_meta'
[1.219s] Level 1:colcon.colcon_core.package_identification:_identify(dataset/images/train) by extensions ['ros']
[1.219s] Level 1:colcon.colcon_core.package_identification:_identify(dataset/images/train) by extension 'ros'
[1.219s] Level 1:colcon.colcon_core.package_identification:_identify(dataset/images/train) by extensions ['cmake', 'python']
[1.219s] Level 1:colcon.colcon_core.package_identification:_identify(dataset/images/train) by extension 'cmake'
[1.220s] Level 1:colcon.colcon_core.package_identification:_identify(dataset/images/train) by extension 'python'
[1.220s] Level 1:colcon.colcon_core.package_identification:_identify(dataset/images/train) by extensions ['python_setup_py']
[1.220s] Level 1:colcon.colcon_core.package_identification:_identify(dataset/images/train) by extension 'python_setup_py'
[1.222s] Level 1:colcon.colcon_core.package_identification:_identify(dataset/images/val) by extensions ['ignore', 'ignore_ament_install']
[1.223s] Level 1:colcon.colcon_core.package_identification:_identify(dataset/images/val) by extension 'ignore'
[1.223s] Level 1:colcon.colcon_core.package_identification:_identify(dataset/images/val) by extension 'ignore_ament_install'
[1.223s] Level 1:colcon.colcon_core.package_identification:_identify(dataset/images/val) by extensions ['colcon_pkg']
[1.223s] Level 1:colcon.colcon_core.package_identification:_identify(dataset/images/val) by extension 'colcon_pkg'
[1.223s] Level 1:colcon.colcon_core.package_identification:_identify(dataset/images/val) by extensions ['colcon_meta']
[1.224s] Level 1:colcon.colcon_core.package_identification:_identify(dataset/images/val) by extension 'colcon_meta'
[1.224s] Level 1:colcon.colcon_core.package_identification:_identify(dataset/images/val) by extensions ['ros']
[1.224s] Level 1:colcon.colcon_core.package_identification:_identify(dataset/images/val) by extension 'ros'
[1.224s] Level 1:colcon.colcon_core.package_identification:_identify(dataset/images/val) by extensions ['cmake', 'python']
[1.224s] Level 1:colcon.colcon_core.package_identification:_identify(dataset/images/val) by extension 'cmake'
[1.225s] Level 1:colcon.colcon_core.package_identification:_identify(dataset/images/val) by extension 'python'
[1.225s] Level 1:colcon.colcon_core.package_identification:_identify(dataset/images/val) by extensions ['python_setup_py']
[1.225s] Level 1:colcon.colcon_core.package_identification:_identify(dataset/images/val) by extension 'python_setup_py'
[1.225s] Level 1:colcon.colcon_core.package_identification:_identify(dataset/labels) by extensions ['ignore', 'ignore_ament_install']
[1.226s] Level 1:colcon.colcon_core.package_identification:_identify(dataset/labels) by extension 'ignore'
[1.226s] Level 1:colcon.colcon_core.package_identification:_identify(dataset/labels) by extension 'ignore_ament_install'
[1.226s] Level 1:colcon.colcon_core.package_identification:_identify(dataset/labels) by extensions ['colcon_pkg']
[1.226s] Level 1:colcon.colcon_core.package_identification:_identify(dataset/labels) by extension 'colcon_pkg'
[1.226s] Level 1:colcon.colcon_core.package_identification:_identify(dataset/labels) by extensions ['colcon_meta']
[1.227s] Level 1:colcon.colcon_core.package_identification:_identify(dataset/labels) by extension 'colcon_meta'
[1.227s] Level 1:colcon.colcon_core.package_identification:_identify(dataset/labels) by extensions ['ros']
[1.227s] Level 1:colcon.colcon_core.package_identification:_identify(dataset/labels) by extension 'ros'
[1.227s] Level 1:colcon.colcon_core.package_identification:_identify(dataset/labels) by extensions ['cmake', 'python']
[1.227s] Level 1:colcon.colcon_core.package_identification:_identify(dataset/labels) by extension 'cmake'
[1.228s] Level 1:colcon.colcon_core.package_identification:_identify(dataset/labels) by extension 'python'
[1.228s] Level 1:colcon.colcon_core.package_identification:_identify(dataset/labels) by extensions ['python_setup_py']
[1.228s] Level 1:colcon.colcon_core.package_identification:_identify(dataset/labels) by extension 'python_setup_py'
[1.238s] Level 1:colcon.colcon_core.package_identification:_identify(dataset/labels/train) by extensions ['ignore', 'ignore_ament_install']
[1.239s] Level 1:colcon.colcon_core.package_identification:_identify(dataset/labels/train) by extension 'ignore'
[1.239s] Level 1:colcon.colcon_core.package_identification:_identify(dataset/labels/train) by extension 'ignore_ament_install'
[1.239s] Level 1:colcon.colcon_core.package_identification:_identify(dataset/labels/train) by extensions ['colcon_pkg']
[1.239s] Level 1:colcon.colcon_core.package_identification:_identify(dataset/labels/train) by extension 'colcon_pkg'
[1.239s] Level 1:colcon.colcon_core.package_identification:_identify(dataset/labels/train) by extensions ['colcon_meta']
[1.240s] Level 1:colcon.colcon_core.package_identification:_identify(dataset/labels/train) by extension 'colcon_meta'
[1.240s] Level 1:colcon.colcon_core.package_identification:_identify(dataset/labels/train) by extensions ['ros']
[1.240s] Level 1:colcon.colcon_core.package_identification:_identify(dataset/labels/train) by extension 'ros'
[1.240s] Level 1:colcon.colcon_core.package_identification:_identify(dataset/labels/train) by extensions ['cmake', 'python']
[1.240s] Level 1:colcon.colcon_core.package_identification:_identify(dataset/labels/train) by extension 'cmake'
[1.241s] Level 1:colcon.colcon_core.package_identification:_identify(dataset/labels/train) by extension 'python'
[1.241s] Level 1:colcon.colcon_core.package_identification:_identify(dataset/labels/train) by extensions ['python_setup_py']
[1.241s] Level 1:colcon.colcon_core.package_identification:_identify(dataset/labels/train) by extension 'python_setup_py'
[1.243s] Level 1:colcon.colcon_core.package_identification:_identify(dataset/labels/val) by extensions ['ignore', 'ignore_ament_install']
[1.244s] Level 1:colcon.colcon_core.package_identification:_identify(dataset/labels/val) by extension 'ignore'
[1.244s] Level 1:colcon.colcon_core.package_identification:_identify(dataset/labels/val) by extension 'ignore_ament_install'
[1.244s] Level 1:colcon.colcon_core.package_identification:_identify(dataset/labels/val) by extensions ['colcon_pkg']
[1.244s] Level 1:colcon.colcon_core.package_identification:_identify(dataset/labels/val) by extension 'colcon_pkg'
[1.244s] Level 1:colcon.colcon_core.package_identification:_identify(dataset/labels/val) by extensions ['colcon_meta']
[1.245s] Level 1:colcon.colcon_core.package_identification:_identify(dataset/labels/val) by extension 'colcon_meta'
[1.245s] Level 1:colcon.colcon_core.package_identification:_identify(dataset/labels/val) by extensions ['ros']
[1.245s] Level 1:colcon.colcon_core.package_identification:_identify(dataset/labels/val) by extension 'ros'
[1.245s] Level 1:colcon.colcon_core.package_identification:_identify(dataset/labels/val) by extensions ['cmake', 'python']
[1.245s] Level 1:colcon.colcon_core.package_identification:_identify(dataset/labels/val) by extension 'cmake'
[1.246s] Level 1:colcon.colcon_core.package_identification:_identify(dataset/labels/val) by extension 'python'
[1.246s] Level 1:colcon.colcon_core.package_identification:_identify(dataset/labels/val) by extensions ['python_setup_py']
[1.246s] Level 1:colcon.colcon_core.package_identification:_identify(dataset/labels/val) by extension 'python_setup_py'
[1.246s] Level 1:colcon.colcon_core.package_identification:_identify(datasetGenerator) by extensions ['ignore', 'ignore_ament_install']
[1.247s] Level 1:colcon.colcon_core.package_identification:_identify(datasetGenerator) by extension 'ignore'
[1.247s] Level 1:colcon.colcon_core.package_identification:_identify(datasetGenerator) by extension 'ignore_ament_install'
[1.247s] Level 1:colcon.colcon_core.package_identification:_identify(datasetGenerator) by extensions ['colcon_pkg']
[1.247s] Level 1:colcon.colcon_core.package_identification:_identify(datasetGenerator) by extension 'colcon_pkg'
[1.247s] Level 1:colcon.colcon_core.package_identification:_identify(datasetGenerator) by extensions ['colcon_meta']
[1.247s] Level 1:colcon.colcon_core.package_identification:_identify(datasetGenerator) by extension 'colcon_meta'
[1.248s] Level 1:colcon.colcon_core.package_identification:_identify(datasetGenerator) by extensions ['ros']
[1.248s] Level 1:colcon.colcon_core.package_identification:_identify(datasetGenerator) by extension 'ros'
[1.248s] Level 1:colcon.colcon_core.package_identification:_identify(datasetGenerator) by extensions ['cmake', 'python']
[1.248s] Level 1:colcon.colcon_core.package_identification:_identify(datasetGenerator) by extension 'cmake'
[1.248s] Level 1:colcon.colcon_core.package_identification:_identify(datasetGenerator) by extension 'python'
[1.249s] Level 1:colcon.colcon_core.package_identification:_identify(datasetGenerator) by extensions ['python_setup_py']
[1.249s] Level 1:colcon.colcon_core.package_identification:_identify(datasetGenerator) by extension 'python_setup_py'
[1.249s] Level 1:colcon.colcon_core.package_identification:_identify(install) by extensions ['ignore', 'ignore_ament_install']
[1.250s] Level 1:colcon.colcon_core.package_identification:_identify(install) by extension 'ignore'
[1.250s] Level 1:colcon.colcon_core.package_identification:_identify(install) ignored
[1.250s] Level 1:colcon.colcon_core.package_identification:_identify(log) by extensions ['ignore', 'ignore_ament_install']
[1.250s] Level 1:colcon.colcon_core.package_identification:_identify(log) by extension 'ignore'
[1.251s] Level 1:colcon.colcon_core.package_identification:_identify(log) ignored
[1.251s] Level 1:colcon.colcon_core.package_identification:_identify(maps) by extensions ['ignore', 'ignore_ament_install']
[1.251s] Level 1:colcon.colcon_core.package_identification:_identify(maps) by extension 'ignore'
[1.251s] Level 1:colcon.colcon_core.package_identification:_identify(maps) by extension 'ignore_ament_install'
[1.252s] Level 1:colcon.colcon_core.package_identification:_identify(maps) by extensions ['colcon_pkg']
[1.252s] Level 1:colcon.colcon_core.package_identification:_identify(maps) by extension 'colcon_pkg'
[1.252s] Level 1:colcon.colcon_core.package_identification:_identify(maps) by extensions ['colcon_meta']
[1.252s] Level 1:colcon.colcon_core.package_identification:_identify(maps) by extension 'colcon_meta'
[1.252s] Level 1:colcon.colcon_core.package_identification:_identify(maps) by extensions ['ros']
[1.252s] Level 1:colcon.colcon_core.package_identification:_identify(maps) by extension 'ros'
[1.253s] Level 1:colcon.colcon_core.package_identification:_identify(maps) by extensions ['cmake', 'python']
[1.253s] Level 1:colcon.colcon_core.package_identification:_identify(maps) by extension 'cmake'
[1.253s] Level 1:colcon.colcon_core.package_identification:_identify(maps) by extension 'python'
[1.253s] Level 1:colcon.colcon_core.package_identification:_identify(maps) by extensions ['python_setup_py']
[1.253s] Level 1:colcon.colcon_core.package_identification:_identify(maps) by extension 'python_setup_py'
[1.254s] Level 1:colcon.colcon_core.package_identification:_identify(perception) by extensions ['ignore', 'ignore_ament_install']
[1.254s] Level 1:colcon.colcon_core.package_identification:_identify(perception) by extension 'ignore'
[1.254s] Level 1:colcon.colcon_core.package_identification:_identify(perception) by extension 'ignore_ament_install'
[1.255s] Level 1:colcon.colcon_core.package_identification:_identify(perception) by extensions ['colcon_pkg']
[1.255s] Level 1:colcon.colcon_core.package_identification:_identify(perception) by extension 'colcon_pkg'
[1.255s] Level 1:colcon.colcon_core.package_identification:_identify(perception) by extensions ['colcon_meta']
[1.255s] Level 1:colcon.colcon_core.package_identification:_identify(perception) by extension 'colcon_meta'
[1.255s] Level 1:colcon.colcon_core.package_identification:_identify(perception) by extensions ['ros']
[1.255s] Level 1:colcon.colcon_core.package_identification:_identify(perception) by extension 'ros'
[1.256s] Level 1:colcon.colcon_core.package_identification:_identify(perception) by extensions ['cmake', 'python']
[1.256s] Level 1:colcon.colcon_core.package_identification:_identify(perception) by extension 'cmake'
[1.256s] Level 1:colcon.colcon_core.package_identification:_identify(perception) by extension 'python'
[1.256s] Level 1:colcon.colcon_core.package_identification:_identify(perception) by extensions ['python_setup_py']
[1.256s] Level 1:colcon.colcon_core.package_identification:_identify(perception) by extension 'python_setup_py'
[1.257s] Level 1:colcon.colcon_core.package_identification:_identify(rosapi) by extensions ['ignore', 'ignore_ament_install']
[1.257s] Level 1:colcon.colcon_core.package_identification:_identify(rosapi) by extension 'ignore'
[1.257s] Level 1:colcon.colcon_core.package_identification:_identify(rosapi) by extension 'ignore_ament_install'
[1.257s] Level 1:colcon.colcon_core.package_identification:_identify(rosapi) by extensions ['colcon_pkg']
[1.258s] Level 1:colcon.colcon_core.package_identification:_identify(rosapi) by extension 'colcon_pkg'
[1.258s] Level 1:colcon.colcon_core.package_identification:_identify(rosapi) by extensions ['colcon_meta']
[1.258s] Level 1:colcon.colcon_core.package_identification:_identify(rosapi) by extension 'colcon_meta'
[1.258s] Level 1:colcon.colcon_core.package_identification:_identify(rosapi) by extensions ['ros']
[1.258s] Level 1:colcon.colcon_core.package_identification:_identify(rosapi) by extension 'ros'
[1.268s] DEBUG:colcon.colcon_core.package_identification:Package 'rosapi' with type 'ros.ament_cmake' and name 'rosapi'
[1.269s] Level 1:colcon.colcon_core.package_identification:_identify(rosapi_msgs) by extensions ['ignore', 'ignore_ament_install']
[1.269s] Level 1:colcon.colcon_core.package_identification:_identify(rosapi_msgs) by extension 'ignore'
[1.270s] Level 1:colcon.colcon_core.package_identification:_identify(rosapi_msgs) by extension 'ignore_ament_install'
[1.270s] Level 1:colcon.colcon_core.package_identification:_identify(rosapi_msgs) by extensions ['colcon_pkg']
[1.270s] Level 1:colcon.colcon_core.package_identification:_identify(rosapi_msgs) by extension 'colcon_pkg'
[1.270s] Level 1:colcon.colcon_core.package_identification:_identify(rosapi_msgs) by extensions ['colcon_meta']
[1.270s] Level 1:colcon.colcon_core.package_identification:_identify(rosapi_msgs) by extension 'colcon_meta'
[1.270s] Level 1:colcon.colcon_core.package_identification:_identify(rosapi_msgs) by extensions ['ros']
[1.271s] Level 1:colcon.colcon_core.package_identification:_identify(rosapi_msgs) by extension 'ros'
[1.273s] DEBUG:colcon.colcon_core.package_identification:Package 'rosapi_msgs' with type 'ros.ament_cmake' and name 'rosapi_msgs'
[1.273s] Level 1:colcon.colcon_core.package_identification:_identify(rosbridge_library) by extensions ['ignore', 'ignore_ament_install']
[1.274s] Level 1:colcon.colcon_core.package_identification:_identify(rosbridge_library) by extension 'ignore'
[1.274s] Level 1:colcon.colcon_core.package_identification:_identify(rosbridge_library) by extension 'ignore_ament_install'
[1.275s] Level 1:colcon.colcon_core.package_identification:_identify(rosbridge_library) by extensions ['colcon_pkg']
[1.275s] Level 1:colcon.colcon_core.package_identification:_identify(rosbridge_library) by extension 'colcon_pkg'
[1.275s] Level 1:colcon.colcon_core.package_identification:_identify(rosbridge_library) by extensions ['colcon_meta']
[1.275s] Level 1:colcon.colcon_core.package_identification:_identify(rosbridge_library) by extension 'colcon_meta'
[1.275s] Level 1:colcon.colcon_core.package_identification:_identify(rosbridge_library) by extensions ['ros']
[1.276s] Level 1:colcon.colcon_core.package_identification:_identify(rosbridge_library) by extension 'ros'
[1.279s] DEBUG:colcon.colcon_core.package_identification:Package 'rosbridge_library' with type 'ros.ament_cmake' and name 'rosbridge_library'
[1.279s] Level 1:colcon.colcon_core.package_identification:_identify(rosbridge_msgs) by extensions ['ignore', 'ignore_ament_install']
[1.280s] Level 1:colcon.colcon_core.package_identification:_identify(rosbridge_msgs) by extension 'ignore'
[1.280s] Level 1:colcon.colcon_core.package_identification:_identify(rosbridge_msgs) by extension 'ignore_ament_install'
[1.280s] Level 1:colcon.colcon_core.package_identification:_identify(rosbridge_msgs) by extensions ['colcon_pkg']
[1.280s] Level 1:colcon.colcon_core.package_identification:_identify(rosbridge_msgs) by extension 'colcon_pkg'
[1.280s] Level 1:colcon.colcon_core.package_identification:_identify(rosbridge_msgs) by extensions ['colcon_meta']
[1.281s] Level 1:colcon.colcon_core.package_identification:_identify(rosbridge_msgs) by extension 'colcon_meta'
[1.281s] Level 1:colcon.colcon_core.package_identification:_identify(rosbridge_msgs) by extensions ['ros']
[1.281s] Level 1:colcon.colcon_core.package_identification:_identify(rosbridge_msgs) by extension 'ros'
[1.283s] DEBUG:colcon.colcon_core.package_identification:Package 'rosbridge_msgs' with type 'ros.ament_cmake' and name 'rosbridge_msgs'
[1.283s] Level 1:colcon.colcon_core.package_identification:_identify(rosbridge_server) by extensions ['ignore', 'ignore_ament_install']
[1.284s] Level 1:colcon.colcon_core.package_identification:_identify(rosbridge_server) by extension 'ignore'
[1.284s] Level 1:colcon.colcon_core.package_identification:_identify(rosbridge_server) by extension 'ignore_ament_install'
[1.284s] Level 1:colcon.colcon_core.package_identification:_identify(rosbridge_server) by extensions ['colcon_pkg']
[1.284s] Level 1:colcon.colcon_core.package_identification:_identify(rosbridge_server) by extension 'colcon_pkg'
[1.284s] Level 1:colcon.colcon_core.package_identification:_identify(rosbridge_server) by extensions ['colcon_meta']
[1.284s] Level 1:colcon.colcon_core.package_identification:_identify(rosbridge_server) by extension 'colcon_meta'
[1.285s] Level 1:colcon.colcon_core.package_identification:_identify(rosbridge_server) by extensions ['ros']
[1.285s] Level 1:colcon.colcon_core.package_identification:_identify(rosbridge_server) by extension 'ros'
[1.288s] DEBUG:colcon.colcon_core.package_identification:Package 'rosbridge_server' with type 'ros.ament_cmake' and name 'rosbridge_server'
[1.288s] Level 1:colcon.colcon_core.package_identification:_identify(rosbridge_suite) by extensions ['ignore', 'ignore_ament_install']
[1.288s] Level 1:colcon.colcon_core.package_identification:_identify(rosbridge_suite) by extension 'ignore'
[1.289s] Level 1:colcon.colcon_core.package_identification:_identify(rosbridge_suite) by extension 'ignore_ament_install'
[1.289s] Level 1:colcon.colcon_core.package_identification:_identify(rosbridge_suite) by extensions ['colcon_pkg']
[1.289s] Level 1:colcon.colcon_core.package_identification:_identify(rosbridge_suite) by extension 'colcon_pkg'
[1.289s] Level 1:colcon.colcon_core.package_identification:_identify(rosbridge_suite) by extensions ['colcon_meta']
[1.289s] Level 1:colcon.colcon_core.package_identification:_identify(rosbridge_suite) by extension 'colcon_meta'
[1.289s] Level 1:colcon.colcon_core.package_identification:_identify(rosbridge_suite) by extensions ['ros']
[1.290s] Level 1:colcon.colcon_core.package_identification:_identify(rosbridge_suite) by extension 'ros'
[1.292s] DEBUG:colcon.colcon_core.package_identification:Package 'rosbridge_suite' with type 'ros.ament_cmake' and name 'rosbridge_suite'
[1.292s] Level 1:colcon.colcon_core.package_identification:_identify(rosbridge_test_msgs) by extensions ['ignore', 'ignore_ament_install']
[1.293s] Level 1:colcon.colcon_core.package_identification:_identify(rosbridge_test_msgs) by extension 'ignore'
[1.293s] Level 1:colcon.colcon_core.package_identification:_identify(rosbridge_test_msgs) by extension 'ignore_ament_install'
[1.293s] Level 1:colcon.colcon_core.package_identification:_identify(rosbridge_test_msgs) by extensions ['colcon_pkg']
[1.293s] Level 1:colcon.colcon_core.package_identification:_identify(rosbridge_test_msgs) by extension 'colcon_pkg'
[1.293s] Level 1:colcon.colcon_core.package_identification:_identify(rosbridge_test_msgs) by extensions ['colcon_meta']
[1.293s] Level 1:colcon.colcon_core.package_identification:_identify(rosbridge_test_msgs) by extension 'colcon_meta'
[1.294s] Level 1:colcon.colcon_core.package_identification:_identify(rosbridge_test_msgs) by extensions ['ros']
[1.294s] Level 1:colcon.colcon_core.package_identification:_identify(rosbridge_test_msgs) by extension 'ros'
[1.298s] DEBUG:colcon.colcon_core.package_identification:Package 'rosbridge_test_msgs' with type 'ros.ament_cmake' and name 'rosbridge_test_msgs'
[1.298s] Level 1:colcon.colcon_core.package_identification:_identify(runs) by extensions ['ignore', 'ignore_ament_install']
[1.299s] Level 1:colcon.colcon_core.package_identification:_identify(runs) by extension 'ignore'
[1.299s] Level 1:colcon.colcon_core.package_identification:_identify(runs) by extension 'ignore_ament_install'
[1.299s] Level 1:colcon.colcon_core.package_identification:_identify(runs) by extensions ['colcon_pkg']
[1.299s] Level 1:colcon.colcon_core.package_identification:_identify(runs) by extension 'colcon_pkg'
[1.299s] Level 1:colcon.colcon_core.package_identification:_identify(runs) by extensions ['colcon_meta']
[1.299s] Level 1:colcon.colcon_core.package_identification:_identify(runs) by extension 'colcon_meta'
[1.300s] Level 1:colcon.colcon_core.package_identification:_identify(runs) by extensions ['ros']
[1.300s] Level 1:colcon.colcon_core.package_identification:_identify(runs) by extension 'ros'
[1.300s] Level 1:colcon.colcon_core.package_identification:_identify(runs) by extensions ['cmake', 'python']
[1.300s] Level 1:colcon.colcon_core.package_identification:_identify(runs) by extension 'cmake'
[1.300s] Level 1:colcon.colcon_core.package_identification:_identify(runs) by extension 'python'
[1.301s] Level 1:colcon.colcon_core.package_identification:_identify(runs) by extensions ['python_setup_py']
[1.301s] Level 1:colcon.colcon_core.package_identification:_identify(runs) by extension 'python_setup_py'
[1.301s] Level 1:colcon.colcon_core.package_identification:_identify(runs/detect) by extensions ['ignore', 'ignore_ament_install']
[1.301s] Level 1:colcon.colcon_core.package_identification:_identify(runs/detect) by extension 'ignore'
[1.302s] Level 1:colcon.colcon_core.package_identification:_identify(runs/detect) by extension 'ignore_ament_install'
[1.302s] Level 1:colcon.colcon_core.package_identification:_identify(runs/detect) by extensions ['colcon_pkg']
[1.302s] Level 1:colcon.colcon_core.package_identification:_identify(runs/detect) by extension 'colcon_pkg'
[1.302s] Level 1:colcon.colcon_core.package_identification:_identify(runs/detect) by extensions ['colcon_meta']
[1.302s] Level 1:colcon.colcon_core.package_identification:_identify(runs/detect) by extension 'colcon_meta'
[1.303s] Level 1:colcon.colcon_core.package_identification:_identify(runs/detect) by extensions ['ros']
[1.303s] Level 1:colcon.colcon_core.package_identification:_identify(runs/detect) by extension 'ros'
[1.303s] Level 1:colcon.colcon_core.package_identification:_identify(runs/detect) by extensions ['cmake', 'python']
[1.303s] Level 1:colcon.colcon_core.package_identification:_identify(runs/detect) by extension 'cmake'
[1.303s] Level 1:colcon.colcon_core.package_identification:_identify(runs/detect) by extension 'python'
[1.304s] Level 1:colcon.colcon_core.package_identification:_identify(runs/detect) by extensions ['python_setup_py']
[1.304s] Level 1:colcon.colcon_core.package_identification:_identify(runs/detect) by extension 'python_setup_py'
[1.304s] Level 1:colcon.colcon_core.package_identification:_identify(runs/detect/train) by extensions ['ignore', 'ignore_ament_install']
[1.304s] Level 1:colcon.colcon_core.package_identification:_identify(runs/detect/train) by extension 'ignore'
[1.305s] Level 1:colcon.colcon_core.package_identification:_identify(runs/detect/train) by extension 'ignore_ament_install'
[1.305s] Level 1:colcon.colcon_core.package_identification:_identify(runs/detect/train) by extensions ['colcon_pkg']
[1.305s] Level 1:colcon.colcon_core.package_identification:_identify(runs/detect/train) by extension 'colcon_pkg'
[1.305s] Level 1:colcon.colcon_core.package_identification:_identify(runs/detect/train) by extensions ['colcon_meta']
[1.305s] Level 1:colcon.colcon_core.package_identification:_identify(runs/detect/train) by extension 'colcon_meta'
[1.306s] Level 1:colcon.colcon_core.package_identification:_identify(runs/detect/train) by extensions ['ros']
[1.306s] Level 1:colcon.colcon_core.package_identification:_identify(runs/detect/train) by extension 'ros'
[1.306s] Level 1:colcon.colcon_core.package_identification:_identify(runs/detect/train) by extensions ['cmake', 'python']
[1.306s] Level 1:colcon.colcon_core.package_identification:_identify(runs/detect/train) by extension 'cmake'
[1.306s] Level 1:colcon.colcon_core.package_identification:_identify(runs/detect/train) by extension 'python'
[1.307s] Level 1:colcon.colcon_core.package_identification:_identify(runs/detect/train) by extensions ['python_setup_py']
[1.307s] Level 1:colcon.colcon_core.package_identification:_identify(runs/detect/train) by extension 'python_setup_py'
[1.307s] Level 1:colcon.colcon_core.package_identification:_identify(runs/detect/train/weights) by extensions ['ignore', 'ignore_ament_install']
[1.307s] Level 1:colcon.colcon_core.package_identification:_identify(runs/detect/train/weights) by extension 'ignore'
[1.308s] Level 1:colcon.colcon_core.package_identification:_identify(runs/detect/train/weights) by extension 'ignore_ament_install'
[1.308s] Level 1:colcon.colcon_core.package_identification:_identify(runs/detect/train/weights) by extensions ['colcon_pkg']
[1.308s] Level 1:colcon.colcon_core.package_identification:_identify(runs/detect/train/weights) by extension 'colcon_pkg'
[1.308s] Level 1:colcon.colcon_core.package_identification:_identify(runs/detect/train/weights) by extensions ['colcon_meta']
[1.308s] Level 1:colcon.colcon_core.package_identification:_identify(runs/detect/train/weights) by extension 'colcon_meta'
[1.308s] Level 1:colcon.colcon_core.package_identification:_identify(runs/detect/train/weights) by extensions ['ros']
[1.309s] Level 1:colcon.colcon_core.package_identification:_identify(runs/detect/train/weights) by extension 'ros'
[1.309s] Level 1:colcon.colcon_core.package_identification:_identify(runs/detect/train/weights) by extensions ['cmake', 'python']
[1.309s] Level 1:colcon.colcon_core.package_identification:_identify(runs/detect/train/weights) by extension 'cmake'
[1.309s] Level 1:colcon.colcon_core.package_identification:_identify(runs/detect/train/weights) by extension 'python'
[1.309s] Level 1:colcon.colcon_core.package_identification:_identify(runs/detect/train/weights) by extensions ['python_setup_py']
[1.310s] Level 1:colcon.colcon_core.package_identification:_identify(runs/detect/train/weights) by extension 'python_setup_py'
[1.310s] Level 1:colcon.colcon_core.package_identification:_identify(sllidar_ros2) by extensions ['ignore', 'ignore_ament_install']
[1.310s] Level 1:colcon.colcon_core.package_identification:_identify(sllidar_ros2) by extension 'ignore'
[1.311s] Level 1:colcon.colcon_core.package_identification:_identify(sllidar_ros2) by extension 'ignore_ament_install'
[1.311s] Level 1:colcon.colcon_core.package_identification:_identify(sllidar_ros2) by extensions ['colcon_pkg']
[1.311s] Level 1:colcon.colcon_core.package_identification:_identify(sllidar_ros2) by extension 'colcon_pkg'
[1.311s] Level 1:colcon.colcon_core.package_identification:_identify(sllidar_ros2) by extensions ['colcon_meta']
[1.311s] Level 1:colcon.colcon_core.package_identification:_identify(sllidar_ros2) by extension 'colcon_meta'
[1.311s] Level 1:colcon.colcon_core.package_identification:_identify(sllidar_ros2) by extensions ['ros']
[1.312s] Level 1:colcon.colcon_core.package_identification:_identify(sllidar_ros2) by extension 'ros'
[1.314s] DEBUG:colcon.colcon_core.package_identification:Package 'sllidar_ros2' with type 'ros.ament_cmake' and name 'sllidar_ros2'
[1.315s] Level 1:colcon.colcon_core.package_identification:_identify(src) by extensions ['ignore', 'ignore_ament_install']
[1.315s] Level 1:colcon.colcon_core.package_identification:_identify(src) by extension 'ignore'
[1.315s] Level 1:colcon.colcon_core.package_identification:_identify(src) by extension 'ignore_ament_install'
[1.315s] Level 1:colcon.colcon_core.package_identification:_identify(src) by extensions ['colcon_pkg']
[1.316s] Level 1:colcon.colcon_core.package_identification:_identify(src) by extension 'colcon_pkg'
[1.316s] Level 1:colcon.colcon_core.package_identification:_identify(src) by extensions ['colcon_meta']
[1.316s] Level 1:colcon.colcon_core.package_identification:_identify(src) by extension 'colcon_meta'
[1.316s] Level 1:colcon.colcon_core.package_identification:_identify(src) by extensions ['ros']
[1.316s] Level 1:colcon.colcon_core.package_identification:_identify(src) by extension 'ros'
[1.317s] Level 1:colcon.colcon_core.package_identification:_identify(src) by extensions ['cmake', 'python']
[1.317s] Level 1:colcon.colcon_core.package_identification:_identify(src) by extension 'cmake'
[1.317s] Level 1:colcon.colcon_core.package_identification:_identify(src) by extension 'python'
[1.317s] Level 1:colcon.colcon_core.package_identification:_identify(src) by extensions ['python_setup_py']
[1.317s] Level 1:colcon.colcon_core.package_identification:_identify(src) by extension 'python_setup_py'
[1.318s] Level 1:colcon.colcon_core.package_identification:_identify(src/angles) by extensions ['ignore', 'ignore_ament_install']
[1.318s] Level 1:colcon.colcon_core.package_identification:_identify(src/angles) by extension 'ignore'
[1.318s] Level 1:colcon.colcon_core.package_identification:_identify(src/angles) by extension 'ignore_ament_install'
[1.318s] Level 1:colcon.colcon_core.package_identification:_identify(src/angles) by extensions ['colcon_pkg']
[1.318s] Level 1:colcon.colcon_core.package_identification:_identify(src/angles) by extension 'colcon_pkg'
[1.319s] Level 1:colcon.colcon_core.package_identification:_identify(src/angles) by extensions ['colcon_meta']
[1.319s] Level 1:colcon.colcon_core.package_identification:_identify(src/angles) by extension 'colcon_meta'
[1.319s] Level 1:colcon.colcon_core.package_identification:_identify(src/angles) by extensions ['ros']
[1.319s] Level 1:colcon.colcon_core.package_identification:_identify(src/angles) by extension 'ros'
[1.319s] Level 1:colcon.colcon_core.package_identification:_identify(src/angles) by extensions ['cmake', 'python']
[1.320s] Level 1:colcon.colcon_core.package_identification:_identify(src/angles) by extension 'cmake'
[1.320s] Level 1:colcon.colcon_core.package_identification:_identify(src/angles) by extension 'python'
[1.320s] Level 1:colcon.colcon_core.package_identification:_identify(src/angles) by extensions ['python_setup_py']
[1.320s] Level 1:colcon.colcon_core.package_identification:_identify(src/angles) by extension 'python_setup_py'
[1.320s] Level 1:colcon.colcon_core.package_identification:_identify(src/angles/angles) by extensions ['ignore', 'ignore_ament_install']
[1.321s] Level 1:colcon.colcon_core.package_identification:_identify(src/angles/angles) by extension 'ignore'
[1.321s] Level 1:colcon.colcon_core.package_identification:_identify(src/angles/angles) by extension 'ignore_ament_install'
[1.321s] Level 1:colcon.colcon_core.package_identification:_identify(src/angles/angles) by extensions ['colcon_pkg']
[1.321s] Level 1:colcon.colcon_core.package_identification:_identify(src/angles/angles) by extension 'colcon_pkg'
[1.322s] Level 1:colcon.colcon_core.package_identification:_identify(src/angles/angles) by extensions ['colcon_meta']
[1.322s] Level 1:colcon.colcon_core.package_identification:_identify(src/angles/angles) by extension 'colcon_meta'
[1.322s] Level 1:colcon.colcon_core.package_identification:_identify(src/angles/angles) by extensions ['ros']
[1.322s] Level 1:colcon.colcon_core.package_identification:_identify(src/angles/angles) by extension 'ros'
[1.324s] DEBUG:colcon.colcon_core.package_identification:Package 'src/angles/angles' with type 'ros.ament_cmake' and name 'angles'
[1.325s] Level 1:colcon.colcon_core.package_identification:_identify(src/common_interfaces) by extensions ['ignore', 'ignore_ament_install']
[1.325s] Level 1:colcon.colcon_core.package_identification:_identify(src/common_interfaces) by extension 'ignore'
[1.325s] Level 1:colcon.colcon_core.package_identification:_identify(src/common_interfaces) by extension 'ignore_ament_install'
[1.326s] Level 1:colcon.colcon_core.package_identification:_identify(src/common_interfaces) by extensions ['colcon_pkg']
[1.326s] Level 1:colcon.colcon_core.package_identification:_identify(src/common_interfaces) by extension 'colcon_pkg'
[1.326s] Level 1:colcon.colcon_core.package_identification:_identify(src/common_interfaces) by extensions ['colcon_meta']
[1.326s] Level 1:colcon.colcon_core.package_identification:_identify(src/common_interfaces) by extension 'colcon_meta'
[1.326s] Level 1:colcon.colcon_core.package_identification:_identify(src/common_interfaces) by extensions ['ros']
[1.326s] Level 1:colcon.colcon_core.package_identification:_identify(src/common_interfaces) by extension 'ros'
[1.327s] Level 1:colcon.colcon_core.package_identification:_identify(src/common_interfaces) by extensions ['cmake', 'python']
[1.327s] Level 1:colcon.colcon_core.package_identification:_identify(src/common_interfaces) by extension 'cmake'
[1.327s] Level 1:colcon.colcon_core.package_identification:_identify(src/common_interfaces) by extension 'python'
[1.327s] Level 1:colcon.colcon_core.package_identification:_identify(src/common_interfaces) by extensions ['python_setup_py']
[1.327s] Level 1:colcon.colcon_core.package_identification:_identify(src/common_interfaces) by extension 'python_setup_py'
[1.328s] Level 1:colcon.colcon_core.package_identification:_identify(src/common_interfaces/actionlib_msgs) by extensions ['ignore', 'ignore_ament_install']
[1.328s] Level 1:colcon.colcon_core.package_identification:_identify(src/common_interfaces/actionlib_msgs) by extension 'ignore'
[1.328s] Level 1:colcon.colcon_core.package_identification:_identify(src/common_interfaces/actionlib_msgs) by extension 'ignore_ament_install'
[1.329s] Level 1:colcon.colcon_core.package_identification:_identify(src/common_interfaces/actionlib_msgs) by extensions ['colcon_pkg']
[1.329s] Level 1:colcon.colcon_core.package_identification:_identify(src/common_interfaces/actionlib_msgs) by extension 'colcon_pkg'
[1.329s] Level 1:colcon.colcon_core.package_identification:_identify(src/common_interfaces/actionlib_msgs) by extensions ['colcon_meta']
[1.329s] Level 1:colcon.colcon_core.package_identification:_identify(src/common_interfaces/actionlib_msgs) by extension 'colcon_meta'
[1.329s] Level 1:colcon.colcon_core.package_identification:_identify(src/common_interfaces/actionlib_msgs) by extensions ['ros']
[1.329s] Level 1:colcon.colcon_core.package_identification:_identify(src/common_interfaces/actionlib_msgs) by extension 'ros'
[1.332s] DEBUG:colcon.colcon_core.package_identification:Package 'src/common_interfaces/actionlib_msgs' with type 'ros.ament_cmake' and name 'actionlib_msgs'
[1.332s] Level 1:colcon.colcon_core.package_identification:_identify(src/common_interfaces/common_interfaces) by extensions ['ignore', 'ignore_ament_install']
[1.332s] Level 1:colcon.colcon_core.package_identification:_identify(src/common_interfaces/common_interfaces) by extension 'ignore'
[1.332s] Level 1:colcon.colcon_core.package_identification:_identify(src/common_interfaces/common_interfaces) by extension 'ignore_ament_install'
[1.333s] Level 1:colcon.colcon_core.package_identification:_identify(src/common_interfaces/common_interfaces) by extensions ['colcon_pkg']
[1.333s] Level 1:colcon.colcon_core.package_identification:_identify(src/common_interfaces/common_interfaces) by extension 'colcon_pkg'
[1.333s] Level 1:colcon.colcon_core.package_identification:_identify(src/common_interfaces/common_interfaces) by extensions ['colcon_meta']
[1.333s] Level 1:colcon.colcon_core.package_identification:_identify(src/common_interfaces/common_interfaces) by extension 'colcon_meta'
[1.333s] Level 1:colcon.colcon_core.package_identification:_identify(src/common_interfaces/common_interfaces) by extensions ['ros']
[1.334s] Level 1:colcon.colcon_core.package_identification:_identify(src/common_interfaces/common_interfaces) by extension 'ros'
[1.340s] DEBUG:colcon.colcon_core.package_identification:Package 'src/common_interfaces/common_interfaces' with type 'ros.ament_cmake' and name 'common_interfaces'
[1.340s] Level 1:colcon.colcon_core.package_identification:_identify(src/common_interfaces/diagnostic_msgs) by extensions ['ignore', 'ignore_ament_install']
[1.341s] Level 1:colcon.colcon_core.package_identification:_identify(src/common_interfaces/diagnostic_msgs) by extension 'ignore'
[1.341s] Level 1:colcon.colcon_core.package_identification:_identify(src/common_interfaces/diagnostic_msgs) by extension 'ignore_ament_install'
[1.341s] Level 1:colcon.colcon_core.package_identification:_identify(src/common_interfaces/diagnostic_msgs) by extensions ['colcon_pkg']
[1.341s] Level 1:colcon.colcon_core.package_identification:_identify(src/common_interfaces/diagnostic_msgs) by extension 'colcon_pkg'
[1.342s] Level 1:colcon.colcon_core.package_identification:_identify(src/common_interfaces/diagnostic_msgs) by extensions ['colcon_meta']
[1.342s] Level 1:colcon.colcon_core.package_identification:_identify(src/common_interfaces/diagnostic_msgs) by extension 'colcon_meta'
[1.342s] Level 1:colcon.colcon_core.package_identification:_identify(src/common_interfaces/diagnostic_msgs) by extensions ['ros']
[1.342s] Level 1:colcon.colcon_core.package_identification:_identify(src/common_interfaces/diagnostic_msgs) by extension 'ros'
[1.344s] DEBUG:colcon.colcon_core.package_identification:Package 'src/common_interfaces/diagnostic_msgs' with type 'ros.ament_cmake' and name 'diagnostic_msgs'
[1.345s] Level 1:colcon.colcon_core.package_identification:_identify(src/common_interfaces/docs) by extensions ['ignore', 'ignore_ament_install']
[1.345s] Level 1:colcon.colcon_core.package_identification:_identify(src/common_interfaces/docs) by extension 'ignore'
[1.345s] Level 1:colcon.colcon_core.package_identification:_identify(src/common_interfaces/docs) by extension 'ignore_ament_install'
[1.346s] Level 1:colcon.colcon_core.package_identification:_identify(src/common_interfaces/docs) by extensions ['colcon_pkg']
[1.346s] Level 1:colcon.colcon_core.package_identification:_identify(src/common_interfaces/docs) by extension 'colcon_pkg'
[1.346s] Level 1:colcon.colcon_core.package_identification:_identify(src/common_interfaces/docs) by extensions ['colcon_meta']
[1.346s] Level 1:colcon.colcon_core.package_identification:_identify(src/common_interfaces/docs) by extension 'colcon_meta'
[1.346s] Level 1:colcon.colcon_core.package_identification:_identify(src/common_interfaces/docs) by extensions ['ros']
[1.347s] Level 1:colcon.colcon_core.package_identification:_identify(src/common_interfaces/docs) by extension 'ros'
[1.347s] Level 1:colcon.colcon_core.package_identification:_identify(src/common_interfaces/docs) by extensions ['cmake', 'python']
[1.347s] Level 1:colcon.colcon_core.package_identification:_identify(src/common_interfaces/docs) by extension 'cmake'
[1.347s] Level 1:colcon.colcon_core.package_identification:_identify(src/common_interfaces/docs) by extension 'python'
[1.347s] Level 1:colcon.colcon_core.package_identification:_identify(src/common_interfaces/docs) by extensions ['python_setup_py']
[1.348s] Level 1:colcon.colcon_core.package_identification:_identify(src/common_interfaces/docs) by extension 'python_setup_py'
[1.348s] Level 1:colcon.colcon_core.package_identification:_identify(src/common_interfaces/geometry_msgs) by extensions ['ignore', 'ignore_ament_install']
[1.348s] Level 1:colcon.colcon_core.package_identification:_identify(src/common_interfaces/geometry_msgs) by extension 'ignore'
[1.348s] Level 1:colcon.colcon_core.package_identification:_identify(src/common_interfaces/geometry_msgs) by extension 'ignore_ament_install'
[1.349s] Level 1:colcon.colcon_core.package_identification:_identify(src/common_interfaces/geometry_msgs) by extensions ['colcon_pkg']
[1.349s] Level 1:colcon.colcon_core.package_identification:_identify(src/common_interfaces/geometry_msgs) by extension 'colcon_pkg'
[1.349s] Level 1:colcon.colcon_core.package_identification:_identify(src/common_interfaces/geometry_msgs) by extensions ['colcon_meta']
[1.349s] Level 1:colcon.colcon_core.package_identification:_identify(src/common_interfaces/geometry_msgs) by extension 'colcon_meta'
[1.349s] Level 1:colcon.colcon_core.package_identification:_identify(src/common_interfaces/geometry_msgs) by extensions ['ros']
[1.350s] Level 1:colcon.colcon_core.package_identification:_identify(src/common_interfaces/geometry_msgs) by extension 'ros'
[1.352s] DEBUG:colcon.colcon_core.package_identification:Package 'src/common_interfaces/geometry_msgs' with type 'ros.ament_cmake' and name 'geometry_msgs'
[1.352s] Level 1:colcon.colcon_core.package_identification:_identify(src/common_interfaces/nav_msgs) by extensions ['ignore', 'ignore_ament_install']
[1.352s] Level 1:colcon.colcon_core.package_identification:_identify(src/common_interfaces/nav_msgs) by extension 'ignore'
[1.353s] Level 1:colcon.colcon_core.package_identification:_identify(src/common_interfaces/nav_msgs) by extension 'ignore_ament_install'
[1.353s] Level 1:colcon.colcon_core.package_identification:_identify(src/common_interfaces/nav_msgs) by extensions ['colcon_pkg']
[1.353s] Level 1:colcon.colcon_core.package_identification:_identify(src/common_interfaces/nav_msgs) by extension 'colcon_pkg'
[1.353s] Level 1:colcon.colcon_core.package_identification:_identify(src/common_interfaces/nav_msgs) by extensions ['colcon_meta']
[1.353s] Level 1:colcon.colcon_core.package_identification:_identify(src/common_interfaces/nav_msgs) by extension 'colcon_meta'
[1.354s] Level 1:colcon.colcon_core.package_identification:_identify(src/common_interfaces/nav_msgs) by extensions ['ros']
[1.354s] Level 1:colcon.colcon_core.package_identification:_identify(src/common_interfaces/nav_msgs) by extension 'ros'
[1.356s] DEBUG:colcon.colcon_core.package_identification:Package 'src/common_interfaces/nav_msgs' with type 'ros.ament_cmake' and name 'nav_msgs'
[1.356s] Level 1:colcon.colcon_core.package_identification:_identify(src/common_interfaces/sensor_msgs) by extensions ['ignore', 'ignore_ament_install']
[1.357s] Level 1:colcon.colcon_core.package_identification:_identify(src/common_interfaces/sensor_msgs) by extension 'ignore'
[1.357s] Level 1:colcon.colcon_core.package_identification:_identify(src/common_interfaces/sensor_msgs) by extension 'ignore_ament_install'
[1.357s] Level 1:colcon.colcon_core.package_identification:_identify(src/common_interfaces/sensor_msgs) by extensions ['colcon_pkg']
[1.358s] Level 1:colcon.colcon_core.package_identification:_identify(src/common_interfaces/sensor_msgs) by extension 'colcon_pkg'
[1.358s] Level 1:colcon.colcon_core.package_identification:_identify(src/common_interfaces/sensor_msgs) by extensions ['colcon_meta']
[1.358s] Level 1:colcon.colcon_core.package_identification:_identify(src/common_interfaces/sensor_msgs) by extension 'colcon_meta'
[1.359s] Level 1:colcon.colcon_core.package_identification:_identify(src/common_interfaces/sensor_msgs) by extensions ['ros']
[1.359s] Level 1:colcon.colcon_core.package_identification:_identify(src/common_interfaces/sensor_msgs) by extension 'ros'
[1.362s] DEBUG:colcon.colcon_core.package_identification:Package 'src/common_interfaces/sensor_msgs' with type 'ros.ament_cmake' and name 'sensor_msgs'
[1.362s] Level 1:colcon.colcon_core.package_identification:_identify(src/common_interfaces/sensor_msgs_py) by extensions ['ignore', 'ignore_ament_install']
[1.363s] Level 1:colcon.colcon_core.package_identification:_identify(src/common_interfaces/sensor_msgs_py) by extension 'ignore'
[1.363s] Level 1:colcon.colcon_core.package_identification:_identify(src/common_interfaces/sensor_msgs_py) by extension 'ignore_ament_install'
[1.363s] Level 1:colcon.colcon_core.package_identification:_identify(src/common_interfaces/sensor_msgs_py) by extensions ['colcon_pkg']
[1.363s] Level 1:colcon.colcon_core.package_identification:_identify(src/common_interfaces/sensor_msgs_py) by extension 'colcon_pkg'
[1.364s] Level 1:colcon.colcon_core.package_identification:_identify(src/common_interfaces/sensor_msgs_py) by extensions ['colcon_meta']
[1.364s] Level 1:colcon.colcon_core.package_identification:_identify(src/common_interfaces/sensor_msgs_py) by extension 'colcon_meta'
[1.364s] Level 1:colcon.colcon_core.package_identification:_identify(src/common_interfaces/sensor_msgs_py) by extensions ['ros']
[1.364s] Level 1:colcon.colcon_core.package_identification:_identify(src/common_interfaces/sensor_msgs_py) by extension 'ros'
[1.366s] DEBUG:colcon.colcon_core.package_identification:Package 'src/common_interfaces/sensor_msgs_py' with type 'ros.ament_python' and name 'sensor_msgs_py'
[1.367s] Level 1:colcon.colcon_core.package_identification:_identify(src/common_interfaces/shape_msgs) by extensions ['ignore', 'ignore_ament_install']
[1.367s] Level 1:colcon.colcon_core.package_identification:_identify(src/common_interfaces/shape_msgs) by extension 'ignore'
[1.367s] Level 1:colcon.colcon_core.package_identification:_identify(src/common_interfaces/shape_msgs) by extension 'ignore_ament_install'
[1.368s] Level 1:colcon.colcon_core.package_identification:_identify(src/common_interfaces/shape_msgs) by extensions ['colcon_pkg']
[1.368s] Level 1:colcon.colcon_core.package_identification:_identify(src/common_interfaces/shape_msgs) by extension 'colcon_pkg'
[1.368s] Level 1:colcon.colcon_core.package_identification:_identify(src/common_interfaces/shape_msgs) by extensions ['colcon_meta']
[1.368s] Level 1:colcon.colcon_core.package_identification:_identify(src/common_interfaces/shape_msgs) by extension 'colcon_meta'
[1.368s] Level 1:colcon.colcon_core.package_identification:_identify(src/common_interfaces/shape_msgs) by extensions ['ros']
[1.369s] Level 1:colcon.colcon_core.package_identification:_identify(src/common_interfaces/shape_msgs) by extension 'ros'
[1.416s] DEBUG:colcon.colcon_core.package_identification:Package 'src/common_interfaces/shape_msgs' with type 'ros.ament_cmake' and name 'shape_msgs'
[1.417s] Level 1:colcon.colcon_core.package_identification:_identify(src/common_interfaces/std_msgs) by extensions ['ignore', 'ignore_ament_install']
[1.417s] Level 1:colcon.colcon_core.package_identification:_identify(src/common_interfaces/std_msgs) by extension 'ignore'
[1.417s] Level 1:colcon.colcon_core.package_identification:_identify(src/common_interfaces/std_msgs) by extension 'ignore_ament_install'
[1.418s] Level 1:colcon.colcon_core.package_identification:_identify(src/common_interfaces/std_msgs) by extensions ['colcon_pkg']
[1.418s] Level 1:colcon.colcon_core.package_identification:_identify(src/common_interfaces/std_msgs) by extension 'colcon_pkg'
[1.418s] Level 1:colcon.colcon_core.package_identification:_identify(src/common_interfaces/std_msgs) by extensions ['colcon_meta']
[1.418s] Level 1:colcon.colcon_core.package_identification:_identify(src/common_interfaces/std_msgs) by extension 'colcon_meta'
[1.419s] Level 1:colcon.colcon_core.package_identification:_identify(src/common_interfaces/std_msgs) by extensions ['ros']
[1.419s] Level 1:colcon.colcon_core.package_identification:_identify(src/common_interfaces/std_msgs) by extension 'ros'
[1.421s] DEBUG:colcon.colcon_core.package_identification:Package 'src/common_interfaces/std_msgs' with type 'ros.ament_cmake' and name 'std_msgs'
[1.421s] Level 1:colcon.colcon_core.package_identification:_identify(src/common_interfaces/std_srvs) by extensions ['ignore', 'ignore_ament_install']
[1.422s] Level 1:colcon.colcon_core.package_identification:_identify(src/common_interfaces/std_srvs) by extension 'ignore'
[1.422s] Level 1:colcon.colcon_core.package_identification:_identify(src/common_interfaces/std_srvs) by extension 'ignore_ament_install'
[1.422s] Level 1:colcon.colcon_core.package_identification:_identify(src/common_interfaces/std_srvs) by extensions ['colcon_pkg']
[1.422s] Level 1:colcon.colcon_core.package_identification:_identify(src/common_interfaces/std_srvs) by extension 'colcon_pkg'
[1.423s] Level 1:colcon.colcon_core.package_identification:_identify(src/common_interfaces/std_srvs) by extensions ['colcon_meta']
[1.423s] Level 1:colcon.colcon_core.package_identification:_identify(src/common_interfaces/std_srvs) by extension 'colcon_meta'
[1.423s] Level 1:colcon.colcon_core.package_identification:_identify(src/common_interfaces/std_srvs) by extensions ['ros']
[1.423s] Level 1:colcon.colcon_core.package_identification:_identify(src/common_interfaces/std_srvs) by extension 'ros'
[1.425s] DEBUG:colcon.colcon_core.package_identification:Package 'src/common_interfaces/std_srvs' with type 'ros.ament_cmake' and name 'std_srvs'
[1.425s] Level 1:colcon.colcon_core.package_identification:_identify(src/common_interfaces/stereo_msgs) by extensions ['ignore', 'ignore_ament_install']
[1.426s] Level 1:colcon.colcon_core.package_identification:_identify(src/common_interfaces/stereo_msgs) by extension 'ignore'
[1.426s] Level 1:colcon.colcon_core.package_identification:_identify(src/common_interfaces/stereo_msgs) by extension 'ignore_ament_install'
[1.426s] Level 1:colcon.colcon_core.package_identification:_identify(src/common_interfaces/stereo_msgs) by extensions ['colcon_pkg']
[1.426s] Level 1:colcon.colcon_core.package_identification:_identify(src/common_interfaces/stereo_msgs) by extension 'colcon_pkg'
[1.427s] Level 1:colcon.colcon_core.package_identification:_identify(src/common_interfaces/stereo_msgs) by extensions ['colcon_meta']
[1.427s] Level 1:colcon.colcon_core.package_identification:_identify(src/common_interfaces/stereo_msgs) by extension 'colcon_meta'
[1.427s] Level 1:colcon.colcon_core.package_identification:_identify(src/common_interfaces/stereo_msgs) by extensions ['ros']
[1.427s] Level 1:colcon.colcon_core.package_identification:_identify(src/common_interfaces/stereo_msgs) by extension 'ros'
[1.429s] DEBUG:colcon.colcon_core.package_identification:Package 'src/common_interfaces/stereo_msgs' with type 'ros.ament_cmake' and name 'stereo_msgs'
[1.430s] Level 1:colcon.colcon_core.package_identification:_identify(src/common_interfaces/trajectory_msgs) by extensions ['ignore', 'ignore_ament_install']
[1.430s] Level 1:colcon.colcon_core.package_identification:_identify(src/common_interfaces/trajectory_msgs) by extension 'ignore'
[1.430s] Level 1:colcon.colcon_core.package_identification:_identify(src/common_interfaces/trajectory_msgs) by extension 'ignore_ament_install'
[1.430s] Level 1:colcon.colcon_core.package_identification:_identify(src/common_interfaces/trajectory_msgs) by extensions ['colcon_pkg']
[1.431s] Level 1:colcon.colcon_core.package_identification:_identify(src/common_interfaces/trajectory_msgs) by extension 'colcon_pkg'
[1.431s] Level 1:colcon.colcon_core.package_identification:_identify(src/common_interfaces/trajectory_msgs) by extensions ['colcon_meta']
[1.431s] Level 1:colcon.colcon_core.package_identification:_identify(src/common_interfaces/trajectory_msgs) by extension 'colcon_meta'
[1.431s] Level 1:colcon.colcon_core.package_identification:_identify(src/common_interfaces/trajectory_msgs) by extensions ['ros']
[1.431s] Level 1:colcon.colcon_core.package_identification:_identify(src/common_interfaces/trajectory_msgs) by extension 'ros'
[1.433s] DEBUG:colcon.colcon_core.package_identification:Package 'src/common_interfaces/trajectory_msgs' with type 'ros.ament_cmake' and name 'trajectory_msgs'
[1.434s] Level 1:colcon.colcon_core.package_identification:_identify(src/common_interfaces/visualization_msgs) by extensions ['ignore', 'ignore_ament_install']
[1.434s] Level 1:colcon.colcon_core.package_identification:_identify(src/common_interfaces/visualization_msgs) by extension 'ignore'
[1.434s] Level 1:colcon.colcon_core.package_identification:_identify(src/common_interfaces/visualization_msgs) by extension 'ignore_ament_install'
[1.435s] Level 1:colcon.colcon_core.package_identification:_identify(src/common_interfaces/visualization_msgs) by extensions ['colcon_pkg']
[1.435s] Level 1:colcon.colcon_core.package_identification:_identify(src/common_interfaces/visualization_msgs) by extension 'colcon_pkg'
[1.435s] Level 1:colcon.colcon_core.package_identification:_identify(src/common_interfaces/visualization_msgs) by extensions ['colcon_meta']
[1.435s] Level 1:colcon.colcon_core.package_identification:_identify(src/common_interfaces/visualization_msgs) by extension 'colcon_meta'
[1.435s] Level 1:colcon.colcon_core.package_identification:_identify(src/common_interfaces/visualization_msgs) by extensions ['ros']
[1.435s] Level 1:colcon.colcon_core.package_identification:_identify(src/common_interfaces/visualization_msgs) by extension 'ros'
[1.438s] DEBUG:colcon.colcon_core.package_identification:Package 'src/common_interfaces/visualization_msgs' with type 'ros.ament_cmake' and name 'visualization_msgs'
[1.439s] Level 1:colcon.colcon_core.package_identification:_identify(src/depthai-ros) by extensions ['ignore', 'ignore_ament_install']
[1.439s] Level 1:colcon.colcon_core.package_identification:_identify(src/depthai-ros) by extension 'ignore'
[1.439s] Level 1:colcon.colcon_core.package_identification:_identify(src/depthai-ros) by extension 'ignore_ament_install'
[1.439s] Level 1:colcon.colcon_core.package_identification:_identify(src/depthai-ros) by extensions ['colcon_pkg']
[1.439s] Level 1:colcon.colcon_core.package_identification:_identify(src/depthai-ros) by extension 'colcon_pkg'
[1.440s] Level 1:colcon.colcon_core.package_identification:_identify(src/depthai-ros) by extensions ['colcon_meta']
[1.440s] Level 1:colcon.colcon_core.package_identification:_identify(src/depthai-ros) by extension 'colcon_meta'
[1.440s] Level 1:colcon.colcon_core.package_identification:_identify(src/depthai-ros) by extensions ['ros']
[1.440s] Level 1:colcon.colcon_core.package_identification:_identify(src/depthai-ros) by extension 'ros'
[1.440s] Level 1:colcon.colcon_core.package_identification:_identify(src/depthai-ros) by extensions ['cmake', 'python']
[1.441s] Level 1:colcon.colcon_core.package_identification:_identify(src/depthai-ros) by extension 'cmake'
[1.441s] Level 1:colcon.colcon_core.package_identification:_identify(src/depthai-ros) by extension 'python'
[1.441s] Level 1:colcon.colcon_core.package_identification:_identify(src/depthai-ros) by extensions ['python_setup_py']
[1.441s] Level 1:colcon.colcon_core.package_identification:_identify(src/depthai-ros) by extension 'python_setup_py'
[1.442s] Level 1:colcon.colcon_core.package_identification:_identify(src/depthai-ros/depthai-ros) by extensions ['ignore', 'ignore_ament_install']
[1.442s] Level 1:colcon.colcon_core.package_identification:_identify(src/depthai-ros/depthai-ros) by extension 'ignore'
[1.442s] Level 1:colcon.colcon_core.package_identification:_identify(src/depthai-ros/depthai-ros) by extension 'ignore_ament_install'
[1.442s] Level 1:colcon.colcon_core.package_identification:_identify(src/depthai-ros/depthai-ros) by extensions ['colcon_pkg']
[1.442s] Level 1:colcon.colcon_core.package_identification:_identify(src/depthai-ros/depthai-ros) by extension 'colcon_pkg'
[1.443s] Level 1:colcon.colcon_core.package_identification:_identify(src/depthai-ros/depthai-ros) by extensions ['colcon_meta']
[1.443s] Level 1:colcon.colcon_core.package_identification:_identify(src/depthai-ros/depthai-ros) by extension 'colcon_meta'
[1.443s] Level 1:colcon.colcon_core.package_identification:_identify(src/depthai-ros/depthai-ros) by extensions ['ros']
[1.443s] Level 1:colcon.colcon_core.package_identification:_identify(src/depthai-ros/depthai-ros) by extension 'ros'
[1.445s] DEBUG:colcon.colcon_core.package_identification:Package 'src/depthai-ros/depthai-ros' with type 'ros.ament_cmake' and name 'depthai-ros'
[1.446s] Level 1:colcon.colcon_core.package_identification:_identify(src/depthai-ros/depthai_bridge) by extensions ['ignore', 'ignore_ament_install']
[1.446s] Level 1:colcon.colcon_core.package_identification:_identify(src/depthai-ros/depthai_bridge) by extension 'ignore'
[1.446s] Level 1:colcon.colcon_core.package_identification:_identify(src/depthai-ros/depthai_bridge) by extension 'ignore_ament_install'
[1.446s] Level 1:colcon.colcon_core.package_identification:_identify(src/depthai-ros/depthai_bridge) by extensions ['colcon_pkg']
[1.446s] Level 1:colcon.colcon_core.package_identification:_identify(src/depthai-ros/depthai_bridge) by extension 'colcon_pkg'
[1.447s] Level 1:colcon.colcon_core.package_identification:_identify(src/depthai-ros/depthai_bridge) by extensions ['colcon_meta']
[1.447s] Level 1:colcon.colcon_core.package_identification:_identify(src/depthai-ros/depthai_bridge) by extension 'colcon_meta'
[1.447s] Level 1:colcon.colcon_core.package_identification:_identify(src/depthai-ros/depthai_bridge) by extensions ['ros']
[1.447s] Level 1:colcon.colcon_core.package_identification:_identify(src/depthai-ros/depthai_bridge) by extension 'ros'
[1.454s] DEBUG:colcon.colcon_core.package_identification:Package 'src/depthai-ros/depthai_bridge' with type 'ros.ament_cmake' and name 'depthai_bridge'
[1.454s] Level 1:colcon.colcon_core.package_identification:_identify(src/depthai-ros/depthai_descriptions) by extensions ['ignore', 'ignore_ament_install']
[1.455s] Level 1:colcon.colcon_core.package_identification:_identify(src/depthai-ros/depthai_descriptions) by extension 'ignore'
[1.455s] Level 1:colcon.colcon_core.package_identification:_identify(src/depthai-ros/depthai_descriptions) by extension 'ignore_ament_install'
[1.455s] Level 1:colcon.colcon_core.package_identification:_identify(src/depthai-ros/depthai_descriptions) by extensions ['colcon_pkg']
[1.455s] Level 1:colcon.colcon_core.package_identification:_identify(src/depthai-ros/depthai_descriptions) by extension 'colcon_pkg'
[1.455s] Level 1:colcon.colcon_core.package_identification:_identify(src/depthai-ros/depthai_descriptions) by extensions ['colcon_meta']
[1.456s] Level 1:colcon.colcon_core.package_identification:_identify(src/depthai-ros/depthai_descriptions) by extension 'colcon_meta'
[1.456s] Level 1:colcon.colcon_core.package_identification:_identify(src/depthai-ros/depthai_descriptions) by extensions ['ros']
[1.456s] Level 1:colcon.colcon_core.package_identification:_identify(src/depthai-ros/depthai_descriptions) by extension 'ros'
[1.458s] DEBUG:colcon.colcon_core.package_identification:Package 'src/depthai-ros/depthai_descriptions' with type 'ros.ament_cmake' and name 'depthai_descriptions'
[1.458s] Level 1:colcon.colcon_core.package_identification:_identify(src/depthai-ros/depthai_examples) by extensions ['ignore', 'ignore_ament_install']
[1.459s] Level 1:colcon.colcon_core.package_identification:_identify(src/depthai-ros/depthai_examples) by extension 'ignore'
[1.459s] Level 1:colcon.colcon_core.package_identification:_identify(src/depthai-ros/depthai_examples) by extension 'ignore_ament_install'
[1.459s] Level 1:colcon.colcon_core.package_identification:_identify(src/depthai-ros/depthai_examples) by extensions ['colcon_pkg']
[1.459s] Level 1:colcon.colcon_core.package_identification:_identify(src/depthai-ros/depthai_examples) by extension 'colcon_pkg'
[1.459s] Level 1:colcon.colcon_core.package_identification:_identify(src/depthai-ros/depthai_examples) by extensions ['colcon_meta']
[1.459s] Level 1:colcon.colcon_core.package_identification:_identify(src/depthai-ros/depthai_examples) by extension 'colcon_meta'
[1.460s] Level 1:colcon.colcon_core.package_identification:_identify(src/depthai-ros/depthai_examples) by extensions ['ros']
[1.460s] Level 1:colcon.colcon_core.package_identification:_identify(src/depthai-ros/depthai_examples) by extension 'ros'
[1.469s] DEBUG:colcon.colcon_core.package_identification:Package 'src/depthai-ros/depthai_examples' with type 'ros.ament_cmake' and name 'depthai_examples'
[1.469s] Level 1:colcon.colcon_core.package_identification:_identify(src/depthai-ros/depthai_filters) by extensions ['ignore', 'ignore_ament_install']
[1.469s] Level 1:colcon.colcon_core.package_identification:_identify(src/depthai-ros/depthai_filters) by extension 'ignore'
[1.470s] Level 1:colcon.colcon_core.package_identification:_identify(src/depthai-ros/depthai_filters) by extension 'ignore_ament_install'
[1.470s] Level 1:colcon.colcon_core.package_identification:_identify(src/depthai-ros/depthai_filters) by extensions ['colcon_pkg']
[1.470s] Level 1:colcon.colcon_core.package_identification:_identify(src/depthai-ros/depthai_filters) by extension 'colcon_pkg'
[1.470s] Level 1:colcon.colcon_core.package_identification:_identify(src/depthai-ros/depthai_filters) by extensions ['colcon_meta']
[1.470s] Level 1:colcon.colcon_core.package_identification:_identify(src/depthai-ros/depthai_filters) by extension 'colcon_meta'
[1.471s] Level 1:colcon.colcon_core.package_identification:_identify(src/depthai-ros/depthai_filters) by extensions ['ros']
[1.471s] Level 1:colcon.colcon_core.package_identification:_identify(src/depthai-ros/depthai_filters) by extension 'ros'
[1.475s] DEBUG:colcon.colcon_core.package_identification:Package 'src/depthai-ros/depthai_filters' with type 'ros.ament_cmake' and name 'depthai_filters'
[1.476s] Level 1:colcon.colcon_core.package_identification:_identify(src/depthai-ros/depthai_ros_driver) by extensions ['ignore', 'ignore_ament_install']
[1.476s] Level 1:colcon.colcon_core.package_identification:_identify(src/depthai-ros/depthai_ros_driver) by extension 'ignore'
[1.476s] Level 1:colcon.colcon_core.package_identification:_identify(src/depthai-ros/depthai_ros_driver) by extension 'ignore_ament_install'
[1.476s] Level 1:colcon.colcon_core.package_identification:_identify(src/depthai-ros/depthai_ros_driver) by extensions ['colcon_pkg']
[1.476s] Level 1:colcon.colcon_core.package_identification:_identify(src/depthai-ros/depthai_ros_driver) by extension 'colcon_pkg'
[1.477s] Level 1:colcon.colcon_core.package_identification:_identify(src/depthai-ros/depthai_ros_driver) by extensions ['colcon_meta']
[1.477s] Level 1:colcon.colcon_core.package_identification:_identify(src/depthai-ros/depthai_ros_driver) by extension 'colcon_meta'
[1.477s] Level 1:colcon.colcon_core.package_identification:_identify(src/depthai-ros/depthai_ros_driver) by extensions ['ros']
[1.477s] Level 1:colcon.colcon_core.package_identification:_identify(src/depthai-ros/depthai_ros_driver) by extension 'ros'
[1.485s] DEBUG:colcon.colcon_core.package_identification:Package 'src/depthai-ros/depthai_ros_driver' with type 'ros.ament_cmake' and name 'depthai_ros_driver'
[1.485s] Level 1:colcon.colcon_core.package_identification:_identify(src/depthai-ros/depthai_ros_msgs) by extensions ['ignore', 'ignore_ament_install']
[1.486s] Level 1:colcon.colcon_core.package_identification:_identify(src/depthai-ros/depthai_ros_msgs) by extension 'ignore'
[1.486s] Level 1:colcon.colcon_core.package_identification:_identify(src/depthai-ros/depthai_ros_msgs) by extension 'ignore_ament_install'
[1.486s] Level 1:colcon.colcon_core.package_identification:_identify(src/depthai-ros/depthai_ros_msgs) by extensions ['colcon_pkg']
[1.486s] Level 1:colcon.colcon_core.package_identification:_identify(src/depthai-ros/depthai_ros_msgs) by extension 'colcon_pkg'
[1.486s] Level 1:colcon.colcon_core.package_identification:_identify(src/depthai-ros/depthai_ros_msgs) by extensions ['colcon_meta']
[1.487s] Level 1:colcon.colcon_core.package_identification:_identify(src/depthai-ros/depthai_ros_msgs) by extension 'colcon_meta'
[1.487s] Level 1:colcon.colcon_core.package_identification:_identify(src/depthai-ros/depthai_ros_msgs) by extensions ['ros']
[1.487s] Level 1:colcon.colcon_core.package_identification:_identify(src/depthai-ros/depthai_ros_msgs) by extension 'ros'
[1.491s] DEBUG:colcon.colcon_core.package_identification:Package 'src/depthai-ros/depthai_ros_msgs' with type 'ros.ament_cmake' and name 'depthai_ros_msgs'
[1.491s] Level 1:colcon.colcon_core.package_identification:_identify(src/depthai-ros/docs) by extensions ['ignore', 'ignore_ament_install']
[1.492s] Level 1:colcon.colcon_core.package_identification:_identify(src/depthai-ros/docs) by extension 'ignore'
[1.492s] Level 1:colcon.colcon_core.package_identification:_identify(src/depthai-ros/docs) by extension 'ignore_ament_install'
[1.492s] Level 1:colcon.colcon_core.package_identification:_identify(src/depthai-ros/docs) by extensions ['colcon_pkg']
[1.492s] Level 1:colcon.colcon_core.package_identification:_identify(src/depthai-ros/docs) by extension 'colcon_pkg'
[1.492s] Level 1:colcon.colcon_core.package_identification:_identify(src/depthai-ros/docs) by extensions ['colcon_meta']
[1.493s] Level 1:colcon.colcon_core.package_identification:_identify(src/depthai-ros/docs) by extension 'colcon_meta'
[1.493s] Level 1:colcon.colcon_core.package_identification:_identify(src/depthai-ros/docs) by extensions ['ros']
[1.493s] Level 1:colcon.colcon_core.package_identification:_identify(src/depthai-ros/docs) by extension 'ros'
[1.493s] Level 1:colcon.colcon_core.package_identification:_identify(src/depthai-ros/docs) by extensions ['cmake', 'python']
[1.493s] Level 1:colcon.colcon_core.package_identification:_identify(src/depthai-ros/docs) by extension 'cmake'
[1.494s] Level 1:colcon.colcon_core.package_identification:_identify(src/depthai-ros/docs) by extension 'python'
[1.494s] Level 1:colcon.colcon_core.package_identification:_identify(src/depthai-ros/docs) by extensions ['python_setup_py']
[1.494s] Level 1:colcon.colcon_core.package_identification:_identify(src/depthai-ros/docs) by extension 'python_setup_py'
[1.495s] Level 1:colcon.colcon_core.package_identification:_identify(src/slam_toolbox) by extensions ['ignore', 'ignore_ament_install']
[1.495s] Level 1:colcon.colcon_core.package_identification:_identify(src/slam_toolbox) by extension 'ignore'
[1.495s] Level 1:colcon.colcon_core.package_identification:_identify(src/slam_toolbox) by extension 'ignore_ament_install'
[1.495s] Level 1:colcon.colcon_core.package_identification:_identify(src/slam_toolbox) by extensions ['colcon_pkg']
[1.495s] Level 1:colcon.colcon_core.package_identification:_identify(src/slam_toolbox) by extension 'colcon_pkg'
[1.496s] Level 1:colcon.colcon_core.package_identification:_identify(src/slam_toolbox) by extensions ['colcon_meta']
[1.496s] Level 1:colcon.colcon_core.package_identification:_identify(src/slam_toolbox) by extension 'colcon_meta'
[1.496s] Level 1:colcon.colcon_core.package_identification:_identify(src/slam_toolbox) by extensions ['ros']
[1.496s] Level 1:colcon.colcon_core.package_identification:_identify(src/slam_toolbox) by extension 'ros'
[1.504s] DEBUG:colcon.colcon_core.package_identification:Package 'src/slam_toolbox' with type 'ros.ament_cmake' and name 'slam_toolbox'
[1.504s] Level 1:colcon.colcon_core.package_identification:_identify(src/vision_msgs) by extensions ['ignore', 'ignore_ament_install']
[1.505s] Level 1:colcon.colcon_core.package_identification:_identify(src/vision_msgs) by extension 'ignore'
[1.505s] Level 1:colcon.colcon_core.package_identification:_identify(src/vision_msgs) by extension 'ignore_ament_install'
[1.505s] Level 1:colcon.colcon_core.package_identification:_identify(src/vision_msgs) by extensions ['colcon_pkg']
[1.505s] Level 1:colcon.colcon_core.package_identification:_identify(src/vision_msgs) by extension 'colcon_pkg'
[1.506s] Level 1:colcon.colcon_core.package_identification:_identify(src/vision_msgs) by extensions ['colcon_meta']
[1.506s] Level 1:colcon.colcon_core.package_identification:_identify(src/vision_msgs) by extension 'colcon_meta'
[1.506s] Level 1:colcon.colcon_core.package_identification:_identify(src/vision_msgs) by extensions ['ros']
[1.506s] Level 1:colcon.colcon_core.package_identification:_identify(src/vision_msgs) by extension 'ros'
[1.506s] Level 1:colcon.colcon_core.package_identification:_identify(src/vision_msgs) by extensions ['cmake', 'python']
[1.507s] Level 1:colcon.colcon_core.package_identification:_identify(src/vision_msgs) by extension 'cmake'
[1.507s] Level 1:colcon.colcon_core.package_identification:_identify(src/vision_msgs) by extension 'python'
[1.507s] Level 1:colcon.colcon_core.package_identification:_identify(src/vision_msgs) by extensions ['python_setup_py']
[1.507s] Level 1:colcon.colcon_core.package_identification:_identify(src/vision_msgs) by extension 'python_setup_py'
[1.507s] Level 1:colcon.colcon_core.package_identification:_identify(src/vision_msgs/vision_msgs) by extensions ['ignore', 'ignore_ament_install']
[1.508s] Level 1:colcon.colcon_core.package_identification:_identify(src/vision_msgs/vision_msgs) by extension 'ignore'
[1.508s] Level 1:colcon.colcon_core.package_identification:_identify(src/vision_msgs/vision_msgs) by extension 'ignore_ament_install'
[1.508s] Level 1:colcon.colcon_core.package_identification:_identify(src/vision_msgs/vision_msgs) by extensions ['colcon_pkg']
[1.508s] Level 1:colcon.colcon_core.package_identification:_identify(src/vision_msgs/vision_msgs) by extension 'colcon_pkg'
[1.509s] Level 1:colcon.colcon_core.package_identification:_identify(src/vision_msgs/vision_msgs) by extensions ['colcon_meta']
[1.509s] Level 1:colcon.colcon_core.package_identification:_identify(src/vision_msgs/vision_msgs) by extension 'colcon_meta'
[1.509s] Level 1:colcon.colcon_core.package_identification:_identify(src/vision_msgs/vision_msgs) by extensions ['ros']
[1.509s] Level 1:colcon.colcon_core.package_identification:_identify(src/vision_msgs/vision_msgs) by extension 'ros'
[1.512s] DEBUG:colcon.colcon_core.package_identification:Package 'src/vision_msgs/vision_msgs' with type 'ros.ament_cmake' and name 'vision_msgs'
[1.512s] Level 1:colcon.colcon_core.package_identification:_identify(src/vision_msgs/vision_msgs_rviz_plugins) by extensions ['ignore', 'ignore_ament_install']
[1.512s] Level 1:colcon.colcon_core.package_identification:_identify(src/vision_msgs/vision_msgs_rviz_plugins) by extension 'ignore'
[1.513s] Level 1:colcon.colcon_core.package_identification:_identify(src/vision_msgs/vision_msgs_rviz_plugins) by extension 'ignore_ament_install'
[1.513s] Level 1:colcon.colcon_core.package_identification:_identify(src/vision_msgs/vision_msgs_rviz_plugins) by extensions ['colcon_pkg']
[1.513s] Level 1:colcon.colcon_core.package_identification:_identify(src/vision_msgs/vision_msgs_rviz_plugins) by extension 'colcon_pkg'
[1.513s] Level 1:colcon.colcon_core.package_identification:_identify(src/vision_msgs/vision_msgs_rviz_plugins) by extensions ['colcon_meta']
[1.513s] Level 1:colcon.colcon_core.package_identification:_identify(src/vision_msgs/vision_msgs_rviz_plugins) by extension 'colcon_meta'
[1.513s] Level 1:colcon.colcon_core.package_identification:_identify(src/vision_msgs/vision_msgs_rviz_plugins) by extensions ['ros']
[1.514s] Level 1:colcon.colcon_core.package_identification:_identify(src/vision_msgs/vision_msgs_rviz_plugins) by extension 'ros'
[1.519s] DEBUG:colcon.colcon_core.package_identification:Package 'src/vision_msgs/vision_msgs_rviz_plugins' with type 'ros.ament_cmake' and name 'vision_msgs_rviz_plugins'
[1.519s] Level 1:colcon.colcon_core.package_discovery:discover_packages(recursive) using defaults
[1.520s] Level 1:colcon.colcon_core.package_discovery:discover_packages(ignore) discover
[1.520s] Level 1:colcon.colcon_core.package_discovery:discover_packages(ignore) using defaults
[1.520s] Level 1:colcon.colcon_core.package_discovery:discover_packages(path) discover
[1.520s] Level 1:colcon.colcon_core.package_discovery:discover_packages(path) using defaults
[1.664s] Level 5:colcon.colcon_core.verb:set package 'angles' build argument 'cmake_args' from command line to 'None'
[1.664s] Level 5:colcon.colcon_core.verb:set package 'angles' build argument 'cmake_target' from command line to 'None'
[1.664s] Level 5:colcon.colcon_core.verb:set package 'angles' build argument 'cmake_target_skip_unavailable' from command line to 'False'
[1.664s] Level 5:colcon.colcon_core.verb:set package 'angles' build argument 'cmake_clean_cache' from command line to 'False'
[1.664s] Level 5:colcon.colcon_core.verb:set package 'angles' build argument 'cmake_clean_first' from command line to 'False'
[1.664s] Level 5:colcon.colcon_core.verb:set package 'angles' build argument 'cmake_force_configure' from command line to 'False'
[1.664s] Level 5:colcon.colcon_core.verb:set package 'angles' build argument 'ament_cmake_args' from command line to 'None'
[1.665s] Level 5:colcon.colcon_core.verb:set package 'angles' build argument 'catkin_cmake_args' from command line to 'None'
[1.665s] Level 5:colcon.colcon_core.verb:set package 'angles' build argument 'catkin_skip_building_tests' from command line to 'False'
[1.665s] DEBUG:colcon.colcon_core.verb:Building package 'angles' with the following arguments: {'ament_cmake_args': None, 'build_base': '/ros2_ws/build/angles', 'catkin_cmake_args': None, 'catkin_skip_building_tests': False, 'cmake_args': None, 'cmake_clean_cache': False, 'cmake_clean_first': False, 'cmake_force_configure': False, 'cmake_target': None, 'cmake_target_skip_unavailable': False, 'install_base': '/ros2_ws/install/angles', 'merge_install': False, 'path': '/ros2_ws/src/angles/angles', 'symlink_install': False, 'test_result_base': None}
[1.667s] Level 5:colcon.colcon_core.verb:set package 'depthai_descriptions' build argument 'cmake_args' from command line to 'None'
[1.667s] Level 5:colcon.colcon_core.verb:set package 'depthai_descriptions' build argument 'cmake_target' from command line to 'None'
[1.667s] Level 5:colcon.colcon_core.verb:set package 'depthai_descriptions' build argument 'cmake_target_skip_unavailable' from command line to 'False'
[1.667s] Level 5:colcon.colcon_core.verb:set package 'depthai_descriptions' build argument 'cmake_clean_cache' from command line to 'False'
[1.667s] Level 5:colcon.colcon_core.verb:set package 'depthai_descriptions' build argument 'cmake_clean_first' from command line to 'False'
[1.667s] Level 5:colcon.colcon_core.verb:set package 'depthai_descriptions' build argument 'cmake_force_configure' from command line to 'False'
[1.667s] Level 5:colcon.colcon_core.verb:set package 'depthai_descriptions' build argument 'ament_cmake_args' from command line to 'None'
[1.668s] Level 5:colcon.colcon_core.verb:set package 'depthai_descriptions' build argument 'catkin_cmake_args' from command line to 'None'
[1.668s] Level 5:colcon.colcon_core.verb:set package 'depthai_descriptions' build argument 'catkin_skip_building_tests' from command line to 'False'
[1.668s] DEBUG:colcon.colcon_core.verb:Building package 'depthai_descriptions' with the following arguments: {'ament_cmake_args': None, 'build_base': '/ros2_ws/build/depthai_descriptions', 'catkin_cmake_args': None, 'catkin_skip_building_tests': False, 'cmake_args': None, 'cmake_clean_cache': False, 'cmake_clean_first': False, 'cmake_force_configure': False, 'cmake_target': None, 'cmake_target_skip_unavailable': False, 'install_base': '/ros2_ws/install/depthai_descriptions', 'merge_install': False, 'path': '/ros2_ws/src/depthai-ros/depthai_descriptions', 'symlink_install': False, 'test_result_base': None}
[1.669s] Level 5:colcon.colcon_core.verb:set package 'rosapi_msgs' build argument 'cmake_args' from command line to 'None'
[1.670s] Level 5:colcon.colcon_core.verb:set package 'rosapi_msgs' build argument 'cmake_target' from command line to 'None'
[1.670s] Level 5:colcon.colcon_core.verb:set package 'rosapi_msgs' build argument 'cmake_target_skip_unavailable' from command line to 'False'
[1.670s] Level 5:colcon.colcon_core.verb:set package 'rosapi_msgs' build argument 'cmake_clean_cache' from command line to 'False'
[1.670s] Level 5:colcon.colcon_core.verb:set package 'rosapi_msgs' build argument 'cmake_clean_first' from command line to 'False'
[1.670s] Level 5:colcon.colcon_core.verb:set package 'rosapi_msgs' build argument 'cmake_force_configure' from command line to 'False'
[1.670s] Level 5:colcon.colcon_core.verb:set package 'rosapi_msgs' build argument 'ament_cmake_args' from command line to 'None'
[1.670s] Level 5:colcon.colcon_core.verb:set package 'rosapi_msgs' build argument 'catkin_cmake_args' from command line to 'None'
[1.670s] Level 5:colcon.colcon_core.verb:set package 'rosapi_msgs' build argument 'catkin_skip_building_tests' from command line to 'False'
[1.671s] DEBUG:colcon.colcon_core.verb:Building package 'rosapi_msgs' with the following arguments: {'ament_cmake_args': None, 'build_base': '/ros2_ws/build/rosapi_msgs', 'catkin_cmake_args': None, 'catkin_skip_building_tests': False, 'cmake_args': None, 'cmake_clean_cache': False, 'cmake_clean_first': False, 'cmake_force_configure': False, 'cmake_target': None, 'cmake_target_skip_unavailable': False, 'install_base': '/ros2_ws/install/rosapi_msgs', 'merge_install': False, 'path': '/ros2_ws/rosapi_msgs', 'symlink_install': False, 'test_result_base': None}
[1.672s] Level 5:colcon.colcon_core.verb:set package 'rosbridge_msgs' build argument 'cmake_args' from command line to 'None'
[1.672s] Level 5:colcon.colcon_core.verb:set package 'rosbridge_msgs' build argument 'cmake_target' from command line to 'None'
[1.672s] Level 5:colcon.colcon_core.verb:set package 'rosbridge_msgs' build argument 'cmake_target_skip_unavailable' from command line to 'False'
[1.673s] Level 5:colcon.colcon_core.verb:set package 'rosbridge_msgs' build argument 'cmake_clean_cache' from command line to 'False'
[1.673s] Level 5:colcon.colcon_core.verb:set package 'rosbridge_msgs' build argument 'cmake_clean_first' from command line to 'False'
[1.673s] Level 5:colcon.colcon_core.verb:set package 'rosbridge_msgs' build argument 'cmake_force_configure' from command line to 'False'
[1.673s] Level 5:colcon.colcon_core.verb:set package 'rosbridge_msgs' build argument 'ament_cmake_args' from command line to 'None'
[1.673s] Level 5:colcon.colcon_core.verb:set package 'rosbridge_msgs' build argument 'catkin_cmake_args' from command line to 'None'
[1.673s] Level 5:colcon.colcon_core.verb:set package 'rosbridge_msgs' build argument 'catkin_skip_building_tests' from command line to 'False'
[1.673s] DEBUG:colcon.colcon_core.verb:Building package 'rosbridge_msgs' with the following arguments: {'ament_cmake_args': None, 'build_base': '/ros2_ws/build/rosbridge_msgs', 'catkin_cmake_args': None, 'catkin_skip_building_tests': False, 'cmake_args': None, 'cmake_clean_cache': False, 'cmake_clean_first': False, 'cmake_force_configure': False, 'cmake_target': None, 'cmake_target_skip_unavailable': False, 'install_base': '/ros2_ws/install/rosbridge_msgs', 'merge_install': False, 'path': '/ros2_ws/rosbridge_msgs', 'symlink_install': False, 'test_result_base': None}
[1.675s] Level 5:colcon.colcon_core.verb:set package 'std_msgs' build argument 'cmake_args' from command line to 'None'
[1.675s] Level 5:colcon.colcon_core.verb:set package 'std_msgs' build argument 'cmake_target' from command line to 'None'
[1.675s] Level 5:colcon.colcon_core.verb:set package 'std_msgs' build argument 'cmake_target_skip_unavailable' from command line to 'False'
[1.675s] Level 5:colcon.colcon_core.verb:set package 'std_msgs' build argument 'cmake_clean_cache' from command line to 'False'
[1.675s] Level 5:colcon.colcon_core.verb:set package 'std_msgs' build argument 'cmake_clean_first' from command line to 'False'
[1.675s] Level 5:colcon.colcon_core.verb:set package 'std_msgs' build argument 'cmake_force_configure' from command line to 'False'
[1.676s] Level 5:colcon.colcon_core.verb:set package 'std_msgs' build argument 'ament_cmake_args' from command line to 'None'
[1.676s] Level 5:colcon.colcon_core.verb:set package 'std_msgs' build argument 'catkin_cmake_args' from command line to 'None'
[1.676s] Level 5:colcon.colcon_core.verb:set package 'std_msgs' build argument 'catkin_skip_building_tests' from command line to 'False'
[1.676s] DEBUG:colcon.colcon_core.verb:Building package 'std_msgs' with the following arguments: {'ament_cmake_args': None, 'build_base': '/ros2_ws/build/std_msgs', 'catkin_cmake_args': None, 'catkin_skip_building_tests': False, 'cmake_args': None, 'cmake_clean_cache': False, 'cmake_clean_first': False, 'cmake_force_configure': False, 'cmake_target': None, 'cmake_target_skip_unavailable': False, 'install_base': '/ros2_ws/install/std_msgs', 'merge_install': False, 'path': '/ros2_ws/src/common_interfaces/std_msgs', 'symlink_install': False, 'test_result_base': None}
[1.678s] Level 5:colcon.colcon_core.verb:set package 'std_srvs' build argument 'cmake_args' from command line to 'None'
[1.678s] Level 5:colcon.colcon_core.verb:set package 'std_srvs' build argument 'cmake_target' from command line to 'None'
[1.678s] Level 5:colcon.colcon_core.verb:set package 'std_srvs' build argument 'cmake_target_skip_unavailable' from command line to 'False'
[1.678s] Level 5:colcon.colcon_core.verb:set package 'std_srvs' build argument 'cmake_clean_cache' from command line to 'False'
[1.678s] Level 5:colcon.colcon_core.verb:set package 'std_srvs' build argument 'cmake_clean_first' from command line to 'False'
[1.678s] Level 5:colcon.colcon_core.verb:set package 'std_srvs' build argument 'cmake_force_configure' from command line to 'False'
[1.678s] Level 5:colcon.colcon_core.verb:set package 'std_srvs' build argument 'ament_cmake_args' from command line to 'None'
[1.678s] Level 5:colcon.colcon_core.verb:set package 'std_srvs' build argument 'catkin_cmake_args' from command line to 'None'
[1.679s] Level 5:colcon.colcon_core.verb:set package 'std_srvs' build argument 'catkin_skip_building_tests' from command line to 'False'
[1.679s] DEBUG:colcon.colcon_core.verb:Building package 'std_srvs' with the following arguments: {'ament_cmake_args': None, 'build_base': '/ros2_ws/build/std_srvs', 'catkin_cmake_args': None, 'catkin_skip_building_tests': False, 'cmake_args': None, 'cmake_clean_cache': False, 'cmake_clean_first': False, 'cmake_force_configure': False, 'cmake_target': None, 'cmake_target_skip_unavailable': False, 'install_base': '/ros2_ws/install/std_srvs', 'merge_install': False, 'path': '/ros2_ws/src/common_interfaces/std_srvs', 'symlink_install': False, 'test_result_base': None}
[1.680s] Level 5:colcon.colcon_core.verb:set package 'actionlib_msgs' build argument 'cmake_args' from command line to 'None'
[1.680s] Level 5:colcon.colcon_core.verb:set package 'actionlib_msgs' build argument 'cmake_target' from command line to 'None'
[1.680s] Level 5:colcon.colcon_core.verb:set package 'actionlib_msgs' build argument 'cmake_target_skip_unavailable' from command line to 'False'
[1.681s] Level 5:colcon.colcon_core.verb:set package 'actionlib_msgs' build argument 'cmake_clean_cache' from command line to 'False'
[1.681s] Level 5:colcon.colcon_core.verb:set package 'actionlib_msgs' build argument 'cmake_clean_first' from command line to 'False'
[1.681s] Level 5:colcon.colcon_core.verb:set package 'actionlib_msgs' build argument 'cmake_force_configure' from command line to 'False'
[1.681s] Level 5:colcon.colcon_core.verb:set package 'actionlib_msgs' build argument 'ament_cmake_args' from command line to 'None'
[1.681s] Level 5:colcon.colcon_core.verb:set package 'actionlib_msgs' build argument 'catkin_cmake_args' from command line to 'None'
[1.681s] Level 5:colcon.colcon_core.verb:set package 'actionlib_msgs' build argument 'catkin_skip_building_tests' from command line to 'False'
[1.681s] DEBUG:colcon.colcon_core.verb:Building package 'actionlib_msgs' with the following arguments: {'ament_cmake_args': None, 'build_base': '/ros2_ws/build/actionlib_msgs', 'catkin_cmake_args': None, 'catkin_skip_building_tests': False, 'cmake_args': None, 'cmake_clean_cache': False, 'cmake_clean_first': False, 'cmake_force_configure': False, 'cmake_target': None, 'cmake_target_skip_unavailable': False, 'install_base': '/ros2_ws/install/actionlib_msgs', 'merge_install': False, 'path': '/ros2_ws/src/common_interfaces/actionlib_msgs', 'symlink_install': False, 'test_result_base': None}
[1.683s] Level 5:colcon.colcon_core.verb:set package 'geometry_msgs' build argument 'cmake_args' from command line to 'None'
[1.683s] Level 5:colcon.colcon_core.verb:set package 'geometry_msgs' build argument 'cmake_target' from command line to 'None'
[1.683s] Level 5:colcon.colcon_core.verb:set package 'geometry_msgs' build argument 'cmake_target_skip_unavailable' from command line to 'False'
[1.683s] Level 5:colcon.colcon_core.verb:set package 'geometry_msgs' build argument 'cmake_clean_cache' from command line to 'False'
[1.683s] Level 5:colcon.colcon_core.verb:set package 'geometry_msgs' build argument 'cmake_clean_first' from command line to 'False'
[1.684s] Level 5:colcon.colcon_core.verb:set package 'geometry_msgs' build argument 'cmake_force_configure' from command line to 'False'
[1.684s] Level 5:colcon.colcon_core.verb:set package 'geometry_msgs' build argument 'ament_cmake_args' from command line to 'None'
[1.684s] Level 5:colcon.colcon_core.verb:set package 'geometry_msgs' build argument 'catkin_cmake_args' from command line to 'None'
[1.684s] Level 5:colcon.colcon_core.verb:set package 'geometry_msgs' build argument 'catkin_skip_building_tests' from command line to 'False'
[1.684s] DEBUG:colcon.colcon_core.verb:Building package 'geometry_msgs' with the following arguments: {'ament_cmake_args': None, 'build_base': '/ros2_ws/build/geometry_msgs', 'catkin_cmake_args': None, 'catkin_skip_building_tests': False, 'cmake_args': None, 'cmake_clean_cache': False, 'cmake_clean_first': False, 'cmake_force_configure': False, 'cmake_target': None, 'cmake_target_skip_unavailable': False, 'install_base': '/ros2_ws/install/geometry_msgs', 'merge_install': False, 'path': '/ros2_ws/src/common_interfaces/geometry_msgs', 'symlink_install': False, 'test_result_base': None}
[1.686s] Level 5:colcon.colcon_core.verb:set package 'diagnostic_msgs' build argument 'cmake_args' from command line to 'None'
[1.686s] Level 5:colcon.colcon_core.verb:set package 'diagnostic_msgs' build argument 'cmake_target' from command line to 'None'
[1.686s] Level 5:colcon.colcon_core.verb:set package 'diagnostic_msgs' build argument 'cmake_target_skip_unavailable' from command line to 'False'
[1.686s] Level 5:colcon.colcon_core.verb:set package 'diagnostic_msgs' build argument 'cmake_clean_cache' from command line to 'False'
[1.686s] Level 5:colcon.colcon_core.verb:set package 'diagnostic_msgs' build argument 'cmake_clean_first' from command line to 'False'
[1.686s] Level 5:colcon.colcon_core.verb:set package 'diagnostic_msgs' build argument 'cmake_force_configure' from command line to 'False'
[1.686s] Level 5:colcon.colcon_core.verb:set package 'diagnostic_msgs' build argument 'ament_cmake_args' from command line to 'None'
[1.687s] Level 5:colcon.colcon_core.verb:set package 'diagnostic_msgs' build argument 'catkin_cmake_args' from command line to 'None'
[1.687s] Level 5:colcon.colcon_core.verb:set package 'diagnostic_msgs' build argument 'catkin_skip_building_tests' from command line to 'False'
[1.687s] DEBUG:colcon.colcon_core.verb:Building package 'diagnostic_msgs' with the following arguments: {'ament_cmake_args': None, 'build_base': '/ros2_ws/build/diagnostic_msgs', 'catkin_cmake_args': None, 'catkin_skip_building_tests': False, 'cmake_args': None, 'cmake_clean_cache': False, 'cmake_clean_first': False, 'cmake_force_configure': False, 'cmake_target': None, 'cmake_target_skip_unavailable': False, 'install_base': '/ros2_ws/install/diagnostic_msgs', 'merge_install': False, 'path': '/ros2_ws/src/common_interfaces/diagnostic_msgs', 'symlink_install': False, 'test_result_base': None}
[1.688s] Level 5:colcon.colcon_core.verb:set package 'nav_msgs' build argument 'cmake_args' from command line to 'None'
[1.688s] Level 5:colcon.colcon_core.verb:set package 'nav_msgs' build argument 'cmake_target' from command line to 'None'
[1.689s] Level 5:colcon.colcon_core.verb:set package 'nav_msgs' build argument 'cmake_target_skip_unavailable' from command line to 'False'
[1.689s] Level 5:colcon.colcon_core.verb:set package 'nav_msgs' build argument 'cmake_clean_cache' from command line to 'False'
[1.689s] Level 5:colcon.colcon_core.verb:set package 'nav_msgs' build argument 'cmake_clean_first' from command line to 'False'
[1.689s] Level 5:colcon.colcon_core.verb:set package 'nav_msgs' build argument 'cmake_force_configure' from command line to 'False'
[1.689s] Level 5:colcon.colcon_core.verb:set package 'nav_msgs' build argument 'ament_cmake_args' from command line to 'None'
[1.689s] Level 5:colcon.colcon_core.verb:set package 'nav_msgs' build argument 'catkin_cmake_args' from command line to 'None'
[1.689s] Level 5:colcon.colcon_core.verb:set package 'nav_msgs' build argument 'catkin_skip_building_tests' from command line to 'False'
[1.689s] DEBUG:colcon.colcon_core.verb:Building package 'nav_msgs' with the following arguments: {'ament_cmake_args': None, 'build_base': '/ros2_ws/build/nav_msgs', 'catkin_cmake_args': None, 'catkin_skip_building_tests': False, 'cmake_args': None, 'cmake_clean_cache': False, 'cmake_clean_first': False, 'cmake_force_configure': False, 'cmake_target': None, 'cmake_target_skip_unavailable': False, 'install_base': '/ros2_ws/install/nav_msgs', 'merge_install': False, 'path': '/ros2_ws/src/common_interfaces/nav_msgs', 'symlink_install': False, 'test_result_base': None}
[1.691s] Level 5:colcon.colcon_core.verb:set package 'sensor_msgs' build argument 'cmake_args' from command line to 'None'
[1.691s] Level 5:colcon.colcon_core.verb:set package 'sensor_msgs' build argument 'cmake_target' from command line to 'None'
[1.691s] Level 5:colcon.colcon_core.verb:set package 'sensor_msgs' build argument 'cmake_target_skip_unavailable' from command line to 'False'
[1.691s] Level 5:colcon.colcon_core.verb:set package 'sensor_msgs' build argument 'cmake_clean_cache' from command line to 'False'
[1.692s] Level 5:colcon.colcon_core.verb:set package 'sensor_msgs' build argument 'cmake_clean_first' from command line to 'False'
[1.692s] Level 5:colcon.colcon_core.verb:set package 'sensor_msgs' build argument 'cmake_force_configure' from command line to 'False'
[1.692s] Level 5:colcon.colcon_core.verb:set package 'sensor_msgs' build argument 'ament_cmake_args' from command line to 'None'
[1.692s] Level 5:colcon.colcon_core.verb:set package 'sensor_msgs' build argument 'catkin_cmake_args' from command line to 'None'
[1.692s] Level 5:colcon.colcon_core.verb:set package 'sensor_msgs' build argument 'catkin_skip_building_tests' from command line to 'False'
[1.692s] DEBUG:colcon.colcon_core.verb:Building package 'sensor_msgs' with the following arguments: {'ament_cmake_args': None, 'build_base': '/ros2_ws/build/sensor_msgs', 'catkin_cmake_args': None, 'catkin_skip_building_tests': False, 'cmake_args': None, 'cmake_clean_cache': False, 'cmake_clean_first': False, 'cmake_force_configure': False, 'cmake_target': None, 'cmake_target_skip_unavailable': False, 'install_base': '/ros2_ws/install/sensor_msgs', 'merge_install': False, 'path': '/ros2_ws/src/common_interfaces/sensor_msgs', 'symlink_install': False, 'test_result_base': None}
[1.694s] Level 5:colcon.colcon_core.verb:set package 'shape_msgs' build argument 'cmake_args' from command line to 'None'
[1.694s] Level 5:colcon.colcon_core.verb:set package 'shape_msgs' build argument 'cmake_target' from command line to 'None'
[1.694s] Level 5:colcon.colcon_core.verb:set package 'shape_msgs' build argument 'cmake_target_skip_unavailable' from command line to 'False'
[1.694s] Level 5:colcon.colcon_core.verb:set package 'shape_msgs' build argument 'cmake_clean_cache' from command line to 'False'
[1.694s] Level 5:colcon.colcon_core.verb:set package 'shape_msgs' build argument 'cmake_clean_first' from command line to 'False'
[1.694s] Level 5:colcon.colcon_core.verb:set package 'shape_msgs' build argument 'cmake_force_configure' from command line to 'False'
[1.695s] Level 5:colcon.colcon_core.verb:set package 'shape_msgs' build argument 'ament_cmake_args' from command line to 'None'
[1.695s] Level 5:colcon.colcon_core.verb:set package 'shape_msgs' build argument 'catkin_cmake_args' from command line to 'None'
[1.695s] Level 5:colcon.colcon_core.verb:set package 'shape_msgs' build argument 'catkin_skip_building_tests' from command line to 'False'
[1.695s] DEBUG:colcon.colcon_core.verb:Building package 'shape_msgs' with the following arguments: {'ament_cmake_args': None, 'build_base': '/ros2_ws/build/shape_msgs', 'catkin_cmake_args': None, 'catkin_skip_building_tests': False, 'cmake_args': None, 'cmake_clean_cache': False, 'cmake_clean_first': False, 'cmake_force_configure': False, 'cmake_target': None, 'cmake_target_skip_unavailable': False, 'install_base': '/ros2_ws/install/shape_msgs', 'merge_install': False, 'path': '/ros2_ws/src/common_interfaces/shape_msgs', 'symlink_install': False, 'test_result_base': None}
[1.696s] Level 5:colcon.colcon_core.verb:set package 'trajectory_msgs' build argument 'cmake_args' from command line to 'None'
[1.697s] Level 5:colcon.colcon_core.verb:set package 'trajectory_msgs' build argument 'cmake_target' from command line to 'None'
[1.697s] Level 5:colcon.colcon_core.verb:set package 'trajectory_msgs' build argument 'cmake_target_skip_unavailable' from command line to 'False'
[1.697s] Level 5:colcon.colcon_core.verb:set package 'trajectory_msgs' build argument 'cmake_clean_cache' from command line to 'False'
[1.697s] Level 5:colcon.colcon_core.verb:set package 'trajectory_msgs' build argument 'cmake_clean_first' from command line to 'False'
[1.697s] Level 5:colcon.colcon_core.verb:set package 'trajectory_msgs' build argument 'cmake_force_configure' from command line to 'False'
[1.697s] Level 5:colcon.colcon_core.verb:set package 'trajectory_msgs' build argument 'ament_cmake_args' from command line to 'None'
[1.697s] Level 5:colcon.colcon_core.verb:set package 'trajectory_msgs' build argument 'catkin_cmake_args' from command line to 'None'
[1.697s] Level 5:colcon.colcon_core.verb:set package 'trajectory_msgs' build argument 'catkin_skip_building_tests' from command line to 'False'
[1.698s] DEBUG:colcon.colcon_core.verb:Building package 'trajectory_msgs' with the following arguments: {'ament_cmake_args': None, 'build_base': '/ros2_ws/build/trajectory_msgs', 'catkin_cmake_args': None, 'catkin_skip_building_tests': False, 'cmake_args': None, 'cmake_clean_cache': False, 'cmake_clean_first': False, 'cmake_force_configure': False, 'cmake_target': None, 'cmake_target_skip_unavailable': False, 'install_base': '/ros2_ws/install/trajectory_msgs', 'merge_install': False, 'path': '/ros2_ws/src/common_interfaces/trajectory_msgs', 'symlink_install': False, 'test_result_base': None}
[1.699s] Level 5:colcon.colcon_core.verb:set package 'visualization_msgs' build argument 'cmake_args' from command line to 'None'
[1.699s] Level 5:colcon.colcon_core.verb:set package 'visualization_msgs' build argument 'cmake_target' from command line to 'None'
[1.699s] Level 5:colcon.colcon_core.verb:set package 'visualization_msgs' build argument 'cmake_target_skip_unavailable' from command line to 'False'
[1.700s] Level 5:colcon.colcon_core.verb:set package 'visualization_msgs' build argument 'cmake_clean_cache' from command line to 'False'
[1.700s] Level 5:colcon.colcon_core.verb:set package 'visualization_msgs' build argument 'cmake_clean_first' from command line to 'False'
[1.700s] Level 5:colcon.colcon_core.verb:set package 'visualization_msgs' build argument 'cmake_force_configure' from command line to 'False'
[1.700s] Level 5:colcon.colcon_core.verb:set package 'visualization_msgs' build argument 'ament_cmake_args' from command line to 'None'
[1.700s] Level 5:colcon.colcon_core.verb:set package 'visualization_msgs' build argument 'catkin_cmake_args' from command line to 'None'
[1.700s] Level 5:colcon.colcon_core.verb:set package 'visualization_msgs' build argument 'catkin_skip_building_tests' from command line to 'False'
[1.700s] DEBUG:colcon.colcon_core.verb:Building package 'visualization_msgs' with the following arguments: {'ament_cmake_args': None, 'build_base': '/ros2_ws/build/visualization_msgs', 'catkin_cmake_args': None, 'catkin_skip_building_tests': False, 'cmake_args': None, 'cmake_clean_cache': False, 'cmake_clean_first': False, 'cmake_force_configure': False, 'cmake_target': None, 'cmake_target_skip_unavailable': False, 'install_base': '/ros2_ws/install/visualization_msgs', 'merge_install': False, 'path': '/ros2_ws/src/common_interfaces/visualization_msgs', 'symlink_install': False, 'test_result_base': None}
[1.702s] Level 5:colcon.colcon_core.verb:set package 'sensor_msgs_py' build argument 'cmake_args' from command line to 'None'
[1.702s] Level 5:colcon.colcon_core.verb:set package 'sensor_msgs_py' build argument 'cmake_target' from command line to 'None'
[1.702s] Level 5:colcon.colcon_core.verb:set package 'sensor_msgs_py' build argument 'cmake_target_skip_unavailable' from command line to 'False'
[1.702s] Level 5:colcon.colcon_core.verb:set package 'sensor_msgs_py' build argument 'cmake_clean_cache' from command line to 'False'
[1.702s] Level 5:colcon.colcon_core.verb:set package 'sensor_msgs_py' build argument 'cmake_clean_first' from command line to 'False'
[1.702s] Level 5:colcon.colcon_core.verb:set package 'sensor_msgs_py' build argument 'cmake_force_configure' from command line to 'False'
[1.703s] Level 5:colcon.colcon_core.verb:set package 'sensor_msgs_py' build argument 'ament_cmake_args' from command line to 'None'
[1.703s] Level 5:colcon.colcon_core.verb:set package 'sensor_msgs_py' build argument 'catkin_cmake_args' from command line to 'None'
[1.703s] Level 5:colcon.colcon_core.verb:set package 'sensor_msgs_py' build argument 'catkin_skip_building_tests' from command line to 'False'
[1.703s] DEBUG:colcon.colcon_core.verb:Building package 'sensor_msgs_py' with the following arguments: {'ament_cmake_args': None, 'build_base': '/ros2_ws/build/sensor_msgs_py', 'catkin_cmake_args': None, 'catkin_skip_building_tests': False, 'cmake_args': None, 'cmake_clean_cache': False, 'cmake_clean_first': False, 'cmake_force_configure': False, 'cmake_target': None, 'cmake_target_skip_unavailable': False, 'install_base': '/ros2_ws/install/sensor_msgs_py', 'merge_install': False, 'path': '/ros2_ws/src/common_interfaces/sensor_msgs_py', 'symlink_install': False, 'test_result_base': None}
[1.705s] Level 5:colcon.colcon_core.verb:set package 'slam_toolbox' build argument 'cmake_args' from command line to 'None'
[1.705s] Level 5:colcon.colcon_core.verb:set package 'slam_toolbox' build argument 'cmake_target' from command line to 'None'
[1.705s] Level 5:colcon.colcon_core.verb:set package 'slam_toolbox' build argument 'cmake_target_skip_unavailable' from command line to 'False'
[1.705s] Level 5:colcon.colcon_core.verb:set package 'slam_toolbox' build argument 'cmake_clean_cache' from command line to 'False'
[1.705s] Level 5:colcon.colcon_core.verb:set package 'slam_toolbox' build argument 'cmake_clean_first' from command line to 'False'
[1.705s] Level 5:colcon.colcon_core.verb:set package 'slam_toolbox' build argument 'cmake_force_configure' from command line to 'False'
[1.706s] Level 5:colcon.colcon_core.verb:set package 'slam_toolbox' build argument 'ament_cmake_args' from command line to 'None'
[1.706s] Level 5:colcon.colcon_core.verb:set package 'slam_toolbox' build argument 'catkin_cmake_args' from command line to 'None'
[1.706s] Level 5:colcon.colcon_core.verb:set package 'slam_toolbox' build argument 'catkin_skip_building_tests' from command line to 'False'
[1.706s] DEBUG:colcon.colcon_core.verb:Building package 'slam_toolbox' with the following arguments: {'ament_cmake_args': None, 'build_base': '/ros2_ws/build/slam_toolbox', 'catkin_cmake_args': None, 'catkin_skip_building_tests': False, 'cmake_args': None, 'cmake_clean_cache': False, 'cmake_clean_first': False, 'cmake_force_configure': False, 'cmake_target': None, 'cmake_target_skip_unavailable': False, 'install_base': '/ros2_ws/install/slam_toolbox', 'merge_install': False, 'path': '/ros2_ws/src/slam_toolbox', 'symlink_install': False, 'test_result_base': None}
[1.708s] Level 5:colcon.colcon_core.verb:set package 'sllidar_ros2' build argument 'cmake_args' from command line to 'None'
[1.708s] Level 5:colcon.colcon_core.verb:set package 'sllidar_ros2' build argument 'cmake_target' from command line to 'None'
[1.708s] Level 5:colcon.colcon_core.verb:set package 'sllidar_ros2' build argument 'cmake_target_skip_unavailable' from command line to 'False'
[1.708s] Level 5:colcon.colcon_core.verb:set package 'sllidar_ros2' build argument 'cmake_clean_cache' from command line to 'False'
[1.708s] Level 5:colcon.colcon_core.verb:set package 'sllidar_ros2' build argument 'cmake_clean_first' from command line to 'False'
[1.708s] Level 5:colcon.colcon_core.verb:set package 'sllidar_ros2' build argument 'cmake_force_configure' from command line to 'False'
[1.708s] Level 5:colcon.colcon_core.verb:set package 'sllidar_ros2' build argument 'ament_cmake_args' from command line to 'None'
[1.708s] Level 5:colcon.colcon_core.verb:set package 'sllidar_ros2' build argument 'catkin_cmake_args' from command line to 'None'
[1.709s] Level 5:colcon.colcon_core.verb:set package 'sllidar_ros2' build argument 'catkin_skip_building_tests' from command line to 'False'
[1.709s] DEBUG:colcon.colcon_core.verb:Building package 'sllidar_ros2' with the following arguments: {'ament_cmake_args': None, 'build_base': '/ros2_ws/build/sllidar_ros2', 'catkin_cmake_args': None, 'catkin_skip_building_tests': False, 'cmake_args': None, 'cmake_clean_cache': False, 'cmake_clean_first': False, 'cmake_force_configure': False, 'cmake_target': None, 'cmake_target_skip_unavailable': False, 'install_base': '/ros2_ws/install/sllidar_ros2', 'merge_install': False, 'path': '/ros2_ws/sllidar_ros2', 'symlink_install': False, 'test_result_base': None}
[1.710s] Level 5:colcon.colcon_core.verb:set package 'stereo_msgs' build argument 'cmake_args' from command line to 'None'
[1.710s] Level 5:colcon.colcon_core.verb:set package 'stereo_msgs' build argument 'cmake_target' from command line to 'None'
[1.711s] Level 5:colcon.colcon_core.verb:set package 'stereo_msgs' build argument 'cmake_target_skip_unavailable' from command line to 'False'
[1.711s] Level 5:colcon.colcon_core.verb:set package 'stereo_msgs' build argument 'cmake_clean_cache' from command line to 'False'
[1.711s] Level 5:colcon.colcon_core.verb:set package 'stereo_msgs' build argument 'cmake_clean_first' from command line to 'False'
[1.711s] Level 5:colcon.colcon_core.verb:set package 'stereo_msgs' build argument 'cmake_force_configure' from command line to 'False'
[1.711s] Level 5:colcon.colcon_core.verb:set package 'stereo_msgs' build argument 'ament_cmake_args' from command line to 'None'
[1.711s] Level 5:colcon.colcon_core.verb:set package 'stereo_msgs' build argument 'catkin_cmake_args' from command line to 'None'
[1.711s] Level 5:colcon.colcon_core.verb:set package 'stereo_msgs' build argument 'catkin_skip_building_tests' from command line to 'False'
[1.711s] DEBUG:colcon.colcon_core.verb:Building package 'stereo_msgs' with the following arguments: {'ament_cmake_args': None, 'build_base': '/ros2_ws/build/stereo_msgs', 'catkin_cmake_args': None, 'catkin_skip_building_tests': False, 'cmake_args': None, 'cmake_clean_cache': False, 'cmake_clean_first': False, 'cmake_force_configure': False, 'cmake_target': None, 'cmake_target_skip_unavailable': False, 'install_base': '/ros2_ws/install/stereo_msgs', 'merge_install': False, 'path': '/ros2_ws/src/common_interfaces/stereo_msgs', 'symlink_install': False, 'test_result_base': None}
[1.713s] Level 5:colcon.colcon_core.verb:set package 'vision_msgs' build argument 'cmake_args' from command line to 'None'
[1.713s] Level 5:colcon.colcon_core.verb:set package 'vision_msgs' build argument 'cmake_target' from command line to 'None'
[1.713s] Level 5:colcon.colcon_core.verb:set package 'vision_msgs' build argument 'cmake_target_skip_unavailable' from command line to 'False'
[1.713s] Level 5:colcon.colcon_core.verb:set package 'vision_msgs' build argument 'cmake_clean_cache' from command line to 'False'
[1.713s] Level 5:colcon.colcon_core.verb:set package 'vision_msgs' build argument 'cmake_clean_first' from command line to 'False'
[1.714s] Level 5:colcon.colcon_core.verb:set package 'vision_msgs' build argument 'cmake_force_configure' from command line to 'False'
[1.714s] Level 5:colcon.colcon_core.verb:set package 'vision_msgs' build argument 'ament_cmake_args' from command line to 'None'
[1.714s] Level 5:colcon.colcon_core.verb:set package 'vision_msgs' build argument 'catkin_cmake_args' from command line to 'None'
[1.714s] Level 5:colcon.colcon_core.verb:set package 'vision_msgs' build argument 'catkin_skip_building_tests' from command line to 'False'
[1.714s] DEBUG:colcon.colcon_core.verb:Building package 'vision_msgs' with the following arguments: {'ament_cmake_args': None, 'build_base': '/ros2_ws/build/vision_msgs', 'catkin_cmake_args': None, 'catkin_skip_building_tests': False, 'cmake_args': None, 'cmake_clean_cache': False, 'cmake_clean_first': False, 'cmake_force_configure': False, 'cmake_target': None, 'cmake_target_skip_unavailable': False, 'install_base': '/ros2_ws/install/vision_msgs', 'merge_install': False, 'path': '/ros2_ws/src/vision_msgs/vision_msgs', 'symlink_install': False, 'test_result_base': None}
[1.716s] Level 5:colcon.colcon_core.verb:set package 'common_interfaces' build argument 'cmake_args' from command line to 'None'
[1.716s] Level 5:colcon.colcon_core.verb:set package 'common_interfaces' build argument 'cmake_target' from command line to 'None'
[1.716s] Level 5:colcon.colcon_core.verb:set package 'common_interfaces' build argument 'cmake_target_skip_unavailable' from command line to 'False'
[1.716s] Level 5:colcon.colcon_core.verb:set package 'common_interfaces' build argument 'cmake_clean_cache' from command line to 'False'
[1.716s] Level 5:colcon.colcon_core.verb:set package 'common_interfaces' build argument 'cmake_clean_first' from command line to 'False'
[1.716s] Level 5:colcon.colcon_core.verb:set package 'common_interfaces' build argument 'cmake_force_configure' from command line to 'False'
[1.716s] Level 5:colcon.colcon_core.verb:set package 'common_interfaces' build argument 'ament_cmake_args' from command line to 'None'
[1.717s] Level 5:colcon.colcon_core.verb:set package 'common_interfaces' build argument 'catkin_cmake_args' from command line to 'None'
[1.717s] Level 5:colcon.colcon_core.verb:set package 'common_interfaces' build argument 'catkin_skip_building_tests' from command line to 'False'
[1.717s] DEBUG:colcon.colcon_core.verb:Building package 'common_interfaces' with the following arguments: {'ament_cmake_args': None, 'build_base': '/ros2_ws/build/common_interfaces', 'catkin_cmake_args': None, 'catkin_skip_building_tests': False, 'cmake_args': None, 'cmake_clean_cache': False, 'cmake_clean_first': False, 'cmake_force_configure': False, 'cmake_target': None, 'cmake_target_skip_unavailable': False, 'install_base': '/ros2_ws/install/common_interfaces', 'merge_install': False, 'path': '/ros2_ws/src/common_interfaces/common_interfaces', 'symlink_install': False, 'test_result_base': None}
[1.718s] Level 5:colcon.colcon_core.verb:set package 'depthai_filters' build argument 'cmake_args' from command line to 'None'
[1.719s] Level 5:colcon.colcon_core.verb:set package 'depthai_filters' build argument 'cmake_target' from command line to 'None'
[1.719s] Level 5:colcon.colcon_core.verb:set package 'depthai_filters' build argument 'cmake_target_skip_unavailable' from command line to 'False'
[1.719s] Level 5:colcon.colcon_core.verb:set package 'depthai_filters' build argument 'cmake_clean_cache' from command line to 'False'
[1.719s] Level 5:colcon.colcon_core.verb:set package 'depthai_filters' build argument 'cmake_clean_first' from command line to 'False'
[1.719s] Level 5:colcon.colcon_core.verb:set package 'depthai_filters' build argument 'cmake_force_configure' from command line to 'False'
[1.719s] Level 5:colcon.colcon_core.verb:set package 'depthai_filters' build argument 'ament_cmake_args' from command line to 'None'
[1.719s] Level 5:colcon.colcon_core.verb:set package 'depthai_filters' build argument 'catkin_cmake_args' from command line to 'None'
[1.719s] Level 5:colcon.colcon_core.verb:set package 'depthai_filters' build argument 'catkin_skip_building_tests' from command line to 'False'
[1.720s] DEBUG:colcon.colcon_core.verb:Building package 'depthai_filters' with the following arguments: {'ament_cmake_args': None, 'build_base': '/ros2_ws/build/depthai_filters', 'catkin_cmake_args': None, 'catkin_skip_building_tests': False, 'cmake_args': None, 'cmake_clean_cache': False, 'cmake_clean_first': False, 'cmake_force_configure': False, 'cmake_target': None, 'cmake_target_skip_unavailable': False, 'install_base': '/ros2_ws/install/depthai_filters', 'merge_install': False, 'path': '/ros2_ws/src/depthai-ros/depthai_filters', 'symlink_install': False, 'test_result_base': None}
[1.721s] Level 5:colcon.colcon_core.verb:set package 'depthai_ros_msgs' build argument 'cmake_args' from command line to 'None'
[1.721s] Level 5:colcon.colcon_core.verb:set package 'depthai_ros_msgs' build argument 'cmake_target' from command line to 'None'
[1.721s] Level 5:colcon.colcon_core.verb:set package 'depthai_ros_msgs' build argument 'cmake_target_skip_unavailable' from command line to 'False'
[1.721s] Level 5:colcon.colcon_core.verb:set package 'depthai_ros_msgs' build argument 'cmake_clean_cache' from command line to 'False'
[1.722s] Level 5:colcon.colcon_core.verb:set package 'depthai_ros_msgs' build argument 'cmake_clean_first' from command line to 'False'
[1.722s] Level 5:colcon.colcon_core.verb:set package 'depthai_ros_msgs' build argument 'cmake_force_configure' from command line to 'False'
[1.722s] Level 5:colcon.colcon_core.verb:set package 'depthai_ros_msgs' build argument 'ament_cmake_args' from command line to 'None'
[1.722s] Level 5:colcon.colcon_core.verb:set package 'depthai_ros_msgs' build argument 'catkin_cmake_args' from command line to 'None'
[1.722s] Level 5:colcon.colcon_core.verb:set package 'depthai_ros_msgs' build argument 'catkin_skip_building_tests' from command line to 'False'
[1.722s] DEBUG:colcon.colcon_core.verb:Building package 'depthai_ros_msgs' with the following arguments: {'ament_cmake_args': None, 'build_base': '/ros2_ws/build/depthai_ros_msgs', 'catkin_cmake_args': None, 'catkin_skip_building_tests': False, 'cmake_args': None, 'cmake_clean_cache': False, 'cmake_clean_first': False, 'cmake_force_configure': False, 'cmake_target': None, 'cmake_target_skip_unavailable': False, 'install_base': '/ros2_ws/install/depthai_ros_msgs', 'merge_install': False, 'path': '/ros2_ws/src/depthai-ros/depthai_ros_msgs', 'symlink_install': False, 'test_result_base': None}
[1.724s] Level 5:colcon.colcon_core.verb:set package 'rosbridge_test_msgs' build argument 'cmake_args' from command line to 'None'
[1.724s] Level 5:colcon.colcon_core.verb:set package 'rosbridge_test_msgs' build argument 'cmake_target' from command line to 'None'
[1.724s] Level 5:colcon.colcon_core.verb:set package 'rosbridge_test_msgs' build argument 'cmake_target_skip_unavailable' from command line to 'False'
[1.724s] Level 5:colcon.colcon_core.verb:set package 'rosbridge_test_msgs' build argument 'cmake_clean_cache' from command line to 'False'
[1.724s] Level 5:colcon.colcon_core.verb:set package 'rosbridge_test_msgs' build argument 'cmake_clean_first' from command line to 'False'
[1.724s] Level 5:colcon.colcon_core.verb:set package 'rosbridge_test_msgs' build argument 'cmake_force_configure' from command line to 'False'
[1.725s] Level 5:colcon.colcon_core.verb:set package 'rosbridge_test_msgs' build argument 'ament_cmake_args' from command line to 'None'
[1.725s] Level 5:colcon.colcon_core.verb:set package 'rosbridge_test_msgs' build argument 'catkin_cmake_args' from command line to 'None'
[1.725s] Level 5:colcon.colcon_core.verb:set package 'rosbridge_test_msgs' build argument 'catkin_skip_building_tests' from command line to 'False'
[1.725s] DEBUG:colcon.colcon_core.verb:Building package 'rosbridge_test_msgs' with the following arguments: {'ament_cmake_args': None, 'build_base': '/ros2_ws/build/rosbridge_test_msgs', 'catkin_cmake_args': None, 'catkin_skip_building_tests': False, 'cmake_args': None, 'cmake_clean_cache': False, 'cmake_clean_first': False, 'cmake_force_configure': False, 'cmake_target': None, 'cmake_target_skip_unavailable': False, 'install_base': '/ros2_ws/install/rosbridge_test_msgs', 'merge_install': False, 'path': '/ros2_ws/rosbridge_test_msgs', 'symlink_install': False, 'test_result_base': None}
[1.727s] Level 5:colcon.colcon_core.verb:set package 'vision_msgs_rviz_plugins' build argument 'cmake_args' from command line to 'None'
[1.727s] Level 5:colcon.colcon_core.verb:set package 'vision_msgs_rviz_plugins' build argument 'cmake_target' from command line to 'None'
[1.727s] Level 5:colcon.colcon_core.verb:set package 'vision_msgs_rviz_plugins' build argument 'cmake_target_skip_unavailable' from command line to 'False'
[1.727s] Level 5:colcon.colcon_core.verb:set package 'vision_msgs_rviz_plugins' build argument 'cmake_clean_cache' from command line to 'False'
[1.727s] Level 5:colcon.colcon_core.verb:set package 'vision_msgs_rviz_plugins' build argument 'cmake_clean_first' from command line to 'False'
[1.727s] Level 5:colcon.colcon_core.verb:set package 'vision_msgs_rviz_plugins' build argument 'cmake_force_configure' from command line to 'False'
[1.727s] Level 5:colcon.colcon_core.verb:set package 'vision_msgs_rviz_plugins' build argument 'ament_cmake_args' from command line to 'None'
[1.727s] Level 5:colcon.colcon_core.verb:set package 'vision_msgs_rviz_plugins' build argument 'catkin_cmake_args' from command line to 'None'
[1.728s] Level 5:colcon.colcon_core.verb:set package 'vision_msgs_rviz_plugins' build argument 'catkin_skip_building_tests' from command line to 'False'
[1.728s] DEBUG:colcon.colcon_core.verb:Building package 'vision_msgs_rviz_plugins' with the following arguments: {'ament_cmake_args': None, 'build_base': '/ros2_ws/build/vision_msgs_rviz_plugins', 'catkin_cmake_args': None, 'catkin_skip_building_tests': False, 'cmake_args': None, 'cmake_clean_cache': False, 'cmake_clean_first': False, 'cmake_force_configure': False, 'cmake_target': None, 'cmake_target_skip_unavailable': False, 'install_base': '/ros2_ws/install/vision_msgs_rviz_plugins', 'merge_install': False, 'path': '/ros2_ws/src/vision_msgs/vision_msgs_rviz_plugins', 'symlink_install': False, 'test_result_base': None}
[1.729s] Level 5:colcon.colcon_core.verb:set package 'depthai_bridge' build argument 'cmake_args' from command line to 'None'
[1.730s] Level 5:colcon.colcon_core.verb:set package 'depthai_bridge' build argument 'cmake_target' from command line to 'None'
[1.730s] Level 5:colcon.colcon_core.verb:set package 'depthai_bridge' build argument 'cmake_target_skip_unavailable' from command line to 'False'
[1.730s] Level 5:colcon.colcon_core.verb:set package 'depthai_bridge' build argument 'cmake_clean_cache' from command line to 'False'
[1.730s] Level 5:colcon.colcon_core.verb:set package 'depthai_bridge' build argument 'cmake_clean_first' from command line to 'False'
[1.730s] Level 5:colcon.colcon_core.verb:set package 'depthai_bridge' build argument 'cmake_force_configure' from command line to 'False'
[1.730s] Level 5:colcon.colcon_core.verb:set package 'depthai_bridge' build argument 'ament_cmake_args' from command line to 'None'
[1.730s] Level 5:colcon.colcon_core.verb:set package 'depthai_bridge' build argument 'catkin_cmake_args' from command line to 'None'
[1.730s] Level 5:colcon.colcon_core.verb:set package 'depthai_bridge' build argument 'catkin_skip_building_tests' from command line to 'False'
[1.731s] DEBUG:colcon.colcon_core.verb:Building package 'depthai_bridge' with the following arguments: {'ament_cmake_args': None, 'build_base': '/ros2_ws/build/depthai_bridge', 'catkin_cmake_args': None, 'catkin_skip_building_tests': False, 'cmake_args': None, 'cmake_clean_cache': False, 'cmake_clean_first': False, 'cmake_force_configure': False, 'cmake_target': None, 'cmake_target_skip_unavailable': False, 'install_base': '/ros2_ws/install/depthai_bridge', 'merge_install': False, 'path': '/ros2_ws/src/depthai-ros/depthai_bridge', 'symlink_install': False, 'test_result_base': None}
[1.732s] Level 5:colcon.colcon_core.verb:set package 'rosbridge_library' build argument 'cmake_args' from command line to 'None'
[1.732s] Level 5:colcon.colcon_core.verb:set package 'rosbridge_library' build argument 'cmake_target' from command line to 'None'
[1.732s] Level 5:colcon.colcon_core.verb:set package 'rosbridge_library' build argument 'cmake_target_skip_unavailable' from command line to 'False'
[1.733s] Level 5:colcon.colcon_core.verb:set package 'rosbridge_library' build argument 'cmake_clean_cache' from command line to 'False'
[1.733s] Level 5:colcon.colcon_core.verb:set package 'rosbridge_library' build argument 'cmake_clean_first' from command line to 'False'
[1.733s] Level 5:colcon.colcon_core.verb:set package 'rosbridge_library' build argument 'cmake_force_configure' from command line to 'False'
[1.733s] Level 5:colcon.colcon_core.verb:set package 'rosbridge_library' build argument 'ament_cmake_args' from command line to 'None'
[1.733s] Level 5:colcon.colcon_core.verb:set package 'rosbridge_library' build argument 'catkin_cmake_args' from command line to 'None'
[1.733s] Level 5:colcon.colcon_core.verb:set package 'rosbridge_library' build argument 'catkin_skip_building_tests' from command line to 'False'
[1.733s] DEBUG:colcon.colcon_core.verb:Building package 'rosbridge_library' with the following arguments: {'ament_cmake_args': None, 'build_base': '/ros2_ws/build/rosbridge_library', 'catkin_cmake_args': None, 'catkin_skip_building_tests': False, 'cmake_args': None, 'cmake_clean_cache': False, 'cmake_clean_first': False, 'cmake_force_configure': False, 'cmake_target': None, 'cmake_target_skip_unavailable': False, 'install_base': '/ros2_ws/install/rosbridge_library', 'merge_install': False, 'path': '/ros2_ws/rosbridge_library', 'symlink_install': False, 'test_result_base': None}
[1.735s] Level 5:colcon.colcon_core.verb:set package 'depthai_examples' build argument 'cmake_args' from command line to 'None'
[1.735s] Level 5:colcon.colcon_core.verb:set package 'depthai_examples' build argument 'cmake_target' from command line to 'None'
[1.735s] Level 5:colcon.colcon_core.verb:set package 'depthai_examples' build argument 'cmake_target_skip_unavailable' from command line to 'False'
[1.735s] Level 5:colcon.colcon_core.verb:set package 'depthai_examples' build argument 'cmake_clean_cache' from command line to 'False'
[1.735s] Level 5:colcon.colcon_core.verb:set package 'depthai_examples' build argument 'cmake_clean_first' from command line to 'False'
[1.735s] Level 5:colcon.colcon_core.verb:set package 'depthai_examples' build argument 'cmake_force_configure' from command line to 'False'
[1.736s] Level 5:colcon.colcon_core.verb:set package 'depthai_examples' build argument 'ament_cmake_args' from command line to 'None'
[1.736s] Level 5:colcon.colcon_core.verb:set package 'depthai_examples' build argument 'catkin_cmake_args' from command line to 'None'
[1.736s] Level 5:colcon.colcon_core.verb:set package 'depthai_examples' build argument 'catkin_skip_building_tests' from command line to 'False'
[1.736s] DEBUG:colcon.colcon_core.verb:Building package 'depthai_examples' with the following arguments: {'ament_cmake_args': None, 'build_base': '/ros2_ws/build/depthai_examples', 'catkin_cmake_args': None, 'catkin_skip_building_tests': False, 'cmake_args': None, 'cmake_clean_cache': False, 'cmake_clean_first': False, 'cmake_force_configure': False, 'cmake_target': None, 'cmake_target_skip_unavailable': False, 'install_base': '/ros2_ws/install/depthai_examples', 'merge_install': False, 'path': '/ros2_ws/src/depthai-ros/depthai_examples', 'symlink_install': False, 'test_result_base': None}
[1.738s] Level 5:colcon.colcon_core.verb:set package 'depthai_ros_driver' build argument 'cmake_args' from command line to 'None'
[1.738s] Level 5:colcon.colcon_core.verb:set package 'depthai_ros_driver' build argument 'cmake_target' from command line to 'None'
[1.738s] Level 5:colcon.colcon_core.verb:set package 'depthai_ros_driver' build argument 'cmake_target_skip_unavailable' from command line to 'False'
[1.738s] Level 5:colcon.colcon_core.verb:set package 'depthai_ros_driver' build argument 'cmake_clean_cache' from command line to 'False'
[1.738s] Level 5:colcon.colcon_core.verb:set package 'depthai_ros_driver' build argument 'cmake_clean_first' from command line to 'False'
[1.738s] Level 5:colcon.colcon_core.verb:set package 'depthai_ros_driver' build argument 'cmake_force_configure' from command line to 'False'
[1.738s] Level 5:colcon.colcon_core.verb:set package 'depthai_ros_driver' build argument 'ament_cmake_args' from command line to 'None'
[1.738s] Level 5:colcon.colcon_core.verb:set package 'depthai_ros_driver' build argument 'catkin_cmake_args' from command line to 'None'
[1.738s] Level 5:colcon.colcon_core.verb:set package 'depthai_ros_driver' build argument 'catkin_skip_building_tests' from command line to 'False'
[1.739s] DEBUG:colcon.colcon_core.verb:Building package 'depthai_ros_driver' with the following arguments: {'ament_cmake_args': None, 'build_base': '/ros2_ws/build/depthai_ros_driver', 'catkin_cmake_args': None, 'catkin_skip_building_tests': False, 'cmake_args': None, 'cmake_clean_cache': False, 'cmake_clean_first': False, 'cmake_force_configure': False, 'cmake_target': None, 'cmake_target_skip_unavailable': False, 'install_base': '/ros2_ws/install/depthai_ros_driver', 'merge_install': False, 'path': '/ros2_ws/src/depthai-ros/depthai_ros_driver', 'symlink_install': False, 'test_result_base': None}
[1.740s] Level 5:colcon.colcon_core.verb:set package 'rosapi' build argument 'cmake_args' from command line to 'None'
[1.740s] Level 5:colcon.colcon_core.verb:set package 'rosapi' build argument 'cmake_target' from command line to 'None'
[1.741s] Level 5:colcon.colcon_core.verb:set package 'rosapi' build argument 'cmake_target_skip_unavailable' from command line to 'False'
[1.741s] Level 5:colcon.colcon_core.verb:set package 'rosapi' build argument 'cmake_clean_cache' from command line to 'False'
[1.741s] Level 5:colcon.colcon_core.verb:set package 'rosapi' build argument 'cmake_clean_first' from command line to 'False'
[1.741s] Level 5:colcon.colcon_core.verb:set package 'rosapi' build argument 'cmake_force_configure' from command line to 'False'
[1.741s] Level 5:colcon.colcon_core.verb:set package 'rosapi' build argument 'ament_cmake_args' from command line to 'None'
[1.741s] Level 5:colcon.colcon_core.verb:set package 'rosapi' build argument 'catkin_cmake_args' from command line to 'None'
[1.741s] Level 5:colcon.colcon_core.verb:set package 'rosapi' build argument 'catkin_skip_building_tests' from command line to 'False'
[1.741s] DEBUG:colcon.colcon_core.verb:Building package 'rosapi' with the following arguments: {'ament_cmake_args': None, 'build_base': '/ros2_ws/build/rosapi', 'catkin_cmake_args': None, 'catkin_skip_building_tests': False, 'cmake_args': None, 'cmake_clean_cache': False, 'cmake_clean_first': False, 'cmake_force_configure': False, 'cmake_target': None, 'cmake_target_skip_unavailable': False, 'install_base': '/ros2_ws/install/rosapi', 'merge_install': False, 'path': '/ros2_ws/rosapi', 'symlink_install': False, 'test_result_base': None}
[1.743s] Level 5:colcon.colcon_core.verb:set package 'depthai-ros' build argument 'cmake_args' from command line to 'None'
[1.743s] Level 5:colcon.colcon_core.verb:set package 'depthai-ros' build argument 'cmake_target' from command line to 'None'
[1.743s] Level 5:colcon.colcon_core.verb:set package 'depthai-ros' build argument 'cmake_target_skip_unavailable' from command line to 'False'
[1.743s] Level 5:colcon.colcon_core.verb:set package 'depthai-ros' build argument 'cmake_clean_cache' from command line to 'False'
[1.743s] Level 5:colcon.colcon_core.verb:set package 'depthai-ros' build argument 'cmake_clean_first' from command line to 'False'
[1.744s] Level 5:colcon.colcon_core.verb:set package 'depthai-ros' build argument 'cmake_force_configure' from command line to 'False'
[1.744s] Level 5:colcon.colcon_core.verb:set package 'depthai-ros' build argument 'ament_cmake_args' from command line to 'None'
[1.744s] Level 5:colcon.colcon_core.verb:set package 'depthai-ros' build argument 'catkin_cmake_args' from command line to 'None'
[1.744s] Level 5:colcon.colcon_core.verb:set package 'depthai-ros' build argument 'catkin_skip_building_tests' from command line to 'False'
[1.744s] DEBUG:colcon.colcon_core.verb:Building package 'depthai-ros' with the following arguments: {'ament_cmake_args': None, 'build_base': '/ros2_ws/build/depthai-ros', 'catkin_cmake_args': None, 'catkin_skip_building_tests': False, 'cmake_args': None, 'cmake_clean_cache': False, 'cmake_clean_first': False, 'cmake_force_configure': False, 'cmake_target': None, 'cmake_target_skip_unavailable': False, 'install_base': '/ros2_ws/install/depthai-ros', 'merge_install': False, 'path': '/ros2_ws/src/depthai-ros/depthai-ros', 'symlink_install': False, 'test_result_base': None}
[1.746s] Level 5:colcon.colcon_core.verb:set package 'rosbridge_server' build argument 'cmake_args' from command line to 'None'
[1.746s] Level 5:colcon.colcon_core.verb:set package 'rosbridge_server' build argument 'cmake_target' from command line to 'None'
[1.746s] Level 5:colcon.colcon_core.verb:set package 'rosbridge_server' build argument 'cmake_target_skip_unavailable' from command line to 'False'
[1.746s] Level 5:colcon.colcon_core.verb:set package 'rosbridge_server' build argument 'cmake_clean_cache' from command line to 'False'
[1.746s] Level 5:colcon.colcon_core.verb:set package 'rosbridge_server' build argument 'cmake_clean_first' from command line to 'False'
[1.746s] Level 5:colcon.colcon_core.verb:set package 'rosbridge_server' build argument 'cmake_force_configure' from command line to 'False'
[1.746s] Level 5:colcon.colcon_core.verb:set package 'rosbridge_server' build argument 'ament_cmake_args' from command line to 'None'
[1.747s] Level 5:colcon.colcon_core.verb:set package 'rosbridge_server' build argument 'catkin_cmake_args' from command line to 'None'
[1.747s] Level 5:colcon.colcon_core.verb:set package 'rosbridge_server' build argument 'catkin_skip_building_tests' from command line to 'False'
[1.747s] DEBUG:colcon.colcon_core.verb:Building package 'rosbridge_server' with the following arguments: {'ament_cmake_args': None, 'build_base': '/ros2_ws/build/rosbridge_server', 'catkin_cmake_args': None, 'catkin_skip_building_tests': False, 'cmake_args': None, 'cmake_clean_cache': False, 'cmake_clean_first': False, 'cmake_force_configure': False, 'cmake_target': None, 'cmake_target_skip_unavailable': False, 'install_base': '/ros2_ws/install/rosbridge_server', 'merge_install': False, 'path': '/ros2_ws/rosbridge_server', 'symlink_install': False, 'test_result_base': None}
[1.748s] Level 5:colcon.colcon_core.verb:set package 'rosbridge_suite' build argument 'cmake_args' from command line to 'None'
[1.749s] Level 5:colcon.colcon_core.verb:set package 'rosbridge_suite' build argument 'cmake_target' from command line to 'None'
[1.749s] Level 5:colcon.colcon_core.verb:set package 'rosbridge_suite' build argument 'cmake_target_skip_unavailable' from command line to 'False'
[1.749s] Level 5:colcon.colcon_core.verb:set package 'rosbridge_suite' build argument 'cmake_clean_cache' from command line to 'False'
[1.749s] Level 5:colcon.colcon_core.verb:set package 'rosbridge_suite' build argument 'cmake_clean_first' from command line to 'False'
[1.749s] Level 5:colcon.colcon_core.verb:set package 'rosbridge_suite' build argument 'cmake_force_configure' from command line to 'False'
[1.749s] Level 5:colcon.colcon_core.verb:set package 'rosbridge_suite' build argument 'ament_cmake_args' from command line to 'None'
[1.749s] Level 5:colcon.colcon_core.verb:set package 'rosbridge_suite' build argument 'catkin_cmake_args' from command line to 'None'
[1.749s] Level 5:colcon.colcon_core.verb:set package 'rosbridge_suite' build argument 'catkin_skip_building_tests' from command line to 'False'
[1.750s] DEBUG:colcon.colcon_core.verb:Building package 'rosbridge_suite' with the following arguments: {'ament_cmake_args': None, 'build_base': '/ros2_ws/build/rosbridge_suite', 'catkin_cmake_args': None, 'catkin_skip_building_tests': False, 'cmake_args': None, 'cmake_clean_cache': False, 'cmake_clean_first': False, 'cmake_force_configure': False, 'cmake_target': None, 'cmake_target_skip_unavailable': False, 'install_base': '/ros2_ws/install/rosbridge_suite', 'merge_install': False, 'path': '/ros2_ws/rosbridge_suite', 'symlink_install': False, 'test_result_base': None}
[1.750s] INFO:colcon.colcon_core.executor:Executing jobs using 'parallel' executor
[1.754s] DEBUG:colcon.colcon_parallel_executor.executor.parallel:run_until_complete
[1.756s] INFO:colcon.colcon_ros.task.ament_cmake.build:Building ROS package in '/ros2_ws/src/common_interfaces/std_msgs' with build type 'ament_cmake'
[1.756s] INFO:colcon.colcon_cmake.task.cmake.build:Building CMake package in '/ros2_ws/src/common_interfaces/std_msgs'
[1.769s] INFO:colcon.colcon_core.plugin_system:Skipping extension 'colcon_core.shell.bat': Not used on non-Windows systems
[1.769s] INFO:colcon.colcon_core.shell:Skip shell extension 'powershell' for command environment: Not usable outside of PowerShell
[1.770s] DEBUG:colcon.colcon_core.shell:Skip shell extension 'dsv' for command environment
[1.788s] INFO:colcon.colcon_ros.task.ament_cmake.build:Building ROS package in '/ros2_ws/src/common_interfaces/std_srvs' with build type 'ament_cmake'
[1.789s] INFO:colcon.colcon_cmake.task.cmake.build:Building CMake package in '/ros2_ws/src/common_interfaces/std_srvs'
[1.790s] INFO:colcon.colcon_core.shell:Skip shell extension 'powershell' for command environment: Not usable outside of PowerShell
[1.790s] DEBUG:colcon.colcon_core.shell:Skip shell extension 'dsv' for command environment
[1.800s] INFO:colcon.colcon_ros.task.ament_cmake.build:Building ROS package in '/ros2_ws/src/depthai-ros/depthai_descriptions' with build type 'ament_cmake'
[1.801s] INFO:colcon.colcon_cmake.task.cmake.build:Building CMake package in '/ros2_ws/src/depthai-ros/depthai_descriptions'
[1.802s] INFO:colcon.colcon_core.shell:Skip shell extension 'powershell' for command environment: Not usable outside of PowerShell
[1.803s] DEBUG:colcon.colcon_core.shell:Skip shell extension 'dsv' for command environment
[1.812s] INFO:colcon.colcon_ros.task.ament_cmake.build:Building ROS package in '/ros2_ws/rosapi_msgs' with build type 'ament_cmake'
[1.812s] INFO:colcon.colcon_cmake.task.cmake.build:Building CMake package in '/ros2_ws/rosapi_msgs'
[1.814s] INFO:colcon.colcon_core.shell:Skip shell extension 'powershell' for command environment: Not usable outside of PowerShell
[1.814s] DEBUG:colcon.colcon_core.shell:Skip shell extension 'dsv' for command environment
[1.834s] DEBUG:colcon.colcon_core.event_handler.log_command:Invoking command in '/ros2_ws/build/std_msgs': CMAKE_PREFIX_PATH=/opt/ros/humble /usr/bin/cmake /ros2_ws/src/common_interfaces/std_msgs -DCMAKE_INSTALL_PREFIX=/ros2_ws/install/std_msgs
[1.847s] DEBUG:colcon.colcon_core.event_handler.log_command:Invoking command in '/ros2_ws/build/std_srvs': CMAKE_PREFIX_PATH=/opt/ros/humble /usr/bin/cmake /ros2_ws/src/common_interfaces/std_srvs -DCMAKE_INSTALL_PREFIX=/ros2_ws/install/std_srvs
[1.855s] DEBUG:colcon.colcon_core.event_handler.log_command:Invoking command in '/ros2_ws/build/depthai_descriptions': CMAKE_PREFIX_PATH=/opt/ros/humble /usr/bin/cmake /ros2_ws/src/depthai-ros/depthai_descriptions -DCMAKE_INSTALL_PREFIX=/ros2_ws/install/depthai_descriptions
[1.868s] DEBUG:colcon.colcon_core.event_handler.log_command:Invoking command in '/ros2_ws/build/rosapi_msgs': CMAKE_PREFIX_PATH=/opt/ros/humble /usr/bin/cmake /ros2_ws/rosapi_msgs -DCMAKE_INSTALL_PREFIX=/ros2_ws/install/rosapi_msgs
[5.711s] DEBUG:colcon.colcon_core.event_handler.log_command:Invoked command in '/ros2_ws/build/depthai_descriptions' returned '0': CMAKE_PREFIX_PATH=/opt/ros/humble /usr/bin/cmake /ros2_ws/src/depthai-ros/depthai_descriptions -DCMAKE_INSTALL_PREFIX=/ros2_ws/install/depthai_descriptions
[5.712s] DEBUG:colcon.colcon_core.event_handler.log_command:Invoking command in '/ros2_ws/build/depthai_descriptions': CMAKE_PREFIX_PATH=/opt/ros/humble /usr/bin/cmake --build /ros2_ws/build/depthai_descriptions -- -j4 -l4
[5.847s] DEBUG:colcon.colcon_core.event_handler.log_command:Invoked command in '/ros2_ws/build/depthai_descriptions' returned '0': CMAKE_PREFIX_PATH=/opt/ros/humble /usr/bin/cmake --build /ros2_ws/build/depthai_descriptions -- -j4 -l4
[5.880s] DEBUG:colcon.colcon_core.event_handler.log_command:Invoking command in '/ros2_ws/build/depthai_descriptions': CMAKE_PREFIX_PATH=/opt/ros/humble /usr/bin/cmake --install /ros2_ws/build/depthai_descriptions
[6.253s] Level 1:colcon.colcon_core.environment:create_environment_scripts_only(depthai_descriptions)
[6.256s] DEBUG:colcon.colcon_core.event_handler.log_command:Invoked command in '/ros2_ws/build/depthai_descriptions' returned '0': CMAKE_PREFIX_PATH=/opt/ros/humble /usr/bin/cmake --install /ros2_ws/build/depthai_descriptions
[6.270s] Level 1:colcon.colcon_core.environment:checking '/ros2_ws/install/depthai_descriptions' for CMake module files
[6.272s] Level 1:colcon.colcon_core.environment:checking '/ros2_ws/install/depthai_descriptions' for CMake config files
[6.274s] Level 1:colcon.colcon_core.shell:create_environment_hook('depthai_descriptions', 'cmake_prefix_path')
[6.275s] INFO:colcon.colcon_core.shell:Creating environment hook '/ros2_ws/install/depthai_descriptions/share/depthai_descriptions/hook/cmake_prefix_path.ps1'
[6.279s] INFO:colcon.colcon_core.shell:Creating environment descriptor '/ros2_ws/install/depthai_descriptions/share/depthai_descriptions/hook/cmake_prefix_path.dsv'
[6.281s] INFO:colcon.colcon_core.shell:Creating environment hook '/ros2_ws/install/depthai_descriptions/share/depthai_descriptions/hook/cmake_prefix_path.sh'
[6.285s] Level 1:colcon.colcon_core.environment:checking '/ros2_ws/install/depthai_descriptions/bin'
[6.286s] Level 1:colcon.colcon_core.environment:checking '/ros2_ws/install/depthai_descriptions/lib/pkgconfig/depthai_descriptions.pc'
[6.289s] Level 1:colcon.colcon_core.environment:checking '/ros2_ws/install/depthai_descriptions/lib/python3.10/site-packages'
[6.291s] Level 1:colcon.colcon_core.environment:checking '/ros2_ws/install/depthai_descriptions/bin'
[6.293s] INFO:colcon.colcon_core.shell:Creating package script '/ros2_ws/install/depthai_descriptions/share/depthai_descriptions/package.ps1'
[6.300s] INFO:colcon.colcon_core.shell:Creating package descriptor '/ros2_ws/install/depthai_descriptions/share/depthai_descriptions/package.dsv'
[6.303s] INFO:colcon.colcon_core.shell:Creating package script '/ros2_ws/install/depthai_descriptions/share/depthai_descriptions/package.sh'
[6.308s] INFO:colcon.colcon_core.shell:Creating package script '/ros2_ws/install/depthai_descriptions/share/depthai_descriptions/package.bash'
[6.312s] INFO:colcon.colcon_core.shell:Creating package script '/ros2_ws/install/depthai_descriptions/share/depthai_descriptions/package.zsh'
[6.316s] Level 1:colcon.colcon_core.environment:create_file_with_runtime_dependencies(/ros2_ws/install/depthai_descriptions/share/colcon-core/packages/depthai_descriptions)
[6.319s] Level 1:colcon.colcon_core.environment:create_environment_scripts_only(depthai_descriptions)
[6.320s] Level 1:colcon.colcon_core.environment:checking '/ros2_ws/install/depthai_descriptions' for CMake module files
[6.322s] Level 1:colcon.colcon_core.environment:checking '/ros2_ws/install/depthai_descriptions' for CMake config files
[6.324s] Level 1:colcon.colcon_core.shell:create_environment_hook('depthai_descriptions', 'cmake_prefix_path')
[6.325s] INFO:colcon.colcon_core.shell:Creating environment hook '/ros2_ws/install/depthai_descriptions/share/depthai_descriptions/hook/cmake_prefix_path.ps1'
[6.327s] INFO:colcon.colcon_core.shell:Creating environment descriptor '/ros2_ws/install/depthai_descriptions/share/depthai_descriptions/hook/cmake_prefix_path.dsv'
[6.328s] INFO:colcon.colcon_core.shell:Creating environment hook '/ros2_ws/install/depthai_descriptions/share/depthai_descriptions/hook/cmake_prefix_path.sh'
[6.330s] Level 1:colcon.colcon_core.environment:checking '/ros2_ws/install/depthai_descriptions/bin'
[6.331s] Level 1:colcon.colcon_core.environment:checking '/ros2_ws/install/depthai_descriptions/lib/pkgconfig/depthai_descriptions.pc'
[6.332s] Level 1:colcon.colcon_core.environment:checking '/ros2_ws/install/depthai_descriptions/lib/python3.10/site-packages'
[6.333s] Level 1:colcon.colcon_core.environment:checking '/ros2_ws/install/depthai_descriptions/bin'
[6.335s] INFO:colcon.colcon_core.shell:Creating package script '/ros2_ws/install/depthai_descriptions/share/depthai_descriptions/package.ps1'
[6.337s] INFO:colcon.colcon_core.shell:Creating package descriptor '/ros2_ws/install/depthai_descriptions/share/depthai_descriptions/package.dsv'
[6.339s] INFO:colcon.colcon_core.shell:Creating package script '/ros2_ws/install/depthai_descriptions/share/depthai_descriptions/package.sh'
[6.341s] INFO:colcon.colcon_core.shell:Creating package script '/ros2_ws/install/depthai_descriptions/share/depthai_descriptions/package.bash'
[6.343s] INFO:colcon.colcon_core.shell:Creating package script '/ros2_ws/install/depthai_descriptions/share/depthai_descriptions/package.zsh'
[6.345s] Level 1:colcon.colcon_core.environment:create_file_with_runtime_dependencies(/ros2_ws/install/depthai_descriptions/share/colcon-core/packages/depthai_descriptions)
[6.350s] INFO:colcon.colcon_ros.task.ament_cmake.build:Building ROS package in '/ros2_ws/rosbridge_msgs' with build type 'ament_cmake'
[6.352s] INFO:colcon.colcon_cmake.task.cmake.build:Building CMake package in '/ros2_ws/rosbridge_msgs'
[6.353s] INFO:colcon.colcon_core.shell:Skip shell extension 'powershell' for command environment: Not usable outside of PowerShell
[6.353s] DEBUG:colcon.colcon_core.shell:Skip shell extension 'dsv' for command environment
[6.377s] DEBUG:colcon.colcon_core.event_handler.log_command:Invoking command in '/ros2_ws/build/rosbridge_msgs': CMAKE_PREFIX_PATH=/opt/ros/humble /usr/bin/cmake /ros2_ws/rosbridge_msgs -DCMAKE_INSTALL_PREFIX=/ros2_ws/install/rosbridge_msgs
[9.824s] DEBUG:colcon.colcon_core.event_handler.log_command:Invoked command in '/ros2_ws/build/std_srvs' returned '0': CMAKE_PREFIX_PATH=/opt/ros/humble /usr/bin/cmake /ros2_ws/src/common_interfaces/std_srvs -DCMAKE_INSTALL_PREFIX=/ros2_ws/install/std_srvs
[9.825s] DEBUG:colcon.colcon_core.event_handler.log_command:Invoking command in '/ros2_ws/build/std_srvs': CMAKE_PREFIX_PATH=/opt/ros/humble /usr/bin/cmake --build /ros2_ws/build/std_srvs -- -j4 -l4
[11.319s] DEBUG:colcon.colcon_core.event_handler.log_command:Invoked command in '/ros2_ws/build/std_msgs' returned '0': CMAKE_PREFIX_PATH=/opt/ros/humble /usr/bin/cmake /ros2_ws/src/common_interfaces/std_msgs -DCMAKE_INSTALL_PREFIX=/ros2_ws/install/std_msgs
[11.320s] DEBUG:colcon.colcon_core.event_handler.log_command:Invoking command in '/ros2_ws/build/std_msgs': CMAKE_PREFIX_PATH=/opt/ros/humble /usr/bin/cmake --build /ros2_ws/build/std_msgs -- -j4 -l4
[11.884s] DEBUG:colcon.colcon_core.event_handler.log_command:Invoked command in '/ros2_ws/build/rosapi_msgs' returned '0': CMAKE_PREFIX_PATH=/opt/ros/humble /usr/bin/cmake /ros2_ws/rosapi_msgs -DCMAKE_INSTALL_PREFIX=/ros2_ws/install/rosapi_msgs
[11.885s] DEBUG:colcon.colcon_core.event_handler.log_command:Invoking command in '/ros2_ws/build/rosapi_msgs': CMAKE_PREFIX_PATH=/opt/ros/humble /usr/bin/cmake --build /ros2_ws/build/rosapi_msgs -- -j4 -l4
[16.743s] DEBUG:colcon.colcon_core.event_handler.log_command:Invoked command in '/ros2_ws/build/rosbridge_msgs' returned '0': CMAKE_PREFIX_PATH=/opt/ros/humble /usr/bin/cmake /ros2_ws/rosbridge_msgs -DCMAKE_INSTALL_PREFIX=/ros2_ws/install/rosbridge_msgs
[16.745s] DEBUG:colcon.colcon_core.event_handler.log_command:Invoking command in '/ros2_ws/build/rosbridge_msgs': CMAKE_PREFIX_PATH=/opt/ros/humble /usr/bin/cmake --build /ros2_ws/build/rosbridge_msgs -- -j4 -l4
[58.427s] DEBUG:colcon.colcon_core.event_handler.log_command:Invoked command in '/ros2_ws/build/std_srvs' returned '0': CMAKE_PREFIX_PATH=/opt/ros/humble /usr/bin/cmake --build /ros2_ws/build/std_srvs -- -j4 -l4
[58.428s] DEBUG:colcon.colcon_core.event_handler.log_command:Invoking command in '/ros2_ws/build/std_srvs': CMAKE_PREFIX_PATH=/opt/ros/humble /usr/bin/cmake --install /ros2_ws/build/std_srvs
[58.917s] Level 1:colcon.colcon_core.environment:create_environment_scripts_only(std_srvs)
[58.918s] Level 1:colcon.colcon_core.environment:checking '/ros2_ws/install/std_srvs' for CMake module files
[58.922s] Level 1:colcon.colcon_core.environment:checking '/ros2_ws/install/std_srvs' for CMake config files
[58.923s] DEBUG:colcon.colcon_core.event_handler.log_command:Invoked command in '/ros2_ws/build/std_srvs' returned '0': CMAKE_PREFIX_PATH=/opt/ros/humble /usr/bin/cmake --install /ros2_ws/build/std_srvs
[58.926s] Level 1:colcon.colcon_core.shell:create_environment_hook('std_srvs', 'cmake_prefix_path')
[58.928s] INFO:colcon.colcon_core.shell:Creating environment hook '/ros2_ws/install/std_srvs/share/std_srvs/hook/cmake_prefix_path.ps1'
[58.930s] INFO:colcon.colcon_core.shell:Creating environment descriptor '/ros2_ws/install/std_srvs/share/std_srvs/hook/cmake_prefix_path.dsv'
[58.932s] INFO:colcon.colcon_core.shell:Creating environment hook '/ros2_ws/install/std_srvs/share/std_srvs/hook/cmake_prefix_path.sh'
[58.934s] Level 1:colcon.colcon_core.environment:checking '/ros2_ws/install/std_srvs/lib'
[58.935s] Level 1:colcon.colcon_core.shell:create_environment_hook('std_srvs', 'ld_library_path_lib')
[58.937s] INFO:colcon.colcon_core.shell:Creating environment hook '/ros2_ws/install/std_srvs/share/std_srvs/hook/ld_library_path_lib.ps1'
[58.939s] INFO:colcon.colcon_core.shell:Creating environment descriptor '/ros2_ws/install/std_srvs/share/std_srvs/hook/ld_library_path_lib.dsv'
[58.940s] INFO:colcon.colcon_core.shell:Creating environment hook '/ros2_ws/install/std_srvs/share/std_srvs/hook/ld_library_path_lib.sh'
[58.942s] Level 1:colcon.colcon_core.environment:checking '/ros2_ws/install/std_srvs/bin'
[58.943s] Level 1:colcon.colcon_core.environment:checking '/ros2_ws/install/std_srvs/lib/pkgconfig/std_srvs.pc'
[58.944s] Level 1:colcon.colcon_core.environment:checking '/ros2_ws/install/std_srvs/lib/python3.10/site-packages'
[58.946s] Level 1:colcon.colcon_core.environment:checking '/ros2_ws/install/std_srvs/bin'
[58.948s] INFO:colcon.colcon_core.shell:Creating package script '/ros2_ws/install/std_srvs/share/std_srvs/package.ps1'
[58.952s] INFO:colcon.colcon_core.shell:Creating package descriptor '/ros2_ws/install/std_srvs/share/std_srvs/package.dsv'
[58.955s] INFO:colcon.colcon_core.shell:Creating package script '/ros2_ws/install/std_srvs/share/std_srvs/package.sh'
[58.960s] INFO:colcon.colcon_core.shell:Creating package script '/ros2_ws/install/std_srvs/share/std_srvs/package.bash'
[58.962s] INFO:colcon.colcon_core.shell:Creating package script '/ros2_ws/install/std_srvs/share/std_srvs/package.zsh'
[58.964s] Level 1:colcon.colcon_core.environment:create_file_with_runtime_dependencies(/ros2_ws/install/std_srvs/share/colcon-core/packages/std_srvs)
[58.967s] Level 1:colcon.colcon_core.environment:create_environment_scripts_only(std_srvs)
[58.968s] Level 1:colcon.colcon_core.environment:checking '/ros2_ws/install/std_srvs' for CMake module files
[58.972s] Level 1:colcon.colcon_core.environment:checking '/ros2_ws/install/std_srvs' for CMake config files
[58.975s] Level 1:colcon.colcon_core.shell:create_environment_hook('std_srvs', 'cmake_prefix_path')
[58.977s] INFO:colcon.colcon_core.shell:Creating environment hook '/ros2_ws/install/std_srvs/share/std_srvs/hook/cmake_prefix_path.ps1'
[58.979s] INFO:colcon.colcon_core.shell:Creating environment descriptor '/ros2_ws/install/std_srvs/share/std_srvs/hook/cmake_prefix_path.dsv'
[58.981s] INFO:colcon.colcon_core.shell:Creating environment hook '/ros2_ws/install/std_srvs/share/std_srvs/hook/cmake_prefix_path.sh'
[58.983s] Level 1:colcon.colcon_core.environment:checking '/ros2_ws/install/std_srvs/lib'
[58.984s] Level 1:colcon.colcon_core.shell:create_environment_hook('std_srvs', 'ld_library_path_lib')
[58.985s] INFO:colcon.colcon_core.shell:Creating environment hook '/ros2_ws/install/std_srvs/share/std_srvs/hook/ld_library_path_lib.ps1'
[58.987s] INFO:colcon.colcon_core.shell:Creating environment descriptor '/ros2_ws/install/std_srvs/share/std_srvs/hook/ld_library_path_lib.dsv'
[58.989s] INFO:colcon.colcon_core.shell:Creating environment hook '/ros2_ws/install/std_srvs/share/std_srvs/hook/ld_library_path_lib.sh'
[58.991s] Level 1:colcon.colcon_core.environment:checking '/ros2_ws/install/std_srvs/bin'
[58.991s] Level 1:colcon.colcon_core.environment:checking '/ros2_ws/install/std_srvs/lib/pkgconfig/std_srvs.pc'
[58.993s] Level 1:colcon.colcon_core.environment:checking '/ros2_ws/install/std_srvs/lib/python3.10/site-packages'
[58.995s] Level 1:colcon.colcon_core.environment:checking '/ros2_ws/install/std_srvs/bin'
[58.996s] INFO:colcon.colcon_core.shell:Creating package script '/ros2_ws/install/std_srvs/share/std_srvs/package.ps1'
[59.000s] INFO:colcon.colcon_core.shell:Creating package descriptor '/ros2_ws/install/std_srvs/share/std_srvs/package.dsv'
[59.003s] INFO:colcon.colcon_core.shell:Creating package script '/ros2_ws/install/std_srvs/share/std_srvs/package.sh'
[59.006s] INFO:colcon.colcon_core.shell:Creating package script '/ros2_ws/install/std_srvs/share/std_srvs/package.bash'
[59.008s] INFO:colcon.colcon_core.shell:Creating package script '/ros2_ws/install/std_srvs/share/std_srvs/package.zsh'
[59.011s] Level 1:colcon.colcon_core.environment:create_file_with_runtime_dependencies(/ros2_ws/install/std_srvs/share/colcon-core/packages/std_srvs)
[59.017s] INFO:colcon.colcon_ros.task.ament_cmake.build:Building ROS package in '/ros2_ws/src/angles/angles' with build type 'ament_cmake'
[59.019s] INFO:colcon.colcon_cmake.task.cmake.build:Building CMake package in '/ros2_ws/src/angles/angles'
[59.020s] INFO:colcon.colcon_core.shell:Skip shell extension 'powershell' for command environment: Not usable outside of PowerShell
[59.020s] DEBUG:colcon.colcon_core.shell:Skip shell extension 'dsv' for command environment
[59.044s] DEBUG:colcon.colcon_core.event_handler.log_command:Invoking command in '/ros2_ws/build/angles': CMAKE_PREFIX_PATH=/opt/ros/humble /usr/bin/cmake /ros2_ws/src/angles/angles -DCMAKE_INSTALL_PREFIX=/ros2_ws/install/angles
[61.523s] DEBUG:colcon.colcon_core.event_handler.log_command:Invoked command in '/ros2_ws/build/rosbridge_msgs' returned '0': CMAKE_PREFIX_PATH=/opt/ros/humble /usr/bin/cmake --build /ros2_ws/build/rosbridge_msgs -- -j4 -l4
[61.524s] DEBUG:colcon.colcon_core.event_handler.log_command:Invoking command in '/ros2_ws/build/rosbridge_msgs': CMAKE_PREFIX_PATH=/opt/ros/humble /usr/bin/cmake --install /ros2_ws/build/rosbridge_msgs
[61.935s] Level 1:colcon.colcon_core.environment:create_environment_scripts_only(rosbridge_msgs)
[61.937s] Level 1:colcon.colcon_core.environment:checking '/ros2_ws/install/rosbridge_msgs' for CMake module files
[61.939s] DEBUG:colcon.colcon_core.event_handler.log_command:Invoked command in '/ros2_ws/build/rosbridge_msgs' returned '0': CMAKE_PREFIX_PATH=/opt/ros/humble /usr/bin/cmake --install /ros2_ws/build/rosbridge_msgs
[61.943s] Level 1:colcon.colcon_core.environment:checking '/ros2_ws/install/rosbridge_msgs' for CMake config files
[61.946s] Level 1:colcon.colcon_core.shell:create_environment_hook('rosbridge_msgs', 'cmake_prefix_path')
[61.947s] INFO:colcon.colcon_core.shell:Creating environment hook '/ros2_ws/install/rosbridge_msgs/share/rosbridge_msgs/hook/cmake_prefix_path.ps1'
[61.949s] INFO:colcon.colcon_core.shell:Creating environment descriptor '/ros2_ws/install/rosbridge_msgs/share/rosbridge_msgs/hook/cmake_prefix_path.dsv'
[61.951s] INFO:colcon.colcon_core.shell:Creating environment hook '/ros2_ws/install/rosbridge_msgs/share/rosbridge_msgs/hook/cmake_prefix_path.sh'
[61.953s] Level 1:colcon.colcon_core.environment:checking '/ros2_ws/install/rosbridge_msgs/lib'
[61.954s] Level 1:colcon.colcon_core.shell:create_environment_hook('rosbridge_msgs', 'ld_library_path_lib')
[61.955s] INFO:colcon.colcon_core.shell:Creating environment hook '/ros2_ws/install/rosbridge_msgs/share/rosbridge_msgs/hook/ld_library_path_lib.ps1'
[61.957s] INFO:colcon.colcon_core.shell:Creating environment descriptor '/ros2_ws/install/rosbridge_msgs/share/rosbridge_msgs/hook/ld_library_path_lib.dsv'
[61.959s] INFO:colcon.colcon_core.shell:Creating environment hook '/ros2_ws/install/rosbridge_msgs/share/rosbridge_msgs/hook/ld_library_path_lib.sh'
[61.961s] Level 1:colcon.colcon_core.environment:checking '/ros2_ws/install/rosbridge_msgs/bin'
[61.961s] Level 1:colcon.colcon_core.environment:checking '/ros2_ws/install/rosbridge_msgs/lib/pkgconfig/rosbridge_msgs.pc'
[61.962s] Level 1:colcon.colcon_core.environment:checking '/ros2_ws/install/rosbridge_msgs/lib/python3.10/site-packages'
[61.964s] Level 1:colcon.colcon_core.environment:checking '/ros2_ws/install/rosbridge_msgs/bin'
[61.966s] INFO:colcon.colcon_core.shell:Creating package script '/ros2_ws/install/rosbridge_msgs/share/rosbridge_msgs/package.ps1'
[61.969s] INFO:colcon.colcon_core.shell:Creating package descriptor '/ros2_ws/install/rosbridge_msgs/share/rosbridge_msgs/package.dsv'
[61.971s] INFO:colcon.colcon_core.shell:Creating package script '/ros2_ws/install/rosbridge_msgs/share/rosbridge_msgs/package.sh'
[61.974s] INFO:colcon.colcon_core.shell:Creating package script '/ros2_ws/install/rosbridge_msgs/share/rosbridge_msgs/package.bash'
[61.975s] INFO:colcon.colcon_core.shell:Creating package script '/ros2_ws/install/rosbridge_msgs/share/rosbridge_msgs/package.zsh'
[61.977s] Level 1:colcon.colcon_core.environment:create_file_with_runtime_dependencies(/ros2_ws/install/rosbridge_msgs/share/colcon-core/packages/rosbridge_msgs)
[61.980s] Level 1:colcon.colcon_core.environment:create_environment_scripts_only(rosbridge_msgs)
[61.983s] Level 1:colcon.colcon_core.environment:checking '/ros2_ws/install/rosbridge_msgs' for CMake module files
[61.987s] Level 1:colcon.colcon_core.environment:checking '/ros2_ws/install/rosbridge_msgs' for CMake config files
[61.990s] Level 1:colcon.colcon_core.shell:create_environment_hook('rosbridge_msgs', 'cmake_prefix_path')
[61.991s] INFO:colcon.colcon_core.shell:Creating environment hook '/ros2_ws/install/rosbridge_msgs/share/rosbridge_msgs/hook/cmake_prefix_path.ps1'
[61.993s] INFO:colcon.colcon_core.shell:Creating environment descriptor '/ros2_ws/install/rosbridge_msgs/share/rosbridge_msgs/hook/cmake_prefix_path.dsv'
[61.995s] INFO:colcon.colcon_core.shell:Creating environment hook '/ros2_ws/install/rosbridge_msgs/share/rosbridge_msgs/hook/cmake_prefix_path.sh'
[61.998s] Level 1:colcon.colcon_core.environment:checking '/ros2_ws/install/rosbridge_msgs/lib'
[61.998s] Level 1:colcon.colcon_core.shell:create_environment_hook('rosbridge_msgs', 'ld_library_path_lib')
[62.000s] INFO:colcon.colcon_core.shell:Creating environment hook '/ros2_ws/install/rosbridge_msgs/share/rosbridge_msgs/hook/ld_library_path_lib.ps1'
[62.001s] INFO:colcon.colcon_core.shell:Creating environment descriptor '/ros2_ws/install/rosbridge_msgs/share/rosbridge_msgs/hook/ld_library_path_lib.dsv'
[62.003s] INFO:colcon.colcon_core.shell:Creating environment hook '/ros2_ws/install/rosbridge_msgs/share/rosbridge_msgs/hook/ld_library_path_lib.sh'
[62.007s] Level 1:colcon.colcon_core.environment:checking '/ros2_ws/install/rosbridge_msgs/bin'
[62.007s] Level 1:colcon.colcon_core.environment:checking '/ros2_ws/install/rosbridge_msgs/lib/pkgconfig/rosbridge_msgs.pc'
[62.009s] Level 1:colcon.colcon_core.environment:checking '/ros2_ws/install/rosbridge_msgs/lib/python3.10/site-packages'
[62.011s] Level 1:colcon.colcon_core.environment:checking '/ros2_ws/install/rosbridge_msgs/bin'
[62.013s] INFO:colcon.colcon_core.shell:Creating package script '/ros2_ws/install/rosbridge_msgs/share/rosbridge_msgs/package.ps1'
[62.017s] INFO:colcon.colcon_core.shell:Creating package descriptor '/ros2_ws/install/rosbridge_msgs/share/rosbridge_msgs/package.dsv'
[62.020s] INFO:colcon.colcon_core.shell:Creating package script '/ros2_ws/install/rosbridge_msgs/share/rosbridge_msgs/package.sh'
[62.022s] INFO:colcon.colcon_core.shell:Creating package script '/ros2_ws/install/rosbridge_msgs/share/rosbridge_msgs/package.bash'
[62.025s] INFO:colcon.colcon_core.shell:Creating package script '/ros2_ws/install/rosbridge_msgs/share/rosbridge_msgs/package.zsh'
[62.027s] Level 1:colcon.colcon_core.environment:create_file_with_runtime_dependencies(/ros2_ws/install/rosbridge_msgs/share/colcon-core/packages/rosbridge_msgs)
[64.684s] DEBUG:colcon.colcon_core.event_handler.log_command:Invoked command in '/ros2_ws/build/angles' returned '0': CMAKE_PREFIX_PATH=/opt/ros/humble /usr/bin/cmake /ros2_ws/src/angles/angles -DCMAKE_INSTALL_PREFIX=/ros2_ws/install/angles
[64.686s] DEBUG:colcon.colcon_core.event_handler.log_command:Invoking command in '/ros2_ws/build/angles': CMAKE_PREFIX_PATH=/opt/ros/humble /usr/bin/cmake --build /ros2_ws/build/angles -- -j4 -l4
[87.722s] DEBUG:colcon.colcon_core.event_handler.log_command:Invoked command in '/ros2_ws/build/angles' returned '0': CMAKE_PREFIX_PATH=/opt/ros/humble /usr/bin/cmake --build /ros2_ws/build/angles -- -j4 -l4
[87.727s] DEBUG:colcon.colcon_core.event_handler.log_command:Invoking command in '/ros2_ws/build/angles': CMAKE_PREFIX_PATH=/opt/ros/humble /usr/bin/cmake --install /ros2_ws/build/angles
[87.937s] Level 1:colcon.colcon_core.environment:create_environment_scripts_only(angles)
[87.939s] Level 1:colcon.colcon_core.environment:checking '/ros2_ws/install/angles' for CMake module files
[87.940s] DEBUG:colcon.colcon_core.event_handler.log_command:Invoked command in '/ros2_ws/build/angles' returned '0': CMAKE_PREFIX_PATH=/opt/ros/humble /usr/bin/cmake --install /ros2_ws/build/angles
[87.942s] Level 1:colcon.colcon_core.environment:checking '/ros2_ws/install/angles' for CMake config files
[87.946s] Level 1:colcon.colcon_core.shell:create_environment_hook('angles', 'cmake_prefix_path')
[87.947s] INFO:colcon.colcon_core.shell:Creating environment hook '/ros2_ws/install/angles/share/angles/hook/cmake_prefix_path.ps1'
[87.949s] INFO:colcon.colcon_core.shell:Creating environment descriptor '/ros2_ws/install/angles/share/angles/hook/cmake_prefix_path.dsv'
[87.951s] INFO:colcon.colcon_core.shell:Creating environment hook '/ros2_ws/install/angles/share/angles/hook/cmake_prefix_path.sh'
[87.953s] Level 1:colcon.colcon_core.environment:checking '/ros2_ws/install/angles/bin'
[87.954s] Level 1:colcon.colcon_core.environment:checking '/ros2_ws/install/angles/lib/pkgconfig/angles.pc'
[87.955s] Level 1:colcon.colcon_core.environment:checking '/ros2_ws/install/angles/lib/python3.10/site-packages'
[87.957s] Level 1:colcon.colcon_core.environment:checking '/ros2_ws/install/angles/bin'
[87.959s] INFO:colcon.colcon_core.shell:Creating package script '/ros2_ws/install/angles/share/angles/package.ps1'
[87.962s] INFO:colcon.colcon_core.shell:Creating package descriptor '/ros2_ws/install/angles/share/angles/package.dsv'
[87.964s] INFO:colcon.colcon_core.shell:Creating package script '/ros2_ws/install/angles/share/angles/package.sh'
[87.966s] INFO:colcon.colcon_core.shell:Creating package script '/ros2_ws/install/angles/share/angles/package.bash'
[87.967s] INFO:colcon.colcon_core.shell:Creating package script '/ros2_ws/install/angles/share/angles/package.zsh'
[87.969s] Level 1:colcon.colcon_core.environment:create_file_with_runtime_dependencies(/ros2_ws/install/angles/share/colcon-core/packages/angles)
[87.972s] Level 1:colcon.colcon_core.environment:create_environment_scripts_only(angles)
[87.973s] Level 1:colcon.colcon_core.environment:checking '/ros2_ws/install/angles' for CMake module files
[87.976s] Level 1:colcon.colcon_core.environment:checking '/ros2_ws/install/angles' for CMake config files
[87.978s] Level 1:colcon.colcon_core.shell:create_environment_hook('angles', 'cmake_prefix_path')
[87.980s] INFO:colcon.colcon_core.shell:Creating environment hook '/ros2_ws/install/angles/share/angles/hook/cmake_prefix_path.ps1'
[87.982s] INFO:colcon.colcon_core.shell:Creating environment descriptor '/ros2_ws/install/angles/share/angles/hook/cmake_prefix_path.dsv'
[87.984s] INFO:colcon.colcon_core.shell:Creating environment hook '/ros2_ws/install/angles/share/angles/hook/cmake_prefix_path.sh'
[87.986s] Level 1:colcon.colcon_core.environment:checking '/ros2_ws/install/angles/bin'
[87.987s] Level 1:colcon.colcon_core.environment:checking '/ros2_ws/install/angles/lib/pkgconfig/angles.pc'
[87.991s] Level 1:colcon.colcon_core.environment:checking '/ros2_ws/install/angles/lib/python3.10/site-packages'
[87.993s] Level 1:colcon.colcon_core.environment:checking '/ros2_ws/install/angles/bin'
[87.995s] INFO:colcon.colcon_core.shell:Creating package script '/ros2_ws/install/angles/share/angles/package.ps1'
[87.998s] INFO:colcon.colcon_core.shell:Creating package descriptor '/ros2_ws/install/angles/share/angles/package.dsv'
[88.000s] INFO:colcon.colcon_core.shell:Creating package script '/ros2_ws/install/angles/share/angles/package.sh'
[88.002s] INFO:colcon.colcon_core.shell:Creating package script '/ros2_ws/install/angles/share/angles/package.bash'
[88.004s] INFO:colcon.colcon_core.shell:Creating package script '/ros2_ws/install/angles/share/angles/package.zsh'
[88.006s] Level 1:colcon.colcon_core.environment:create_file_with_runtime_dependencies(/ros2_ws/install/angles/share/colcon-core/packages/angles)
[233.637s] DEBUG:colcon.colcon_core.event_handler.log_command:Invoked command in '/ros2_ws/build/rosapi_msgs' returned '0': CMAKE_PREFIX_PATH=/opt/ros/humble /usr/bin/cmake --build /ros2_ws/build/rosapi_msgs -- -j4 -l4
[233.642s] DEBUG:colcon.colcon_core.event_handler.log_command:Invoking command in '/ros2_ws/build/rosapi_msgs': CMAKE_PREFIX_PATH=/opt/ros/humble /usr/bin/cmake --install /ros2_ws/build/rosapi_msgs
[234.411s] Level 1:colcon.colcon_core.environment:create_environment_scripts_only(rosapi_msgs)
[234.412s] Level 1:colcon.colcon_core.environment:checking '/ros2_ws/install/rosapi_msgs' for CMake module files
[234.414s] DEBUG:colcon.colcon_core.event_handler.log_command:Invoked command in '/ros2_ws/build/rosapi_msgs' returned '0': CMAKE_PREFIX_PATH=/opt/ros/humble /usr/bin/cmake --install /ros2_ws/build/rosapi_msgs
[234.416s] Level 1:colcon.colcon_core.environment:checking '/ros2_ws/install/rosapi_msgs' for CMake config files
[234.424s] Level 1:colcon.colcon_core.shell:create_environment_hook('rosapi_msgs', 'cmake_prefix_path')
[234.425s] INFO:colcon.colcon_core.shell:Creating environment hook '/ros2_ws/install/rosapi_msgs/share/rosapi_msgs/hook/cmake_prefix_path.ps1'
[234.427s] INFO:colcon.colcon_core.shell:Creating environment descriptor '/ros2_ws/install/rosapi_msgs/share/rosapi_msgs/hook/cmake_prefix_path.dsv'
[234.428s] INFO:colcon.colcon_core.shell:Creating environment hook '/ros2_ws/install/rosapi_msgs/share/rosapi_msgs/hook/cmake_prefix_path.sh'
[234.432s] Level 1:colcon.colcon_core.environment:checking '/ros2_ws/install/rosapi_msgs/lib'
[234.433s] Level 1:colcon.colcon_core.shell:create_environment_hook('rosapi_msgs', 'ld_library_path_lib')
[234.434s] INFO:colcon.colcon_core.shell:Creating environment hook '/ros2_ws/install/rosapi_msgs/share/rosapi_msgs/hook/ld_library_path_lib.ps1'
[234.437s] INFO:colcon.colcon_core.shell:Creating environment descriptor '/ros2_ws/install/rosapi_msgs/share/rosapi_msgs/hook/ld_library_path_lib.dsv'
[234.439s] INFO:colcon.colcon_core.shell:Creating environment hook '/ros2_ws/install/rosapi_msgs/share/rosapi_msgs/hook/ld_library_path_lib.sh'
[234.440s] Level 1:colcon.colcon_core.environment:checking '/ros2_ws/install/rosapi_msgs/bin'
[234.441s] Level 1:colcon.colcon_core.environment:checking '/ros2_ws/install/rosapi_msgs/lib/pkgconfig/rosapi_msgs.pc'
[234.442s] Level 1:colcon.colcon_core.environment:checking '/ros2_ws/install/rosapi_msgs/lib/python3.10/site-packages'
[234.444s] Level 1:colcon.colcon_core.environment:checking '/ros2_ws/install/rosapi_msgs/bin'
[234.446s] INFO:colcon.colcon_core.shell:Creating package script '/ros2_ws/install/rosapi_msgs/share/rosapi_msgs/package.ps1'
[234.449s] INFO:colcon.colcon_core.shell:Creating package descriptor '/ros2_ws/install/rosapi_msgs/share/rosapi_msgs/package.dsv'
[234.451s] INFO:colcon.colcon_core.shell:Creating package script '/ros2_ws/install/rosapi_msgs/share/rosapi_msgs/package.sh'
[234.453s] INFO:colcon.colcon_core.shell:Creating package script '/ros2_ws/install/rosapi_msgs/share/rosapi_msgs/package.bash'
[234.456s] INFO:colcon.colcon_core.shell:Creating package script '/ros2_ws/install/rosapi_msgs/share/rosapi_msgs/package.zsh'
[234.458s] Level 1:colcon.colcon_core.environment:create_file_with_runtime_dependencies(/ros2_ws/install/rosapi_msgs/share/colcon-core/packages/rosapi_msgs)
[234.461s] Level 1:colcon.colcon_core.environment:create_environment_scripts_only(rosapi_msgs)
[234.462s] Level 1:colcon.colcon_core.environment:checking '/ros2_ws/install/rosapi_msgs' for CMake module files
[234.466s] Level 1:colcon.colcon_core.environment:checking '/ros2_ws/install/rosapi_msgs' for CMake config files
[234.474s] Level 1:colcon.colcon_core.shell:create_environment_hook('rosapi_msgs', 'cmake_prefix_path')
[234.475s] INFO:colcon.colcon_core.shell:Creating environment hook '/ros2_ws/install/rosapi_msgs/share/rosapi_msgs/hook/cmake_prefix_path.ps1'
[234.477s] INFO:colcon.colcon_core.shell:Creating environment descriptor '/ros2_ws/install/rosapi_msgs/share/rosapi_msgs/hook/cmake_prefix_path.dsv'
[234.479s] INFO:colcon.colcon_core.shell:Creating environment hook '/ros2_ws/install/rosapi_msgs/share/rosapi_msgs/hook/cmake_prefix_path.sh'
[234.481s] Level 1:colcon.colcon_core.environment:checking '/ros2_ws/install/rosapi_msgs/lib'
[234.482s] Level 1:colcon.colcon_core.shell:create_environment_hook('rosapi_msgs', 'ld_library_path_lib')
[234.483s] INFO:colcon.colcon_core.shell:Creating environment hook '/ros2_ws/install/rosapi_msgs/share/rosapi_msgs/hook/ld_library_path_lib.ps1'
[234.485s] INFO:colcon.colcon_core.shell:Creating environment descriptor '/ros2_ws/install/rosapi_msgs/share/rosapi_msgs/hook/ld_library_path_lib.dsv'
[234.486s] INFO:colcon.colcon_core.shell:Creating environment hook '/ros2_ws/install/rosapi_msgs/share/rosapi_msgs/hook/ld_library_path_lib.sh'
[234.488s] Level 1:colcon.colcon_core.environment:checking '/ros2_ws/install/rosapi_msgs/bin'
[234.489s] Level 1:colcon.colcon_core.environment:checking '/ros2_ws/install/rosapi_msgs/lib/pkgconfig/rosapi_msgs.pc'
[234.490s] Level 1:colcon.colcon_core.environment:checking '/ros2_ws/install/rosapi_msgs/lib/python3.10/site-packages'
[234.491s] Level 1:colcon.colcon_core.environment:checking '/ros2_ws/install/rosapi_msgs/bin'
[234.493s] INFO:colcon.colcon_core.shell:Creating package script '/ros2_ws/install/rosapi_msgs/share/rosapi_msgs/package.ps1'
[234.496s] INFO:colcon.colcon_core.shell:Creating package descriptor '/ros2_ws/install/rosapi_msgs/share/rosapi_msgs/package.dsv'
[234.499s] INFO:colcon.colcon_core.shell:Creating package script '/ros2_ws/install/rosapi_msgs/share/rosapi_msgs/package.sh'
[234.501s] INFO:colcon.colcon_core.shell:Creating package script '/ros2_ws/install/rosapi_msgs/share/rosapi_msgs/package.bash'
[234.503s] INFO:colcon.colcon_core.shell:Creating package script '/ros2_ws/install/rosapi_msgs/share/rosapi_msgs/package.zsh'
[234.504s] Level 1:colcon.colcon_core.environment:create_file_with_runtime_dependencies(/ros2_ws/install/rosapi_msgs/share/colcon-core/packages/rosapi_msgs)
[240.666s] DEBUG:colcon.colcon_core.event_handler.log_command:Invoked command in '/ros2_ws/build/std_msgs' returned '0': CMAKE_PREFIX_PATH=/opt/ros/humble /usr/bin/cmake --build /ros2_ws/build/std_msgs -- -j4 -l4
[240.671s] DEBUG:colcon.colcon_core.event_handler.log_command:Invoking command in '/ros2_ws/build/std_msgs': CMAKE_PREFIX_PATH=/opt/ros/humble /usr/bin/cmake --install /ros2_ws/build/std_msgs
[241.269s] Level 1:colcon.colcon_core.environment:create_environment_scripts_only(std_msgs)
[241.271s] Level 1:colcon.colcon_core.environment:checking '/ros2_ws/install/std_msgs' for CMake module files
[241.272s] DEBUG:colcon.colcon_core.event_handler.log_command:Invoked command in '/ros2_ws/build/std_msgs' returned '0': CMAKE_PREFIX_PATH=/opt/ros/humble /usr/bin/cmake --install /ros2_ws/build/std_msgs
[241.275s] Level 1:colcon.colcon_core.environment:checking '/ros2_ws/install/std_msgs' for CMake config files
[241.281s] Level 1:colcon.colcon_core.shell:create_environment_hook('std_msgs', 'cmake_prefix_path')
[241.283s] INFO:colcon.colcon_core.shell:Creating environment hook '/ros2_ws/install/std_msgs/share/std_msgs/hook/cmake_prefix_path.ps1'
[241.284s] INFO:colcon.colcon_core.shell:Creating environment descriptor '/ros2_ws/install/std_msgs/share/std_msgs/hook/cmake_prefix_path.dsv'
[241.285s] INFO:colcon.colcon_core.shell:Creating environment hook '/ros2_ws/install/std_msgs/share/std_msgs/hook/cmake_prefix_path.sh'
[241.287s] Level 1:colcon.colcon_core.environment:checking '/ros2_ws/install/std_msgs/lib'
[241.288s] Level 1:colcon.colcon_core.shell:create_environment_hook('std_msgs', 'ld_library_path_lib')
[241.289s] INFO:colcon.colcon_core.shell:Creating environment hook '/ros2_ws/install/std_msgs/share/std_msgs/hook/ld_library_path_lib.ps1'
[241.290s] INFO:colcon.colcon_core.shell:Creating environment descriptor '/ros2_ws/install/std_msgs/share/std_msgs/hook/ld_library_path_lib.dsv'
[241.291s] INFO:colcon.colcon_core.shell:Creating environment hook '/ros2_ws/install/std_msgs/share/std_msgs/hook/ld_library_path_lib.sh'
[241.292s] Level 1:colcon.colcon_core.environment:checking '/ros2_ws/install/std_msgs/bin'
[241.293s] Level 1:colcon.colcon_core.environment:checking '/ros2_ws/install/std_msgs/lib/pkgconfig/std_msgs.pc'
[241.294s] Level 1:colcon.colcon_core.environment:checking '/ros2_ws/install/std_msgs/lib/python3.10/site-packages'
[241.295s] Level 1:colcon.colcon_core.environment:checking '/ros2_ws/install/std_msgs/bin'
[241.297s] INFO:colcon.colcon_core.shell:Creating package script '/ros2_ws/install/std_msgs/share/std_msgs/package.ps1'
[241.299s] INFO:colcon.colcon_core.shell:Creating package descriptor '/ros2_ws/install/std_msgs/share/std_msgs/package.dsv'
[241.301s] INFO:colcon.colcon_core.shell:Creating package script '/ros2_ws/install/std_msgs/share/std_msgs/package.sh'
[241.302s] INFO:colcon.colcon_core.shell:Creating package script '/ros2_ws/install/std_msgs/share/std_msgs/package.bash'
[241.304s] INFO:colcon.colcon_core.shell:Creating package script '/ros2_ws/install/std_msgs/share/std_msgs/package.zsh'
[241.305s] Level 1:colcon.colcon_core.environment:create_file_with_runtime_dependencies(/ros2_ws/install/std_msgs/share/colcon-core/packages/std_msgs)
[241.308s] Level 1:colcon.colcon_core.environment:create_environment_scripts_only(std_msgs)
[241.309s] Level 1:colcon.colcon_core.environment:checking '/ros2_ws/install/std_msgs' for CMake module files
[241.312s] Level 1:colcon.colcon_core.environment:checking '/ros2_ws/install/std_msgs' for CMake config files
[241.319s] Level 1:colcon.colcon_core.shell:create_environment_hook('std_msgs', 'cmake_prefix_path')
[241.320s] INFO:colcon.colcon_core.shell:Creating environment hook '/ros2_ws/install/std_msgs/share/std_msgs/hook/cmake_prefix_path.ps1'
[241.322s] INFO:colcon.colcon_core.shell:Creating environment descriptor '/ros2_ws/install/std_msgs/share/std_msgs/hook/cmake_prefix_path.dsv'
[241.323s] INFO:colcon.colcon_core.shell:Creating environment hook '/ros2_ws/install/std_msgs/share/std_msgs/hook/cmake_prefix_path.sh'
[241.325s] Level 1:colcon.colcon_core.environment:checking '/ros2_ws/install/std_msgs/lib'
[241.325s] Level 1:colcon.colcon_core.shell:create_environment_hook('std_msgs', 'ld_library_path_lib')
[241.326s] INFO:colcon.colcon_core.shell:Creating environment hook '/ros2_ws/install/std_msgs/share/std_msgs/hook/ld_library_path_lib.ps1'
[241.328s] INFO:colcon.colcon_core.shell:Creating environment descriptor '/ros2_ws/install/std_msgs/share/std_msgs/hook/ld_library_path_lib.dsv'
[241.329s] INFO:colcon.colcon_core.shell:Creating environment hook '/ros2_ws/install/std_msgs/share/std_msgs/hook/ld_library_path_lib.sh'
[241.330s] Level 1:colcon.colcon_core.environment:checking '/ros2_ws/install/std_msgs/bin'
[241.330s] Level 1:colcon.colcon_core.environment:checking '/ros2_ws/install/std_msgs/lib/pkgconfig/std_msgs.pc'
[241.331s] Level 1:colcon.colcon_core.environment:checking '/ros2_ws/install/std_msgs/lib/python3.10/site-packages'
[241.333s] Level 1:colcon.colcon_core.environment:checking '/ros2_ws/install/std_msgs/bin'
[241.334s] INFO:colcon.colcon_core.shell:Creating package script '/ros2_ws/install/std_msgs/share/std_msgs/package.ps1'
[241.337s] INFO:colcon.colcon_core.shell:Creating package descriptor '/ros2_ws/install/std_msgs/share/std_msgs/package.dsv'
[241.339s] INFO:colcon.colcon_core.shell:Creating package script '/ros2_ws/install/std_msgs/share/std_msgs/package.sh'
[241.341s] INFO:colcon.colcon_core.shell:Creating package script '/ros2_ws/install/std_msgs/share/std_msgs/package.bash'
[241.342s] INFO:colcon.colcon_core.shell:Creating package script '/ros2_ws/install/std_msgs/share/std_msgs/package.zsh'
[241.344s] Level 1:colcon.colcon_core.environment:create_file_with_runtime_dependencies(/ros2_ws/install/std_msgs/share/colcon-core/packages/std_msgs)
[241.345s] INFO:colcon.colcon_ros.task.ament_cmake.build:Building ROS package in '/ros2_ws/src/common_interfaces/geometry_msgs' with build type 'ament_cmake'
[241.346s] INFO:colcon.colcon_cmake.task.cmake.build:Building CMake package in '/ros2_ws/src/common_interfaces/geometry_msgs'
[241.347s] INFO:colcon.colcon_core.shell:Skip shell extension 'powershell' for command environment: Not usable outside of PowerShell
[241.347s] DEBUG:colcon.colcon_core.shell:Skip shell extension 'dsv' for command environment
[241.357s] INFO:colcon.colcon_ros.task.ament_cmake.build:Building ROS package in '/ros2_ws/src/common_interfaces/actionlib_msgs' with build type 'ament_cmake'
[241.358s] INFO:colcon.colcon_cmake.task.cmake.build:Building CMake package in '/ros2_ws/src/common_interfaces/actionlib_msgs'
[241.359s] INFO:colcon.colcon_core.shell:Skip shell extension 'powershell' for command environment: Not usable outside of PowerShell
[241.359s] DEBUG:colcon.colcon_core.shell:Skip shell extension 'dsv' for command environment
[241.380s] DEBUG:colcon.colcon_core.event_handler.log_command:Invoking command in '/ros2_ws/build/geometry_msgs': AMENT_PREFIX_PATH=/ros2_ws/install/std_msgs:${AMENT_PREFIX_PATH} CMAKE_PREFIX_PATH=/ros2_ws/install/std_msgs:/opt/ros/humble LD_LIBRARY_PATH=/ros2_ws/install/std_msgs/lib:${LD_LIBRARY_PATH} PYTHONPATH=/ros2_ws/install/std_msgs/local/lib/python3.10/dist-packages:${PYTHONPATH} /usr/bin/cmake /ros2_ws/src/common_interfaces/geometry_msgs -DCMAKE_INSTALL_PREFIX=/ros2_ws/install/geometry_msgs
[241.389s] DEBUG:colcon.colcon_core.event_handler.log_command:Invoking command in '/ros2_ws/build/actionlib_msgs': AMENT_PREFIX_PATH=/ros2_ws/install/std_msgs:${AMENT_PREFIX_PATH} CMAKE_PREFIX_PATH=/ros2_ws/install/std_msgs:/opt/ros/humble LD_LIBRARY_PATH=/ros2_ws/install/std_msgs/lib:${LD_LIBRARY_PATH} PYTHONPATH=/ros2_ws/install/std_msgs/local/lib/python3.10/dist-packages:${PYTHONPATH} /usr/bin/cmake /ros2_ws/src/common_interfaces/actionlib_msgs -DCMAKE_INSTALL_PREFIX=/ros2_ws/install/actionlib_msgs
[247.939s] DEBUG:colcon.colcon_core.event_handler.log_command:Invoked command in '/ros2_ws/build/actionlib_msgs' returned '0': AMENT_PREFIX_PATH=/ros2_ws/install/std_msgs:${AMENT_PREFIX_PATH} CMAKE_PREFIX_PATH=/ros2_ws/install/std_msgs:/opt/ros/humble LD_LIBRARY_PATH=/ros2_ws/install/std_msgs/lib:${LD_LIBRARY_PATH} PYTHONPATH=/ros2_ws/install/std_msgs/local/lib/python3.10/dist-packages:${PYTHONPATH} /usr/bin/cmake /ros2_ws/src/common_interfaces/actionlib_msgs -DCMAKE_INSTALL_PREFIX=/ros2_ws/install/actionlib_msgs
[247.943s] DEBUG:colcon.colcon_core.event_handler.log_command:Invoking command in '/ros2_ws/build/actionlib_msgs': AMENT_PREFIX_PATH=/ros2_ws/install/std_msgs:${AMENT_PREFIX_PATH} CMAKE_PREFIX_PATH=/ros2_ws/install/std_msgs:/opt/ros/humble LD_LIBRARY_PATH=/ros2_ws/install/std_msgs/lib:${LD_LIBRARY_PATH} PYTHONPATH=/ros2_ws/install/std_msgs/local/lib/python3.10/dist-packages:${PYTHONPATH} /usr/bin/cmake --build /ros2_ws/build/actionlib_msgs -- -j4 -l4
[249.071s] DEBUG:colcon.colcon_core.event_handler.log_command:Invoked command in '/ros2_ws/build/geometry_msgs' returned '0': AMENT_PREFIX_PATH=/ros2_ws/install/std_msgs:${AMENT_PREFIX_PATH} CMAKE_PREFIX_PATH=/ros2_ws/install/std_msgs:/opt/ros/humble LD_LIBRARY_PATH=/ros2_ws/install/std_msgs/lib:${LD_LIBRARY_PATH} PYTHONPATH=/ros2_ws/install/std_msgs/local/lib/python3.10/dist-packages:${PYTHONPATH} /usr/bin/cmake /ros2_ws/src/common_interfaces/geometry_msgs -DCMAKE_INSTALL_PREFIX=/ros2_ws/install/geometry_msgs
[249.072s] DEBUG:colcon.colcon_core.event_handler.log_command:Invoking command in '/ros2_ws/build/geometry_msgs': AMENT_PREFIX_PATH=/ros2_ws/install/std_msgs:${AMENT_PREFIX_PATH} CMAKE_PREFIX_PATH=/ros2_ws/install/std_msgs:/opt/ros/humble LD_LIBRARY_PATH=/ros2_ws/install/std_msgs/lib:${LD_LIBRARY_PATH} PYTHONPATH=/ros2_ws/install/std_msgs/local/lib/python3.10/dist-packages:${PYTHONPATH} /usr/bin/cmake --build /ros2_ws/build/geometry_msgs -- -j4 -l4
[286.656s] DEBUG:colcon.colcon_core.event_handler.log_command:Invoked command in '/ros2_ws/build/actionlib_msgs' returned '0': AMENT_PREFIX_PATH=/ros2_ws/install/std_msgs:${AMENT_PREFIX_PATH} CMAKE_PREFIX_PATH=/ros2_ws/install/std_msgs:/opt/ros/humble LD_LIBRARY_PATH=/ros2_ws/install/std_msgs/lib:${LD_LIBRARY_PATH} PYTHONPATH=/ros2_ws/install/std_msgs/local/lib/python3.10/dist-packages:${PYTHONPATH} /usr/bin/cmake --build /ros2_ws/build/actionlib_msgs -- -j4 -l4
[286.657s] DEBUG:colcon.colcon_core.event_handler.log_command:Invoking command in '/ros2_ws/build/actionlib_msgs': AMENT_PREFIX_PATH=/ros2_ws/install/std_msgs:${AMENT_PREFIX_PATH} CMAKE_PREFIX_PATH=/ros2_ws/install/std_msgs:/opt/ros/humble LD_LIBRARY_PATH=/ros2_ws/install/std_msgs/lib:${LD_LIBRARY_PATH} PYTHONPATH=/ros2_ws/install/std_msgs/local/lib/python3.10/dist-packages:${PYTHONPATH} /usr/bin/cmake --install /ros2_ws/build/actionlib_msgs
[287.147s] Level 1:colcon.colcon_core.environment:create_environment_scripts_only(actionlib_msgs)
[287.148s] Level 1:colcon.colcon_core.environment:checking '/ros2_ws/install/actionlib_msgs' for CMake module files
[287.152s] Level 1:colcon.colcon_core.environment:checking '/ros2_ws/install/actionlib_msgs' for CMake config files
[287.155s] DEBUG:colcon.colcon_core.event_handler.log_command:Invoked command in '/ros2_ws/build/actionlib_msgs' returned '0': AMENT_PREFIX_PATH=/ros2_ws/install/std_msgs:${AMENT_PREFIX_PATH} CMAKE_PREFIX_PATH=/ros2_ws/install/std_msgs:/opt/ros/humble LD_LIBRARY_PATH=/ros2_ws/install/std_msgs/lib:${LD_LIBRARY_PATH} PYTHONPATH=/ros2_ws/install/std_msgs/local/lib/python3.10/dist-packages:${PYTHONPATH} /usr/bin/cmake --install /ros2_ws/build/actionlib_msgs
[287.158s] Level 1:colcon.colcon_core.shell:create_environment_hook('actionlib_msgs', 'cmake_prefix_path')
[287.159s] INFO:colcon.colcon_core.shell:Creating environment hook '/ros2_ws/install/actionlib_msgs/share/actionlib_msgs/hook/cmake_prefix_path.ps1'
[287.161s] INFO:colcon.colcon_core.shell:Creating environment descriptor '/ros2_ws/install/actionlib_msgs/share/actionlib_msgs/hook/cmake_prefix_path.dsv'
[287.163s] INFO:colcon.colcon_core.shell:Creating environment hook '/ros2_ws/install/actionlib_msgs/share/actionlib_msgs/hook/cmake_prefix_path.sh'
[287.165s] Level 1:colcon.colcon_core.environment:checking '/ros2_ws/install/actionlib_msgs/lib'
[287.166s] Level 1:colcon.colcon_core.shell:create_environment_hook('actionlib_msgs', 'ld_library_path_lib')
[287.167s] INFO:colcon.colcon_core.shell:Creating environment hook '/ros2_ws/install/actionlib_msgs/share/actionlib_msgs/hook/ld_library_path_lib.ps1'
[287.169s] INFO:colcon.colcon_core.shell:Creating environment descriptor '/ros2_ws/install/actionlib_msgs/share/actionlib_msgs/hook/ld_library_path_lib.dsv'
[287.171s] INFO:colcon.colcon_core.shell:Creating environment hook '/ros2_ws/install/actionlib_msgs/share/actionlib_msgs/hook/ld_library_path_lib.sh'
[287.173s] Level 1:colcon.colcon_core.environment:checking '/ros2_ws/install/actionlib_msgs/bin'
[287.174s] Level 1:colcon.colcon_core.environment:checking '/ros2_ws/install/actionlib_msgs/lib/pkgconfig/actionlib_msgs.pc'
[287.175s] Level 1:colcon.colcon_core.environment:checking '/ros2_ws/install/actionlib_msgs/lib/python3.10/site-packages'
[287.177s] Level 1:colcon.colcon_core.environment:checking '/ros2_ws/install/actionlib_msgs/bin'
[287.179s] INFO:colcon.colcon_core.shell:Creating package script '/ros2_ws/install/actionlib_msgs/share/actionlib_msgs/package.ps1'
[287.182s] INFO:colcon.colcon_core.shell:Creating package descriptor '/ros2_ws/install/actionlib_msgs/share/actionlib_msgs/package.dsv'
[287.184s] INFO:colcon.colcon_core.shell:Creating package script '/ros2_ws/install/actionlib_msgs/share/actionlib_msgs/package.sh'
[287.199s] INFO:colcon.colcon_core.shell:Creating package script '/ros2_ws/install/actionlib_msgs/share/actionlib_msgs/package.bash'
[287.201s] INFO:colcon.colcon_core.shell:Creating package script '/ros2_ws/install/actionlib_msgs/share/actionlib_msgs/package.zsh'
[287.203s] Level 1:colcon.colcon_core.environment:create_file_with_runtime_dependencies(/ros2_ws/install/actionlib_msgs/share/colcon-core/packages/actionlib_msgs)
[287.206s] Level 1:colcon.colcon_core.environment:create_environment_scripts_only(actionlib_msgs)
[287.207s] Level 1:colcon.colcon_core.environment:checking '/ros2_ws/install/actionlib_msgs' for CMake module files
[287.223s] Level 1:colcon.colcon_core.environment:checking '/ros2_ws/install/actionlib_msgs' for CMake config files
[287.227s] Level 1:colcon.colcon_core.shell:create_environment_hook('actionlib_msgs', 'cmake_prefix_path')
[287.228s] INFO:colcon.colcon_core.shell:Creating environment hook '/ros2_ws/install/actionlib_msgs/share/actionlib_msgs/hook/cmake_prefix_path.ps1'
[287.231s] INFO:colcon.colcon_core.shell:Creating environment descriptor '/ros2_ws/install/actionlib_msgs/share/actionlib_msgs/hook/cmake_prefix_path.dsv'
[287.235s] INFO:colcon.colcon_core.shell:Creating environment hook '/ros2_ws/install/actionlib_msgs/share/actionlib_msgs/hook/cmake_prefix_path.sh'
[287.238s] Level 1:colcon.colcon_core.environment:checking '/ros2_ws/install/actionlib_msgs/lib'
[287.238s] Level 1:colcon.colcon_core.shell:create_environment_hook('actionlib_msgs', 'ld_library_path_lib')
[287.240s] INFO:colcon.colcon_core.shell:Creating environment hook '/ros2_ws/install/actionlib_msgs/share/actionlib_msgs/hook/ld_library_path_lib.ps1'
[287.242s] INFO:colcon.colcon_core.shell:Creating environment descriptor '/ros2_ws/install/actionlib_msgs/share/actionlib_msgs/hook/ld_library_path_lib.dsv'
[287.243s] INFO:colcon.colcon_core.shell:Creating environment hook '/ros2_ws/install/actionlib_msgs/share/actionlib_msgs/hook/ld_library_path_lib.sh'
[287.245s] Level 1:colcon.colcon_core.environment:checking '/ros2_ws/install/actionlib_msgs/bin'
[287.246s] Level 1:colcon.colcon_core.environment:checking '/ros2_ws/install/actionlib_msgs/lib/pkgconfig/actionlib_msgs.pc'
[287.247s] Level 1:colcon.colcon_core.environment:checking '/ros2_ws/install/actionlib_msgs/lib/python3.10/site-packages'
[287.249s] Level 1:colcon.colcon_core.environment:checking '/ros2_ws/install/actionlib_msgs/bin'
[287.263s] INFO:colcon.colcon_core.shell:Creating package script '/ros2_ws/install/actionlib_msgs/share/actionlib_msgs/package.ps1'
[287.267s] INFO:colcon.colcon_core.shell:Creating package descriptor '/ros2_ws/install/actionlib_msgs/share/actionlib_msgs/package.dsv'
[287.269s] INFO:colcon.colcon_core.shell:Creating package script '/ros2_ws/install/actionlib_msgs/share/actionlib_msgs/package.sh'
[287.272s] INFO:colcon.colcon_core.shell:Creating package script '/ros2_ws/install/actionlib_msgs/share/actionlib_msgs/package.bash'
[287.274s] INFO:colcon.colcon_core.shell:Creating package script '/ros2_ws/install/actionlib_msgs/share/actionlib_msgs/package.zsh'
[287.288s] Level 1:colcon.colcon_core.environment:create_file_with_runtime_dependencies(/ros2_ws/install/actionlib_msgs/share/colcon-core/packages/actionlib_msgs)
[367.567s] DEBUG:colcon.colcon_core.event_handler.log_command:Invoked command in '/ros2_ws/build/geometry_msgs' returned '0': AMENT_PREFIX_PATH=/ros2_ws/install/std_msgs:${AMENT_PREFIX_PATH} CMAKE_PREFIX_PATH=/ros2_ws/install/std_msgs:/opt/ros/humble LD_LIBRARY_PATH=/ros2_ws/install/std_msgs/lib:${LD_LIBRARY_PATH} PYTHONPATH=/ros2_ws/install/std_msgs/local/lib/python3.10/dist-packages:${PYTHONPATH} /usr/bin/cmake --build /ros2_ws/build/geometry_msgs -- -j4 -l4
[367.573s] DEBUG:colcon.colcon_core.event_handler.log_command:Invoking command in '/ros2_ws/build/geometry_msgs': AMENT_PREFIX_PATH=/ros2_ws/install/std_msgs:${AMENT_PREFIX_PATH} CMAKE_PREFIX_PATH=/ros2_ws/install/std_msgs:/opt/ros/humble LD_LIBRARY_PATH=/ros2_ws/install/std_msgs/lib:${LD_LIBRARY_PATH} PYTHONPATH=/ros2_ws/install/std_msgs/local/lib/python3.10/dist-packages:${PYTHONPATH} /usr/bin/cmake --install /ros2_ws/build/geometry_msgs
[368.208s] Level 1:colcon.colcon_core.environment:create_environment_scripts_only(geometry_msgs)
[368.210s] Level 1:colcon.colcon_core.environment:checking '/ros2_ws/install/geometry_msgs' for CMake module files
[368.211s] DEBUG:colcon.colcon_core.event_handler.log_command:Invoked command in '/ros2_ws/build/geometry_msgs' returned '0': AMENT_PREFIX_PATH=/ros2_ws/install/std_msgs:${AMENT_PREFIX_PATH} CMAKE_PREFIX_PATH=/ros2_ws/install/std_msgs:/opt/ros/humble LD_LIBRARY_PATH=/ros2_ws/install/std_msgs/lib:${LD_LIBRARY_PATH} PYTHONPATH=/ros2_ws/install/std_msgs/local/lib/python3.10/dist-packages:${PYTHONPATH} /usr/bin/cmake --install /ros2_ws/build/geometry_msgs
[368.214s] Level 1:colcon.colcon_core.environment:checking '/ros2_ws/install/geometry_msgs' for CMake config files
[368.220s] Level 1:colcon.colcon_core.shell:create_environment_hook('geometry_msgs', 'cmake_prefix_path')
[368.221s] INFO:colcon.colcon_core.shell:Creating environment hook '/ros2_ws/install/geometry_msgs/share/geometry_msgs/hook/cmake_prefix_path.ps1'
[368.223s] INFO:colcon.colcon_core.shell:Creating environment descriptor '/ros2_ws/install/geometry_msgs/share/geometry_msgs/hook/cmake_prefix_path.dsv'
[368.224s] INFO:colcon.colcon_core.shell:Creating environment hook '/ros2_ws/install/geometry_msgs/share/geometry_msgs/hook/cmake_prefix_path.sh'
[368.226s] Level 1:colcon.colcon_core.environment:checking '/ros2_ws/install/geometry_msgs/lib'
[368.226s] Level 1:colcon.colcon_core.shell:create_environment_hook('geometry_msgs', 'ld_library_path_lib')
[368.227s] INFO:colcon.colcon_core.shell:Creating environment hook '/ros2_ws/install/geometry_msgs/share/geometry_msgs/hook/ld_library_path_lib.ps1'
[368.228s] INFO:colcon.colcon_core.shell:Creating environment descriptor '/ros2_ws/install/geometry_msgs/share/geometry_msgs/hook/ld_library_path_lib.dsv'
[368.230s] INFO:colcon.colcon_core.shell:Creating environment hook '/ros2_ws/install/geometry_msgs/share/geometry_msgs/hook/ld_library_path_lib.sh'
[368.231s] Level 1:colcon.colcon_core.environment:checking '/ros2_ws/install/geometry_msgs/bin'
[368.231s] Level 1:colcon.colcon_core.environment:checking '/ros2_ws/install/geometry_msgs/lib/pkgconfig/geometry_msgs.pc'
[368.232s] Level 1:colcon.colcon_core.environment:checking '/ros2_ws/install/geometry_msgs/lib/python3.10/site-packages'
[368.234s] Level 1:colcon.colcon_core.environment:checking '/ros2_ws/install/geometry_msgs/bin'
[368.235s] INFO:colcon.colcon_core.shell:Creating package script '/ros2_ws/install/geometry_msgs/share/geometry_msgs/package.ps1'
[368.237s] INFO:colcon.colcon_core.shell:Creating package descriptor '/ros2_ws/install/geometry_msgs/share/geometry_msgs/package.dsv'
[368.240s] INFO:colcon.colcon_core.shell:Creating package script '/ros2_ws/install/geometry_msgs/share/geometry_msgs/package.sh'
[368.242s] INFO:colcon.colcon_core.shell:Creating package script '/ros2_ws/install/geometry_msgs/share/geometry_msgs/package.bash'
[368.243s] INFO:colcon.colcon_core.shell:Creating package script '/ros2_ws/install/geometry_msgs/share/geometry_msgs/package.zsh'
[368.244s] Level 1:colcon.colcon_core.environment:create_file_with_runtime_dependencies(/ros2_ws/install/geometry_msgs/share/colcon-core/packages/geometry_msgs)
[368.247s] Level 1:colcon.colcon_core.environment:create_environment_scripts_only(geometry_msgs)
[368.248s] Level 1:colcon.colcon_core.environment:checking '/ros2_ws/install/geometry_msgs' for CMake module files
[368.252s] Level 1:colcon.colcon_core.environment:checking '/ros2_ws/install/geometry_msgs' for CMake config files
[368.258s] Level 1:colcon.colcon_core.shell:create_environment_hook('geometry_msgs', 'cmake_prefix_path')
[368.259s] INFO:colcon.colcon_core.shell:Creating environment hook '/ros2_ws/install/geometry_msgs/share/geometry_msgs/hook/cmake_prefix_path.ps1'
[368.261s] INFO:colcon.colcon_core.shell:Creating environment descriptor '/ros2_ws/install/geometry_msgs/share/geometry_msgs/hook/cmake_prefix_path.dsv'
[368.262s] INFO:colcon.colcon_core.shell:Creating environment hook '/ros2_ws/install/geometry_msgs/share/geometry_msgs/hook/cmake_prefix_path.sh'
[368.264s] Level 1:colcon.colcon_core.environment:checking '/ros2_ws/install/geometry_msgs/lib'
[368.264s] Level 1:colcon.colcon_core.shell:create_environment_hook('geometry_msgs', 'ld_library_path_lib')
[368.265s] INFO:colcon.colcon_core.shell:Creating environment hook '/ros2_ws/install/geometry_msgs/share/geometry_msgs/hook/ld_library_path_lib.ps1'
[368.267s] INFO:colcon.colcon_core.shell:Creating environment descriptor '/ros2_ws/install/geometry_msgs/share/geometry_msgs/hook/ld_library_path_lib.dsv'
[368.268s] INFO:colcon.colcon_core.shell:Creating environment hook '/ros2_ws/install/geometry_msgs/share/geometry_msgs/hook/ld_library_path_lib.sh'
[368.269s] Level 1:colcon.colcon_core.environment:checking '/ros2_ws/install/geometry_msgs/bin'
[368.270s] Level 1:colcon.colcon_core.environment:checking '/ros2_ws/install/geometry_msgs/lib/pkgconfig/geometry_msgs.pc'
[368.271s] Level 1:colcon.colcon_core.environment:checking '/ros2_ws/install/geometry_msgs/lib/python3.10/site-packages'
[368.272s] Level 1:colcon.colcon_core.environment:checking '/ros2_ws/install/geometry_msgs/bin'
[368.273s] INFO:colcon.colcon_core.shell:Creating package script '/ros2_ws/install/geometry_msgs/share/geometry_msgs/package.ps1'
[368.276s] INFO:colcon.colcon_core.shell:Creating package descriptor '/ros2_ws/install/geometry_msgs/share/geometry_msgs/package.dsv'
[368.278s] INFO:colcon.colcon_core.shell:Creating package script '/ros2_ws/install/geometry_msgs/share/geometry_msgs/package.sh'
[368.280s] INFO:colcon.colcon_core.shell:Creating package script '/ros2_ws/install/geometry_msgs/share/geometry_msgs/package.bash'
[368.282s] INFO:colcon.colcon_core.shell:Creating package script '/ros2_ws/install/geometry_msgs/share/geometry_msgs/package.zsh'
[368.283s] Level 1:colcon.colcon_core.environment:create_file_with_runtime_dependencies(/ros2_ws/install/geometry_msgs/share/colcon-core/packages/geometry_msgs)
[368.285s] INFO:colcon.colcon_ros.task.ament_cmake.build:Building ROS package in '/ros2_ws/src/common_interfaces/sensor_msgs' with build type 'ament_cmake'
[368.285s] INFO:colcon.colcon_cmake.task.cmake.build:Building CMake package in '/ros2_ws/src/common_interfaces/sensor_msgs'
[368.286s] INFO:colcon.colcon_core.shell:Skip shell extension 'powershell' for command environment: Not usable outside of PowerShell
[368.286s] DEBUG:colcon.colcon_core.shell:Skip shell extension 'dsv' for command environment
[368.300s] INFO:colcon.colcon_ros.task.ament_cmake.build:Building ROS package in '/ros2_ws/src/common_interfaces/diagnostic_msgs' with build type 'ament_cmake'
[368.300s] INFO:colcon.colcon_cmake.task.cmake.build:Building CMake package in '/ros2_ws/src/common_interfaces/diagnostic_msgs'
[368.302s] INFO:colcon.colcon_core.shell:Skip shell extension 'powershell' for command environment: Not usable outside of PowerShell
[368.302s] DEBUG:colcon.colcon_core.shell:Skip shell extension 'dsv' for command environment
[368.312s] INFO:colcon.colcon_ros.task.ament_cmake.build:Building ROS package in '/ros2_ws/src/common_interfaces/nav_msgs' with build type 'ament_cmake'
[368.313s] INFO:colcon.colcon_cmake.task.cmake.build:Building CMake package in '/ros2_ws/src/common_interfaces/nav_msgs'
[368.314s] INFO:colcon.colcon_core.shell:Skip shell extension 'powershell' for command environment: Not usable outside of PowerShell
[368.315s] DEBUG:colcon.colcon_core.shell:Skip shell extension 'dsv' for command environment
[368.325s] INFO:colcon.colcon_ros.task.ament_cmake.build:Building ROS package in '/ros2_ws/src/common_interfaces/visualization_msgs' with build type 'ament_cmake'
[368.326s] INFO:colcon.colcon_cmake.task.cmake.build:Building CMake package in '/ros2_ws/src/common_interfaces/visualization_msgs'
[368.327s] INFO:colcon.colcon_core.shell:Skip shell extension 'powershell' for command environment: Not usable outside of PowerShell
[368.327s] DEBUG:colcon.colcon_core.shell:Skip shell extension 'dsv' for command environment
[368.349s] DEBUG:colcon.colcon_core.event_handler.log_command:Invoking command in '/ros2_ws/build/sensor_msgs': AMENT_PREFIX_PATH=/ros2_ws/install/geometry_msgs:/ros2_ws/install/std_msgs:${AMENT_PREFIX_PATH} CMAKE_PREFIX_PATH=/ros2_ws/install/geometry_msgs:/ros2_ws/install/std_msgs:/opt/ros/humble LD_LIBRARY_PATH=/ros2_ws/install/geometry_msgs/lib:/ros2_ws/install/std_msgs/lib:${LD_LIBRARY_PATH} PYTHONPATH=/ros2_ws/install/geometry_msgs/local/lib/python3.10/dist-packages:/ros2_ws/install/std_msgs/local/lib/python3.10/dist-packages:${PYTHONPATH} /usr/bin/cmake /ros2_ws/src/common_interfaces/sensor_msgs -DCMAKE_INSTALL_PREFIX=/ros2_ws/install/sensor_msgs
[368.356s] DEBUG:colcon.colcon_core.event_handler.log_command:Invoking command in '/ros2_ws/build/diagnostic_msgs': AMENT_PREFIX_PATH=/ros2_ws/install/geometry_msgs:/ros2_ws/install/std_msgs:${AMENT_PREFIX_PATH} CMAKE_PREFIX_PATH=/ros2_ws/install/geometry_msgs:/ros2_ws/install/std_msgs:/opt/ros/humble LD_LIBRARY_PATH=/ros2_ws/install/geometry_msgs/lib:/ros2_ws/install/std_msgs/lib:${LD_LIBRARY_PATH} PYTHONPATH=/ros2_ws/install/geometry_msgs/local/lib/python3.10/dist-packages:/ros2_ws/install/std_msgs/local/lib/python3.10/dist-packages:${PYTHONPATH} /usr/bin/cmake /ros2_ws/src/common_interfaces/diagnostic_msgs -DCMAKE_INSTALL_PREFIX=/ros2_ws/install/diagnostic_msgs
[368.369s] DEBUG:colcon.colcon_core.event_handler.log_command:Invoking command in '/ros2_ws/build/nav_msgs': AMENT_PREFIX_PATH=/ros2_ws/install/geometry_msgs:/ros2_ws/install/std_msgs:${AMENT_PREFIX_PATH} CMAKE_PREFIX_PATH=/ros2_ws/install/geometry_msgs:/ros2_ws/install/std_msgs:/opt/ros/humble LD_LIBRARY_PATH=/ros2_ws/install/geometry_msgs/lib:/ros2_ws/install/std_msgs/lib:${LD_LIBRARY_PATH} PYTHONPATH=/ros2_ws/install/geometry_msgs/local/lib/python3.10/dist-packages:/ros2_ws/install/std_msgs/local/lib/python3.10/dist-packages:${PYTHONPATH} /usr/bin/cmake /ros2_ws/src/common_interfaces/nav_msgs -DCMAKE_INSTALL_PREFIX=/ros2_ws/install/nav_msgs
[368.391s] DEBUG:colcon.colcon_core.event_handler.log_command:Invoking command in '/ros2_ws/build/visualization_msgs': AMENT_PREFIX_PATH=/ros2_ws/install/geometry_msgs:/ros2_ws/install/std_msgs:${AMENT_PREFIX_PATH} CMAKE_PREFIX_PATH=/ros2_ws/install/geometry_msgs:/ros2_ws/install/std_msgs:/opt/ros/humble LD_LIBRARY_PATH=/ros2_ws/install/geometry_msgs/lib:/ros2_ws/install/std_msgs/lib:${LD_LIBRARY_PATH} PYTHONPATH=/ros2_ws/install/geometry_msgs/local/lib/python3.10/dist-packages:/ros2_ws/install/std_msgs/local/lib/python3.10/dist-packages:${PYTHONPATH} /usr/bin/cmake /ros2_ws/src/common_interfaces/visualization_msgs -DCMAKE_INSTALL_PREFIX=/ros2_ws/install/visualization_msgs
[376.024s] DEBUG:colcon.colcon_core.event_handler.log_command:Invoked command in '/ros2_ws/build/diagnostic_msgs' returned '0': AMENT_PREFIX_PATH=/ros2_ws/install/geometry_msgs:/ros2_ws/install/std_msgs:${AMENT_PREFIX_PATH} CMAKE_PREFIX_PATH=/ros2_ws/install/geometry_msgs:/ros2_ws/install/std_msgs:/opt/ros/humble LD_LIBRARY_PATH=/ros2_ws/install/geometry_msgs/lib:/ros2_ws/install/std_msgs/lib:${LD_LIBRARY_PATH} PYTHONPATH=/ros2_ws/install/geometry_msgs/local/lib/python3.10/dist-packages:/ros2_ws/install/std_msgs/local/lib/python3.10/dist-packages:${PYTHONPATH} /usr/bin/cmake /ros2_ws/src/common_interfaces/diagnostic_msgs -DCMAKE_INSTALL_PREFIX=/ros2_ws/install/diagnostic_msgs
[376.042s] DEBUG:colcon.colcon_core.event_handler.log_command:Invoking command in '/ros2_ws/build/diagnostic_msgs': AMENT_PREFIX_PATH=/ros2_ws/install/geometry_msgs:/ros2_ws/install/std_msgs:${AMENT_PREFIX_PATH} CMAKE_PREFIX_PATH=/ros2_ws/install/geometry_msgs:/ros2_ws/install/std_msgs:/opt/ros/humble LD_LIBRARY_PATH=/ros2_ws/install/geometry_msgs/lib:/ros2_ws/install/std_msgs/lib:${LD_LIBRARY_PATH} PYTHONPATH=/ros2_ws/install/geometry_msgs/local/lib/python3.10/dist-packages:/ros2_ws/install/std_msgs/local/lib/python3.10/dist-packages:${PYTHONPATH} /usr/bin/cmake --build /ros2_ws/build/diagnostic_msgs -- -j4 -l4
[377.679s] DEBUG:colcon.colcon_core.event_handler.log_command:Invoked command in '/ros2_ws/build/nav_msgs' returned '0': AMENT_PREFIX_PATH=/ros2_ws/install/geometry_msgs:/ros2_ws/install/std_msgs:${AMENT_PREFIX_PATH} CMAKE_PREFIX_PATH=/ros2_ws/install/geometry_msgs:/ros2_ws/install/std_msgs:/opt/ros/humble LD_LIBRARY_PATH=/ros2_ws/install/geometry_msgs/lib:/ros2_ws/install/std_msgs/lib:${LD_LIBRARY_PATH} PYTHONPATH=/ros2_ws/install/geometry_msgs/local/lib/python3.10/dist-packages:/ros2_ws/install/std_msgs/local/lib/python3.10/dist-packages:${PYTHONPATH} /usr/bin/cmake /ros2_ws/src/common_interfaces/nav_msgs -DCMAKE_INSTALL_PREFIX=/ros2_ws/install/nav_msgs
[377.681s] DEBUG:colcon.colcon_core.event_handler.log_command:Invoking command in '/ros2_ws/build/nav_msgs': AMENT_PREFIX_PATH=/ros2_ws/install/geometry_msgs:/ros2_ws/install/std_msgs:${AMENT_PREFIX_PATH} CMAKE_PREFIX_PATH=/ros2_ws/install/geometry_msgs:/ros2_ws/install/std_msgs:/opt/ros/humble LD_LIBRARY_PATH=/ros2_ws/install/geometry_msgs/lib:/ros2_ws/install/std_msgs/lib:${LD_LIBRARY_PATH} PYTHONPATH=/ros2_ws/install/geometry_msgs/local/lib/python3.10/dist-packages:/ros2_ws/install/std_msgs/local/lib/python3.10/dist-packages:${PYTHONPATH} /usr/bin/cmake --build /ros2_ws/build/nav_msgs -- -j4 -l4
[378.681s] DEBUG:colcon.colcon_core.event_handler.log_command:Invoked command in '/ros2_ws/build/visualization_msgs' returned '0': AMENT_PREFIX_PATH=/ros2_ws/install/geometry_msgs:/ros2_ws/install/std_msgs:${AMENT_PREFIX_PATH} CMAKE_PREFIX_PATH=/ros2_ws/install/geometry_msgs:/ros2_ws/install/std_msgs:/opt/ros/humble LD_LIBRARY_PATH=/ros2_ws/install/geometry_msgs/lib:/ros2_ws/install/std_msgs/lib:${LD_LIBRARY_PATH} PYTHONPATH=/ros2_ws/install/geometry_msgs/local/lib/python3.10/dist-packages:/ros2_ws/install/std_msgs/local/lib/python3.10/dist-packages:${PYTHONPATH} /usr/bin/cmake /ros2_ws/src/common_interfaces/visualization_msgs -DCMAKE_INSTALL_PREFIX=/ros2_ws/install/visualization_msgs
[378.683s] DEBUG:colcon.colcon_core.event_handler.log_command:Invoking command in '/ros2_ws/build/visualization_msgs': AMENT_PREFIX_PATH=/ros2_ws/install/geometry_msgs:/ros2_ws/install/std_msgs:${AMENT_PREFIX_PATH} CMAKE_PREFIX_PATH=/ros2_ws/install/geometry_msgs:/ros2_ws/install/std_msgs:/opt/ros/humble LD_LIBRARY_PATH=/ros2_ws/install/geometry_msgs/lib:/ros2_ws/install/std_msgs/lib:${LD_LIBRARY_PATH} PYTHONPATH=/ros2_ws/install/geometry_msgs/local/lib/python3.10/dist-packages:/ros2_ws/install/std_msgs/local/lib/python3.10/dist-packages:${PYTHONPATH} /usr/bin/cmake --build /ros2_ws/build/visualization_msgs -- -j4 -l4
[382.851s] DEBUG:colcon.colcon_core.event_handler.log_command:Invoked command in '/ros2_ws/build/sensor_msgs' returned '0': AMENT_PREFIX_PATH=/ros2_ws/install/geometry_msgs:/ros2_ws/install/std_msgs:${AMENT_PREFIX_PATH} CMAKE_PREFIX_PATH=/ros2_ws/install/geometry_msgs:/ros2_ws/install/std_msgs:/opt/ros/humble LD_LIBRARY_PATH=/ros2_ws/install/geometry_msgs/lib:/ros2_ws/install/std_msgs/lib:${LD_LIBRARY_PATH} PYTHONPATH=/ros2_ws/install/geometry_msgs/local/lib/python3.10/dist-packages:/ros2_ws/install/std_msgs/local/lib/python3.10/dist-packages:${PYTHONPATH} /usr/bin/cmake /ros2_ws/src/common_interfaces/sensor_msgs -DCMAKE_INSTALL_PREFIX=/ros2_ws/install/sensor_msgs
[382.853s] DEBUG:colcon.colcon_core.event_handler.log_command:Invoking command in '/ros2_ws/build/sensor_msgs': AMENT_PREFIX_PATH=/ros2_ws/install/geometry_msgs:/ros2_ws/install/std_msgs:${AMENT_PREFIX_PATH} CMAKE_PREFIX_PATH=/ros2_ws/install/geometry_msgs:/ros2_ws/install/std_msgs:/opt/ros/humble LD_LIBRARY_PATH=/ros2_ws/install/geometry_msgs/lib:/ros2_ws/install/std_msgs/lib:${LD_LIBRARY_PATH} PYTHONPATH=/ros2_ws/install/geometry_msgs/local/lib/python3.10/dist-packages:/ros2_ws/install/std_msgs/local/lib/python3.10/dist-packages:${PYTHONPATH} /usr/bin/cmake --build /ros2_ws/build/sensor_msgs -- -j4 -l4
[460.744s] DEBUG:colcon.colcon_core.event_handler.log_command:Invoked command in '/ros2_ws/build/diagnostic_msgs' returned '0': AMENT_PREFIX_PATH=/ros2_ws/install/geometry_msgs:/ros2_ws/install/std_msgs:${AMENT_PREFIX_PATH} CMAKE_PREFIX_PATH=/ros2_ws/install/geometry_msgs:/ros2_ws/install/std_msgs:/opt/ros/humble LD_LIBRARY_PATH=/ros2_ws/install/geometry_msgs/lib:/ros2_ws/install/std_msgs/lib:${LD_LIBRARY_PATH} PYTHONPATH=/ros2_ws/install/geometry_msgs/local/lib/python3.10/dist-packages:/ros2_ws/install/std_msgs/local/lib/python3.10/dist-packages:${PYTHONPATH} /usr/bin/cmake --build /ros2_ws/build/diagnostic_msgs -- -j4 -l4
[460.745s] DEBUG:colcon.colcon_core.event_handler.log_command:Invoking command in '/ros2_ws/build/diagnostic_msgs': AMENT_PREFIX_PATH=/ros2_ws/install/geometry_msgs:/ros2_ws/install/std_msgs:${AMENT_PREFIX_PATH} CMAKE_PREFIX_PATH=/ros2_ws/install/geometry_msgs:/ros2_ws/install/std_msgs:/opt/ros/humble LD_LIBRARY_PATH=/ros2_ws/install/geometry_msgs/lib:/ros2_ws/install/std_msgs/lib:${LD_LIBRARY_PATH} PYTHONPATH=/ros2_ws/install/geometry_msgs/local/lib/python3.10/dist-packages:/ros2_ws/install/std_msgs/local/lib/python3.10/dist-packages:${PYTHONPATH} /usr/bin/cmake --install /ros2_ws/build/diagnostic_msgs
[461.180s] Level 1:colcon.colcon_core.environment:create_environment_scripts_only(diagnostic_msgs)
[461.181s] Level 1:colcon.colcon_core.environment:checking '/ros2_ws/install/diagnostic_msgs' for CMake module files
[461.184s] DEBUG:colcon.colcon_core.event_handler.log_command:Invoked command in '/ros2_ws/build/diagnostic_msgs' returned '0': AMENT_PREFIX_PATH=/ros2_ws/install/geometry_msgs:/ros2_ws/install/std_msgs:${AMENT_PREFIX_PATH} CMAKE_PREFIX_PATH=/ros2_ws/install/geometry_msgs:/ros2_ws/install/std_msgs:/opt/ros/humble LD_LIBRARY_PATH=/ros2_ws/install/geometry_msgs/lib:/ros2_ws/install/std_msgs/lib:${LD_LIBRARY_PATH} PYTHONPATH=/ros2_ws/install/geometry_msgs/local/lib/python3.10/dist-packages:/ros2_ws/install/std_msgs/local/lib/python3.10/dist-packages:${PYTHONPATH} /usr/bin/cmake --install /ros2_ws/build/diagnostic_msgs
[461.186s] Level 1:colcon.colcon_core.environment:checking '/ros2_ws/install/diagnostic_msgs' for CMake config files
[461.191s] Level 1:colcon.colcon_core.shell:create_environment_hook('diagnostic_msgs', 'cmake_prefix_path')
[461.192s] INFO:colcon.colcon_core.shell:Creating environment hook '/ros2_ws/install/diagnostic_msgs/share/diagnostic_msgs/hook/cmake_prefix_path.ps1'
[461.206s] INFO:colcon.colcon_core.shell:Creating environment descriptor '/ros2_ws/install/diagnostic_msgs/share/diagnostic_msgs/hook/cmake_prefix_path.dsv'
[461.208s] INFO:colcon.colcon_core.shell:Creating environment hook '/ros2_ws/install/diagnostic_msgs/share/diagnostic_msgs/hook/cmake_prefix_path.sh'
[461.210s] Level 1:colcon.colcon_core.environment:checking '/ros2_ws/install/diagnostic_msgs/lib'
[461.211s] Level 1:colcon.colcon_core.shell:create_environment_hook('diagnostic_msgs', 'ld_library_path_lib')
[461.212s] INFO:colcon.colcon_core.shell:Creating environment hook '/ros2_ws/install/diagnostic_msgs/share/diagnostic_msgs/hook/ld_library_path_lib.ps1'
[461.214s] INFO:colcon.colcon_core.shell:Creating environment descriptor '/ros2_ws/install/diagnostic_msgs/share/diagnostic_msgs/hook/ld_library_path_lib.dsv'
[461.227s] INFO:colcon.colcon_core.shell:Creating environment hook '/ros2_ws/install/diagnostic_msgs/share/diagnostic_msgs/hook/ld_library_path_lib.sh'
[461.229s] Level 1:colcon.colcon_core.environment:checking '/ros2_ws/install/diagnostic_msgs/bin'
[461.229s] Level 1:colcon.colcon_core.environment:checking '/ros2_ws/install/diagnostic_msgs/lib/pkgconfig/diagnostic_msgs.pc'
[461.230s] Level 1:colcon.colcon_core.environment:checking '/ros2_ws/install/diagnostic_msgs/lib/python3.10/site-packages'
[461.232s] Level 1:colcon.colcon_core.environment:checking '/ros2_ws/install/diagnostic_msgs/bin'
[461.234s] INFO:colcon.colcon_core.shell:Creating package script '/ros2_ws/install/diagnostic_msgs/share/diagnostic_msgs/package.ps1'
[461.237s] INFO:colcon.colcon_core.shell:Creating package descriptor '/ros2_ws/install/diagnostic_msgs/share/diagnostic_msgs/package.dsv'
[461.239s] INFO:colcon.colcon_core.shell:Creating package script '/ros2_ws/install/diagnostic_msgs/share/diagnostic_msgs/package.sh'
[461.241s] INFO:colcon.colcon_core.shell:Creating package script '/ros2_ws/install/diagnostic_msgs/share/diagnostic_msgs/package.bash'
[461.243s] INFO:colcon.colcon_core.shell:Creating package script '/ros2_ws/install/diagnostic_msgs/share/diagnostic_msgs/package.zsh'
[461.244s] Level 1:colcon.colcon_core.environment:create_file_with_runtime_dependencies(/ros2_ws/install/diagnostic_msgs/share/colcon-core/packages/diagnostic_msgs)
[461.247s] Level 1:colcon.colcon_core.environment:create_environment_scripts_only(diagnostic_msgs)
[461.249s] Level 1:colcon.colcon_core.environment:checking '/ros2_ws/install/diagnostic_msgs' for CMake module files
[461.254s] Level 1:colcon.colcon_core.environment:checking '/ros2_ws/install/diagnostic_msgs' for CMake config files
[461.259s] Level 1:colcon.colcon_core.shell:create_environment_hook('diagnostic_msgs', 'cmake_prefix_path')
[461.260s] INFO:colcon.colcon_core.shell:Creating environment hook '/ros2_ws/install/diagnostic_msgs/share/diagnostic_msgs/hook/cmake_prefix_path.ps1'
[461.262s] INFO:colcon.colcon_core.shell:Creating environment descriptor '/ros2_ws/install/diagnostic_msgs/share/diagnostic_msgs/hook/cmake_prefix_path.dsv'
[461.264s] INFO:colcon.colcon_core.shell:Creating environment hook '/ros2_ws/install/diagnostic_msgs/share/diagnostic_msgs/hook/cmake_prefix_path.sh'
[461.267s] Level 1:colcon.colcon_core.environment:checking '/ros2_ws/install/diagnostic_msgs/lib'
[461.267s] Level 1:colcon.colcon_core.shell:create_environment_hook('diagnostic_msgs', 'ld_library_path_lib')
[461.268s] INFO:colcon.colcon_core.shell:Creating environment hook '/ros2_ws/install/diagnostic_msgs/share/diagnostic_msgs/hook/ld_library_path_lib.ps1'
[461.271s] INFO:colcon.colcon_core.shell:Creating environment descriptor '/ros2_ws/install/diagnostic_msgs/share/diagnostic_msgs/hook/ld_library_path_lib.dsv'
[461.272s] INFO:colcon.colcon_core.shell:Creating environment hook '/ros2_ws/install/diagnostic_msgs/share/diagnostic_msgs/hook/ld_library_path_lib.sh'
[461.275s] Level 1:colcon.colcon_core.environment:checking '/ros2_ws/install/diagnostic_msgs/bin'
[461.275s] Level 1:colcon.colcon_core.environment:checking '/ros2_ws/install/diagnostic_msgs/lib/pkgconfig/diagnostic_msgs.pc'
[461.276s] Level 1:colcon.colcon_core.environment:checking '/ros2_ws/install/diagnostic_msgs/lib/python3.10/site-packages'
[461.278s] Level 1:colcon.colcon_core.environment:checking '/ros2_ws/install/diagnostic_msgs/bin'
[461.280s] INFO:colcon.colcon_core.shell:Creating package script '/ros2_ws/install/diagnostic_msgs/share/diagnostic_msgs/package.ps1'
[461.283s] INFO:colcon.colcon_core.shell:Creating package descriptor '/ros2_ws/install/diagnostic_msgs/share/diagnostic_msgs/package.dsv'
[461.286s] INFO:colcon.colcon_core.shell:Creating package script '/ros2_ws/install/diagnostic_msgs/share/diagnostic_msgs/package.sh'
[461.288s] INFO:colcon.colcon_core.shell:Creating package script '/ros2_ws/install/diagnostic_msgs/share/diagnostic_msgs/package.bash'
[461.291s] INFO:colcon.colcon_core.shell:Creating package script '/ros2_ws/install/diagnostic_msgs/share/diagnostic_msgs/package.zsh'
[461.293s] Level 1:colcon.colcon_core.environment:create_file_with_runtime_dependencies(/ros2_ws/install/diagnostic_msgs/share/colcon-core/packages/diagnostic_msgs)
[461.298s] INFO:colcon.colcon_ros.task.ament_cmake.build:Building ROS package in '/ros2_ws/src/common_interfaces/trajectory_msgs' with build type 'ament_cmake'
[461.299s] INFO:colcon.colcon_cmake.task.cmake.build:Building CMake package in '/ros2_ws/src/common_interfaces/trajectory_msgs'
[461.300s] INFO:colcon.colcon_core.shell:Skip shell extension 'powershell' for command environment: Not usable outside of PowerShell
[461.300s] DEBUG:colcon.colcon_core.shell:Skip shell extension 'dsv' for command environment
[461.357s] DEBUG:colcon.colcon_core.event_handler.log_command:Invoking command in '/ros2_ws/build/trajectory_msgs': AMENT_PREFIX_PATH=/ros2_ws/install/geometry_msgs:/ros2_ws/install/std_msgs:${AMENT_PREFIX_PATH} CMAKE_PREFIX_PATH=/ros2_ws/install/geometry_msgs:/ros2_ws/install/std_msgs:/opt/ros/humble LD_LIBRARY_PATH=/ros2_ws/install/geometry_msgs/lib:/ros2_ws/install/std_msgs/lib:${LD_LIBRARY_PATH} PYTHONPATH=/ros2_ws/install/geometry_msgs/local/lib/python3.10/dist-packages:/ros2_ws/install/std_msgs/local/lib/python3.10/dist-packages:${PYTHONPATH} /usr/bin/cmake /ros2_ws/src/common_interfaces/trajectory_msgs -DCMAKE_INSTALL_PREFIX=/ros2_ws/install/trajectory_msgs
[469.685s] DEBUG:colcon.colcon_core.event_handler.log_command:Invoked command in '/ros2_ws/build/trajectory_msgs' returned '0': AMENT_PREFIX_PATH=/ros2_ws/install/geometry_msgs:/ros2_ws/install/std_msgs:${AMENT_PREFIX_PATH} CMAKE_PREFIX_PATH=/ros2_ws/install/geometry_msgs:/ros2_ws/install/std_msgs:/opt/ros/humble LD_LIBRARY_PATH=/ros2_ws/install/geometry_msgs/lib:/ros2_ws/install/std_msgs/lib:${LD_LIBRARY_PATH} PYTHONPATH=/ros2_ws/install/geometry_msgs/local/lib/python3.10/dist-packages:/ros2_ws/install/std_msgs/local/lib/python3.10/dist-packages:${PYTHONPATH} /usr/bin/cmake /ros2_ws/src/common_interfaces/trajectory_msgs -DCMAKE_INSTALL_PREFIX=/ros2_ws/install/trajectory_msgs
[469.687s] DEBUG:colcon.colcon_core.event_handler.log_command:Invoking command in '/ros2_ws/build/trajectory_msgs': AMENT_PREFIX_PATH=/ros2_ws/install/geometry_msgs:/ros2_ws/install/std_msgs:${AMENT_PREFIX_PATH} CMAKE_PREFIX_PATH=/ros2_ws/install/geometry_msgs:/ros2_ws/install/std_msgs:/opt/ros/humble LD_LIBRARY_PATH=/ros2_ws/install/geometry_msgs/lib:/ros2_ws/install/std_msgs/lib:${LD_LIBRARY_PATH} PYTHONPATH=/ros2_ws/install/geometry_msgs/local/lib/python3.10/dist-packages:/ros2_ws/install/std_msgs/local/lib/python3.10/dist-packages:${PYTHONPATH} /usr/bin/cmake --build /ros2_ws/build/trajectory_msgs -- -j4 -l4
[503.345s] DEBUG:colcon.colcon_core.event_handler.log_command:Invoked command in '/ros2_ws/build/nav_msgs' returned '0': AMENT_PREFIX_PATH=/ros2_ws/install/geometry_msgs:/ros2_ws/install/std_msgs:${AMENT_PREFIX_PATH} CMAKE_PREFIX_PATH=/ros2_ws/install/geometry_msgs:/ros2_ws/install/std_msgs:/opt/ros/humble LD_LIBRARY_PATH=/ros2_ws/install/geometry_msgs/lib:/ros2_ws/install/std_msgs/lib:${LD_LIBRARY_PATH} PYTHONPATH=/ros2_ws/install/geometry_msgs/local/lib/python3.10/dist-packages:/ros2_ws/install/std_msgs/local/lib/python3.10/dist-packages:${PYTHONPATH} /usr/bin/cmake --build /ros2_ws/build/nav_msgs -- -j4 -l4
[503.351s] DEBUG:colcon.colcon_core.event_handler.log_command:Invoking command in '/ros2_ws/build/nav_msgs': AMENT_PREFIX_PATH=/ros2_ws/install/geometry_msgs:/ros2_ws/install/std_msgs:${AMENT_PREFIX_PATH} CMAKE_PREFIX_PATH=/ros2_ws/install/geometry_msgs:/ros2_ws/install/std_msgs:/opt/ros/humble LD_LIBRARY_PATH=/ros2_ws/install/geometry_msgs/lib:/ros2_ws/install/std_msgs/lib:${LD_LIBRARY_PATH} PYTHONPATH=/ros2_ws/install/geometry_msgs/local/lib/python3.10/dist-packages:/ros2_ws/install/std_msgs/local/lib/python3.10/dist-packages:${PYTHONPATH} /usr/bin/cmake --install /ros2_ws/build/nav_msgs
[504.062s] Level 1:colcon.colcon_core.environment:create_environment_scripts_only(nav_msgs)
[504.064s] Level 1:colcon.colcon_core.environment:checking '/ros2_ws/install/nav_msgs' for CMake module files
[504.067s] Level 1:colcon.colcon_core.environment:checking '/ros2_ws/install/nav_msgs' for CMake config files
[504.071s] DEBUG:colcon.colcon_core.event_handler.log_command:Invoked command in '/ros2_ws/build/nav_msgs' returned '0': AMENT_PREFIX_PATH=/ros2_ws/install/geometry_msgs:/ros2_ws/install/std_msgs:${AMENT_PREFIX_PATH} CMAKE_PREFIX_PATH=/ros2_ws/install/geometry_msgs:/ros2_ws/install/std_msgs:/opt/ros/humble LD_LIBRARY_PATH=/ros2_ws/install/geometry_msgs/lib:/ros2_ws/install/std_msgs/lib:${LD_LIBRARY_PATH} PYTHONPATH=/ros2_ws/install/geometry_msgs/local/lib/python3.10/dist-packages:/ros2_ws/install/std_msgs/local/lib/python3.10/dist-packages:${PYTHONPATH} /usr/bin/cmake --install /ros2_ws/build/nav_msgs
[504.074s] Level 1:colcon.colcon_core.shell:create_environment_hook('nav_msgs', 'cmake_prefix_path')
[504.076s] INFO:colcon.colcon_core.shell:Creating environment hook '/ros2_ws/install/nav_msgs/share/nav_msgs/hook/cmake_prefix_path.ps1'
[504.090s] INFO:colcon.colcon_core.shell:Creating environment descriptor '/ros2_ws/install/nav_msgs/share/nav_msgs/hook/cmake_prefix_path.dsv'
[504.092s] INFO:colcon.colcon_core.shell:Creating environment hook '/ros2_ws/install/nav_msgs/share/nav_msgs/hook/cmake_prefix_path.sh'
[504.095s] Level 1:colcon.colcon_core.environment:checking '/ros2_ws/install/nav_msgs/lib'
[504.095s] Level 1:colcon.colcon_core.shell:create_environment_hook('nav_msgs', 'ld_library_path_lib')
[504.096s] INFO:colcon.colcon_core.shell:Creating environment hook '/ros2_ws/install/nav_msgs/share/nav_msgs/hook/ld_library_path_lib.ps1'
[504.098s] INFO:colcon.colcon_core.shell:Creating environment descriptor '/ros2_ws/install/nav_msgs/share/nav_msgs/hook/ld_library_path_lib.dsv'
[504.100s] INFO:colcon.colcon_core.shell:Creating environment hook '/ros2_ws/install/nav_msgs/share/nav_msgs/hook/ld_library_path_lib.sh'
[504.102s] Level 1:colcon.colcon_core.environment:checking '/ros2_ws/install/nav_msgs/bin'
[504.103s] Level 1:colcon.colcon_core.environment:checking '/ros2_ws/install/nav_msgs/lib/pkgconfig/nav_msgs.pc'
[504.104s] Level 1:colcon.colcon_core.environment:checking '/ros2_ws/install/nav_msgs/lib/python3.10/site-packages'
[504.106s] Level 1:colcon.colcon_core.environment:checking '/ros2_ws/install/nav_msgs/bin'
[504.107s] INFO:colcon.colcon_core.shell:Creating package script '/ros2_ws/install/nav_msgs/share/nav_msgs/package.ps1'
[504.111s] INFO:colcon.colcon_core.shell:Creating package descriptor '/ros2_ws/install/nav_msgs/share/nav_msgs/package.dsv'
[504.113s] INFO:colcon.colcon_core.shell:Creating package script '/ros2_ws/install/nav_msgs/share/nav_msgs/package.sh'
[504.115s] INFO:colcon.colcon_core.shell:Creating package script '/ros2_ws/install/nav_msgs/share/nav_msgs/package.bash'
[504.117s] INFO:colcon.colcon_core.shell:Creating package script '/ros2_ws/install/nav_msgs/share/nav_msgs/package.zsh'
[504.128s] Level 1:colcon.colcon_core.environment:create_file_with_runtime_dependencies(/ros2_ws/install/nav_msgs/share/colcon-core/packages/nav_msgs)
[504.132s] Level 1:colcon.colcon_core.environment:create_environment_scripts_only(nav_msgs)
[504.133s] Level 1:colcon.colcon_core.environment:checking '/ros2_ws/install/nav_msgs' for CMake module files
[504.139s] Level 1:colcon.colcon_core.environment:checking '/ros2_ws/install/nav_msgs' for CMake config files
[504.145s] Level 1:colcon.colcon_core.shell:create_environment_hook('nav_msgs', 'cmake_prefix_path')
[504.146s] INFO:colcon.colcon_core.shell:Creating environment hook '/ros2_ws/install/nav_msgs/share/nav_msgs/hook/cmake_prefix_path.ps1'
[504.149s] INFO:colcon.colcon_core.shell:Creating environment descriptor '/ros2_ws/install/nav_msgs/share/nav_msgs/hook/cmake_prefix_path.dsv'
[504.151s] INFO:colcon.colcon_core.shell:Creating environment hook '/ros2_ws/install/nav_msgs/share/nav_msgs/hook/cmake_prefix_path.sh'
[504.154s] Level 1:colcon.colcon_core.environment:checking '/ros2_ws/install/nav_msgs/lib'
[504.155s] Level 1:colcon.colcon_core.shell:create_environment_hook('nav_msgs', 'ld_library_path_lib')
[504.156s] INFO:colcon.colcon_core.shell:Creating environment hook '/ros2_ws/install/nav_msgs/share/nav_msgs/hook/ld_library_path_lib.ps1'
[504.158s] INFO:colcon.colcon_core.shell:Creating environment descriptor '/ros2_ws/install/nav_msgs/share/nav_msgs/hook/ld_library_path_lib.dsv'
[504.160s] INFO:colcon.colcon_core.shell:Creating environment hook '/ros2_ws/install/nav_msgs/share/nav_msgs/hook/ld_library_path_lib.sh'
[504.162s] Level 1:colcon.colcon_core.environment:checking '/ros2_ws/install/nav_msgs/bin'
[504.162s] Level 1:colcon.colcon_core.environment:checking '/ros2_ws/install/nav_msgs/lib/pkgconfig/nav_msgs.pc'
[504.163s] Level 1:colcon.colcon_core.environment:checking '/ros2_ws/install/nav_msgs/lib/python3.10/site-packages'
[504.165s] Level 1:colcon.colcon_core.environment:checking '/ros2_ws/install/nav_msgs/bin'
[504.167s] INFO:colcon.colcon_core.shell:Creating package script '/ros2_ws/install/nav_msgs/share/nav_msgs/package.ps1'
[504.171s] INFO:colcon.colcon_core.shell:Creating package descriptor '/ros2_ws/install/nav_msgs/share/nav_msgs/package.dsv'
[504.174s] INFO:colcon.colcon_core.shell:Creating package script '/ros2_ws/install/nav_msgs/share/nav_msgs/package.sh'
[504.177s] INFO:colcon.colcon_core.shell:Creating package script '/ros2_ws/install/nav_msgs/share/nav_msgs/package.bash'
[504.179s] INFO:colcon.colcon_core.shell:Creating package script '/ros2_ws/install/nav_msgs/share/nav_msgs/package.zsh'
[504.181s] Level 1:colcon.colcon_core.environment:create_file_with_runtime_dependencies(/ros2_ws/install/nav_msgs/share/colcon-core/packages/nav_msgs)
[504.187s] INFO:colcon.colcon_ros.task.ament_cmake.build:Building ROS package in '/ros2_ws/src/common_interfaces/shape_msgs' with build type 'ament_cmake'
[504.190s] INFO:colcon.colcon_cmake.task.cmake.build:Building CMake package in '/ros2_ws/src/common_interfaces/shape_msgs'
[504.191s] INFO:colcon.colcon_core.shell:Skip shell extension 'powershell' for command environment: Not usable outside of PowerShell
[504.192s] DEBUG:colcon.colcon_core.shell:Skip shell extension 'dsv' for command environment
[504.231s] DEBUG:colcon.colcon_core.event_handler.log_command:Invoking command in '/ros2_ws/build/shape_msgs': AMENT_PREFIX_PATH=/ros2_ws/install/geometry_msgs:/ros2_ws/install/std_msgs:${AMENT_PREFIX_PATH} CMAKE_PREFIX_PATH=/ros2_ws/install/geometry_msgs:/ros2_ws/install/std_msgs:/opt/ros/humble LD_LIBRARY_PATH=/ros2_ws/install/geometry_msgs/lib:/ros2_ws/install/std_msgs/lib:${LD_LIBRARY_PATH} PYTHONPATH=/ros2_ws/install/geometry_msgs/local/lib/python3.10/dist-packages:/ros2_ws/install/std_msgs/local/lib/python3.10/dist-packages:${PYTHONPATH} /usr/bin/cmake /ros2_ws/src/common_interfaces/shape_msgs -DCMAKE_INSTALL_PREFIX=/ros2_ws/install/shape_msgs
[512.514s] DEBUG:colcon.colcon_core.event_handler.log_command:Invoked command in '/ros2_ws/build/shape_msgs' returned '0': AMENT_PREFIX_PATH=/ros2_ws/install/geometry_msgs:/ros2_ws/install/std_msgs:${AMENT_PREFIX_PATH} CMAKE_PREFIX_PATH=/ros2_ws/install/geometry_msgs:/ros2_ws/install/std_msgs:/opt/ros/humble LD_LIBRARY_PATH=/ros2_ws/install/geometry_msgs/lib:/ros2_ws/install/std_msgs/lib:${LD_LIBRARY_PATH} PYTHONPATH=/ros2_ws/install/geometry_msgs/local/lib/python3.10/dist-packages:/ros2_ws/install/std_msgs/local/lib/python3.10/dist-packages:${PYTHONPATH} /usr/bin/cmake /ros2_ws/src/common_interfaces/shape_msgs -DCMAKE_INSTALL_PREFIX=/ros2_ws/install/shape_msgs
[512.515s] DEBUG:colcon.colcon_core.event_handler.log_command:Invoking command in '/ros2_ws/build/shape_msgs': AMENT_PREFIX_PATH=/ros2_ws/install/geometry_msgs:/ros2_ws/install/std_msgs:${AMENT_PREFIX_PATH} CMAKE_PREFIX_PATH=/ros2_ws/install/geometry_msgs:/ros2_ws/install/std_msgs:/opt/ros/humble LD_LIBRARY_PATH=/ros2_ws/install/geometry_msgs/lib:/ros2_ws/install/std_msgs/lib:${LD_LIBRARY_PATH} PYTHONPATH=/ros2_ws/install/geometry_msgs/local/lib/python3.10/dist-packages:/ros2_ws/install/std_msgs/local/lib/python3.10/dist-packages:${PYTHONPATH} /usr/bin/cmake --build /ros2_ws/build/shape_msgs -- -j4 -l4
[543.238s] DEBUG:colcon.colcon_core.event_handler.log_command:Invoked command in '/ros2_ws/build/trajectory_msgs' returned '0': AMENT_PREFIX_PATH=/ros2_ws/install/geometry_msgs:/ros2_ws/install/std_msgs:${AMENT_PREFIX_PATH} CMAKE_PREFIX_PATH=/ros2_ws/install/geometry_msgs:/ros2_ws/install/std_msgs:/opt/ros/humble LD_LIBRARY_PATH=/ros2_ws/install/geometry_msgs/lib:/ros2_ws/install/std_msgs/lib:${LD_LIBRARY_PATH} PYTHONPATH=/ros2_ws/install/geometry_msgs/local/lib/python3.10/dist-packages:/ros2_ws/install/std_msgs/local/lib/python3.10/dist-packages:${PYTHONPATH} /usr/bin/cmake --build /ros2_ws/build/trajectory_msgs -- -j4 -l4
[543.240s] DEBUG:colcon.colcon_core.event_handler.log_command:Invoking command in '/ros2_ws/build/trajectory_msgs': AMENT_PREFIX_PATH=/ros2_ws/install/geometry_msgs:/ros2_ws/install/std_msgs:${AMENT_PREFIX_PATH} CMAKE_PREFIX_PATH=/ros2_ws/install/geometry_msgs:/ros2_ws/install/std_msgs:/opt/ros/humble LD_LIBRARY_PATH=/ros2_ws/install/geometry_msgs/lib:/ros2_ws/install/std_msgs/lib:${LD_LIBRARY_PATH} PYTHONPATH=/ros2_ws/install/geometry_msgs/local/lib/python3.10/dist-packages:/ros2_ws/install/std_msgs/local/lib/python3.10/dist-packages:${PYTHONPATH} /usr/bin/cmake --install /ros2_ws/build/trajectory_msgs
[543.783s] Level 1:colcon.colcon_core.environment:create_environment_scripts_only(trajectory_msgs)
[543.784s] Level 1:colcon.colcon_core.environment:checking '/ros2_ws/install/trajectory_msgs' for CMake module files
[543.788s] Level 1:colcon.colcon_core.environment:checking '/ros2_ws/install/trajectory_msgs' for CMake config files
[543.791s] DEBUG:colcon.colcon_core.event_handler.log_command:Invoked command in '/ros2_ws/build/trajectory_msgs' returned '0': AMENT_PREFIX_PATH=/ros2_ws/install/geometry_msgs:/ros2_ws/install/std_msgs:${AMENT_PREFIX_PATH} CMAKE_PREFIX_PATH=/ros2_ws/install/geometry_msgs:/ros2_ws/install/std_msgs:/opt/ros/humble LD_LIBRARY_PATH=/ros2_ws/install/geometry_msgs/lib:/ros2_ws/install/std_msgs/lib:${LD_LIBRARY_PATH} PYTHONPATH=/ros2_ws/install/geometry_msgs/local/lib/python3.10/dist-packages:/ros2_ws/install/std_msgs/local/lib/python3.10/dist-packages:${PYTHONPATH} /usr/bin/cmake --install /ros2_ws/build/trajectory_msgs
[543.795s] Level 1:colcon.colcon_core.shell:create_environment_hook('trajectory_msgs', 'cmake_prefix_path')
[543.796s] INFO:colcon.colcon_core.shell:Creating environment hook '/ros2_ws/install/trajectory_msgs/share/trajectory_msgs/hook/cmake_prefix_path.ps1'
[543.799s] INFO:colcon.colcon_core.shell:Creating environment descriptor '/ros2_ws/install/trajectory_msgs/share/trajectory_msgs/hook/cmake_prefix_path.dsv'
[543.800s] INFO:colcon.colcon_core.shell:Creating environment hook '/ros2_ws/install/trajectory_msgs/share/trajectory_msgs/hook/cmake_prefix_path.sh'
[543.803s] Level 1:colcon.colcon_core.environment:checking '/ros2_ws/install/trajectory_msgs/lib'
[543.804s] Level 1:colcon.colcon_core.shell:create_environment_hook('trajectory_msgs', 'ld_library_path_lib')
[543.805s] INFO:colcon.colcon_core.shell:Creating environment hook '/ros2_ws/install/trajectory_msgs/share/trajectory_msgs/hook/ld_library_path_lib.ps1'
[543.807s] INFO:colcon.colcon_core.shell:Creating environment descriptor '/ros2_ws/install/trajectory_msgs/share/trajectory_msgs/hook/ld_library_path_lib.dsv'
[543.808s] INFO:colcon.colcon_core.shell:Creating environment hook '/ros2_ws/install/trajectory_msgs/share/trajectory_msgs/hook/ld_library_path_lib.sh'
[543.811s] Level 1:colcon.colcon_core.environment:checking '/ros2_ws/install/trajectory_msgs/bin'
[543.811s] Level 1:colcon.colcon_core.environment:checking '/ros2_ws/install/trajectory_msgs/lib/pkgconfig/trajectory_msgs.pc'
[543.812s] Level 1:colcon.colcon_core.environment:checking '/ros2_ws/install/trajectory_msgs/lib/python3.10/site-packages'
[543.814s] Level 1:colcon.colcon_core.environment:checking '/ros2_ws/install/trajectory_msgs/bin'
[543.816s] INFO:colcon.colcon_core.shell:Creating package script '/ros2_ws/install/trajectory_msgs/share/trajectory_msgs/package.ps1'
[543.819s] INFO:colcon.colcon_core.shell:Creating package descriptor '/ros2_ws/install/trajectory_msgs/share/trajectory_msgs/package.dsv'
[543.821s] INFO:colcon.colcon_core.shell:Creating package script '/ros2_ws/install/trajectory_msgs/share/trajectory_msgs/package.sh'
[543.824s] INFO:colcon.colcon_core.shell:Creating package script '/ros2_ws/install/trajectory_msgs/share/trajectory_msgs/package.bash'
[543.825s] INFO:colcon.colcon_core.shell:Creating package script '/ros2_ws/install/trajectory_msgs/share/trajectory_msgs/package.zsh'
[543.827s] Level 1:colcon.colcon_core.environment:create_file_with_runtime_dependencies(/ros2_ws/install/trajectory_msgs/share/colcon-core/packages/trajectory_msgs)
[543.830s] Level 1:colcon.colcon_core.environment:create_environment_scripts_only(trajectory_msgs)
[543.831s] Level 1:colcon.colcon_core.environment:checking '/ros2_ws/install/trajectory_msgs' for CMake module files
[543.835s] Level 1:colcon.colcon_core.environment:checking '/ros2_ws/install/trajectory_msgs' for CMake config files
[543.839s] Level 1:colcon.colcon_core.shell:create_environment_hook('trajectory_msgs', 'cmake_prefix_path')
[543.840s] INFO:colcon.colcon_core.shell:Creating environment hook '/ros2_ws/install/trajectory_msgs/share/trajectory_msgs/hook/cmake_prefix_path.ps1'
[543.842s] INFO:colcon.colcon_core.shell:Creating environment descriptor '/ros2_ws/install/trajectory_msgs/share/trajectory_msgs/hook/cmake_prefix_path.dsv'
[543.844s] INFO:colcon.colcon_core.shell:Creating environment hook '/ros2_ws/install/trajectory_msgs/share/trajectory_msgs/hook/cmake_prefix_path.sh'
[543.847s] Level 1:colcon.colcon_core.environment:checking '/ros2_ws/install/trajectory_msgs/lib'
[543.847s] Level 1:colcon.colcon_core.shell:create_environment_hook('trajectory_msgs', 'ld_library_path_lib')
[543.849s] INFO:colcon.colcon_core.shell:Creating environment hook '/ros2_ws/install/trajectory_msgs/share/trajectory_msgs/hook/ld_library_path_lib.ps1'
[543.851s] INFO:colcon.colcon_core.shell:Creating environment descriptor '/ros2_ws/install/trajectory_msgs/share/trajectory_msgs/hook/ld_library_path_lib.dsv'
[543.852s] INFO:colcon.colcon_core.shell:Creating environment hook '/ros2_ws/install/trajectory_msgs/share/trajectory_msgs/hook/ld_library_path_lib.sh'
[543.854s] Level 1:colcon.colcon_core.environment:checking '/ros2_ws/install/trajectory_msgs/bin'
[543.855s] Level 1:colcon.colcon_core.environment:checking '/ros2_ws/install/trajectory_msgs/lib/pkgconfig/trajectory_msgs.pc'
[543.856s] Level 1:colcon.colcon_core.environment:checking '/ros2_ws/install/trajectory_msgs/lib/python3.10/site-packages'
[543.858s] Level 1:colcon.colcon_core.environment:checking '/ros2_ws/install/trajectory_msgs/bin'
[543.860s] INFO:colcon.colcon_core.shell:Creating package script '/ros2_ws/install/trajectory_msgs/share/trajectory_msgs/package.ps1'
[543.863s] INFO:colcon.colcon_core.shell:Creating package descriptor '/ros2_ws/install/trajectory_msgs/share/trajectory_msgs/package.dsv'
[543.866s] INFO:colcon.colcon_core.shell:Creating package script '/ros2_ws/install/trajectory_msgs/share/trajectory_msgs/package.sh'
[543.869s] INFO:colcon.colcon_core.shell:Creating package script '/ros2_ws/install/trajectory_msgs/share/trajectory_msgs/package.bash'
[543.872s] INFO:colcon.colcon_core.shell:Creating package script '/ros2_ws/install/trajectory_msgs/share/trajectory_msgs/package.zsh'
[543.874s] Level 1:colcon.colcon_core.environment:create_file_with_runtime_dependencies(/ros2_ws/install/trajectory_msgs/share/colcon-core/packages/trajectory_msgs)
[577.560s] DEBUG:colcon.colcon_core.event_handler.log_command:Invoked command in '/ros2_ws/build/shape_msgs' returned '0': AMENT_PREFIX_PATH=/ros2_ws/install/geometry_msgs:/ros2_ws/install/std_msgs:${AMENT_PREFIX_PATH} CMAKE_PREFIX_PATH=/ros2_ws/install/geometry_msgs:/ros2_ws/install/std_msgs:/opt/ros/humble LD_LIBRARY_PATH=/ros2_ws/install/geometry_msgs/lib:/ros2_ws/install/std_msgs/lib:${LD_LIBRARY_PATH} PYTHONPATH=/ros2_ws/install/geometry_msgs/local/lib/python3.10/dist-packages:/ros2_ws/install/std_msgs/local/lib/python3.10/dist-packages:${PYTHONPATH} /usr/bin/cmake --build /ros2_ws/build/shape_msgs -- -j4 -l4
[577.565s] DEBUG:colcon.colcon_core.event_handler.log_command:Invoking command in '/ros2_ws/build/shape_msgs': AMENT_PREFIX_PATH=/ros2_ws/install/geometry_msgs:/ros2_ws/install/std_msgs:${AMENT_PREFIX_PATH} CMAKE_PREFIX_PATH=/ros2_ws/install/geometry_msgs:/ros2_ws/install/std_msgs:/opt/ros/humble LD_LIBRARY_PATH=/ros2_ws/install/geometry_msgs/lib:/ros2_ws/install/std_msgs/lib:${LD_LIBRARY_PATH} PYTHONPATH=/ros2_ws/install/geometry_msgs/local/lib/python3.10/dist-packages:/ros2_ws/install/std_msgs/local/lib/python3.10/dist-packages:${PYTHONPATH} /usr/bin/cmake --install /ros2_ws/build/shape_msgs
[577.903s] Level 1:colcon.colcon_core.environment:create_environment_scripts_only(shape_msgs)
[577.905s] Level 1:colcon.colcon_core.environment:checking '/ros2_ws/install/shape_msgs' for CMake module files
[577.908s] DEBUG:colcon.colcon_core.event_handler.log_command:Invoked command in '/ros2_ws/build/shape_msgs' returned '0': AMENT_PREFIX_PATH=/ros2_ws/install/geometry_msgs:/ros2_ws/install/std_msgs:${AMENT_PREFIX_PATH} CMAKE_PREFIX_PATH=/ros2_ws/install/geometry_msgs:/ros2_ws/install/std_msgs:/opt/ros/humble LD_LIBRARY_PATH=/ros2_ws/install/geometry_msgs/lib:/ros2_ws/install/std_msgs/lib:${LD_LIBRARY_PATH} PYTHONPATH=/ros2_ws/install/geometry_msgs/local/lib/python3.10/dist-packages:/ros2_ws/install/std_msgs/local/lib/python3.10/dist-packages:${PYTHONPATH} /usr/bin/cmake --install /ros2_ws/build/shape_msgs
[577.910s] Level 1:colcon.colcon_core.environment:checking '/ros2_ws/install/shape_msgs' for CMake config files
[577.913s] Level 1:colcon.colcon_core.shell:create_environment_hook('shape_msgs', 'cmake_prefix_path')
[577.915s] INFO:colcon.colcon_core.shell:Creating environment hook '/ros2_ws/install/shape_msgs/share/shape_msgs/hook/cmake_prefix_path.ps1'
[577.917s] INFO:colcon.colcon_core.shell:Creating environment descriptor '/ros2_ws/install/shape_msgs/share/shape_msgs/hook/cmake_prefix_path.dsv'
[577.918s] INFO:colcon.colcon_core.shell:Creating environment hook '/ros2_ws/install/shape_msgs/share/shape_msgs/hook/cmake_prefix_path.sh'
[577.921s] Level 1:colcon.colcon_core.environment:checking '/ros2_ws/install/shape_msgs/lib'
[577.921s] Level 1:colcon.colcon_core.shell:create_environment_hook('shape_msgs', 'ld_library_path_lib')
[577.922s] INFO:colcon.colcon_core.shell:Creating environment hook '/ros2_ws/install/shape_msgs/share/shape_msgs/hook/ld_library_path_lib.ps1'
[577.924s] INFO:colcon.colcon_core.shell:Creating environment descriptor '/ros2_ws/install/shape_msgs/share/shape_msgs/hook/ld_library_path_lib.dsv'
[577.926s] INFO:colcon.colcon_core.shell:Creating environment hook '/ros2_ws/install/shape_msgs/share/shape_msgs/hook/ld_library_path_lib.sh'
[577.927s] Level 1:colcon.colcon_core.environment:checking '/ros2_ws/install/shape_msgs/bin'
[577.928s] Level 1:colcon.colcon_core.environment:checking '/ros2_ws/install/shape_msgs/lib/pkgconfig/shape_msgs.pc'
[577.928s] Level 1:colcon.colcon_core.environment:checking '/ros2_ws/install/shape_msgs/lib/python3.10/site-packages'
[577.930s] Level 1:colcon.colcon_core.environment:checking '/ros2_ws/install/shape_msgs/bin'
[577.932s] INFO:colcon.colcon_core.shell:Creating package script '/ros2_ws/install/shape_msgs/share/shape_msgs/package.ps1'
[577.934s] INFO:colcon.colcon_core.shell:Creating package descriptor '/ros2_ws/install/shape_msgs/share/shape_msgs/package.dsv'
[577.936s] INFO:colcon.colcon_core.shell:Creating package script '/ros2_ws/install/shape_msgs/share/shape_msgs/package.sh'
[577.938s] INFO:colcon.colcon_core.shell:Creating package script '/ros2_ws/install/shape_msgs/share/shape_msgs/package.bash'
[577.940s] INFO:colcon.colcon_core.shell:Creating package script '/ros2_ws/install/shape_msgs/share/shape_msgs/package.zsh'
[577.941s] Level 1:colcon.colcon_core.environment:create_file_with_runtime_dependencies(/ros2_ws/install/shape_msgs/share/colcon-core/packages/shape_msgs)
[577.944s] Level 1:colcon.colcon_core.environment:create_environment_scripts_only(shape_msgs)
[577.945s] Level 1:colcon.colcon_core.environment:checking '/ros2_ws/install/shape_msgs' for CMake module files
[577.949s] Level 1:colcon.colcon_core.environment:checking '/ros2_ws/install/shape_msgs' for CMake config files
[577.953s] Level 1:colcon.colcon_core.shell:create_environment_hook('shape_msgs', 'cmake_prefix_path')
[577.954s] INFO:colcon.colcon_core.shell:Creating environment hook '/ros2_ws/install/shape_msgs/share/shape_msgs/hook/cmake_prefix_path.ps1'
[577.956s] INFO:colcon.colcon_core.shell:Creating environment descriptor '/ros2_ws/install/shape_msgs/share/shape_msgs/hook/cmake_prefix_path.dsv'
[577.958s] INFO:colcon.colcon_core.shell:Creating environment hook '/ros2_ws/install/shape_msgs/share/shape_msgs/hook/cmake_prefix_path.sh'
[577.960s] Level 1:colcon.colcon_core.environment:checking '/ros2_ws/install/shape_msgs/lib'
[577.960s] Level 1:colcon.colcon_core.shell:create_environment_hook('shape_msgs', 'ld_library_path_lib')
[577.962s] INFO:colcon.colcon_core.shell:Creating environment hook '/ros2_ws/install/shape_msgs/share/shape_msgs/hook/ld_library_path_lib.ps1'
[577.963s] INFO:colcon.colcon_core.shell:Creating environment descriptor '/ros2_ws/install/shape_msgs/share/shape_msgs/hook/ld_library_path_lib.dsv'
[577.965s] INFO:colcon.colcon_core.shell:Creating environment hook '/ros2_ws/install/shape_msgs/share/shape_msgs/hook/ld_library_path_lib.sh'
[577.967s] Level 1:colcon.colcon_core.environment:checking '/ros2_ws/install/shape_msgs/bin'
[577.967s] Level 1:colcon.colcon_core.environment:checking '/ros2_ws/install/shape_msgs/lib/pkgconfig/shape_msgs.pc'
[577.968s] Level 1:colcon.colcon_core.environment:checking '/ros2_ws/install/shape_msgs/lib/python3.10/site-packages'
[577.970s] Level 1:colcon.colcon_core.environment:checking '/ros2_ws/install/shape_msgs/bin'
[577.972s] INFO:colcon.colcon_core.shell:Creating package script '/ros2_ws/install/shape_msgs/share/shape_msgs/package.ps1'
[577.975s] INFO:colcon.colcon_core.shell:Creating package descriptor '/ros2_ws/install/shape_msgs/share/shape_msgs/package.dsv'
[577.978s] INFO:colcon.colcon_core.shell:Creating package script '/ros2_ws/install/shape_msgs/share/shape_msgs/package.sh'
[577.980s] INFO:colcon.colcon_core.shell:Creating package script '/ros2_ws/install/shape_msgs/share/shape_msgs/package.bash'
[577.983s] INFO:colcon.colcon_core.shell:Creating package script '/ros2_ws/install/shape_msgs/share/shape_msgs/package.zsh'
[577.985s] Level 1:colcon.colcon_core.environment:create_file_with_runtime_dependencies(/ros2_ws/install/shape_msgs/share/colcon-core/packages/shape_msgs)
[592.014s] DEBUG:colcon.colcon_core.event_handler.log_command:Invoked command in '/ros2_ws/build/visualization_msgs' returned '0': AMENT_PREFIX_PATH=/ros2_ws/install/geometry_msgs:/ros2_ws/install/std_msgs:${AMENT_PREFIX_PATH} CMAKE_PREFIX_PATH=/ros2_ws/install/geometry_msgs:/ros2_ws/install/std_msgs:/opt/ros/humble LD_LIBRARY_PATH=/ros2_ws/install/geometry_msgs/lib:/ros2_ws/install/std_msgs/lib:${LD_LIBRARY_PATH} PYTHONPATH=/ros2_ws/install/geometry_msgs/local/lib/python3.10/dist-packages:/ros2_ws/install/std_msgs/local/lib/python3.10/dist-packages:${PYTHONPATH} /usr/bin/cmake --build /ros2_ws/build/visualization_msgs -- -j4 -l4
[592.020s] DEBUG:colcon.colcon_core.event_handler.log_command:Invoking command in '/ros2_ws/build/visualization_msgs': AMENT_PREFIX_PATH=/ros2_ws/install/geometry_msgs:/ros2_ws/install/std_msgs:${AMENT_PREFIX_PATH} CMAKE_PREFIX_PATH=/ros2_ws/install/geometry_msgs:/ros2_ws/install/std_msgs:/opt/ros/humble LD_LIBRARY_PATH=/ros2_ws/install/geometry_msgs/lib:/ros2_ws/install/std_msgs/lib:${LD_LIBRARY_PATH} PYTHONPATH=/ros2_ws/install/geometry_msgs/local/lib/python3.10/dist-packages:/ros2_ws/install/std_msgs/local/lib/python3.10/dist-packages:${PYTHONPATH} /usr/bin/cmake --install /ros2_ws/build/visualization_msgs
[592.486s] Level 1:colcon.colcon_core.environment:create_environment_scripts_only(visualization_msgs)
[592.487s] DEBUG:colcon.colcon_core.event_handler.log_command:Invoked command in '/ros2_ws/build/visualization_msgs' returned '0': AMENT_PREFIX_PATH=/ros2_ws/install/geometry_msgs:/ros2_ws/install/std_msgs:${AMENT_PREFIX_PATH} CMAKE_PREFIX_PATH=/ros2_ws/install/geometry_msgs:/ros2_ws/install/std_msgs:/opt/ros/humble LD_LIBRARY_PATH=/ros2_ws/install/geometry_msgs/lib:/ros2_ws/install/std_msgs/lib:${LD_LIBRARY_PATH} PYTHONPATH=/ros2_ws/install/geometry_msgs/local/lib/python3.10/dist-packages:/ros2_ws/install/std_msgs/local/lib/python3.10/dist-packages:${PYTHONPATH} /usr/bin/cmake --install /ros2_ws/build/visualization_msgs
[592.488s] Level 1:colcon.colcon_core.environment:checking '/ros2_ws/install/visualization_msgs' for CMake module files
[592.492s] Level 1:colcon.colcon_core.environment:checking '/ros2_ws/install/visualization_msgs' for CMake config files
[592.497s] Level 1:colcon.colcon_core.shell:create_environment_hook('visualization_msgs', 'cmake_prefix_path')
[592.498s] INFO:colcon.colcon_core.shell:Creating environment hook '/ros2_ws/install/visualization_msgs/share/visualization_msgs/hook/cmake_prefix_path.ps1'
[592.500s] INFO:colcon.colcon_core.shell:Creating environment descriptor '/ros2_ws/install/visualization_msgs/share/visualization_msgs/hook/cmake_prefix_path.dsv'
[592.501s] INFO:colcon.colcon_core.shell:Creating environment hook '/ros2_ws/install/visualization_msgs/share/visualization_msgs/hook/cmake_prefix_path.sh'
[592.503s] Level 1:colcon.colcon_core.environment:checking '/ros2_ws/install/visualization_msgs/lib'
[592.504s] Level 1:colcon.colcon_core.shell:create_environment_hook('visualization_msgs', 'ld_library_path_lib')
[592.505s] INFO:colcon.colcon_core.shell:Creating environment hook '/ros2_ws/install/visualization_msgs/share/visualization_msgs/hook/ld_library_path_lib.ps1'
[592.506s] INFO:colcon.colcon_core.shell:Creating environment descriptor '/ros2_ws/install/visualization_msgs/share/visualization_msgs/hook/ld_library_path_lib.dsv'
[592.508s] INFO:colcon.colcon_core.shell:Creating environment hook '/ros2_ws/install/visualization_msgs/share/visualization_msgs/hook/ld_library_path_lib.sh'
[592.509s] Level 1:colcon.colcon_core.environment:checking '/ros2_ws/install/visualization_msgs/bin'
[592.509s] Level 1:colcon.colcon_core.environment:checking '/ros2_ws/install/visualization_msgs/lib/pkgconfig/visualization_msgs.pc'
[592.510s] Level 1:colcon.colcon_core.environment:checking '/ros2_ws/install/visualization_msgs/lib/python3.10/site-packages'
[592.512s] Level 1:colcon.colcon_core.environment:checking '/ros2_ws/install/visualization_msgs/bin'
[592.514s] INFO:colcon.colcon_core.shell:Creating package script '/ros2_ws/install/visualization_msgs/share/visualization_msgs/package.ps1'
[592.516s] INFO:colcon.colcon_core.shell:Creating package descriptor '/ros2_ws/install/visualization_msgs/share/visualization_msgs/package.dsv'
[592.519s] INFO:colcon.colcon_core.shell:Creating package script '/ros2_ws/install/visualization_msgs/share/visualization_msgs/package.sh'
[592.521s] INFO:colcon.colcon_core.shell:Creating package script '/ros2_ws/install/visualization_msgs/share/visualization_msgs/package.bash'
[592.523s] INFO:colcon.colcon_core.shell:Creating package script '/ros2_ws/install/visualization_msgs/share/visualization_msgs/package.zsh'
[592.524s] Level 1:colcon.colcon_core.environment:create_file_with_runtime_dependencies(/ros2_ws/install/visualization_msgs/share/colcon-core/packages/visualization_msgs)
[592.527s] Level 1:colcon.colcon_core.environment:create_environment_scripts_only(visualization_msgs)
[592.528s] Level 1:colcon.colcon_core.environment:checking '/ros2_ws/install/visualization_msgs' for CMake module files
[592.531s] Level 1:colcon.colcon_core.environment:checking '/ros2_ws/install/visualization_msgs' for CMake config files
[592.536s] Level 1:colcon.colcon_core.shell:create_environment_hook('visualization_msgs', 'cmake_prefix_path')
[592.537s] INFO:colcon.colcon_core.shell:Creating environment hook '/ros2_ws/install/visualization_msgs/share/visualization_msgs/hook/cmake_prefix_path.ps1'
[592.539s] INFO:colcon.colcon_core.shell:Creating environment descriptor '/ros2_ws/install/visualization_msgs/share/visualization_msgs/hook/cmake_prefix_path.dsv'
[592.540s] INFO:colcon.colcon_core.shell:Creating environment hook '/ros2_ws/install/visualization_msgs/share/visualization_msgs/hook/cmake_prefix_path.sh'
[592.543s] Level 1:colcon.colcon_core.environment:checking '/ros2_ws/install/visualization_msgs/lib'
[592.543s] Level 1:colcon.colcon_core.shell:create_environment_hook('visualization_msgs', 'ld_library_path_lib')
[592.544s] INFO:colcon.colcon_core.shell:Creating environment hook '/ros2_ws/install/visualization_msgs/share/visualization_msgs/hook/ld_library_path_lib.ps1'
[592.546s] INFO:colcon.colcon_core.shell:Creating environment descriptor '/ros2_ws/install/visualization_msgs/share/visualization_msgs/hook/ld_library_path_lib.dsv'
[592.547s] INFO:colcon.colcon_core.shell:Creating environment hook '/ros2_ws/install/visualization_msgs/share/visualization_msgs/hook/ld_library_path_lib.sh'
[592.548s] Level 1:colcon.colcon_core.environment:checking '/ros2_ws/install/visualization_msgs/bin'
[592.549s] Level 1:colcon.colcon_core.environment:checking '/ros2_ws/install/visualization_msgs/lib/pkgconfig/visualization_msgs.pc'
[592.550s] Level 1:colcon.colcon_core.environment:checking '/ros2_ws/install/visualization_msgs/lib/python3.10/site-packages'
[592.552s] Level 1:colcon.colcon_core.environment:checking '/ros2_ws/install/visualization_msgs/bin'
[592.553s] INFO:colcon.colcon_core.shell:Creating package script '/ros2_ws/install/visualization_msgs/share/visualization_msgs/package.ps1'
[592.557s] INFO:colcon.colcon_core.shell:Creating package descriptor '/ros2_ws/install/visualization_msgs/share/visualization_msgs/package.dsv'
[592.559s] INFO:colcon.colcon_core.shell:Creating package script '/ros2_ws/install/visualization_msgs/share/visualization_msgs/package.sh'
[592.561s] INFO:colcon.colcon_core.shell:Creating package script '/ros2_ws/install/visualization_msgs/share/visualization_msgs/package.bash'
[592.563s] INFO:colcon.colcon_core.shell:Creating package script '/ros2_ws/install/visualization_msgs/share/visualization_msgs/package.zsh'
[592.565s] Level 1:colcon.colcon_core.environment:create_file_with_runtime_dependencies(/ros2_ws/install/visualization_msgs/share/colcon-core/packages/visualization_msgs)
[700.023s] DEBUG:colcon.colcon_core.event_handler.log_command:Invoked command in '/ros2_ws/build/sensor_msgs' returned '0': AMENT_PREFIX_PATH=/ros2_ws/install/geometry_msgs:/ros2_ws/install/std_msgs:${AMENT_PREFIX_PATH} CMAKE_PREFIX_PATH=/ros2_ws/install/geometry_msgs:/ros2_ws/install/std_msgs:/opt/ros/humble LD_LIBRARY_PATH=/ros2_ws/install/geometry_msgs/lib:/ros2_ws/install/std_msgs/lib:${LD_LIBRARY_PATH} PYTHONPATH=/ros2_ws/install/geometry_msgs/local/lib/python3.10/dist-packages:/ros2_ws/install/std_msgs/local/lib/python3.10/dist-packages:${PYTHONPATH} /usr/bin/cmake --build /ros2_ws/build/sensor_msgs -- -j4 -l4
[700.028s] DEBUG:colcon.colcon_core.event_handler.log_command:Invoking command in '/ros2_ws/build/sensor_msgs': AMENT_PREFIX_PATH=/ros2_ws/install/geometry_msgs:/ros2_ws/install/std_msgs:${AMENT_PREFIX_PATH} CMAKE_PREFIX_PATH=/ros2_ws/install/geometry_msgs:/ros2_ws/install/std_msgs:/opt/ros/humble LD_LIBRARY_PATH=/ros2_ws/install/geometry_msgs/lib:/ros2_ws/install/std_msgs/lib:${LD_LIBRARY_PATH} PYTHONPATH=/ros2_ws/install/geometry_msgs/local/lib/python3.10/dist-packages:/ros2_ws/install/std_msgs/local/lib/python3.10/dist-packages:${PYTHONPATH} /usr/bin/cmake --install /ros2_ws/build/sensor_msgs
[700.697s] Level 1:colcon.colcon_core.environment:create_environment_scripts_only(sensor_msgs)
[700.698s] Level 1:colcon.colcon_core.environment:checking '/ros2_ws/install/sensor_msgs' for CMake module files
[700.701s] Level 1:colcon.colcon_core.environment:checking '/ros2_ws/install/sensor_msgs' for CMake config files
[700.703s] DEBUG:colcon.colcon_core.event_handler.log_command:Invoked command in '/ros2_ws/build/sensor_msgs' returned '0': AMENT_PREFIX_PATH=/ros2_ws/install/geometry_msgs:/ros2_ws/install/std_msgs:${AMENT_PREFIX_PATH} CMAKE_PREFIX_PATH=/ros2_ws/install/geometry_msgs:/ros2_ws/install/std_msgs:/opt/ros/humble LD_LIBRARY_PATH=/ros2_ws/install/geometry_msgs/lib:/ros2_ws/install/std_msgs/lib:${LD_LIBRARY_PATH} PYTHONPATH=/ros2_ws/install/geometry_msgs/local/lib/python3.10/dist-packages:/ros2_ws/install/std_msgs/local/lib/python3.10/dist-packages:${PYTHONPATH} /usr/bin/cmake --install /ros2_ws/build/sensor_msgs
[700.709s] Level 1:colcon.colcon_core.shell:create_environment_hook('sensor_msgs', 'cmake_prefix_path')
[700.710s] INFO:colcon.colcon_core.shell:Creating environment hook '/ros2_ws/install/sensor_msgs/share/sensor_msgs/hook/cmake_prefix_path.ps1'
[700.711s] INFO:colcon.colcon_core.shell:Creating environment descriptor '/ros2_ws/install/sensor_msgs/share/sensor_msgs/hook/cmake_prefix_path.dsv'
[700.713s] INFO:colcon.colcon_core.shell:Creating environment hook '/ros2_ws/install/sensor_msgs/share/sensor_msgs/hook/cmake_prefix_path.sh'
[700.714s] Level 1:colcon.colcon_core.environment:checking '/ros2_ws/install/sensor_msgs/lib'
[700.715s] Level 1:colcon.colcon_core.shell:create_environment_hook('sensor_msgs', 'ld_library_path_lib')
[700.716s] INFO:colcon.colcon_core.shell:Creating environment hook '/ros2_ws/install/sensor_msgs/share/sensor_msgs/hook/ld_library_path_lib.ps1'
[700.717s] INFO:colcon.colcon_core.shell:Creating environment descriptor '/ros2_ws/install/sensor_msgs/share/sensor_msgs/hook/ld_library_path_lib.dsv'
[700.718s] INFO:colcon.colcon_core.shell:Creating environment hook '/ros2_ws/install/sensor_msgs/share/sensor_msgs/hook/ld_library_path_lib.sh'
[700.719s] Level 1:colcon.colcon_core.environment:checking '/ros2_ws/install/sensor_msgs/bin'
[700.720s] Level 1:colcon.colcon_core.environment:checking '/ros2_ws/install/sensor_msgs/lib/pkgconfig/sensor_msgs.pc'
[700.721s] Level 1:colcon.colcon_core.environment:checking '/ros2_ws/install/sensor_msgs/lib/python3.10/site-packages'
[700.722s] Level 1:colcon.colcon_core.environment:checking '/ros2_ws/install/sensor_msgs/bin'
[700.724s] INFO:colcon.colcon_core.shell:Creating package script '/ros2_ws/install/sensor_msgs/share/sensor_msgs/package.ps1'
[700.726s] INFO:colcon.colcon_core.shell:Creating package descriptor '/ros2_ws/install/sensor_msgs/share/sensor_msgs/package.dsv'
[700.729s] INFO:colcon.colcon_core.shell:Creating package script '/ros2_ws/install/sensor_msgs/share/sensor_msgs/package.sh'
[700.730s] INFO:colcon.colcon_core.shell:Creating package script '/ros2_ws/install/sensor_msgs/share/sensor_msgs/package.bash'
[700.732s] INFO:colcon.colcon_core.shell:Creating package script '/ros2_ws/install/sensor_msgs/share/sensor_msgs/package.zsh'
[700.733s] Level 1:colcon.colcon_core.environment:create_file_with_runtime_dependencies(/ros2_ws/install/sensor_msgs/share/colcon-core/packages/sensor_msgs)
[700.735s] Level 1:colcon.colcon_core.environment:create_environment_scripts_only(sensor_msgs)
[700.736s] Level 1:colcon.colcon_core.environment:checking '/ros2_ws/install/sensor_msgs' for CMake module files
[700.739s] Level 1:colcon.colcon_core.environment:checking '/ros2_ws/install/sensor_msgs' for CMake config files
[700.746s] Level 1:colcon.colcon_core.shell:create_environment_hook('sensor_msgs', 'cmake_prefix_path')
[700.747s] INFO:colcon.colcon_core.shell:Creating environment hook '/ros2_ws/install/sensor_msgs/share/sensor_msgs/hook/cmake_prefix_path.ps1'
[700.749s] INFO:colcon.colcon_core.shell:Creating environment descriptor '/ros2_ws/install/sensor_msgs/share/sensor_msgs/hook/cmake_prefix_path.dsv'
[700.751s] INFO:colcon.colcon_core.shell:Creating environment hook '/ros2_ws/install/sensor_msgs/share/sensor_msgs/hook/cmake_prefix_path.sh'
[700.753s] Level 1:colcon.colcon_core.environment:checking '/ros2_ws/install/sensor_msgs/lib'
[700.753s] Level 1:colcon.colcon_core.shell:create_environment_hook('sensor_msgs', 'ld_library_path_lib')
[700.754s] INFO:colcon.colcon_core.shell:Creating environment hook '/ros2_ws/install/sensor_msgs/share/sensor_msgs/hook/ld_library_path_lib.ps1'
[700.755s] INFO:colcon.colcon_core.shell:Creating environment descriptor '/ros2_ws/install/sensor_msgs/share/sensor_msgs/hook/ld_library_path_lib.dsv'
[700.757s] INFO:colcon.colcon_core.shell:Creating environment hook '/ros2_ws/install/sensor_msgs/share/sensor_msgs/hook/ld_library_path_lib.sh'
[700.758s] Level 1:colcon.colcon_core.environment:checking '/ros2_ws/install/sensor_msgs/bin'
[700.758s] Level 1:colcon.colcon_core.environment:checking '/ros2_ws/install/sensor_msgs/lib/pkgconfig/sensor_msgs.pc'
[700.759s] Level 1:colcon.colcon_core.environment:checking '/ros2_ws/install/sensor_msgs/lib/python3.10/site-packages'
[700.761s] Level 1:colcon.colcon_core.environment:checking '/ros2_ws/install/sensor_msgs/bin'
[700.762s] INFO:colcon.colcon_core.shell:Creating package script '/ros2_ws/install/sensor_msgs/share/sensor_msgs/package.ps1'
[700.765s] INFO:colcon.colcon_core.shell:Creating package descriptor '/ros2_ws/install/sensor_msgs/share/sensor_msgs/package.dsv'
[700.767s] INFO:colcon.colcon_core.shell:Creating package script '/ros2_ws/install/sensor_msgs/share/sensor_msgs/package.sh'
[700.769s] INFO:colcon.colcon_core.shell:Creating package script '/ros2_ws/install/sensor_msgs/share/sensor_msgs/package.bash'
[700.772s] INFO:colcon.colcon_core.shell:Creating package script '/ros2_ws/install/sensor_msgs/share/sensor_msgs/package.zsh'
[700.773s] Level 1:colcon.colcon_core.environment:create_file_with_runtime_dependencies(/ros2_ws/install/sensor_msgs/share/colcon-core/packages/sensor_msgs)
[700.775s] INFO:colcon.colcon_ros.task.ament_cmake.build:Building ROS package in '/ros2_ws/src/common_interfaces/stereo_msgs' with build type 'ament_cmake'
[700.776s] INFO:colcon.colcon_cmake.task.cmake.build:Building CMake package in '/ros2_ws/src/common_interfaces/stereo_msgs'
[700.777s] INFO:colcon.colcon_core.shell:Skip shell extension 'powershell' for command environment: Not usable outside of PowerShell
[700.777s] DEBUG:colcon.colcon_core.shell:Skip shell extension 'dsv' for command environment
[700.788s] INFO:colcon.colcon_ros.task.ament_cmake.build:Building ROS package in '/ros2_ws/src/vision_msgs/vision_msgs' with build type 'ament_cmake'
[700.788s] INFO:colcon.colcon_cmake.task.cmake.build:Building CMake package in '/ros2_ws/src/vision_msgs/vision_msgs'
[700.789s] INFO:colcon.colcon_core.shell:Skip shell extension 'powershell' for command environment: Not usable outside of PowerShell
[700.790s] DEBUG:colcon.colcon_core.shell:Skip shell extension 'dsv' for command environment
[700.801s] INFO:colcon.colcon_ros.task.ament_python.build:Building ROS package in '/ros2_ws/src/common_interfaces/sensor_msgs_py' with build type 'ament_python'
[700.802s] Level 1:colcon.colcon_core.shell:create_environment_hook('sensor_msgs_py', 'ament_prefix_path')
[700.803s] INFO:colcon.colcon_core.shell:Creating environment hook '/ros2_ws/install/sensor_msgs_py/share/sensor_msgs_py/hook/ament_prefix_path.ps1'
[700.806s] INFO:colcon.colcon_core.shell:Creating environment descriptor '/ros2_ws/install/sensor_msgs_py/share/sensor_msgs_py/hook/ament_prefix_path.dsv'
[700.808s] INFO:colcon.colcon_core.shell:Creating environment hook '/ros2_ws/install/sensor_msgs_py/share/sensor_msgs_py/hook/ament_prefix_path.sh'
[700.810s] INFO:colcon.colcon_core.shell:Skip shell extension 'powershell' for command environment: Not usable outside of PowerShell
[700.811s] DEBUG:colcon.colcon_core.shell:Skip shell extension 'dsv' for command environment
[700.822s] INFO:colcon.colcon_ros.task.ament_cmake.build:Building ROS package in '/ros2_ws/src/slam_toolbox' with build type 'ament_cmake'
[700.823s] INFO:colcon.colcon_cmake.task.cmake.build:Building CMake package in '/ros2_ws/src/slam_toolbox'
[700.824s] INFO:colcon.colcon_core.shell:Skip shell extension 'powershell' for command environment: Not usable outside of PowerShell
[700.825s] DEBUG:colcon.colcon_core.shell:Skip shell extension 'dsv' for command environment
[700.850s] DEBUG:colcon.colcon_core.event_handler.log_command:Invoking command in '/ros2_ws/build/stereo_msgs': AMENT_PREFIX_PATH=/ros2_ws/install/sensor_msgs:/ros2_ws/install/geometry_msgs:/ros2_ws/install/std_msgs:${AMENT_PREFIX_PATH} CMAKE_PREFIX_PATH=/ros2_ws/install/sensor_msgs:/ros2_ws/install/geometry_msgs:/ros2_ws/install/std_msgs:/opt/ros/humble LD_LIBRARY_PATH=/ros2_ws/install/sensor_msgs/lib:/ros2_ws/install/geometry_msgs/lib:/ros2_ws/install/std_msgs/lib:${LD_LIBRARY_PATH} PYTHONPATH=/ros2_ws/install/sensor_msgs/local/lib/python3.10/dist-packages:/ros2_ws/install/geometry_msgs/local/lib/python3.10/dist-packages:/ros2_ws/install/std_msgs/local/lib/python3.10/dist-packages:${PYTHONPATH} /usr/bin/cmake /ros2_ws/src/common_interfaces/stereo_msgs -DCMAKE_INSTALL_PREFIX=/ros2_ws/install/stereo_msgs
[700.865s] DEBUG:colcon.colcon_core.event_handler.log_command:Invoking command in '/ros2_ws/build/vision_msgs': AMENT_PREFIX_PATH=/ros2_ws/install/sensor_msgs:/ros2_ws/install/geometry_msgs:/ros2_ws/install/std_msgs:${AMENT_PREFIX_PATH} CMAKE_PREFIX_PATH=/ros2_ws/install/sensor_msgs:/ros2_ws/install/geometry_msgs:/ros2_ws/install/std_msgs:/opt/ros/humble LD_LIBRARY_PATH=/ros2_ws/install/sensor_msgs/lib:/ros2_ws/install/geometry_msgs/lib:/ros2_ws/install/std_msgs/lib:${LD_LIBRARY_PATH} PYTHONPATH=/ros2_ws/install/sensor_msgs/local/lib/python3.10/dist-packages:/ros2_ws/install/geometry_msgs/local/lib/python3.10/dist-packages:/ros2_ws/install/std_msgs/local/lib/python3.10/dist-packages:${PYTHONPATH} /usr/bin/cmake /ros2_ws/src/vision_msgs/vision_msgs -DCMAKE_INSTALL_PREFIX=/ros2_ws/install/vision_msgs
[702.011s] INFO:colcon.colcon_core.task.python.build:Building Python package in '/ros2_ws/src/common_interfaces/sensor_msgs_py'
[702.012s] INFO:colcon.colcon_core.shell:Skip shell extension 'powershell' for command environment: Not usable outside of PowerShell
[702.012s] DEBUG:colcon.colcon_core.shell:Skip shell extension 'dsv' for command environment
[702.034s] DEBUG:colcon.colcon_core.event_handler.log_command:Invoking command in '/ros2_ws/build/slam_toolbox': AMENT_PREFIX_PATH=/ros2_ws/install/visualization_msgs:/ros2_ws/install/sensor_msgs:/ros2_ws/install/nav_msgs:/ros2_ws/install/geometry_msgs:/ros2_ws/install/std_srvs:/ros2_ws/install/std_msgs:${AMENT_PREFIX_PATH} CMAKE_PREFIX_PATH=/ros2_ws/install/visualization_msgs:/ros2_ws/install/sensor_msgs:/ros2_ws/install/nav_msgs:/ros2_ws/install/geometry_msgs:/ros2_ws/install/std_srvs:/ros2_ws/install/std_msgs:/opt/ros/humble LD_LIBRARY_PATH=/ros2_ws/install/visualization_msgs/lib:/ros2_ws/install/sensor_msgs/lib:/ros2_ws/install/nav_msgs/lib:/ros2_ws/install/geometry_msgs/lib:/ros2_ws/install/std_srvs/lib:/ros2_ws/install/std_msgs/lib:${LD_LIBRARY_PATH} PYTHONPATH=/ros2_ws/install/visualization_msgs/local/lib/python3.10/dist-packages:/ros2_ws/install/sensor_msgs/local/lib/python3.10/dist-packages:/ros2_ws/install/nav_msgs/local/lib/python3.10/dist-packages:/ros2_ws/install/geometry_msgs/local/lib/python3.10/dist-packages:/ros2_ws/install/std_srvs/local/lib/python3.10/dist-packages:/ros2_ws/install/std_msgs/local/lib/python3.10/dist-packages:${PYTHONPATH} /usr/bin/cmake /ros2_ws/src/slam_toolbox -DCMAKE_INSTALL_PREFIX=/ros2_ws/install/slam_toolbox
[703.715s] DEBUG:colcon.colcon_core.event_handler.log_command:Invoking command in '/ros2_ws/src/common_interfaces/sensor_msgs_py': AMENT_PREFIX_PATH=/ros2_ws/install/sensor_msgs:/ros2_ws/install/geometry_msgs:/ros2_ws/install/std_msgs:${AMENT_PREFIX_PATH} CMAKE_PREFIX_PATH=/ros2_ws/install/sensor_msgs:/ros2_ws/install/geometry_msgs:/ros2_ws/install/std_msgs LD_LIBRARY_PATH=/ros2_ws/install/sensor_msgs/lib:/ros2_ws/install/geometry_msgs/lib:/ros2_ws/install/std_msgs/lib:${LD_LIBRARY_PATH} PYTHONPATH=/ros2_ws/build/sensor_msgs_py/prefix_override:/usr/lib/python3/dist-packages/colcon_core/task/python/colcon_distutils_commands:/ros2_ws/install/sensor_msgs_py/lib/python3.10/site-packages:/ros2_ws/install/sensor_msgs/local/lib/python3.10/dist-packages:/ros2_ws/install/geometry_msgs/local/lib/python3.10/dist-packages:/ros2_ws/install/std_msgs/local/lib/python3.10/dist-packages:${PYTHONPATH} /usr/bin/python3 -W ignore:setup.py install is deprecated -W ignore:easy_install command is deprecated setup.py egg_info --egg-base ../../../build/sensor_msgs_py build --build-base /ros2_ws/build/sensor_msgs_py/build install --record /ros2_ws/build/sensor_msgs_py/install.log --install-scripts $base/lib/sensor_msgs_py --single-version-externally-managed install_data
[705.068s] Level 1:colcon.colcon_core.environment:checking '/ros2_ws/install/sensor_msgs_py' for CMake module files
[705.070s] DEBUG:colcon.colcon_core.event_handler.log_command:Invoked command in '/ros2_ws/src/common_interfaces/sensor_msgs_py' returned '0': AMENT_PREFIX_PATH=/ros2_ws/install/sensor_msgs:/ros2_ws/install/geometry_msgs:/ros2_ws/install/std_msgs:${AMENT_PREFIX_PATH} CMAKE_PREFIX_PATH=/ros2_ws/install/sensor_msgs:/ros2_ws/install/geometry_msgs:/ros2_ws/install/std_msgs LD_LIBRARY_PATH=/ros2_ws/install/sensor_msgs/lib:/ros2_ws/install/geometry_msgs/lib:/ros2_ws/install/std_msgs/lib:${LD_LIBRARY_PATH} PYTHONPATH=/ros2_ws/build/sensor_msgs_py/prefix_override:/usr/lib/python3/dist-packages/colcon_core/task/python/colcon_distutils_commands:/ros2_ws/install/sensor_msgs_py/lib/python3.10/site-packages:/ros2_ws/install/sensor_msgs/local/lib/python3.10/dist-packages:/ros2_ws/install/geometry_msgs/local/lib/python3.10/dist-packages:/ros2_ws/install/std_msgs/local/lib/python3.10/dist-packages:${PYTHONPATH} /usr/bin/python3 -W ignore:setup.py install is deprecated -W ignore:easy_install command is deprecated setup.py egg_info --egg-base ../../../build/sensor_msgs_py build --build-base /ros2_ws/build/sensor_msgs_py/build install --record /ros2_ws/build/sensor_msgs_py/install.log --install-scripts $base/lib/sensor_msgs_py --single-version-externally-managed install_data
[705.071s] Level 1:colcon.colcon_core.environment:checking '/ros2_ws/install/sensor_msgs_py' for CMake config files
[705.073s] Level 1:colcon.colcon_core.environment:checking '/ros2_ws/install/sensor_msgs_py/lib'
[705.074s] Level 1:colcon.colcon_core.environment:checking '/ros2_ws/install/sensor_msgs_py/bin'
[705.074s] Level 1:colcon.colcon_core.environment:checking '/ros2_ws/install/sensor_msgs_py/lib/pkgconfig/sensor_msgs_py.pc'
[705.075s] Level 1:colcon.colcon_core.environment:checking '/ros2_ws/install/sensor_msgs_py/lib/python3.10/site-packages'
[705.076s] Level 1:colcon.colcon_core.shell:create_environment_hook('sensor_msgs_py', 'pythonpath')
[705.077s] INFO:colcon.colcon_core.shell:Creating environment hook '/ros2_ws/install/sensor_msgs_py/share/sensor_msgs_py/hook/pythonpath.ps1'
[705.079s] INFO:colcon.colcon_core.shell:Creating environment descriptor '/ros2_ws/install/sensor_msgs_py/share/sensor_msgs_py/hook/pythonpath.dsv'
[705.080s] INFO:colcon.colcon_core.shell:Creating environment hook '/ros2_ws/install/sensor_msgs_py/share/sensor_msgs_py/hook/pythonpath.sh'
[705.083s] Level 1:colcon.colcon_core.environment:checking '/ros2_ws/install/sensor_msgs_py/bin'
[705.084s] Level 1:colcon.colcon_core.environment:create_environment_scripts_only(sensor_msgs_py)
[705.085s] INFO:colcon.colcon_core.shell:Creating package script '/ros2_ws/install/sensor_msgs_py/share/sensor_msgs_py/package.ps1'
[705.088s] INFO:colcon.colcon_core.shell:Creating package descriptor '/ros2_ws/install/sensor_msgs_py/share/sensor_msgs_py/package.dsv'
[705.090s] INFO:colcon.colcon_core.shell:Creating package script '/ros2_ws/install/sensor_msgs_py/share/sensor_msgs_py/package.sh'
[705.092s] INFO:colcon.colcon_core.shell:Creating package script '/ros2_ws/install/sensor_msgs_py/share/sensor_msgs_py/package.bash'
[705.094s] INFO:colcon.colcon_core.shell:Creating package script '/ros2_ws/install/sensor_msgs_py/share/sensor_msgs_py/package.zsh'
[705.096s] Level 1:colcon.colcon_core.environment:create_file_with_runtime_dependencies(/ros2_ws/install/sensor_msgs_py/share/colcon-core/packages/sensor_msgs_py)
[705.107s] INFO:colcon.colcon_ros.task.ament_cmake.build:Building ROS package in '/ros2_ws/sllidar_ros2' with build type 'ament_cmake'
[705.111s] INFO:colcon.colcon_cmake.task.cmake.build:Building CMake package in '/ros2_ws/sllidar_ros2'
[705.112s] INFO:colcon.colcon_core.shell:Skip shell extension 'powershell' for command environment: Not usable outside of PowerShell
[705.112s] DEBUG:colcon.colcon_core.shell:Skip shell extension 'dsv' for command environment
[705.182s] DEBUG:colcon.colcon_core.event_handler.log_command:Invoking command in '/ros2_ws/build/sllidar_ros2': AMENT_PREFIX_PATH=/ros2_ws/install/sensor_msgs:/ros2_ws/install/geometry_msgs:/ros2_ws/install/std_srvs:/ros2_ws/install/std_msgs:${AMENT_PREFIX_PATH} CMAKE_PREFIX_PATH=/ros2_ws/install/sensor_msgs:/ros2_ws/install/geometry_msgs:/ros2_ws/install/std_srvs:/ros2_ws/install/std_msgs:/opt/ros/humble LD_LIBRARY_PATH=/ros2_ws/install/sensor_msgs/lib:/ros2_ws/install/geometry_msgs/lib:/ros2_ws/install/std_srvs/lib:/ros2_ws/install/std_msgs/lib:${LD_LIBRARY_PATH} PYTHONPATH=/ros2_ws/install/sensor_msgs/local/lib/python3.10/dist-packages:/ros2_ws/install/geometry_msgs/local/lib/python3.10/dist-packages:/ros2_ws/install/std_srvs/local/lib/python3.10/dist-packages:/ros2_ws/install/std_msgs/local/lib/python3.10/dist-packages:${PYTHONPATH} /usr/bin/cmake /ros2_ws/sllidar_ros2 -DCMAKE_INSTALL_PREFIX=/ros2_ws/install/sllidar_ros2
[709.850s] DEBUG:colcon.colcon_core.event_handler.log_command:Invoked command in '/ros2_ws/build/stereo_msgs' returned '0': AMENT_PREFIX_PATH=/ros2_ws/install/sensor_msgs:/ros2_ws/install/geometry_msgs:/ros2_ws/install/std_msgs:${AMENT_PREFIX_PATH} CMAKE_PREFIX_PATH=/ros2_ws/install/sensor_msgs:/ros2_ws/install/geometry_msgs:/ros2_ws/install/std_msgs:/opt/ros/humble LD_LIBRARY_PATH=/ros2_ws/install/sensor_msgs/lib:/ros2_ws/install/geometry_msgs/lib:/ros2_ws/install/std_msgs/lib:${LD_LIBRARY_PATH} PYTHONPATH=/ros2_ws/install/sensor_msgs/local/lib/python3.10/dist-packages:/ros2_ws/install/geometry_msgs/local/lib/python3.10/dist-packages:/ros2_ws/install/std_msgs/local/lib/python3.10/dist-packages:${PYTHONPATH} /usr/bin/cmake /ros2_ws/src/common_interfaces/stereo_msgs -DCMAKE_INSTALL_PREFIX=/ros2_ws/install/stereo_msgs
[709.851s] DEBUG:colcon.colcon_core.event_handler.log_command:Invoking command in '/ros2_ws/build/stereo_msgs': AMENT_PREFIX_PATH=/ros2_ws/install/sensor_msgs:/ros2_ws/install/geometry_msgs:/ros2_ws/install/std_msgs:${AMENT_PREFIX_PATH} CMAKE_PREFIX_PATH=/ros2_ws/install/sensor_msgs:/ros2_ws/install/geometry_msgs:/ros2_ws/install/std_msgs:/opt/ros/humble LD_LIBRARY_PATH=/ros2_ws/install/sensor_msgs/lib:/ros2_ws/install/geometry_msgs/lib:/ros2_ws/install/std_msgs/lib:${LD_LIBRARY_PATH} PYTHONPATH=/ros2_ws/install/sensor_msgs/local/lib/python3.10/dist-packages:/ros2_ws/install/geometry_msgs/local/lib/python3.10/dist-packages:/ros2_ws/install/std_msgs/local/lib/python3.10/dist-packages:${PYTHONPATH} /usr/bin/cmake --build /ros2_ws/build/stereo_msgs -- -j4 -l4
[710.667s] DEBUG:colcon.colcon_core.event_handler.log_command:Invoked command in '/ros2_ws/build/sllidar_ros2' returned '0': AMENT_PREFIX_PATH=/ros2_ws/install/sensor_msgs:/ros2_ws/install/geometry_msgs:/ros2_ws/install/std_srvs:/ros2_ws/install/std_msgs:${AMENT_PREFIX_PATH} CMAKE_PREFIX_PATH=/ros2_ws/install/sensor_msgs:/ros2_ws/install/geometry_msgs:/ros2_ws/install/std_srvs:/ros2_ws/install/std_msgs:/opt/ros/humble LD_LIBRARY_PATH=/ros2_ws/install/sensor_msgs/lib:/ros2_ws/install/geometry_msgs/lib:/ros2_ws/install/std_srvs/lib:/ros2_ws/install/std_msgs/lib:${LD_LIBRARY_PATH} PYTHONPATH=/ros2_ws/install/sensor_msgs/local/lib/python3.10/dist-packages:/ros2_ws/install/geometry_msgs/local/lib/python3.10/dist-packages:/ros2_ws/install/std_srvs/local/lib/python3.10/dist-packages:/ros2_ws/install/std_msgs/local/lib/python3.10/dist-packages:${PYTHONPATH} /usr/bin/cmake /ros2_ws/sllidar_ros2 -DCMAKE_INSTALL_PREFIX=/ros2_ws/install/sllidar_ros2
[710.684s] DEBUG:colcon.colcon_core.event_handler.log_command:Invoking command in '/ros2_ws/build/sllidar_ros2': AMENT_PREFIX_PATH=/ros2_ws/install/sensor_msgs:/ros2_ws/install/geometry_msgs:/ros2_ws/install/std_srvs:/ros2_ws/install/std_msgs:${AMENT_PREFIX_PATH} CMAKE_PREFIX_PATH=/ros2_ws/install/sensor_msgs:/ros2_ws/install/geometry_msgs:/ros2_ws/install/std_srvs:/ros2_ws/install/std_msgs:/opt/ros/humble LD_LIBRARY_PATH=/ros2_ws/install/sensor_msgs/lib:/ros2_ws/install/geometry_msgs/lib:/ros2_ws/install/std_srvs/lib:/ros2_ws/install/std_msgs/lib:${LD_LIBRARY_PATH} PYTHONPATH=/ros2_ws/install/sensor_msgs/local/lib/python3.10/dist-packages:/ros2_ws/install/geometry_msgs/local/lib/python3.10/dist-packages:/ros2_ws/install/std_srvs/local/lib/python3.10/dist-packages:/ros2_ws/install/std_msgs/local/lib/python3.10/dist-packages:${PYTHONPATH} /usr/bin/cmake --build /ros2_ws/build/sllidar_ros2 -- -j4 -l4
[713.168s] DEBUG:colcon.colcon_core.event_handler.log_command:Invoked command in '/ros2_ws/build/vision_msgs' returned '0': AMENT_PREFIX_PATH=/ros2_ws/install/sensor_msgs:/ros2_ws/install/geometry_msgs:/ros2_ws/install/std_msgs:${AMENT_PREFIX_PATH} CMAKE_PREFIX_PATH=/ros2_ws/install/sensor_msgs:/ros2_ws/install/geometry_msgs:/ros2_ws/install/std_msgs:/opt/ros/humble LD_LIBRARY_PATH=/ros2_ws/install/sensor_msgs/lib:/ros2_ws/install/geometry_msgs/lib:/ros2_ws/install/std_msgs/lib:${LD_LIBRARY_PATH} PYTHONPATH=/ros2_ws/install/sensor_msgs/local/lib/python3.10/dist-packages:/ros2_ws/install/geometry_msgs/local/lib/python3.10/dist-packages:/ros2_ws/install/std_msgs/local/lib/python3.10/dist-packages:${PYTHONPATH} /usr/bin/cmake /ros2_ws/src/vision_msgs/vision_msgs -DCMAKE_INSTALL_PREFIX=/ros2_ws/install/vision_msgs
[713.170s] DEBUG:colcon.colcon_core.event_handler.log_command:Invoking command in '/ros2_ws/build/vision_msgs': AMENT_PREFIX_PATH=/ros2_ws/install/sensor_msgs:/ros2_ws/install/geometry_msgs:/ros2_ws/install/std_msgs:${AMENT_PREFIX_PATH} CMAKE_PREFIX_PATH=/ros2_ws/install/sensor_msgs:/ros2_ws/install/geometry_msgs:/ros2_ws/install/std_msgs:/opt/ros/humble LD_LIBRARY_PATH=/ros2_ws/install/sensor_msgs/lib:/ros2_ws/install/geometry_msgs/lib:/ros2_ws/install/std_msgs/lib:${LD_LIBRARY_PATH} PYTHONPATH=/ros2_ws/install/sensor_msgs/local/lib/python3.10/dist-packages:/ros2_ws/install/geometry_msgs/local/lib/python3.10/dist-packages:/ros2_ws/install/std_msgs/local/lib/python3.10/dist-packages:${PYTHONPATH} /usr/bin/cmake --build /ros2_ws/build/vision_msgs -- -j4 -l4
[721.135s] DEBUG:colcon.colcon_core.event_handler.log_command:Invoked command in '/ros2_ws/build/slam_toolbox' returned '1': AMENT_PREFIX_PATH=/ros2_ws/install/visualization_msgs:/ros2_ws/install/sensor_msgs:/ros2_ws/install/nav_msgs:/ros2_ws/install/geometry_msgs:/ros2_ws/install/std_srvs:/ros2_ws/install/std_msgs:${AMENT_PREFIX_PATH} CMAKE_PREFIX_PATH=/ros2_ws/install/visualization_msgs:/ros2_ws/install/sensor_msgs:/ros2_ws/install/nav_msgs:/ros2_ws/install/geometry_msgs:/ros2_ws/install/std_srvs:/ros2_ws/install/std_msgs:/opt/ros/humble LD_LIBRARY_PATH=/ros2_ws/install/visualization_msgs/lib:/ros2_ws/install/sensor_msgs/lib:/ros2_ws/install/nav_msgs/lib:/ros2_ws/install/geometry_msgs/lib:/ros2_ws/install/std_srvs/lib:/ros2_ws/install/std_msgs/lib:${LD_LIBRARY_PATH} PYTHONPATH=/ros2_ws/install/visualization_msgs/local/lib/python3.10/dist-packages:/ros2_ws/install/sensor_msgs/local/lib/python3.10/dist-packages:/ros2_ws/install/nav_msgs/local/lib/python3.10/dist-packages:/ros2_ws/install/geometry_msgs/local/lib/python3.10/dist-packages:/ros2_ws/install/std_srvs/local/lib/python3.10/dist-packages:/ros2_ws/install/std_msgs/local/lib/python3.10/dist-packages:${PYTHONPATH} /usr/bin/cmake /ros2_ws/src/slam_toolbox -DCMAKE_INSTALL_PREFIX=/ros2_ws/install/slam_toolbox
[721.282s] Level 1:colcon.colcon_core.environment:create_environment_scripts_only(slam_toolbox)
[721.283s] Level 1:colcon.colcon_core.environment:checking '/ros2_ws/install/slam_toolbox' for CMake module files
[721.285s] Level 1:colcon.colcon_core.environment:checking '/ros2_ws/install/slam_toolbox' for CMake config files
[721.286s] Level 1:colcon.colcon_core.environment:checking '/ros2_ws/install/slam_toolbox/bin'
[721.286s] Level 1:colcon.colcon_core.environment:checking '/ros2_ws/install/slam_toolbox/lib/pkgconfig/slam_toolbox.pc'
[721.287s] Level 1:colcon.colcon_core.environment:checking '/ros2_ws/install/slam_toolbox/lib/python3.10/site-packages'
[721.290s] Level 1:colcon.colcon_core.environment:checking '/ros2_ws/install/slam_toolbox/bin'
[721.295s] INFO:colcon.colcon_core.shell:Creating package script '/ros2_ws/install/slam_toolbox/share/slam_toolbox/package.ps1'
[721.298s] INFO:colcon.colcon_core.shell:Creating package descriptor '/ros2_ws/install/slam_toolbox/share/slam_toolbox/package.dsv'
[721.300s] INFO:colcon.colcon_core.shell:Creating package script '/ros2_ws/install/slam_toolbox/share/slam_toolbox/package.sh'
[721.301s] INFO:colcon.colcon_core.shell:Creating package script '/ros2_ws/install/slam_toolbox/share/slam_toolbox/package.bash'
[721.323s] INFO:colcon.colcon_core.shell:Creating package script '/ros2_ws/install/slam_toolbox/share/slam_toolbox/package.zsh'
[721.325s] Level 1:colcon.colcon_core.environment:create_file_with_runtime_dependencies(/ros2_ws/install/slam_toolbox/share/colcon-core/packages/slam_toolbox)
[816.564s] DEBUG:colcon.colcon_parallel_executor.executor.parallel:closing loop
[816.564s] DEBUG:colcon.colcon_parallel_executor.executor.parallel:loop closed
[816.565s] DEBUG:colcon.colcon_parallel_executor.executor.parallel:run_until_complete finished with '1'
[816.565s] DEBUG:colcon.colcon_core.event_reactor:joining thread
[816.587s] INFO:colcon.colcon_core.plugin_system:Skipping extension 'colcon_notification.desktop_notification.notify_send': Could not find 'notify-send'
[816.587s] INFO:colcon.colcon_core.plugin_system:Skipping extension 'colcon_notification.desktop_notification.terminal_notifier': Not used on non-Darwin systems
[816.587s] INFO:colcon.colcon_core.plugin_system:Skipping extension 'colcon_notification.desktop_notification.win32': Not used on non-Windows systems
[816.587s] INFO:colcon.colcon_notification.desktop_notification:Sending desktop notification using 'notify2'
[816.588s] DEBUG:colcon.colcon_notification.desktop_notification.notify2:Failed to initialize notify2: org.freedesktop.DBus.Error.NotSupported: Unable to autolaunch a dbus-daemon without a $DISPLAY for X11
[816.588s] DEBUG:colcon.colcon_core.event_reactor:joined thread
[816.589s] INFO:colcon.colcon_core.shell:Creating prefix script '/ros2_ws/install/local_setup.ps1'
[816.593s] INFO:colcon.colcon_core.shell:Creating prefix util module '/ros2_ws/install/_local_setup_util_ps1.py'
[816.600s] INFO:colcon.colcon_core.shell:Creating prefix chain script '/ros2_ws/install/setup.ps1'
[816.604s] INFO:colcon.colcon_core.shell:Creating prefix script '/ros2_ws/install/local_setup.sh'
[816.606s] INFO:colcon.colcon_core.shell:Creating prefix util module '/ros2_ws/install/_local_setup_util_sh.py'
[816.608s] INFO:colcon.colcon_core.shell:Creating prefix chain script '/ros2_ws/install/setup.sh'
[816.612s] INFO:colcon.colcon_core.shell:Creating prefix script '/ros2_ws/install/local_setup.bash'
[816.614s] INFO:colcon.colcon_core.shell:Creating prefix chain script '/ros2_ws/install/setup.bash'
[816.618s] INFO:colcon.colcon_core.shell:Creating prefix script '/ros2_ws/install/local_setup.zsh'
[816.620s] INFO:colcon.colcon_core.shell:Creating prefix chain script '/ros2_ws/install/setup.zsh'
