[0.218s] Invoking command in '/ros2_ws/build/rosapi_msgs': /usr/local/bin/cmake /ros2_ws/src/rosapi_msgs -DAMENT_CMAKE_SYMLINK_INSTALL=1 -DCMAKE_INSTALL_PREFIX=/ros2_ws/install/rosapi_msgs
[0.924s] -- The C compiler identification is GNU 7.5.0
[1.390s] -- The CXX compiler identification is GNU 7.5.0
[1.469s] -- Detecting C compiler ABI info
[1.727s] -- Detecting C compiler ABI info - done
[1.780s] -- Check for working C compiler: /usr/bin/cc - skipped
[1.781s] -- Detecting C compile features
[1.783s] -- Detecting C compile features - done
[1.829s] -- Detecting CXX compiler ABI info
[2.124s] -- Detecting CXX compiler ABI info - done
[2.169s] -- Check for working CXX compiler: /usr/bin/c++ - skipped
[2.171s] -- Detecting CXX compile features
[2.173s] -- Detecting CXX compile features - done
[2.187s] -- Found ament_cmake_ros: 0.9.2 (/opt/ros/foxy/install/share/ament_cmake_ros/cmake)
[2.299s] [33mCMake Warning (dev) at /opt/ros/foxy/install/share/ament_cmake_core/cmake/core/python.cmake:22 (find_package):
[2.300s]   Policy CMP0148 is not set: The FindPythonInterp and FindPythonLibs modules
[2.300s]   are removed.  Run "cmake --help-policy CMP0148" for policy details.  Use
[2.301s]   the cmake_policy command to set the policy and suppress this warning.
[2.301s] 
[2.302s] Call Stack (most recent call first):
[2.302s]   /opt/ros/foxy/install/share/ament_cmake_core/cmake/core/all.cmake:53 (include)
[2.303s]   /opt/ros/foxy/install/share/ament_cmake_core/cmake/ament_cmake_core-extras.cmake:17 (include)
[2.304s]   /opt/ros/foxy/install/share/ament_cmake_core/cmake/ament_cmake_coreConfig.cmake:41 (include)
[2.304s]   /opt/ros/foxy/install/share/ament_cmake_test/cmake/ament_cmake_test-extras.cmake:39 (find_package)
[2.305s]   /opt/ros/foxy/install/share/ament_cmake_test/cmake/ament_cmake_testConfig.cmake:41 (include)
[2.305s]   /opt/ros/foxy/install/share/ament_cmake_pytest/cmake/ament_cmake_pytest-extras.cmake:17 (find_package)
[2.306s]   /opt/ros/foxy/install/share/ament_cmake_pytest/cmake/ament_cmake_pytestConfig.cmake:41 (include)
[2.306s]   /opt/ros/foxy/install/share/ament_cmake_ros/cmake/ament_cmake_ros-extras.cmake:19 (find_package)
[2.307s]   /opt/ros/foxy/install/share/ament_cmake_ros/cmake/ament_cmake_rosConfig.cmake:41 (include)
[2.307s]   CMakeLists.txt:4 (find_package)
[2.308s] This warning is for project developers.  Use -Wno-dev to suppress it.
[2.308s] [0m
[2.412s] -- Found PythonInterp: /usr/bin/python3 (found suitable version "3.6.9", minimum required is "3") 
[2.413s] -- Using PYTHON_EXECUTABLE: /usr/bin/python3
[3.543s] -- Override CMake install command with custom implementation using symlinks instead of copying resources
[3.803s] -- Found builtin_interfaces: 1.0.0 (/opt/ros/foxy/install/share/builtin_interfaces/cmake)
[4.005s] -- Using all available rosidl_typesupport_c: rosidl_typesupport_fastrtps_c;rosidl_typesupport_introspection_c
[4.059s] -- Found rosidl_adapter: 1.3.1 (/opt/ros/foxy/install/share/rosidl_adapter/cmake)
[4.486s] -- Found OpenSSL: /usr/lib/aarch64-linux-gnu/libcrypto.so (found version "1.1.1")  
[4.659s] -- Found FastRTPS: /opt/ros/foxy/install/include  
[5.185s] -- Using all available rosidl_typesupport_cpp: rosidl_typesupport_fastrtps_cpp;rosidl_typesupport_introspection_cpp
[5.351s] -- Found rosidl_default_generators: 1.0.1 (/opt/ros/foxy/install/share/rosidl_default_generators/cmake)
[5.438s] [33mCMake Warning (dev) at /opt/ros/foxy/install/share/rosidl_adapter/cmake/rosidl_adapt_interfaces.cmake:40 (find_package):
[5.439s]   Policy CMP0148 is not set: The FindPythonInterp and FindPythonLibs modules
[5.439s]   are removed.  Run "cmake --help-policy CMP0148" for policy details.  Use
[5.440s]   the cmake_policy command to set the policy and suppress this warning.
[5.440s] 
[5.441s] Call Stack (most recent call first):
[5.442s]   /opt/ros/foxy/install/share/rosidl_cmake/cmake/rosidl_generate_interfaces.cmake:130 (rosidl_adapt_interfaces)
[5.442s]   CMakeLists.txt:8 (rosidl_generate_interfaces)
[5.443s] This warning is for project developers.  Use -Wno-dev to suppress it.
[5.443s] [0m
[5.567s] -- Found PythonInterp: /usr/bin/python3 (found version "3.6.9") 
[8.751s] -- Using all available rosidl_typesupport_c: rosidl_typesupport_fastrtps_c;rosidl_typesupport_introspection_c
[8.850s] -- Using all available rosidl_typesupport_cpp: rosidl_typesupport_fastrtps_cpp;rosidl_typesupport_introspection_cpp
[8.866s] [33mCMake Warning (dev) at /opt/ros/foxy/install/share/rosidl_generator_py/cmake/rosidl_generator_py_generate_interfaces.cmake:20 (find_package):
[8.866s]   Policy CMP0148 is not set: The FindPythonInterp and FindPythonLibs modules
[8.867s]   are removed.  Run "cmake --help-policy CMP0148" for policy details.  Use
[8.868s]   the cmake_policy command to set the policy and suppress this warning.
[8.868s] 
[8.869s] Call Stack (most recent call first):
[8.869s]   /opt/ros/foxy/install/share/ament_cmake_core/cmake/core/ament_execute_extensions.cmake:48 (include)
[8.870s]   /opt/ros/foxy/install/share/rosidl_cmake/cmake/rosidl_generate_interfaces.cmake:286 (ament_execute_extensions)
[8.870s]   CMakeLists.txt:8 (rosidl_generate_interfaces)
[8.871s] This warning is for project developers.  Use -Wno-dev to suppress it.
[8.871s] [0m
[8.992s] -- Found PythonInterp: /usr/bin/python3 (found suitable version "3.6.9", minimum required is "3.5") 
[9.003s] -- Found python_cmake_module: 0.8.1 (/opt/ros/foxy/install/share/python_cmake_module/cmake)
[9.005s] [33mCMake Warning (dev) at /opt/ros/foxy/install/share/python_cmake_module/cmake/Modules/FindPythonExtra.cmake:45 (find_package):
[9.006s]   Policy CMP0148 is not set: The FindPythonInterp and FindPythonLibs modules
[9.006s]   are removed.  Run "cmake --help-policy CMP0148" for policy details.  Use
[9.008s]   the cmake_policy command to set the policy and suppress this warning.
[9.008s] 
[9.009s] Call Stack (most recent call first):
[9.009s]   /opt/ros/foxy/install/share/rosidl_generator_py/cmake/rosidl_generator_py_generate_interfaces.cmake:23 (find_package)
[9.010s]   /opt/ros/foxy/install/share/ament_cmake_core/cmake/core/ament_execute_extensions.cmake:48 (include)
[9.011s]   /opt/ros/foxy/install/share/rosidl_cmake/cmake/rosidl_generate_interfaces.cmake:286 (ament_execute_extensions)
[9.011s]   CMakeLists.txt:8 (rosidl_generate_interfaces)
[9.012s] This warning is for project developers.  Use -Wno-dev to suppress it.
[9.013s] [0m
[9.138s] [33mCMake Warning (dev) at /opt/ros/foxy/install/share/python_cmake_module/cmake/Modules/FindPythonExtra.cmake:133 (find_package):
[9.139s]   Policy CMP0148 is not set: The FindPythonInterp and FindPythonLibs modules
[9.139s]   are removed.  Run "cmake --help-policy CMP0148" for policy details.  Use
[9.140s]   the cmake_policy command to set the policy and suppress this warning.
[9.141s] 
[9.141s] Call Stack (most recent call first):
[9.142s]   /opt/ros/foxy/install/share/rosidl_generator_py/cmake/rosidl_generator_py_generate_interfaces.cmake:23 (find_package)
[9.143s]   /opt/ros/foxy/install/share/ament_cmake_core/cmake/core/ament_execute_extensions.cmake:48 (include)
[9.143s]   /opt/ros/foxy/install/share/rosidl_cmake/cmake/rosidl_generate_interfaces.cmake:286 (ament_execute_extensions)
[9.144s]   CMakeLists.txt:8 (rosidl_generate_interfaces)
[9.144s] This warning is for project developers.  Use -Wno-dev to suppress it.
[9.145s] [0m
[9.159s] -- Found PythonLibs: /usr/lib/aarch64-linux-gnu/libpython3.6m.so (found suitable version "3.6.9", minimum required is "3.5") 
[9.168s] -- Using PYTHON_EXECUTABLE: /usr/bin/python3
[9.169s] -- Using PYTHON_INCLUDE_DIRS: /usr/include/python3.6m
[9.170s] -- Using PYTHON_LIBRARIES: /usr/lib/aarch64-linux-gnu/libpython3.6m.so
[9.286s] -- Found PythonExtra: .so  
[10.269s] -- Using numpy include directory: /usr/local/lib/python3.6/dist-packages/numpy/core/include
[10.454s] -- Configuring done (10.1s)
[10.891s] -- Generating done (0.3s)
[10.906s] -- Build files have been written to: /ros2_ws/build/rosapi_msgs
[10.967s] Invoked command in '/ros2_ws/build/rosapi_msgs' returned '0': /usr/local/bin/cmake /ros2_ws/src/rosapi_msgs -DAMENT_CMAKE_SYMLINK_INSTALL=1 -DCMAKE_INSTALL_PREFIX=/ros2_ws/install/rosapi_msgs
[10.969s] Invoking command in '/ros2_ws/build/rosapi_msgs': /usr/local/bin/cmake --build /ros2_ws/build/rosapi_msgs -- -j4 -l4
[11.303s] [  1%] [34m[1mGenerating C code for ROS interfaces[0m
[11.403s] [  1%] [34m[1mGenerating C++ code for ROS interfaces[0m
[34.244s] [  1%] Built target rosapi_msgs__cpp
[34.324s] [  2%] [34m[1mGenerating C++ introspection for ROS interfaces[0m
[34.335s] [  3%] [34m[1mGenerating C++ type support for eProsima Fast-RTPS[0m
[34.337s] [  4%] [34m[1mGenerating C++ type support dispatch for ROS interfaces[0m
[39.106s] [  4%] [32mBuilding C object CMakeFiles/rosapi_msgs__rosidl_generator_c.dir/rosidl_generator_c/rosapi_msgs/msg/detail/type_def__functions.c.o[0m
[39.617s] [  4%] [32mBuilding C object CMakeFiles/rosapi_msgs__rosidl_generator_c.dir/rosidl_generator_c/rosapi_msgs/srv/detail/delete_param__functions.c.o[0m
[40.254s] [  5%] [32mBuilding C object CMakeFiles/rosapi_msgs__rosidl_generator_c.dir/rosidl_generator_c/rosapi_msgs/srv/detail/get_action_servers__functions.c.o[0m
[40.713s] [  5%] [32mBuilding C object CMakeFiles/rosapi_msgs__rosidl_generator_c.dir/rosidl_generator_c/rosapi_msgs/srv/detail/get_param__functions.c.o[0m
[41.475s] [  6%] [32mBuilding C object CMakeFiles/rosapi_msgs__rosidl_generator_c.dir/rosidl_generator_c/rosapi_msgs/srv/detail/get_param_names__functions.c.o[0m
[41.982s] [  6%] [32mBuilding C object CMakeFiles/rosapi_msgs__rosidl_generator_c.dir/rosidl_generator_c/rosapi_msgs/srv/detail/get_ros_version__functions.c.o[0m
[42.598s] [  7%] [32mBuilding C object CMakeFiles/rosapi_msgs__rosidl_generator_c.dir/rosidl_generator_c/rosapi_msgs/srv/detail/get_time__functions.c.o[0m
[43.160s] [  7%] [32mBuilding C object CMakeFiles/rosapi_msgs__rosidl_generator_c.dir/rosidl_generator_c/rosapi_msgs/srv/detail/has_param__functions.c.o[0m
[43.638s] [  8%] [32mBuilding C object CMakeFiles/rosapi_msgs__rosidl_generator_c.dir/rosidl_generator_c/rosapi_msgs/srv/detail/message_details__functions.c.o[0m
[44.115s] [  8%] [32mBuilding C object CMakeFiles/rosapi_msgs__rosidl_generator_c.dir/rosidl_generator_c/rosapi_msgs/srv/detail/nodes__functions.c.o[0m
[44.611s] [  8%] [32mBuilding C object CMakeFiles/rosapi_msgs__rosidl_generator_c.dir/rosidl_generator_c/rosapi_msgs/srv/detail/node_details__functions.c.o[0m
[45.202s] [  9%] [32mBuilding C object CMakeFiles/rosapi_msgs__rosidl_generator_c.dir/rosidl_generator_c/rosapi_msgs/srv/detail/publishers__functions.c.o[0m
[45.645s] [  9%] [32mBuilding C object CMakeFiles/rosapi_msgs__rosidl_generator_c.dir/rosidl_generator_c/rosapi_msgs/srv/detail/service_node__functions.c.o[0m
[46.106s] [ 10%] [32mBuilding C object CMakeFiles/rosapi_msgs__rosidl_generator_c.dir/rosidl_generator_c/rosapi_msgs/srv/detail/service_providers__functions.c.o[0m
[46.506s] [ 10%] [32mBuilding C object CMakeFiles/rosapi_msgs__rosidl_generator_c.dir/rosidl_generator_c/rosapi_msgs/srv/detail/service_request_details__functions.c.o[0m
[47.121s] [ 11%] [32mBuilding C object CMakeFiles/rosapi_msgs__rosidl_generator_c.dir/rosidl_generator_c/rosapi_msgs/srv/detail/service_response_details__functions.c.o[0m
[47.663s] [ 11%] [32mBuilding C object CMakeFiles/rosapi_msgs__rosidl_generator_c.dir/rosidl_generator_c/rosapi_msgs/srv/detail/services__functions.c.o[0m
[48.203s] [ 12%] [32mBuilding C object CMakeFiles/rosapi_msgs__rosidl_generator_c.dir/rosidl_generator_c/rosapi_msgs/srv/detail/services_for_type__functions.c.o[0m
[48.713s] [ 12%] [32mBuilding C object CMakeFiles/rosapi_msgs__rosidl_generator_c.dir/rosidl_generator_c/rosapi_msgs/srv/detail/service_type__functions.c.o[0m
[49.231s] [ 12%] [32mBuilding C object CMakeFiles/rosapi_msgs__rosidl_generator_c.dir/rosidl_generator_c/rosapi_msgs/srv/detail/set_param__functions.c.o[0m
[49.738s] [ 13%] [32mBuilding C object CMakeFiles/rosapi_msgs__rosidl_generator_c.dir/rosidl_generator_c/rosapi_msgs/srv/detail/subscribers__functions.c.o[0m
[50.244s] [ 13%] [32mBuilding C object CMakeFiles/rosapi_msgs__rosidl_generator_c.dir/rosidl_generator_c/rosapi_msgs/srv/detail/topics__functions.c.o[0m
[50.770s] [ 14%] [32mBuilding C object CMakeFiles/rosapi_msgs__rosidl_generator_c.dir/rosidl_generator_c/rosapi_msgs/srv/detail/topics_and_raw_types__functions.c.o[0m
[51.311s] [ 14%] [32mBuilding C object CMakeFiles/rosapi_msgs__rosidl_generator_c.dir/rosidl_generator_c/rosapi_msgs/srv/detail/topics_for_type__functions.c.o[0m
[51.702s] [ 14%] [32mBuilding CXX object CMakeFiles/rosapi_msgs__rosidl_typesupport_cpp.dir/rosidl_typesupport_cpp/rosapi_msgs/msg/type_def__type_support.cpp.o[0m
[51.894s] [ 15%] [32mBuilding C object CMakeFiles/rosapi_msgs__rosidl_generator_c.dir/rosidl_generator_c/rosapi_msgs/srv/detail/topic_type__functions.c.o[0m
[52.462s] [ 15%] [32m[1mLinking C shared library librosapi_msgs__rosidl_generator_c.so[0m
[52.831s] [ 15%] Built target rosapi_msgs__rosidl_generator_c
[53.675s] [ 16%] [32mBuilding CXX object CMakeFiles/rosapi_msgs__rosidl_typesupport_cpp.dir/rosidl_typesupport_cpp/rosapi_msgs/srv/delete_param__type_support.cpp.o[0m
[55.626s] [ 16%] [32mBuilding CXX object CMakeFiles/rosapi_msgs__rosidl_typesupport_cpp.dir/rosidl_typesupport_cpp/rosapi_msgs/srv/get_action_servers__type_support.cpp.o[0m
[57.480s] [ 16%] [32mBuilding CXX object CMakeFiles/rosapi_msgs__rosidl_typesupport_cpp.dir/rosidl_typesupport_cpp/rosapi_msgs/srv/get_param__type_support.cpp.o[0m
[58.143s] [ 16%] [32mBuilding CXX object CMakeFiles/rosapi_msgs__rosidl_typesupport_introspection_cpp.dir/rosidl_typesupport_introspection_cpp/rosapi_msgs/msg/detail/type_def__type_support.cpp.o[0m
[59.478s] [ 17%] [32mBuilding CXX object CMakeFiles/rosapi_msgs__rosidl_typesupport_cpp.dir/rosidl_typesupport_cpp/rosapi_msgs/srv/get_param_names__type_support.cpp.o[0m
[60.600s] [ 18%] [32mBuilding CXX object CMakeFiles/rosapi_msgs__rosidl_typesupport_introspection_cpp.dir/rosidl_typesupport_introspection_cpp/rosapi_msgs/srv/detail/delete_param__type_support.cpp.o[0m
[60.818s] [ 18%] [32mBuilding CXX object CMakeFiles/rosapi_msgs__rosidl_typesupport_fastrtps_cpp.dir/rosidl_typesupport_fastrtps_cpp/rosapi_msgs/msg/detail/dds_fastrtps/type_def__type_support.cpp.o[0m
[61.131s] [ 18%] [32mBuilding CXX object CMakeFiles/rosapi_msgs__rosidl_typesupport_cpp.dir/rosidl_typesupport_cpp/rosapi_msgs/srv/get_ros_version__type_support.cpp.o[0m
[62.329s] [ 18%] [32mBuilding CXX object CMakeFiles/rosapi_msgs__rosidl_typesupport_introspection_cpp.dir/rosidl_typesupport_introspection_cpp/rosapi_msgs/srv/detail/get_action_servers__type_support.cpp.o[0m
[62.819s] [ 19%] [32mBuilding CXX object CMakeFiles/rosapi_msgs__rosidl_typesupport_cpp.dir/rosidl_typesupport_cpp/rosapi_msgs/srv/get_time__type_support.cpp.o[0m
[63.903s] [ 20%] [32mBuilding CXX object CMakeFiles/rosapi_msgs__rosidl_typesupport_fastrtps_cpp.dir/rosidl_typesupport_fastrtps_cpp/rosapi_msgs/srv/detail/dds_fastrtps/delete_param__type_support.cpp.o[0m
[64.920s] [ 21%] [32mBuilding CXX object CMakeFiles/rosapi_msgs__rosidl_typesupport_introspection_cpp.dir/rosidl_typesupport_introspection_cpp/rosapi_msgs/srv/detail/get_param__type_support.cpp.o[0m
[64.979s] [ 21%] [32mBuilding CXX object CMakeFiles/rosapi_msgs__rosidl_typesupport_cpp.dir/rosidl_typesupport_cpp/rosapi_msgs/srv/has_param__type_support.cpp.o[0m
[66.746s] [ 21%] [32mBuilding CXX object CMakeFiles/rosapi_msgs__rosidl_typesupport_introspection_cpp.dir/rosidl_typesupport_introspection_cpp/rosapi_msgs/srv/detail/get_param_names__type_support.cpp.o[0m
[66.872s] [ 21%] [32mBuilding CXX object CMakeFiles/rosapi_msgs__rosidl_typesupport_fastrtps_cpp.dir/rosidl_typesupport_fastrtps_cpp/rosapi_msgs/srv/detail/dds_fastrtps/get_action_servers__type_support.cpp.o[0m
[66.883s] [ 22%] [32mBuilding CXX object CMakeFiles/rosapi_msgs__rosidl_typesupport_cpp.dir/rosidl_typesupport_cpp/rosapi_msgs/srv/message_details__type_support.cpp.o[0m
[68.706s] [ 22%] [32mBuilding CXX object CMakeFiles/rosapi_msgs__rosidl_typesupport_cpp.dir/rosidl_typesupport_cpp/rosapi_msgs/srv/nodes__type_support.cpp.o[0m
[68.825s] [ 23%] [32mBuilding CXX object CMakeFiles/rosapi_msgs__rosidl_typesupport_introspection_cpp.dir/rosidl_typesupport_introspection_cpp/rosapi_msgs/srv/detail/get_ros_version__type_support.cpp.o[0m
[69.507s] [ 24%] [32mBuilding CXX object CMakeFiles/rosapi_msgs__rosidl_typesupport_fastrtps_cpp.dir/rosidl_typesupport_fastrtps_cpp/rosapi_msgs/srv/detail/dds_fastrtps/get_param__type_support.cpp.o[0m
[70.249s] [ 24%] [32mBuilding CXX object CMakeFiles/rosapi_msgs__rosidl_typesupport_introspection_cpp.dir/rosidl_typesupport_introspection_cpp/rosapi_msgs/srv/detail/get_time__type_support.cpp.o[0m
[70.589s] [ 25%] [32mBuilding CXX object CMakeFiles/rosapi_msgs__rosidl_typesupport_cpp.dir/rosidl_typesupport_cpp/rosapi_msgs/srv/node_details__type_support.cpp.o[0m
[71.903s] [ 25%] [32mBuilding CXX object CMakeFiles/rosapi_msgs__rosidl_typesupport_fastrtps_cpp.dir/rosidl_typesupport_fastrtps_cpp/rosapi_msgs/srv/detail/dds_fastrtps/get_param_names__type_support.cpp.o[0m
[72.187s] [ 25%] [32mBuilding CXX object CMakeFiles/rosapi_msgs__rosidl_typesupport_introspection_cpp.dir/rosidl_typesupport_introspection_cpp/rosapi_msgs/srv/detail/has_param__type_support.cpp.o[0m
[72.209s] [ 25%] [32mBuilding CXX object CMakeFiles/rosapi_msgs__rosidl_typesupport_cpp.dir/rosidl_typesupport_cpp/rosapi_msgs/srv/publishers__type_support.cpp.o[0m
[73.959s] [ 26%] [32mBuilding CXX object CMakeFiles/rosapi_msgs__rosidl_typesupport_introspection_cpp.dir/rosidl_typesupport_introspection_cpp/rosapi_msgs/srv/detail/message_details__type_support.cpp.o[0m
[74.142s] [ 26%] [32mBuilding CXX object CMakeFiles/rosapi_msgs__rosidl_typesupport_cpp.dir/rosidl_typesupport_cpp/rosapi_msgs/srv/service_node__type_support.cpp.o[0m
[74.201s] [ 26%] [32mBuilding CXX object CMakeFiles/rosapi_msgs__rosidl_typesupport_fastrtps_cpp.dir/rosidl_typesupport_fastrtps_cpp/rosapi_msgs/srv/detail/dds_fastrtps/get_ros_version__type_support.cpp.o[0m
[75.859s] [ 27%] [32mBuilding CXX object CMakeFiles/rosapi_msgs__rosidl_typesupport_cpp.dir/rosidl_typesupport_cpp/rosapi_msgs/srv/service_providers__type_support.cpp.o[0m
[76.345s] [ 28%] [32mBuilding CXX object CMakeFiles/rosapi_msgs__rosidl_typesupport_fastrtps_cpp.dir/rosidl_typesupport_fastrtps_cpp/rosapi_msgs/srv/detail/dds_fastrtps/get_time__type_support.cpp.o[0m
[76.374s] [ 28%] [32mBuilding CXX object CMakeFiles/rosapi_msgs__rosidl_typesupport_introspection_cpp.dir/rosidl_typesupport_introspection_cpp/rosapi_msgs/srv/detail/nodes__type_support.cpp.o[0m
[77.551s] [ 28%] [32mBuilding CXX object CMakeFiles/rosapi_msgs__rosidl_typesupport_cpp.dir/rosidl_typesupport_cpp/rosapi_msgs/srv/service_request_details__type_support.cpp.o[0m
[78.455s] [ 29%] [32mBuilding CXX object CMakeFiles/rosapi_msgs__rosidl_typesupport_introspection_cpp.dir/rosidl_typesupport_introspection_cpp/rosapi_msgs/srv/detail/node_details__type_support.cpp.o[0m
[78.495s] [ 29%] [32mBuilding CXX object CMakeFiles/rosapi_msgs__rosidl_typesupport_fastrtps_cpp.dir/rosidl_typesupport_fastrtps_cpp/rosapi_msgs/srv/detail/dds_fastrtps/has_param__type_support.cpp.o[0m
[78.883s] [ 30%] [32mBuilding CXX object CMakeFiles/rosapi_msgs__rosidl_typesupport_cpp.dir/rosidl_typesupport_cpp/rosapi_msgs/srv/service_response_details__type_support.cpp.o[0m
[80.365s] [ 30%] [32mBuilding CXX object CMakeFiles/rosapi_msgs__rosidl_typesupport_cpp.dir/rosidl_typesupport_cpp/rosapi_msgs/srv/services__type_support.cpp.o[0m
[80.438s] [ 30%] [32mBuilding CXX object CMakeFiles/rosapi_msgs__rosidl_typesupport_introspection_cpp.dir/rosidl_typesupport_introspection_cpp/rosapi_msgs/srv/detail/publishers__type_support.cpp.o[0m
[80.784s] [ 31%] [32mBuilding CXX object CMakeFiles/rosapi_msgs__rosidl_typesupport_fastrtps_cpp.dir/rosidl_typesupport_fastrtps_cpp/rosapi_msgs/srv/detail/dds_fastrtps/message_details__type_support.cpp.o[0m
[81.758s] [ 32%] [32mBuilding CXX object CMakeFiles/rosapi_msgs__rosidl_typesupport_cpp.dir/rosidl_typesupport_cpp/rosapi_msgs/srv/services_for_type__type_support.cpp.o[0m
[82.369s] [ 33%] [32mBuilding CXX object CMakeFiles/rosapi_msgs__rosidl_typesupport_introspection_cpp.dir/rosidl_typesupport_introspection_cpp/rosapi_msgs/srv/detail/service_node__type_support.cpp.o[0m
[82.899s] [ 33%] [32mBuilding CXX object CMakeFiles/rosapi_msgs__rosidl_typesupport_cpp.dir/rosidl_typesupport_cpp/rosapi_msgs/srv/service_type__type_support.cpp.o[0m
[83.695s] [ 33%] [32mBuilding CXX object CMakeFiles/rosapi_msgs__rosidl_typesupport_introspection_cpp.dir/rosidl_typesupport_introspection_cpp/rosapi_msgs/srv/detail/service_providers__type_support.cpp.o[0m
[83.703s] [ 33%] [32mBuilding CXX object CMakeFiles/rosapi_msgs__rosidl_typesupport_fastrtps_cpp.dir/rosidl_typesupport_fastrtps_cpp/rosapi_msgs/srv/detail/dds_fastrtps/nodes__type_support.cpp.o[0m
[84.142s] [ 34%] [32mBuilding CXX object CMakeFiles/rosapi_msgs__rosidl_typesupport_cpp.dir/rosidl_typesupport_cpp/rosapi_msgs/srv/set_param__type_support.cpp.o[0m
[85.291s] [ 34%] [32mBuilding CXX object CMakeFiles/rosapi_msgs__rosidl_typesupport_cpp.dir/rosidl_typesupport_cpp/rosapi_msgs/srv/subscribers__type_support.cpp.o[0m
[85.401s] [ 35%] [32mBuilding CXX object CMakeFiles/rosapi_msgs__rosidl_typesupport_introspection_cpp.dir/rosidl_typesupport_introspection_cpp/rosapi_msgs/srv/detail/service_request_details__type_support.cpp.o[0m
[85.829s] [ 36%] [32mBuilding CXX object CMakeFiles/rosapi_msgs__rosidl_typesupport_fastrtps_cpp.dir/rosidl_typesupport_fastrtps_cpp/rosapi_msgs/srv/detail/dds_fastrtps/node_details__type_support.cpp.o[0m
[86.562s] [ 36%] [32mBuilding CXX object CMakeFiles/rosapi_msgs__rosidl_typesupport_cpp.dir/rosidl_typesupport_cpp/rosapi_msgs/srv/topics__type_support.cpp.o[0m
[87.338s] [ 36%] [32mBuilding CXX object CMakeFiles/rosapi_msgs__rosidl_typesupport_introspection_cpp.dir/rosidl_typesupport_introspection_cpp/rosapi_msgs/srv/detail/service_response_details__type_support.cpp.o[0m
[88.043s] [ 37%] [32mBuilding CXX object CMakeFiles/rosapi_msgs__rosidl_typesupport_cpp.dir/rosidl_typesupport_cpp/rosapi_msgs/srv/topics_and_raw_types__type_support.cpp.o[0m
[88.103s] [ 37%] [32mBuilding CXX object CMakeFiles/rosapi_msgs__rosidl_typesupport_fastrtps_cpp.dir/rosidl_typesupport_fastrtps_cpp/rosapi_msgs/srv/detail/dds_fastrtps/publishers__type_support.cpp.o[0m
[88.974s] [ 37%] [32mBuilding CXX object CMakeFiles/rosapi_msgs__rosidl_typesupport_introspection_cpp.dir/rosidl_typesupport_introspection_cpp/rosapi_msgs/srv/detail/services__type_support.cpp.o[0m
[89.274s] [ 37%] [32mBuilding CXX object CMakeFiles/rosapi_msgs__rosidl_typesupport_cpp.dir/rosidl_typesupport_cpp/rosapi_msgs/srv/topics_for_type__type_support.cpp.o[0m
[90.146s] [ 38%] [32mBuilding CXX object CMakeFiles/rosapi_msgs__rosidl_typesupport_introspection_cpp.dir/rosidl_typesupport_introspection_cpp/rosapi_msgs/srv/detail/services_for_type__type_support.cpp.o[0m
[90.203s] [ 39%] [32mBuilding CXX object CMakeFiles/rosapi_msgs__rosidl_typesupport_fastrtps_cpp.dir/rosidl_typesupport_fastrtps_cpp/rosapi_msgs/srv/detail/dds_fastrtps/service_node__type_support.cpp.o[0m
[90.365s] [ 40%] [32mBuilding CXX object CMakeFiles/rosapi_msgs__rosidl_typesupport_cpp.dir/rosidl_typesupport_cpp/rosapi_msgs/srv/topic_type__type_support.cpp.o[0m
[91.328s] [ 40%] [32mBuilding CXX object CMakeFiles/rosapi_msgs__rosidl_typesupport_introspection_cpp.dir/rosidl_typesupport_introspection_cpp/rosapi_msgs/srv/detail/service_type__type_support.cpp.o[0m
[91.444s] [ 40%] [32m[1mLinking CXX shared library librosapi_msgs__rosidl_typesupport_cpp.so[0m
[91.581s] [ 40%] Built target rosapi_msgs__rosidl_typesupport_cpp
[91.835s] [ 40%] [32mBuilding CXX object CMakeFiles/rosapi_msgs__rosidl_typesupport_fastrtps_cpp.dir/rosidl_typesupport_fastrtps_cpp/rosapi_msgs/srv/detail/dds_fastrtps/service_providers__type_support.cpp.o[0m
[92.325s] [ 41%] [32mBuilding CXX object CMakeFiles/rosapi_msgs__rosidl_typesupport_introspection_cpp.dir/rosidl_typesupport_introspection_cpp/rosapi_msgs/srv/detail/set_param__type_support.cpp.o[0m
[93.282s] [ 41%] [32mBuilding CXX object CMakeFiles/rosapi_msgs__rosidl_typesupport_introspection_cpp.dir/rosidl_typesupport_introspection_cpp/rosapi_msgs/srv/detail/subscribers__type_support.cpp.o[0m
[93.525s] [ 41%] [32mBuilding CXX object CMakeFiles/rosapi_msgs__rosidl_typesupport_fastrtps_cpp.dir/rosidl_typesupport_fastrtps_cpp/rosapi_msgs/srv/detail/dds_fastrtps/service_request_details__type_support.cpp.o[0m
[94.402s] [ 42%] [32mBuilding CXX object CMakeFiles/rosapi_msgs__rosidl_typesupport_introspection_cpp.dir/rosidl_typesupport_introspection_cpp/rosapi_msgs/srv/detail/topics__type_support.cpp.o[0m
[95.365s] [ 43%] [32mBuilding CXX object CMakeFiles/rosapi_msgs__rosidl_typesupport_fastrtps_cpp.dir/rosidl_typesupport_fastrtps_cpp/rosapi_msgs/srv/detail/dds_fastrtps/service_response_details__type_support.cpp.o[0m
[95.541s] [ 43%] [32mBuilding CXX object CMakeFiles/rosapi_msgs__rosidl_typesupport_introspection_cpp.dir/rosidl_typesupport_introspection_cpp/rosapi_msgs/srv/detail/topics_and_raw_types__type_support.cpp.o[0m
[96.648s] [ 44%] [32mBuilding CXX object CMakeFiles/rosapi_msgs__rosidl_typesupport_introspection_cpp.dir/rosidl_typesupport_introspection_cpp/rosapi_msgs/srv/detail/topics_for_type__type_support.cpp.o[0m
[97.137s] [ 44%] [32mBuilding CXX object CMakeFiles/rosapi_msgs__rosidl_typesupport_fastrtps_cpp.dir/rosidl_typesupport_fastrtps_cpp/rosapi_msgs/srv/detail/dds_fastrtps/services__type_support.cpp.o[0m
[97.775s] [ 44%] [32mBuilding CXX object CMakeFiles/rosapi_msgs__rosidl_typesupport_introspection_cpp.dir/rosidl_typesupport_introspection_cpp/rosapi_msgs/srv/detail/topic_type__type_support.cpp.o[0m
[98.771s] [ 45%] [32m[1mLinking CXX shared library librosapi_msgs__rosidl_typesupport_introspection_cpp.so[0m
[98.844s] [ 46%] [32mBuilding CXX object CMakeFiles/rosapi_msgs__rosidl_typesupport_fastrtps_cpp.dir/rosidl_typesupport_fastrtps_cpp/rosapi_msgs/srv/detail/dds_fastrtps/services_for_type__type_support.cpp.o[0m
[99.105s] [ 46%] Built target rosapi_msgs__rosidl_typesupport_introspection_cpp
[100.469s] [ 46%] [32mBuilding CXX object CMakeFiles/rosapi_msgs__rosidl_typesupport_fastrtps_cpp.dir/rosidl_typesupport_fastrtps_cpp/rosapi_msgs/srv/detail/dds_fastrtps/service_type__type_support.cpp.o[0m
[101.883s] [ 47%] [32mBuilding CXX object CMakeFiles/rosapi_msgs__rosidl_typesupport_fastrtps_cpp.dir/rosidl_typesupport_fastrtps_cpp/rosapi_msgs/srv/detail/dds_fastrtps/set_param__type_support.cpp.o[0m
[103.301s] [ 47%] [32mBuilding CXX object CMakeFiles/rosapi_msgs__rosidl_typesupport_fastrtps_cpp.dir/rosidl_typesupport_fastrtps_cpp/rosapi_msgs/srv/detail/dds_fastrtps/subscribers__type_support.cpp.o[0m
[104.832s] [ 48%] [32mBuilding CXX object CMakeFiles/rosapi_msgs__rosidl_typesupport_fastrtps_cpp.dir/rosidl_typesupport_fastrtps_cpp/rosapi_msgs/srv/detail/dds_fastrtps/topics__type_support.cpp.o[0m
[106.438s] [ 48%] [32mBuilding CXX object CMakeFiles/rosapi_msgs__rosidl_typesupport_fastrtps_cpp.dir/rosidl_typesupport_fastrtps_cpp/rosapi_msgs/srv/detail/dds_fastrtps/topics_and_raw_types__type_support.cpp.o[0m
[108.072s] [ 48%] [32mBuilding CXX object CMakeFiles/rosapi_msgs__rosidl_typesupport_fastrtps_cpp.dir/rosidl_typesupport_fastrtps_cpp/rosapi_msgs/srv/detail/dds_fastrtps/topics_for_type__type_support.cpp.o[0m
[109.628s] [ 49%] [32mBuilding CXX object CMakeFiles/rosapi_msgs__rosidl_typesupport_fastrtps_cpp.dir/rosidl_typesupport_fastrtps_cpp/rosapi_msgs/srv/detail/dds_fastrtps/topic_type__type_support.cpp.o[0m
[111.038s] [ 49%] [32m[1mLinking CXX shared library librosapi_msgs__rosidl_typesupport_fastrtps_cpp.so[0m
[111.414s] [ 49%] Built target rosapi_msgs__rosidl_typesupport_fastrtps_cpp
[111.437s] [ 50%] [34m[1mGenerating C type support dispatch for ROS interfaces[0m
[118.948s] [ 50%] [32mBuilding CXX object CMakeFiles/rosapi_msgs__rosidl_typesupport_c.dir/rosidl_typesupport_c/rosapi_msgs/msg/type_def__type_support.cpp.o[0m
[119.036s] [ 51%] [32mBuilding CXX object CMakeFiles/rosapi_msgs__rosidl_typesupport_c.dir/rosidl_typesupport_c/rosapi_msgs/srv/delete_param__type_support.cpp.o[0m
[119.129s] [ 51%] [32mBuilding CXX object CMakeFiles/rosapi_msgs__rosidl_typesupport_c.dir/rosidl_typesupport_c/rosapi_msgs/srv/get_action_servers__type_support.cpp.o[0m
[119.221s] [ 51%] [32mBuilding CXX object CMakeFiles/rosapi_msgs__rosidl_typesupport_c.dir/rosidl_typesupport_c/rosapi_msgs/srv/get_param__type_support.cpp.o[0m
[119.315s] [ 52%] [32mBuilding CXX object CMakeFiles/rosapi_msgs__rosidl_typesupport_c.dir/rosidl_typesupport_c/rosapi_msgs/srv/get_param_names__type_support.cpp.o[0m
[119.409s] [ 52%] [32mBuilding CXX object CMakeFiles/rosapi_msgs__rosidl_typesupport_c.dir/rosidl_typesupport_c/rosapi_msgs/srv/get_ros_version__type_support.cpp.o[0m
[119.501s] [ 53%] [32mBuilding CXX object CMakeFiles/rosapi_msgs__rosidl_typesupport_c.dir/rosidl_typesupport_c/rosapi_msgs/srv/get_time__type_support.cpp.o[0m
[119.594s] [ 53%] [32mBuilding CXX object CMakeFiles/rosapi_msgs__rosidl_typesupport_c.dir/rosidl_typesupport_c/rosapi_msgs/srv/has_param__type_support.cpp.o[0m
[119.687s] [ 54%] [32mBuilding CXX object CMakeFiles/rosapi_msgs__rosidl_typesupport_c.dir/rosidl_typesupport_c/rosapi_msgs/srv/message_details__type_support.cpp.o[0m
[119.782s] [ 54%] [32mBuilding CXX object CMakeFiles/rosapi_msgs__rosidl_typesupport_c.dir/rosidl_typesupport_c/rosapi_msgs/srv/nodes__type_support.cpp.o[0m
[119.876s] [ 55%] [32mBuilding CXX object CMakeFiles/rosapi_msgs__rosidl_typesupport_c.dir/rosidl_typesupport_c/rosapi_msgs/srv/node_details__type_support.cpp.o[0m
[119.971s] [ 55%] [32mBuilding CXX object CMakeFiles/rosapi_msgs__rosidl_typesupport_c.dir/rosidl_typesupport_c/rosapi_msgs/srv/publishers__type_support.cpp.o[0m
[120.066s] [ 55%] [32mBuilding CXX object CMakeFiles/rosapi_msgs__rosidl_typesupport_c.dir/rosidl_typesupport_c/rosapi_msgs/srv/service_node__type_support.cpp.o[0m
[120.162s] [ 56%] [32mBuilding CXX object CMakeFiles/rosapi_msgs__rosidl_typesupport_c.dir/rosidl_typesupport_c/rosapi_msgs/srv/service_providers__type_support.cpp.o[0m
[120.255s] [ 56%] [32mBuilding CXX object CMakeFiles/rosapi_msgs__rosidl_typesupport_c.dir/rosidl_typesupport_c/rosapi_msgs/srv/service_request_details__type_support.cpp.o[0m
[120.350s] [ 57%] [32mBuilding CXX object CMakeFiles/rosapi_msgs__rosidl_typesupport_c.dir/rosidl_typesupport_c/rosapi_msgs/srv/service_response_details__type_support.cpp.o[0m
[120.445s] [ 57%] [32mBuilding CXX object CMakeFiles/rosapi_msgs__rosidl_typesupport_c.dir/rosidl_typesupport_c/rosapi_msgs/srv/services__type_support.cpp.o[0m
[120.539s] [ 58%] [32mBuilding CXX object CMakeFiles/rosapi_msgs__rosidl_typesupport_c.dir/rosidl_typesupport_c/rosapi_msgs/srv/services_for_type__type_support.cpp.o[0m
[120.633s] [ 58%] [32mBuilding CXX object CMakeFiles/rosapi_msgs__rosidl_typesupport_c.dir/rosidl_typesupport_c/rosapi_msgs/srv/service_type__type_support.cpp.o[0m
[120.727s] [ 59%] [32mBuilding CXX object CMakeFiles/rosapi_msgs__rosidl_typesupport_c.dir/rosidl_typesupport_c/rosapi_msgs/srv/set_param__type_support.cpp.o[0m
[120.821s] [ 59%] [32mBuilding CXX object CMakeFiles/rosapi_msgs__rosidl_typesupport_c.dir/rosidl_typesupport_c/rosapi_msgs/srv/subscribers__type_support.cpp.o[0m
[120.913s] [ 59%] [32mBuilding CXX object CMakeFiles/rosapi_msgs__rosidl_typesupport_c.dir/rosidl_typesupport_c/rosapi_msgs/srv/topics__type_support.cpp.o[0m
[121.008s] [ 60%] [32mBuilding CXX object CMakeFiles/rosapi_msgs__rosidl_typesupport_c.dir/rosidl_typesupport_c/rosapi_msgs/srv/topics_and_raw_types__type_support.cpp.o[0m
[121.101s] [ 60%] [32mBuilding CXX object CMakeFiles/rosapi_msgs__rosidl_typesupport_c.dir/rosidl_typesupport_c/rosapi_msgs/srv/topics_for_type__type_support.cpp.o[0m
[121.196s] [ 61%] [32mBuilding CXX object CMakeFiles/rosapi_msgs__rosidl_typesupport_c.dir/rosidl_typesupport_c/rosapi_msgs/srv/topic_type__type_support.cpp.o[0m
[121.289s] [ 61%] [32m[1mLinking CXX shared library librosapi_msgs__rosidl_typesupport_c.so[0m
[121.407s] [ 61%] Built target rosapi_msgs__rosidl_typesupport_c
[121.429s] [ 62%] [34m[1mGenerating C type support for eProsima Fast-RTPS[0m
[134.599s] [ 62%] [32mBuilding CXX object CMakeFiles/rosapi_msgs__rosidl_typesupport_fastrtps_c.dir/rosidl_typesupport_fastrtps_c/rosapi_msgs/msg/detail/type_def__type_support_c.cpp.o[0m
[135.894s] [ 62%] [32mBuilding CXX object CMakeFiles/rosapi_msgs__rosidl_typesupport_fastrtps_c.dir/rosidl_typesupport_fastrtps_c/rosapi_msgs/srv/detail/get_action_servers__type_support_c.cpp.o[0m
[137.147s] [ 63%] [32mBuilding CXX object CMakeFiles/rosapi_msgs__rosidl_typesupport_fastrtps_c.dir/rosidl_typesupport_fastrtps_c/rosapi_msgs/srv/detail/get_param__type_support_c.cpp.o[0m
[138.389s] [ 63%] [32mBuilding CXX object CMakeFiles/rosapi_msgs__rosidl_typesupport_fastrtps_c.dir/rosidl_typesupport_fastrtps_c/rosapi_msgs/srv/detail/get_param_names__type_support_c.cpp.o[0m
[139.655s] [ 63%] [32mBuilding CXX object CMakeFiles/rosapi_msgs__rosidl_typesupport_fastrtps_c.dir/rosidl_typesupport_fastrtps_c/rosapi_msgs/srv/detail/get_ros_version__type_support_c.cpp.o[0m
[140.892s] [ 64%] [32mBuilding CXX object CMakeFiles/rosapi_msgs__rosidl_typesupport_fastrtps_c.dir/rosidl_typesupport_fastrtps_c/rosapi_msgs/srv/detail/get_time__type_support_c.cpp.o[0m
[142.154s] [ 64%] [32mBuilding CXX object CMakeFiles/rosapi_msgs__rosidl_typesupport_fastrtps_c.dir/rosidl_typesupport_fastrtps_c/rosapi_msgs/srv/detail/has_param__type_support_c.cpp.o[0m
[143.402s] [ 65%] [32mBuilding CXX object CMakeFiles/rosapi_msgs__rosidl_typesupport_fastrtps_c.dir/rosidl_typesupport_fastrtps_c/rosapi_msgs/srv/detail/message_details__type_support_c.cpp.o[0m
[144.631s] [ 65%] [32mBuilding CXX object CMakeFiles/rosapi_msgs__rosidl_typesupport_fastrtps_c.dir/rosidl_typesupport_fastrtps_c/rosapi_msgs/srv/detail/nodes__type_support_c.cpp.o[0m
[145.854s] [ 66%] [32mBuilding CXX object CMakeFiles/rosapi_msgs__rosidl_typesupport_fastrtps_c.dir/rosidl_typesupport_fastrtps_c/rosapi_msgs/srv/detail/node_details__type_support_c.cpp.o[0m
[147.097s] [ 66%] [32mBuilding CXX object CMakeFiles/rosapi_msgs__rosidl_typesupport_fastrtps_c.dir/rosidl_typesupport_fastrtps_c/rosapi_msgs/srv/detail/publishers__type_support_c.cpp.o[0m
[148.109s] [ 67%] [32mBuilding CXX object CMakeFiles/rosapi_msgs__rosidl_typesupport_fastrtps_c.dir/rosidl_typesupport_fastrtps_c/rosapi_msgs/srv/detail/service_node__type_support_c.cpp.o[0m
[148.334s] [ 68%] [32mBuilding CXX object CMakeFiles/rosapi_msgs__rosidl_typesupport_fastrtps_c.dir/rosidl_typesupport_fastrtps_c/rosapi_msgs/srv/detail/delete_param__type_support_c.cpp.o[0m
[149.351s] [ 68%] [32mBuilding CXX object CMakeFiles/rosapi_msgs__rosidl_typesupport_fastrtps_c.dir/rosidl_typesupport_fastrtps_c/rosapi_msgs/srv/detail/service_providers__type_support_c.cpp.o[0m
[149.404s] [ 68%] [32mBuilding CXX object CMakeFiles/rosapi_msgs__rosidl_typesupport_fastrtps_c.dir/rosidl_typesupport_fastrtps_c/rosapi_msgs/srv/detail/service_request_details__type_support_c.cpp.o[0m
[149.650s] [ 69%] [32mBuilding CXX object CMakeFiles/rosapi_msgs__rosidl_typesupport_fastrtps_c.dir/rosidl_typesupport_fastrtps_c/rosapi_msgs/srv/detail/service_response_details__type_support_c.cpp.o[0m
[150.781s] [ 69%] [32mBuilding CXX object CMakeFiles/rosapi_msgs__rosidl_typesupport_fastrtps_c.dir/rosidl_typesupport_fastrtps_c/rosapi_msgs/srv/detail/services__type_support_c.cpp.o[0m
[150.784s] [ 70%] [32mBuilding CXX object CMakeFiles/rosapi_msgs__rosidl_typesupport_fastrtps_c.dir/rosidl_typesupport_fastrtps_c/rosapi_msgs/srv/detail/services_for_type__type_support_c.cpp.o[0m
[151.046s] [ 70%] [32mBuilding CXX object CMakeFiles/rosapi_msgs__rosidl_typesupport_fastrtps_c.dir/rosidl_typesupport_fastrtps_c/rosapi_msgs/srv/detail/service_type__type_support_c.cpp.o[0m
[152.159s] [ 71%] [32mBuilding CXX object CMakeFiles/rosapi_msgs__rosidl_typesupport_fastrtps_c.dir/rosidl_typesupport_fastrtps_c/rosapi_msgs/srv/detail/set_param__type_support_c.cpp.o[0m
[152.227s] [ 71%] [32mBuilding CXX object CMakeFiles/rosapi_msgs__rosidl_typesupport_fastrtps_c.dir/rosidl_typesupport_fastrtps_c/rosapi_msgs/srv/detail/subscribers__type_support_c.cpp.o[0m
[152.415s] [ 72%] [32mBuilding CXX object CMakeFiles/rosapi_msgs__rosidl_typesupport_fastrtps_c.dir/rosidl_typesupport_fastrtps_c/rosapi_msgs/srv/detail/topics__type_support_c.cpp.o[0m
[153.545s] [ 72%] [32mBuilding CXX object CMakeFiles/rosapi_msgs__rosidl_typesupport_fastrtps_c.dir/rosidl_typesupport_fastrtps_c/rosapi_msgs/srv/detail/topics_and_raw_types__type_support_c.cpp.o[0m
[153.605s] [ 72%] [32mBuilding CXX object CMakeFiles/rosapi_msgs__rosidl_typesupport_fastrtps_c.dir/rosidl_typesupport_fastrtps_c/rosapi_msgs/srv/detail/topics_for_type__type_support_c.cpp.o[0m
[153.900s] [ 73%] [32mBuilding CXX object CMakeFiles/rosapi_msgs__rosidl_typesupport_fastrtps_c.dir/rosidl_typesupport_fastrtps_c/rosapi_msgs/srv/detail/topic_type__type_support_c.cpp.o[0m
[155.260s] [ 73%] [32m[1mLinking CXX shared library librosapi_msgs__rosidl_typesupport_fastrtps_c.so[0m
[155.562s] [ 73%] Built target rosapi_msgs__rosidl_typesupport_fastrtps_c
[155.585s] [ 74%] [34m[1mGenerating C introspection for ROS interfaces[0m
[167.546s] [ 74%] [32mBuilding C object CMakeFiles/rosapi_msgs__rosidl_typesupport_introspection_c.dir/rosidl_typesupport_introspection_c/rosapi_msgs/msg/detail/type_def__type_support.c.o[0m
[167.582s] [ 75%] [32mBuilding C object CMakeFiles/rosapi_msgs__rosidl_typesupport_introspection_c.dir/rosidl_typesupport_introspection_c/rosapi_msgs/srv/detail/delete_param__type_support.c.o[0m
[167.587s] [ 75%] [32mBuilding C object CMakeFiles/rosapi_msgs__rosidl_typesupport_introspection_c.dir/rosidl_typesupport_introspection_c/rosapi_msgs/srv/detail/get_action_servers__type_support.c.o[0m
[167.779s] [ 76%] [32mBuilding C object CMakeFiles/rosapi_msgs__rosidl_typesupport_introspection_c.dir/rosidl_typesupport_introspection_c/rosapi_msgs/srv/detail/get_param__type_support.c.o[0m
[167.797s] [ 76%] [32mBuilding C object CMakeFiles/rosapi_msgs__rosidl_typesupport_introspection_c.dir/rosidl_typesupport_introspection_c/rosapi_msgs/srv/detail/get_param_names__type_support.c.o[0m
[167.811s] [ 77%] [32mBuilding C object CMakeFiles/rosapi_msgs__rosidl_typesupport_introspection_c.dir/rosidl_typesupport_introspection_c/rosapi_msgs/srv/detail/get_ros_version__type_support.c.o[0m
[167.955s] [ 77%] [32mBuilding C object CMakeFiles/rosapi_msgs__rosidl_typesupport_introspection_c.dir/rosidl_typesupport_introspection_c/rosapi_msgs/srv/detail/get_time__type_support.c.o[0m
[167.961s] [ 77%] [32mBuilding C object CMakeFiles/rosapi_msgs__rosidl_typesupport_introspection_c.dir/rosidl_typesupport_introspection_c/rosapi_msgs/srv/detail/has_param__type_support.c.o[0m
[168.024s] [ 78%] [32mBuilding C object CMakeFiles/rosapi_msgs__rosidl_typesupport_introspection_c.dir/rosidl_typesupport_introspection_c/rosapi_msgs/srv/detail/message_details__type_support.c.o[0m
[168.096s] [ 78%] [32mBuilding C object CMakeFiles/rosapi_msgs__rosidl_typesupport_introspection_c.dir/rosidl_typesupport_introspection_c/rosapi_msgs/srv/detail/nodes__type_support.c.o[0m
[168.132s] [ 79%] [32mBuilding C object CMakeFiles/rosapi_msgs__rosidl_typesupport_introspection_c.dir/rosidl_typesupport_introspection_c/rosapi_msgs/srv/detail/node_details__type_support.c.o[0m
[168.189s] [ 80%] [32mBuilding C object CMakeFiles/rosapi_msgs__rosidl_typesupport_introspection_c.dir/rosidl_typesupport_introspection_c/rosapi_msgs/srv/detail/service_node__type_support.c.o[0m
[168.199s] [ 80%] [32mBuilding C object CMakeFiles/rosapi_msgs__rosidl_typesupport_introspection_c.dir/rosidl_typesupport_introspection_c/rosapi_msgs/srv/detail/publishers__type_support.c.o[0m
[168.275s] [ 80%] [32mBuilding C object CMakeFiles/rosapi_msgs__rosidl_typesupport_introspection_c.dir/rosidl_typesupport_introspection_c/rosapi_msgs/srv/detail/service_providers__type_support.c.o[0m
[168.315s] [ 80%] [32mBuilding C object CMakeFiles/rosapi_msgs__rosidl_typesupport_introspection_c.dir/rosidl_typesupport_introspection_c/rosapi_msgs/srv/detail/service_response_details__type_support.c.o[0m
[168.332s] [ 81%] [32mBuilding C object CMakeFiles/rosapi_msgs__rosidl_typesupport_introspection_c.dir/rosidl_typesupport_introspection_c/rosapi_msgs/srv/detail/service_request_details__type_support.c.o[0m
[168.374s] [ 81%] [32mBuilding C object CMakeFiles/rosapi_msgs__rosidl_typesupport_introspection_c.dir/rosidl_typesupport_introspection_c/rosapi_msgs/srv/detail/services__type_support.c.o[0m
[168.429s] [ 82%] [32mBuilding C object CMakeFiles/rosapi_msgs__rosidl_typesupport_introspection_c.dir/rosidl_typesupport_introspection_c/rosapi_msgs/srv/detail/services_for_type__type_support.c.o[0m
[168.460s] [ 82%] [32mBuilding C object CMakeFiles/rosapi_msgs__rosidl_typesupport_introspection_c.dir/rosidl_typesupport_introspection_c/rosapi_msgs/srv/detail/service_type__type_support.c.o[0m
[168.503s] [ 83%] [32mBuilding C object CMakeFiles/rosapi_msgs__rosidl_typesupport_introspection_c.dir/rosidl_typesupport_introspection_c/rosapi_msgs/srv/detail/set_param__type_support.c.o[0m
[168.525s] [ 83%] [32mBuilding C object CMakeFiles/rosapi_msgs__rosidl_typesupport_introspection_c.dir/rosidl_typesupport_introspection_c/rosapi_msgs/srv/detail/subscribers__type_support.c.o[0m
[168.570s] [ 84%] [32mBuilding C object CMakeFiles/rosapi_msgs__rosidl_typesupport_introspection_c.dir/rosidl_typesupport_introspection_c/rosapi_msgs/srv/detail/topics__type_support.c.o[0m
[168.595s] [ 84%] [32mBuilding C object CMakeFiles/rosapi_msgs__rosidl_typesupport_introspection_c.dir/rosidl_typesupport_introspection_c/rosapi_msgs/srv/detail/topics_and_raw_types__type_support.c.o[0m
[168.634s] [ 85%] [32mBuilding C object CMakeFiles/rosapi_msgs__rosidl_typesupport_introspection_c.dir/rosidl_typesupport_introspection_c/rosapi_msgs/srv/detail/topics_for_type__type_support.c.o[0m
[168.671s] [ 85%] [32mBuilding C object CMakeFiles/rosapi_msgs__rosidl_typesupport_introspection_c.dir/rosidl_typesupport_introspection_c/rosapi_msgs/srv/detail/topic_type__type_support.c.o[0m
[168.801s] [ 85%] [32m[1mLinking C shared library librosapi_msgs__rosidl_typesupport_introspection_c.so[0m
[168.892s] [ 85%] Built target rosapi_msgs__rosidl_typesupport_introspection_c
[168.926s] [ 85%] Built target rosapi_msgs
[168.965s] [ 85%] [34m[1mGenerating Python code for ROS interfaces[0m
[201.149s] [ 85%] Built target rosapi_msgs__py
[201.191s] [ 87%] [32mBuilding C object CMakeFiles/rosapi_msgs__python.dir/rosidl_generator_py/rosapi_msgs/msg/_type_def_s.c.o[0m
[201.191s] [ 87%] [32mBuilding C object CMakeFiles/rosapi_msgs__python.dir/rosidl_generator_py/rosapi_msgs/srv/_get_action_servers_s.c.o[0m
[201.192s] [ 87%] [32mBuilding C object CMakeFiles/rosapi_msgs__python.dir/rosidl_generator_py/rosapi_msgs/srv/_get_param_s.c.o[0m
[201.196s] [ 87%] [32mBuilding C object CMakeFiles/rosapi_msgs__python.dir/rosidl_generator_py/rosapi_msgs/srv/_delete_param_s.c.o[0m
[201.552s] [ 88%] [32mBuilding C object CMakeFiles/rosapi_msgs__python.dir/rosidl_generator_py/rosapi_msgs/srv/_get_param_names_s.c.o[0m
[201.569s] [ 88%] [32mBuilding C object CMakeFiles/rosapi_msgs__python.dir/rosidl_generator_py/rosapi_msgs/srv/_get_ros_version_s.c.o[0m
[201.579s] [ 89%] [32mBuilding C object CMakeFiles/rosapi_msgs__python.dir/rosidl_generator_py/rosapi_msgs/srv/_get_time_s.c.o[0m
[201.762s] [ 89%] [32mBuilding C object CMakeFiles/rosapi_msgs__python.dir/rosidl_generator_py/rosapi_msgs/srv/_has_param_s.c.o[0m
[201.929s] [ 89%] [32mBuilding C object CMakeFiles/rosapi_msgs__python.dir/rosidl_generator_py/rosapi_msgs/srv/_message_details_s.c.o[0m
[201.946s] [ 90%] [32mBuilding C object CMakeFiles/rosapi_msgs__python.dir/rosidl_generator_py/rosapi_msgs/srv/_nodes_s.c.o[0m
[201.956s] [ 90%] [32mBuilding C object CMakeFiles/rosapi_msgs__python.dir/rosidl_generator_py/rosapi_msgs/srv/_node_details_s.c.o[0m
[202.145s] [ 91%] [32mBuilding C object CMakeFiles/rosapi_msgs__python.dir/rosidl_generator_py/rosapi_msgs/srv/_publishers_s.c.o[0m
[202.307s] [ 91%] [32mBuilding C object CMakeFiles/rosapi_msgs__python.dir/rosidl_generator_py/rosapi_msgs/srv/_service_node_s.c.o[0m
[202.348s] [ 92%] [32mBuilding C object CMakeFiles/rosapi_msgs__python.dir/rosidl_generator_py/rosapi_msgs/srv/_service_providers_s.c.o[0m
[202.444s] [ 92%] [32mBuilding C object CMakeFiles/rosapi_msgs__python.dir/rosidl_generator_py/rosapi_msgs/srv/_service_request_details_s.c.o[0m
[202.554s] [ 93%] [32mBuilding C object CMakeFiles/rosapi_msgs__python.dir/rosidl_generator_py/rosapi_msgs/srv/_service_response_details_s.c.o[0m
[202.701s] [ 93%] [32mBuilding C object CMakeFiles/rosapi_msgs__python.dir/rosidl_generator_py/rosapi_msgs/srv/_services_s.c.o[0m
[202.753s] [ 93%] [32mBuilding C object CMakeFiles/rosapi_msgs__python.dir/rosidl_generator_py/rosapi_msgs/srv/_services_for_type_s.c.o[0m
[202.827s] [ 94%] [32mBuilding C object CMakeFiles/rosapi_msgs__python.dir/rosidl_generator_py/rosapi_msgs/srv/_service_type_s.c.o[0m
[202.947s] [ 94%] [32mBuilding C object CMakeFiles/rosapi_msgs__python.dir/rosidl_generator_py/rosapi_msgs/srv/_set_param_s.c.o[0m
[203.087s] [ 95%] [32mBuilding C object CMakeFiles/rosapi_msgs__python.dir/rosidl_generator_py/rosapi_msgs/srv/_subscribers_s.c.o[0m
[203.142s] [ 95%] [32mBuilding C object CMakeFiles/rosapi_msgs__python.dir/rosidl_generator_py/rosapi_msgs/srv/_topics_s.c.o[0m
[203.206s] [ 96%] [32mBuilding C object CMakeFiles/rosapi_msgs__python.dir/rosidl_generator_py/rosapi_msgs/srv/_topics_and_raw_types_s.c.o[0m
[203.306s] [ 96%] [32mBuilding C object CMakeFiles/rosapi_msgs__python.dir/rosidl_generator_py/rosapi_msgs/srv/_topics_for_type_s.c.o[0m
[203.483s] [ 97%] [32mBuilding C object CMakeFiles/rosapi_msgs__python.dir/rosidl_generator_py/rosapi_msgs/srv/_topic_type_s.c.o[0m
[203.825s] [ 97%] [32m[1mLinking C shared library rosidl_generator_py/rosapi_msgs/librosapi_msgs__python.so[0m
[203.960s] [ 97%] Built target rosapi_msgs__python
[203.996s] [100%] [32mBuilding C object CMakeFiles/rosapi_msgs__rosidl_typesupport_introspection_c__pyext.dir/rosidl_generator_py/rosapi_msgs/_rosapi_msgs_s.ep.rosidl_typesupport_introspection_c.c.o[0m
[203.997s] [100%] [32mBuilding C object CMakeFiles/rosapi_msgs__rosidl_typesupport_fastrtps_c__pyext.dir/rosidl_generator_py/rosapi_msgs/_rosapi_msgs_s.ep.rosidl_typesupport_fastrtps_c.c.o[0m
[203.998s] [100%] [32mBuilding C object CMakeFiles/rosapi_msgs__rosidl_typesupport_c__pyext.dir/rosidl_generator_py/rosapi_msgs/_rosapi_msgs_s.ep.rosidl_typesupport_c.c.o[0m
[205.341s] [100%] [32m[1mLinking C shared library rosidl_generator_py/rosapi_msgs/rosapi_msgs_s__rosidl_typesupport_introspection_c.cpython-36m-aarch64-linux-gnu.so[0m
[205.357s] [100%] [32m[1mLinking CXX shared library rosidl_generator_py/rosapi_msgs/rosapi_msgs_s__rosidl_typesupport_fastrtps_c.cpython-36m-aarch64-linux-gnu.so[0m
[205.372s] [100%] [32m[1mLinking C shared library rosidl_generator_py/rosapi_msgs/rosapi_msgs_s__rosidl_typesupport_c.cpython-36m-aarch64-linux-gnu.so[0m
[205.464s] [100%] Built target rosapi_msgs__rosidl_typesupport_introspection_c__pyext
[205.492s] [100%] Built target rosapi_msgs__rosidl_typesupport_c__pyext
[205.584s] [100%] Built target rosapi_msgs__rosidl_typesupport_fastrtps_c__pyext
[205.643s] Invoked command in '/ros2_ws/build/rosapi_msgs' returned '0': /usr/local/bin/cmake --build /ros2_ws/build/rosapi_msgs -- -j4 -l4
[207.503s] Invoking command in '/ros2_ws/build/rosapi_msgs': /usr/local/bin/cmake --install /ros2_ws/build/rosapi_msgs
[207.652s] -- Install configuration: ""
[207.655s] -- Execute custom install script
[207.657s] -- Symlinking: /ros2_ws/install/rosapi_msgs/share/ament_index/resource_index/rosidl_interfaces/rosapi_msgs
[207.673s] -- Symlinking: /ros2_ws/install/rosapi_msgs/include/rosapi_msgs/msg/detail/type_def__functions.h
[207.682s] -- Symlinking: /ros2_ws/install/rosapi_msgs/include/rosapi_msgs/msg/detail/type_def__struct.h
[207.691s] -- Symlinking: /ros2_ws/install/rosapi_msgs/include/rosapi_msgs/msg/detail/type_def__type_support.h
[207.700s] -- Symlinking: /ros2_ws/install/rosapi_msgs/include/rosapi_msgs/msg/rosidl_generator_c__visibility_control.h
[207.709s] -- Symlinking: /ros2_ws/install/rosapi_msgs/include/rosapi_msgs/msg/type_def.h
[207.718s] -- Symlinking: /ros2_ws/install/rosapi_msgs/include/rosapi_msgs/srv/delete_param.h
[207.727s] -- Symlinking: /ros2_ws/install/rosapi_msgs/include/rosapi_msgs/srv/detail/delete_param__functions.h
[207.736s] -- Symlinking: /ros2_ws/install/rosapi_msgs/include/rosapi_msgs/srv/detail/delete_param__struct.h
[207.745s] -- Symlinking: /ros2_ws/install/rosapi_msgs/include/rosapi_msgs/srv/detail/delete_param__type_support.h
[207.754s] -- Symlinking: /ros2_ws/install/rosapi_msgs/include/rosapi_msgs/srv/detail/get_action_servers__functions.h
[207.762s] -- Symlinking: /ros2_ws/install/rosapi_msgs/include/rosapi_msgs/srv/detail/get_action_servers__struct.h
[207.772s] -- Symlinking: /ros2_ws/install/rosapi_msgs/include/rosapi_msgs/srv/detail/get_action_servers__type_support.h
[207.780s] -- Symlinking: /ros2_ws/install/rosapi_msgs/include/rosapi_msgs/srv/detail/get_param__functions.h
[207.789s] -- Symlinking: /ros2_ws/install/rosapi_msgs/include/rosapi_msgs/srv/detail/get_param__struct.h
[207.798s] -- Symlinking: /ros2_ws/install/rosapi_msgs/include/rosapi_msgs/srv/detail/get_param__type_support.h
[207.806s] -- Symlinking: /ros2_ws/install/rosapi_msgs/include/rosapi_msgs/srv/detail/get_param_names__functions.h
[207.815s] -- Symlinking: /ros2_ws/install/rosapi_msgs/include/rosapi_msgs/srv/detail/get_param_names__struct.h
[207.824s] -- Symlinking: /ros2_ws/install/rosapi_msgs/include/rosapi_msgs/srv/detail/get_param_names__type_support.h
[207.833s] -- Symlinking: /ros2_ws/install/rosapi_msgs/include/rosapi_msgs/srv/detail/get_ros_version__functions.h
[207.841s] -- Symlinking: /ros2_ws/install/rosapi_msgs/include/rosapi_msgs/srv/detail/get_ros_version__struct.h
[207.850s] -- Symlinking: /ros2_ws/install/rosapi_msgs/include/rosapi_msgs/srv/detail/get_ros_version__type_support.h
[207.858s] -- Symlinking: /ros2_ws/install/rosapi_msgs/include/rosapi_msgs/srv/detail/get_time__functions.h
[207.867s] -- Symlinking: /ros2_ws/install/rosapi_msgs/include/rosapi_msgs/srv/detail/get_time__struct.h
[207.876s] -- Symlinking: /ros2_ws/install/rosapi_msgs/include/rosapi_msgs/srv/detail/get_time__type_support.h
[207.885s] -- Symlinking: /ros2_ws/install/rosapi_msgs/include/rosapi_msgs/srv/detail/has_param__functions.h
[207.894s] -- Symlinking: /ros2_ws/install/rosapi_msgs/include/rosapi_msgs/srv/detail/has_param__struct.h
[207.903s] -- Symlinking: /ros2_ws/install/rosapi_msgs/include/rosapi_msgs/srv/detail/has_param__type_support.h
[207.912s] -- Symlinking: /ros2_ws/install/rosapi_msgs/include/rosapi_msgs/srv/detail/message_details__functions.h
[207.920s] -- Symlinking: /ros2_ws/install/rosapi_msgs/include/rosapi_msgs/srv/detail/message_details__struct.h
[207.929s] -- Symlinking: /ros2_ws/install/rosapi_msgs/include/rosapi_msgs/srv/detail/message_details__type_support.h
[207.938s] -- Symlinking: /ros2_ws/install/rosapi_msgs/include/rosapi_msgs/srv/detail/node_details__functions.h
[207.947s] -- Symlinking: /ros2_ws/install/rosapi_msgs/include/rosapi_msgs/srv/detail/node_details__struct.h
[207.956s] -- Symlinking: /ros2_ws/install/rosapi_msgs/include/rosapi_msgs/srv/detail/node_details__type_support.h
[207.965s] -- Symlinking: /ros2_ws/install/rosapi_msgs/include/rosapi_msgs/srv/detail/nodes__functions.h
[207.974s] -- Symlinking: /ros2_ws/install/rosapi_msgs/include/rosapi_msgs/srv/detail/nodes__struct.h
[207.983s] -- Symlinking: /ros2_ws/install/rosapi_msgs/include/rosapi_msgs/srv/detail/nodes__type_support.h
[207.992s] -- Symlinking: /ros2_ws/install/rosapi_msgs/include/rosapi_msgs/srv/detail/publishers__functions.h
[208.001s] -- Symlinking: /ros2_ws/install/rosapi_msgs/include/rosapi_msgs/srv/detail/publishers__struct.h
[208.009s] -- Symlinking: /ros2_ws/install/rosapi_msgs/include/rosapi_msgs/srv/detail/publishers__type_support.h
[208.018s] -- Symlinking: /ros2_ws/install/rosapi_msgs/include/rosapi_msgs/srv/detail/service_node__functions.h
[208.027s] -- Symlinking: /ros2_ws/install/rosapi_msgs/include/rosapi_msgs/srv/detail/service_node__struct.h
[208.035s] -- Symlinking: /ros2_ws/install/rosapi_msgs/include/rosapi_msgs/srv/detail/service_node__type_support.h
[208.044s] -- Symlinking: /ros2_ws/install/rosapi_msgs/include/rosapi_msgs/srv/detail/service_providers__functions.h
[208.053s] -- Symlinking: /ros2_ws/install/rosapi_msgs/include/rosapi_msgs/srv/detail/service_providers__struct.h
[208.062s] -- Symlinking: /ros2_ws/install/rosapi_msgs/include/rosapi_msgs/srv/detail/service_providers__type_support.h
[208.071s] -- Symlinking: /ros2_ws/install/rosapi_msgs/include/rosapi_msgs/srv/detail/service_request_details__functions.h
[208.080s] -- Symlinking: /ros2_ws/install/rosapi_msgs/include/rosapi_msgs/srv/detail/service_request_details__struct.h
[208.089s] -- Symlinking: /ros2_ws/install/rosapi_msgs/include/rosapi_msgs/srv/detail/service_request_details__type_support.h
[208.098s] -- Symlinking: /ros2_ws/install/rosapi_msgs/include/rosapi_msgs/srv/detail/service_response_details__functions.h
[208.107s] -- Symlinking: /ros2_ws/install/rosapi_msgs/include/rosapi_msgs/srv/detail/service_response_details__struct.h
[208.116s] -- Symlinking: /ros2_ws/install/rosapi_msgs/include/rosapi_msgs/srv/detail/service_response_details__type_support.h
[208.124s] -- Symlinking: /ros2_ws/install/rosapi_msgs/include/rosapi_msgs/srv/detail/service_type__functions.h
[208.133s] -- Symlinking: /ros2_ws/install/rosapi_msgs/include/rosapi_msgs/srv/detail/service_type__struct.h
[208.142s] -- Symlinking: /ros2_ws/install/rosapi_msgs/include/rosapi_msgs/srv/detail/service_type__type_support.h
[208.151s] -- Symlinking: /ros2_ws/install/rosapi_msgs/include/rosapi_msgs/srv/detail/services__functions.h
[208.160s] -- Symlinking: /ros2_ws/install/rosapi_msgs/include/rosapi_msgs/srv/detail/services__struct.h
[208.169s] -- Symlinking: /ros2_ws/install/rosapi_msgs/include/rosapi_msgs/srv/detail/services__type_support.h
[208.180s] -- Symlinking: /ros2_ws/install/rosapi_msgs/include/rosapi_msgs/srv/detail/services_for_type__functions.h
[208.188s] -- Symlinking: /ros2_ws/install/rosapi_msgs/include/rosapi_msgs/srv/detail/services_for_type__struct.h
[208.197s] -- Symlinking: /ros2_ws/install/rosapi_msgs/include/rosapi_msgs/srv/detail/services_for_type__type_support.h
[208.206s] -- Symlinking: /ros2_ws/install/rosapi_msgs/include/rosapi_msgs/srv/detail/set_param__functions.h
[208.215s] -- Symlinking: /ros2_ws/install/rosapi_msgs/include/rosapi_msgs/srv/detail/set_param__struct.h
[208.223s] -- Symlinking: /ros2_ws/install/rosapi_msgs/include/rosapi_msgs/srv/detail/set_param__type_support.h
[208.232s] -- Symlinking: /ros2_ws/install/rosapi_msgs/include/rosapi_msgs/srv/detail/subscribers__functions.h
[208.241s] -- Symlinking: /ros2_ws/install/rosapi_msgs/include/rosapi_msgs/srv/detail/subscribers__struct.h
[208.250s] -- Symlinking: /ros2_ws/install/rosapi_msgs/include/rosapi_msgs/srv/detail/subscribers__type_support.h
[208.260s] -- Symlinking: /ros2_ws/install/rosapi_msgs/include/rosapi_msgs/srv/detail/topic_type__functions.h
[208.269s] -- Symlinking: /ros2_ws/install/rosapi_msgs/include/rosapi_msgs/srv/detail/topic_type__struct.h
[208.278s] -- Symlinking: /ros2_ws/install/rosapi_msgs/include/rosapi_msgs/srv/detail/topic_type__type_support.h
[208.286s] -- Symlinking: /ros2_ws/install/rosapi_msgs/include/rosapi_msgs/srv/detail/topics__functions.h
[208.295s] -- Symlinking: /ros2_ws/install/rosapi_msgs/include/rosapi_msgs/srv/detail/topics__struct.h
[208.304s] -- Symlinking: /ros2_ws/install/rosapi_msgs/include/rosapi_msgs/srv/detail/topics__type_support.h
[208.313s] -- Symlinking: /ros2_ws/install/rosapi_msgs/include/rosapi_msgs/srv/detail/topics_and_raw_types__functions.h
[208.322s] -- Symlinking: /ros2_ws/install/rosapi_msgs/include/rosapi_msgs/srv/detail/topics_and_raw_types__struct.h
[208.331s] -- Symlinking: /ros2_ws/install/rosapi_msgs/include/rosapi_msgs/srv/detail/topics_and_raw_types__type_support.h
[208.340s] -- Symlinking: /ros2_ws/install/rosapi_msgs/include/rosapi_msgs/srv/detail/topics_for_type__functions.h
[208.349s] -- Symlinking: /ros2_ws/install/rosapi_msgs/include/rosapi_msgs/srv/detail/topics_for_type__struct.h
[208.358s] -- Symlinking: /ros2_ws/install/rosapi_msgs/include/rosapi_msgs/srv/detail/topics_for_type__type_support.h
[208.367s] -- Symlinking: /ros2_ws/install/rosapi_msgs/include/rosapi_msgs/srv/get_action_servers.h
[208.377s] -- Symlinking: /ros2_ws/install/rosapi_msgs/include/rosapi_msgs/srv/get_param.h
[208.385s] -- Symlinking: /ros2_ws/install/rosapi_msgs/include/rosapi_msgs/srv/get_param_names.h
[208.395s] -- Symlinking: /ros2_ws/install/rosapi_msgs/include/rosapi_msgs/srv/get_ros_version.h
[208.404s] -- Symlinking: /ros2_ws/install/rosapi_msgs/include/rosapi_msgs/srv/get_time.h
[208.413s] -- Symlinking: /ros2_ws/install/rosapi_msgs/include/rosapi_msgs/srv/has_param.h
[208.421s] -- Symlinking: /ros2_ws/install/rosapi_msgs/include/rosapi_msgs/srv/message_details.h
[208.430s] -- Symlinking: /ros2_ws/install/rosapi_msgs/include/rosapi_msgs/srv/node_details.h
[208.439s] -- Symlinking: /ros2_ws/install/rosapi_msgs/include/rosapi_msgs/srv/nodes.h
[208.447s] -- Symlinking: /ros2_ws/install/rosapi_msgs/include/rosapi_msgs/srv/publishers.h
[208.456s] -- Symlinking: /ros2_ws/install/rosapi_msgs/include/rosapi_msgs/srv/service_node.h
[208.465s] -- Symlinking: /ros2_ws/install/rosapi_msgs/include/rosapi_msgs/srv/service_providers.h
[208.474s] -- Symlinking: /ros2_ws/install/rosapi_msgs/include/rosapi_msgs/srv/service_request_details.h
[208.483s] -- Symlinking: /ros2_ws/install/rosapi_msgs/include/rosapi_msgs/srv/service_response_details.h
[208.492s] -- Symlinking: /ros2_ws/install/rosapi_msgs/include/rosapi_msgs/srv/service_type.h
[208.501s] -- Symlinking: /ros2_ws/install/rosapi_msgs/include/rosapi_msgs/srv/services.h
[208.510s] -- Symlinking: /ros2_ws/install/rosapi_msgs/include/rosapi_msgs/srv/services_for_type.h
[208.518s] -- Symlinking: /ros2_ws/install/rosapi_msgs/include/rosapi_msgs/srv/set_param.h
[208.527s] -- Symlinking: /ros2_ws/install/rosapi_msgs/include/rosapi_msgs/srv/subscribers.h
[208.536s] -- Symlinking: /ros2_ws/install/rosapi_msgs/include/rosapi_msgs/srv/topic_type.h
[208.544s] -- Symlinking: /ros2_ws/install/rosapi_msgs/include/rosapi_msgs/srv/topics.h
[208.553s] -- Symlinking: /ros2_ws/install/rosapi_msgs/include/rosapi_msgs/srv/topics_and_raw_types.h
[208.562s] -- Symlinking: /ros2_ws/install/rosapi_msgs/include/rosapi_msgs/srv/topics_for_type.h
[208.572s] -- Symlinking: /ros2_ws/install/rosapi_msgs/share/rosapi_msgs/environment/library_path.sh
[208.581s] -- Symlinking: /ros2_ws/install/rosapi_msgs/share/rosapi_msgs/environment/library_path.dsv
[208.596s] -- Symlinking: /ros2_ws/install/rosapi_msgs/include/rosapi_msgs/msg/detail/type_def__rosidl_typesupport_fastrtps_c.h
[208.605s] -- Symlinking: /ros2_ws/install/rosapi_msgs/include/rosapi_msgs/msg/rosidl_typesupport_fastrtps_c__visibility_control.h
[208.614s] -- Symlinking: /ros2_ws/install/rosapi_msgs/include/rosapi_msgs/srv/detail/delete_param__rosidl_typesupport_fastrtps_c.h
[208.623s] -- Symlinking: /ros2_ws/install/rosapi_msgs/include/rosapi_msgs/srv/detail/get_action_servers__rosidl_typesupport_fastrtps_c.h
[208.632s] -- Symlinking: /ros2_ws/install/rosapi_msgs/include/rosapi_msgs/srv/detail/get_param__rosidl_typesupport_fastrtps_c.h
[208.641s] -- Symlinking: /ros2_ws/install/rosapi_msgs/include/rosapi_msgs/srv/detail/get_param_names__rosidl_typesupport_fastrtps_c.h
[208.650s] -- Symlinking: /ros2_ws/install/rosapi_msgs/include/rosapi_msgs/srv/detail/get_ros_version__rosidl_typesupport_fastrtps_c.h
[208.659s] -- Symlinking: /ros2_ws/install/rosapi_msgs/include/rosapi_msgs/srv/detail/get_time__rosidl_typesupport_fastrtps_c.h
[208.668s] -- Symlinking: /ros2_ws/install/rosapi_msgs/include/rosapi_msgs/srv/detail/has_param__rosidl_typesupport_fastrtps_c.h
[208.677s] -- Symlinking: /ros2_ws/install/rosapi_msgs/include/rosapi_msgs/srv/detail/message_details__rosidl_typesupport_fastrtps_c.h
[208.686s] -- Symlinking: /ros2_ws/install/rosapi_msgs/include/rosapi_msgs/srv/detail/node_details__rosidl_typesupport_fastrtps_c.h
[208.694s] -- Symlinking: /ros2_ws/install/rosapi_msgs/include/rosapi_msgs/srv/detail/nodes__rosidl_typesupport_fastrtps_c.h
[208.704s] -- Symlinking: /ros2_ws/install/rosapi_msgs/include/rosapi_msgs/srv/detail/publishers__rosidl_typesupport_fastrtps_c.h
[208.713s] -- Symlinking: /ros2_ws/install/rosapi_msgs/include/rosapi_msgs/srv/detail/service_node__rosidl_typesupport_fastrtps_c.h
[208.722s] -- Symlinking: /ros2_ws/install/rosapi_msgs/include/rosapi_msgs/srv/detail/service_providers__rosidl_typesupport_fastrtps_c.h
[208.731s] -- Symlinking: /ros2_ws/install/rosapi_msgs/include/rosapi_msgs/srv/detail/service_request_details__rosidl_typesupport_fastrtps_c.h
[208.739s] -- Symlinking: /ros2_ws/install/rosapi_msgs/include/rosapi_msgs/srv/detail/service_response_details__rosidl_typesupport_fastrtps_c.h
[208.748s] -- Symlinking: /ros2_ws/install/rosapi_msgs/include/rosapi_msgs/srv/detail/service_type__rosidl_typesupport_fastrtps_c.h
[208.757s] -- Symlinking: /ros2_ws/install/rosapi_msgs/include/rosapi_msgs/srv/detail/services__rosidl_typesupport_fastrtps_c.h
[208.766s] -- Symlinking: /ros2_ws/install/rosapi_msgs/include/rosapi_msgs/srv/detail/services_for_type__rosidl_typesupport_fastrtps_c.h
[208.775s] -- Symlinking: /ros2_ws/install/rosapi_msgs/include/rosapi_msgs/srv/detail/set_param__rosidl_typesupport_fastrtps_c.h
[208.784s] -- Symlinking: /ros2_ws/install/rosapi_msgs/include/rosapi_msgs/srv/detail/subscribers__rosidl_typesupport_fastrtps_c.h
[208.793s] -- Symlinking: /ros2_ws/install/rosapi_msgs/include/rosapi_msgs/srv/detail/topic_type__rosidl_typesupport_fastrtps_c.h
[208.802s] -- Symlinking: /ros2_ws/install/rosapi_msgs/include/rosapi_msgs/srv/detail/topics__rosidl_typesupport_fastrtps_c.h
[208.811s] -- Symlinking: /ros2_ws/install/rosapi_msgs/include/rosapi_msgs/srv/detail/topics_and_raw_types__rosidl_typesupport_fastrtps_c.h
[208.820s] -- Symlinking: /ros2_ws/install/rosapi_msgs/include/rosapi_msgs/srv/detail/topics_for_type__rosidl_typesupport_fastrtps_c.h
[208.832s] -- Symlinking: /ros2_ws/install/rosapi_msgs/lib/librosapi_msgs__rosidl_typesupport_fastrtps_c.so
[208.849s] -- Symlinking: /ros2_ws/install/rosapi_msgs/include/rosapi_msgs/msg/detail/type_def__rosidl_typesupport_fastrtps_cpp.hpp
[208.857s] -- Symlinking: /ros2_ws/install/rosapi_msgs/include/rosapi_msgs/msg/rosidl_typesupport_fastrtps_cpp__visibility_control.h
[208.867s] -- Symlinking: /ros2_ws/install/rosapi_msgs/include/rosapi_msgs/srv/detail/delete_param__rosidl_typesupport_fastrtps_cpp.hpp
[208.876s] -- Symlinking: /ros2_ws/install/rosapi_msgs/include/rosapi_msgs/srv/detail/get_action_servers__rosidl_typesupport_fastrtps_cpp.hpp
[208.885s] -- Symlinking: /ros2_ws/install/rosapi_msgs/include/rosapi_msgs/srv/detail/get_param__rosidl_typesupport_fastrtps_cpp.hpp
[208.894s] -- Symlinking: /ros2_ws/install/rosapi_msgs/include/rosapi_msgs/srv/detail/get_param_names__rosidl_typesupport_fastrtps_cpp.hpp
[208.902s] -- Symlinking: /ros2_ws/install/rosapi_msgs/include/rosapi_msgs/srv/detail/get_ros_version__rosidl_typesupport_fastrtps_cpp.hpp
[208.912s] -- Symlinking: /ros2_ws/install/rosapi_msgs/include/rosapi_msgs/srv/detail/get_time__rosidl_typesupport_fastrtps_cpp.hpp
[208.920s] -- Symlinking: /ros2_ws/install/rosapi_msgs/include/rosapi_msgs/srv/detail/has_param__rosidl_typesupport_fastrtps_cpp.hpp
[208.929s] -- Symlinking: /ros2_ws/install/rosapi_msgs/include/rosapi_msgs/srv/detail/message_details__rosidl_typesupport_fastrtps_cpp.hpp
[208.939s] -- Symlinking: /ros2_ws/install/rosapi_msgs/include/rosapi_msgs/srv/detail/node_details__rosidl_typesupport_fastrtps_cpp.hpp
[208.947s] -- Symlinking: /ros2_ws/install/rosapi_msgs/include/rosapi_msgs/srv/detail/nodes__rosidl_typesupport_fastrtps_cpp.hpp
[208.957s] -- Symlinking: /ros2_ws/install/rosapi_msgs/include/rosapi_msgs/srv/detail/publishers__rosidl_typesupport_fastrtps_cpp.hpp
[208.965s] -- Symlinking: /ros2_ws/install/rosapi_msgs/include/rosapi_msgs/srv/detail/service_node__rosidl_typesupport_fastrtps_cpp.hpp
[208.975s] -- Symlinking: /ros2_ws/install/rosapi_msgs/include/rosapi_msgs/srv/detail/service_providers__rosidl_typesupport_fastrtps_cpp.hpp
[208.984s] -- Symlinking: /ros2_ws/install/rosapi_msgs/include/rosapi_msgs/srv/detail/service_request_details__rosidl_typesupport_fastrtps_cpp.hpp
[208.993s] -- Symlinking: /ros2_ws/install/rosapi_msgs/include/rosapi_msgs/srv/detail/service_response_details__rosidl_typesupport_fastrtps_cpp.hpp
[209.002s] -- Symlinking: /ros2_ws/install/rosapi_msgs/include/rosapi_msgs/srv/detail/service_type__rosidl_typesupport_fastrtps_cpp.hpp
[209.011s] -- Symlinking: /ros2_ws/install/rosapi_msgs/include/rosapi_msgs/srv/detail/services__rosidl_typesupport_fastrtps_cpp.hpp
[209.019s] -- Symlinking: /ros2_ws/install/rosapi_msgs/include/rosapi_msgs/srv/detail/services_for_type__rosidl_typesupport_fastrtps_cpp.hpp
[209.028s] -- Symlinking: /ros2_ws/install/rosapi_msgs/include/rosapi_msgs/srv/detail/set_param__rosidl_typesupport_fastrtps_cpp.hpp
[209.038s] -- Symlinking: /ros2_ws/install/rosapi_msgs/include/rosapi_msgs/srv/detail/subscribers__rosidl_typesupport_fastrtps_cpp.hpp
[209.047s] -- Symlinking: /ros2_ws/install/rosapi_msgs/include/rosapi_msgs/srv/detail/topic_type__rosidl_typesupport_fastrtps_cpp.hpp
[209.055s] -- Symlinking: /ros2_ws/install/rosapi_msgs/include/rosapi_msgs/srv/detail/topics__rosidl_typesupport_fastrtps_cpp.hpp
[209.064s] -- Symlinking: /ros2_ws/install/rosapi_msgs/include/rosapi_msgs/srv/detail/topics_and_raw_types__rosidl_typesupport_fastrtps_cpp.hpp
[209.073s] -- Symlinking: /ros2_ws/install/rosapi_msgs/include/rosapi_msgs/srv/detail/topics_for_type__rosidl_typesupport_fastrtps_cpp.hpp
[209.086s] -- Symlinking: /ros2_ws/install/rosapi_msgs/lib/librosapi_msgs__rosidl_typesupport_fastrtps_cpp.so
[209.098s] -- Symlinking: /ros2_ws/install/rosapi_msgs/include/rosapi_msgs/msg/detail/type_def__rosidl_typesupport_introspection_c.h
[209.107s] -- Symlinking: /ros2_ws/install/rosapi_msgs/include/rosapi_msgs/msg/rosidl_typesupport_introspection_c__visibility_control.h
[209.115s] -- Symlinking: /ros2_ws/install/rosapi_msgs/include/rosapi_msgs/srv/detail/delete_param__rosidl_typesupport_introspection_c.h
[209.124s] -- Symlinking: /ros2_ws/install/rosapi_msgs/include/rosapi_msgs/srv/detail/get_action_servers__rosidl_typesupport_introspection_c.h
[209.133s] -- Symlinking: /ros2_ws/install/rosapi_msgs/include/rosapi_msgs/srv/detail/get_param__rosidl_typesupport_introspection_c.h
[209.142s] -- Symlinking: /ros2_ws/install/rosapi_msgs/include/rosapi_msgs/srv/detail/get_param_names__rosidl_typesupport_introspection_c.h
[209.151s] -- Symlinking: /ros2_ws/install/rosapi_msgs/include/rosapi_msgs/srv/detail/get_ros_version__rosidl_typesupport_introspection_c.h
[209.161s] -- Symlinking: /ros2_ws/install/rosapi_msgs/include/rosapi_msgs/srv/detail/get_time__rosidl_typesupport_introspection_c.h
[209.170s] -- Symlinking: /ros2_ws/install/rosapi_msgs/include/rosapi_msgs/srv/detail/has_param__rosidl_typesupport_introspection_c.h
[209.179s] -- Symlinking: /ros2_ws/install/rosapi_msgs/include/rosapi_msgs/srv/detail/message_details__rosidl_typesupport_introspection_c.h
[209.188s] -- Symlinking: /ros2_ws/install/rosapi_msgs/include/rosapi_msgs/srv/detail/node_details__rosidl_typesupport_introspection_c.h
[209.197s] -- Symlinking: /ros2_ws/install/rosapi_msgs/include/rosapi_msgs/srv/detail/nodes__rosidl_typesupport_introspection_c.h
[209.205s] -- Symlinking: /ros2_ws/install/rosapi_msgs/include/rosapi_msgs/srv/detail/publishers__rosidl_typesupport_introspection_c.h
[209.214s] -- Symlinking: /ros2_ws/install/rosapi_msgs/include/rosapi_msgs/srv/detail/service_node__rosidl_typesupport_introspection_c.h
[209.223s] -- Symlinking: /ros2_ws/install/rosapi_msgs/include/rosapi_msgs/srv/detail/service_providers__rosidl_typesupport_introspection_c.h
[209.232s] -- Symlinking: /ros2_ws/install/rosapi_msgs/include/rosapi_msgs/srv/detail/service_request_details__rosidl_typesupport_introspection_c.h
[209.240s] -- Symlinking: /ros2_ws/install/rosapi_msgs/include/rosapi_msgs/srv/detail/service_response_details__rosidl_typesupport_introspection_c.h
[209.249s] -- Symlinking: /ros2_ws/install/rosapi_msgs/include/rosapi_msgs/srv/detail/service_type__rosidl_typesupport_introspection_c.h
[209.258s] -- Symlinking: /ros2_ws/install/rosapi_msgs/include/rosapi_msgs/srv/detail/services__rosidl_typesupport_introspection_c.h
[209.266s] -- Symlinking: /ros2_ws/install/rosapi_msgs/include/rosapi_msgs/srv/detail/services_for_type__rosidl_typesupport_introspection_c.h
[209.276s] -- Symlinking: /ros2_ws/install/rosapi_msgs/include/rosapi_msgs/srv/detail/set_param__rosidl_typesupport_introspection_c.h
[209.285s] -- Symlinking: /ros2_ws/install/rosapi_msgs/include/rosapi_msgs/srv/detail/subscribers__rosidl_typesupport_introspection_c.h
[209.294s] -- Symlinking: /ros2_ws/install/rosapi_msgs/include/rosapi_msgs/srv/detail/topic_type__rosidl_typesupport_introspection_c.h
[209.303s] -- Symlinking: /ros2_ws/install/rosapi_msgs/include/rosapi_msgs/srv/detail/topics__rosidl_typesupport_introspection_c.h
[209.311s] -- Symlinking: /ros2_ws/install/rosapi_msgs/include/rosapi_msgs/srv/detail/topics_and_raw_types__rosidl_typesupport_introspection_c.h
[209.320s] -- Symlinking: /ros2_ws/install/rosapi_msgs/include/rosapi_msgs/srv/detail/topics_for_type__rosidl_typesupport_introspection_c.h
[209.337s] -- Symlinking: /ros2_ws/install/rosapi_msgs/include/rosapi_msgs/msg/detail/type_def__builder.hpp
[209.345s] -- Symlinking: /ros2_ws/install/rosapi_msgs/include/rosapi_msgs/msg/detail/type_def__struct.hpp
[209.354s] -- Symlinking: /ros2_ws/install/rosapi_msgs/include/rosapi_msgs/msg/detail/type_def__traits.hpp
[209.364s] -- Symlinking: /ros2_ws/install/rosapi_msgs/include/rosapi_msgs/msg/detail/type_def__type_support.hpp
[209.372s] -- Symlinking: /ros2_ws/install/rosapi_msgs/include/rosapi_msgs/msg/rosidl_generator_cpp__visibility_control.hpp
[209.382s] -- Symlinking: /ros2_ws/install/rosapi_msgs/include/rosapi_msgs/msg/type_def.hpp
[209.391s] -- Symlinking: /ros2_ws/install/rosapi_msgs/include/rosapi_msgs/srv/delete_param.hpp
[209.400s] -- Symlinking: /ros2_ws/install/rosapi_msgs/include/rosapi_msgs/srv/detail/delete_param__builder.hpp
[209.409s] -- Symlinking: /ros2_ws/install/rosapi_msgs/include/rosapi_msgs/srv/detail/delete_param__struct.hpp
[209.417s] -- Symlinking: /ros2_ws/install/rosapi_msgs/include/rosapi_msgs/srv/detail/delete_param__traits.hpp
[209.426s] -- Symlinking: /ros2_ws/install/rosapi_msgs/include/rosapi_msgs/srv/detail/delete_param__type_support.hpp
[209.435s] -- Symlinking: /ros2_ws/install/rosapi_msgs/include/rosapi_msgs/srv/detail/get_action_servers__builder.hpp
[209.444s] -- Symlinking: /ros2_ws/install/rosapi_msgs/include/rosapi_msgs/srv/detail/get_action_servers__struct.hpp
[209.453s] -- Symlinking: /ros2_ws/install/rosapi_msgs/include/rosapi_msgs/srv/detail/get_action_servers__traits.hpp
[209.462s] -- Symlinking: /ros2_ws/install/rosapi_msgs/include/rosapi_msgs/srv/detail/get_action_servers__type_support.hpp
[209.471s] -- Symlinking: /ros2_ws/install/rosapi_msgs/include/rosapi_msgs/srv/detail/get_param__builder.hpp
[209.480s] -- Symlinking: /ros2_ws/install/rosapi_msgs/include/rosapi_msgs/srv/detail/get_param__struct.hpp
[209.489s] -- Symlinking: /ros2_ws/install/rosapi_msgs/include/rosapi_msgs/srv/detail/get_param__traits.hpp
[209.498s] -- Symlinking: /ros2_ws/install/rosapi_msgs/include/rosapi_msgs/srv/detail/get_param__type_support.hpp
[209.507s] -- Symlinking: /ros2_ws/install/rosapi_msgs/include/rosapi_msgs/srv/detail/get_param_names__builder.hpp
[209.516s] -- Symlinking: /ros2_ws/install/rosapi_msgs/include/rosapi_msgs/srv/detail/get_param_names__struct.hpp
[209.525s] -- Symlinking: /ros2_ws/install/rosapi_msgs/include/rosapi_msgs/srv/detail/get_param_names__traits.hpp
[209.534s] -- Symlinking: /ros2_ws/install/rosapi_msgs/include/rosapi_msgs/srv/detail/get_param_names__type_support.hpp
[209.543s] -- Symlinking: /ros2_ws/install/rosapi_msgs/include/rosapi_msgs/srv/detail/get_ros_version__builder.hpp
[209.552s] -- Symlinking: /ros2_ws/install/rosapi_msgs/include/rosapi_msgs/srv/detail/get_ros_version__struct.hpp
[209.563s] -- Symlinking: /ros2_ws/install/rosapi_msgs/include/rosapi_msgs/srv/detail/get_ros_version__traits.hpp
[209.572s] -- Symlinking: /ros2_ws/install/rosapi_msgs/include/rosapi_msgs/srv/detail/get_ros_version__type_support.hpp
[209.581s] -- Symlinking: /ros2_ws/install/rosapi_msgs/include/rosapi_msgs/srv/detail/get_time__builder.hpp
[209.590s] -- Symlinking: /ros2_ws/install/rosapi_msgs/include/rosapi_msgs/srv/detail/get_time__struct.hpp
[209.599s] -- Symlinking: /ros2_ws/install/rosapi_msgs/include/rosapi_msgs/srv/detail/get_time__traits.hpp
[209.608s] -- Symlinking: /ros2_ws/install/rosapi_msgs/include/rosapi_msgs/srv/detail/get_time__type_support.hpp
[209.617s] -- Symlinking: /ros2_ws/install/rosapi_msgs/include/rosapi_msgs/srv/detail/has_param__builder.hpp
[209.625s] -- Symlinking: /ros2_ws/install/rosapi_msgs/include/rosapi_msgs/srv/detail/has_param__struct.hpp
[209.634s] -- Symlinking: /ros2_ws/install/rosapi_msgs/include/rosapi_msgs/srv/detail/has_param__traits.hpp
[209.643s] -- Symlinking: /ros2_ws/install/rosapi_msgs/include/rosapi_msgs/srv/detail/has_param__type_support.hpp
[209.652s] -- Symlinking: /ros2_ws/install/rosapi_msgs/include/rosapi_msgs/srv/detail/message_details__builder.hpp
[209.661s] -- Symlinking: /ros2_ws/install/rosapi_msgs/include/rosapi_msgs/srv/detail/message_details__struct.hpp
[209.670s] -- Symlinking: /ros2_ws/install/rosapi_msgs/include/rosapi_msgs/srv/detail/message_details__traits.hpp
[209.679s] -- Symlinking: /ros2_ws/install/rosapi_msgs/include/rosapi_msgs/srv/detail/message_details__type_support.hpp
[209.688s] -- Symlinking: /ros2_ws/install/rosapi_msgs/include/rosapi_msgs/srv/detail/node_details__builder.hpp
[209.697s] -- Symlinking: /ros2_ws/install/rosapi_msgs/include/rosapi_msgs/srv/detail/node_details__struct.hpp
[209.706s] -- Symlinking: /ros2_ws/install/rosapi_msgs/include/rosapi_msgs/srv/detail/node_details__traits.hpp
[209.715s] -- Symlinking: /ros2_ws/install/rosapi_msgs/include/rosapi_msgs/srv/detail/node_details__type_support.hpp
[209.724s] -- Symlinking: /ros2_ws/install/rosapi_msgs/include/rosapi_msgs/srv/detail/nodes__builder.hpp
[209.733s] -- Symlinking: /ros2_ws/install/rosapi_msgs/include/rosapi_msgs/srv/detail/nodes__struct.hpp
[209.741s] -- Symlinking: /ros2_ws/install/rosapi_msgs/include/rosapi_msgs/srv/detail/nodes__traits.hpp
[209.751s] -- Symlinking: /ros2_ws/install/rosapi_msgs/include/rosapi_msgs/srv/detail/nodes__type_support.hpp
[209.761s] -- Symlinking: /ros2_ws/install/rosapi_msgs/include/rosapi_msgs/srv/detail/publishers__builder.hpp
[209.769s] -- Symlinking: /ros2_ws/install/rosapi_msgs/include/rosapi_msgs/srv/detail/publishers__struct.hpp
[209.778s] -- Symlinking: /ros2_ws/install/rosapi_msgs/include/rosapi_msgs/srv/detail/publishers__traits.hpp
[209.787s] -- Symlinking: /ros2_ws/install/rosapi_msgs/include/rosapi_msgs/srv/detail/publishers__type_support.hpp
[209.796s] -- Symlinking: /ros2_ws/install/rosapi_msgs/include/rosapi_msgs/srv/detail/service_node__builder.hpp
[209.805s] -- Symlinking: /ros2_ws/install/rosapi_msgs/include/rosapi_msgs/srv/detail/service_node__struct.hpp
[209.813s] -- Symlinking: /ros2_ws/install/rosapi_msgs/include/rosapi_msgs/srv/detail/service_node__traits.hpp
[209.822s] -- Symlinking: /ros2_ws/install/rosapi_msgs/include/rosapi_msgs/srv/detail/service_node__type_support.hpp
[209.831s] -- Symlinking: /ros2_ws/install/rosapi_msgs/include/rosapi_msgs/srv/detail/service_providers__builder.hpp
[209.840s] -- Symlinking: /ros2_ws/install/rosapi_msgs/include/rosapi_msgs/srv/detail/service_providers__struct.hpp
[209.849s] -- Symlinking: /ros2_ws/install/rosapi_msgs/include/rosapi_msgs/srv/detail/service_providers__traits.hpp
[209.857s] -- Symlinking: /ros2_ws/install/rosapi_msgs/include/rosapi_msgs/srv/detail/service_providers__type_support.hpp
[209.866s] -- Symlinking: /ros2_ws/install/rosapi_msgs/include/rosapi_msgs/srv/detail/service_request_details__builder.hpp
[209.875s] -- Symlinking: /ros2_ws/install/rosapi_msgs/include/rosapi_msgs/srv/detail/service_request_details__struct.hpp
[209.884s] -- Symlinking: /ros2_ws/install/rosapi_msgs/include/rosapi_msgs/srv/detail/service_request_details__traits.hpp
[209.893s] -- Symlinking: /ros2_ws/install/rosapi_msgs/include/rosapi_msgs/srv/detail/service_request_details__type_support.hpp
[209.902s] -- Symlinking: /ros2_ws/install/rosapi_msgs/include/rosapi_msgs/srv/detail/service_response_details__builder.hpp
[209.910s] -- Symlinking: /ros2_ws/install/rosapi_msgs/include/rosapi_msgs/srv/detail/service_response_details__struct.hpp
[209.919s] -- Symlinking: /ros2_ws/install/rosapi_msgs/include/rosapi_msgs/srv/detail/service_response_details__traits.hpp
[209.928s] -- Symlinking: /ros2_ws/install/rosapi_msgs/include/rosapi_msgs/srv/detail/service_response_details__type_support.hpp
[209.937s] -- Symlinking: /ros2_ws/install/rosapi_msgs/include/rosapi_msgs/srv/detail/service_type__builder.hpp
[209.946s] -- Symlinking: /ros2_ws/install/rosapi_msgs/include/rosapi_msgs/srv/detail/service_type__struct.hpp
[209.954s] -- Symlinking: /ros2_ws/install/rosapi_msgs/include/rosapi_msgs/srv/detail/service_type__traits.hpp
[209.963s] -- Symlinking: /ros2_ws/install/rosapi_msgs/include/rosapi_msgs/srv/detail/service_type__type_support.hpp
[209.972s] -- Symlinking: /ros2_ws/install/rosapi_msgs/include/rosapi_msgs/srv/detail/services__builder.hpp
[209.981s] -- Symlinking: /ros2_ws/install/rosapi_msgs/include/rosapi_msgs/srv/detail/services__struct.hpp
[209.990s] -- Symlinking: /ros2_ws/install/rosapi_msgs/include/rosapi_msgs/srv/detail/services__traits.hpp
[209.999s] -- Symlinking: /ros2_ws/install/rosapi_msgs/include/rosapi_msgs/srv/detail/services__type_support.hpp
[210.008s] -- Symlinking: /ros2_ws/install/rosapi_msgs/include/rosapi_msgs/srv/detail/services_for_type__builder.hpp
[210.017s] -- Symlinking: /ros2_ws/install/rosapi_msgs/include/rosapi_msgs/srv/detail/services_for_type__struct.hpp
[210.025s] -- Symlinking: /ros2_ws/install/rosapi_msgs/include/rosapi_msgs/srv/detail/services_for_type__traits.hpp
[210.034s] -- Symlinking: /ros2_ws/install/rosapi_msgs/include/rosapi_msgs/srv/detail/services_for_type__type_support.hpp
[210.043s] -- Symlinking: /ros2_ws/install/rosapi_msgs/include/rosapi_msgs/srv/detail/set_param__builder.hpp
[210.051s] -- Symlinking: /ros2_ws/install/rosapi_msgs/include/rosapi_msgs/srv/detail/set_param__struct.hpp
[210.060s] -- Symlinking: /ros2_ws/install/rosapi_msgs/include/rosapi_msgs/srv/detail/set_param__traits.hpp
[210.069s] -- Symlinking: /ros2_ws/install/rosapi_msgs/include/rosapi_msgs/srv/detail/set_param__type_support.hpp
[210.078s] -- Symlinking: /ros2_ws/install/rosapi_msgs/include/rosapi_msgs/srv/detail/subscribers__builder.hpp
[210.087s] -- Symlinking: /ros2_ws/install/rosapi_msgs/include/rosapi_msgs/srv/detail/subscribers__struct.hpp
[210.096s] -- Symlinking: /ros2_ws/install/rosapi_msgs/include/rosapi_msgs/srv/detail/subscribers__traits.hpp
[210.104s] -- Symlinking: /ros2_ws/install/rosapi_msgs/include/rosapi_msgs/srv/detail/subscribers__type_support.hpp
[210.113s] -- Symlinking: /ros2_ws/install/rosapi_msgs/include/rosapi_msgs/srv/detail/topic_type__builder.hpp
[210.122s] -- Symlinking: /ros2_ws/install/rosapi_msgs/include/rosapi_msgs/srv/detail/topic_type__struct.hpp
[210.131s] -- Symlinking: /ros2_ws/install/rosapi_msgs/include/rosapi_msgs/srv/detail/topic_type__traits.hpp
[210.139s] -- Symlinking: /ros2_ws/install/rosapi_msgs/include/rosapi_msgs/srv/detail/topic_type__type_support.hpp
[210.148s] -- Symlinking: /ros2_ws/install/rosapi_msgs/include/rosapi_msgs/srv/detail/topics__builder.hpp
[210.157s] -- Symlinking: /ros2_ws/install/rosapi_msgs/include/rosapi_msgs/srv/detail/topics__struct.hpp
[210.166s] -- Symlinking: /ros2_ws/install/rosapi_msgs/include/rosapi_msgs/srv/detail/topics__traits.hpp
[210.175s] -- Symlinking: /ros2_ws/install/rosapi_msgs/include/rosapi_msgs/srv/detail/topics__type_support.hpp
[210.184s] -- Symlinking: /ros2_ws/install/rosapi_msgs/include/rosapi_msgs/srv/detail/topics_and_raw_types__builder.hpp
[210.193s] -- Symlinking: /ros2_ws/install/rosapi_msgs/include/rosapi_msgs/srv/detail/topics_and_raw_types__struct.hpp
[210.202s] -- Symlinking: /ros2_ws/install/rosapi_msgs/include/rosapi_msgs/srv/detail/topics_and_raw_types__traits.hpp
[210.211s] -- Symlinking: /ros2_ws/install/rosapi_msgs/include/rosapi_msgs/srv/detail/topics_and_raw_types__type_support.hpp
[210.220s] -- Symlinking: /ros2_ws/install/rosapi_msgs/include/rosapi_msgs/srv/detail/topics_for_type__builder.hpp
[210.229s] -- Symlinking: /ros2_ws/install/rosapi_msgs/include/rosapi_msgs/srv/detail/topics_for_type__struct.hpp
[210.238s] -- Symlinking: /ros2_ws/install/rosapi_msgs/include/rosapi_msgs/srv/detail/topics_for_type__traits.hpp
[210.246s] -- Symlinking: /ros2_ws/install/rosapi_msgs/include/rosapi_msgs/srv/detail/topics_for_type__type_support.hpp
[210.255s] -- Symlinking: /ros2_ws/install/rosapi_msgs/include/rosapi_msgs/srv/get_action_servers.hpp
[210.264s] -- Symlinking: /ros2_ws/install/rosapi_msgs/include/rosapi_msgs/srv/get_param.hpp
[210.273s] -- Symlinking: /ros2_ws/install/rosapi_msgs/include/rosapi_msgs/srv/get_param_names.hpp
[210.282s] -- Symlinking: /ros2_ws/install/rosapi_msgs/include/rosapi_msgs/srv/get_ros_version.hpp
[210.291s] -- Symlinking: /ros2_ws/install/rosapi_msgs/include/rosapi_msgs/srv/get_time.hpp
[210.299s] -- Symlinking: /ros2_ws/install/rosapi_msgs/include/rosapi_msgs/srv/has_param.hpp
[210.308s] -- Symlinking: /ros2_ws/install/rosapi_msgs/include/rosapi_msgs/srv/message_details.hpp
[210.317s] -- Symlinking: /ros2_ws/install/rosapi_msgs/include/rosapi_msgs/srv/node_details.hpp
[210.326s] -- Symlinking: /ros2_ws/install/rosapi_msgs/include/rosapi_msgs/srv/nodes.hpp
[210.335s] -- Symlinking: /ros2_ws/install/rosapi_msgs/include/rosapi_msgs/srv/publishers.hpp
[210.344s] -- Symlinking: /ros2_ws/install/rosapi_msgs/include/rosapi_msgs/srv/service_node.hpp
[210.353s] -- Symlinking: /ros2_ws/install/rosapi_msgs/include/rosapi_msgs/srv/service_providers.hpp
[210.362s] -- Symlinking: /ros2_ws/install/rosapi_msgs/include/rosapi_msgs/srv/service_request_details.hpp
[210.371s] -- Symlinking: /ros2_ws/install/rosapi_msgs/include/rosapi_msgs/srv/service_response_details.hpp
[210.380s] -- Symlinking: /ros2_ws/install/rosapi_msgs/include/rosapi_msgs/srv/service_type.hpp
[210.389s] -- Symlinking: /ros2_ws/install/rosapi_msgs/include/rosapi_msgs/srv/services.hpp
[210.398s] -- Symlinking: /ros2_ws/install/rosapi_msgs/include/rosapi_msgs/srv/services_for_type.hpp
[210.406s] -- Symlinking: /ros2_ws/install/rosapi_msgs/include/rosapi_msgs/srv/set_param.hpp
[210.415s] -- Symlinking: /ros2_ws/install/rosapi_msgs/include/rosapi_msgs/srv/subscribers.hpp
[210.424s] -- Symlinking: /ros2_ws/install/rosapi_msgs/include/rosapi_msgs/srv/topic_type.hpp
[210.432s] -- Symlinking: /ros2_ws/install/rosapi_msgs/include/rosapi_msgs/srv/topics.hpp
[210.441s] -- Symlinking: /ros2_ws/install/rosapi_msgs/include/rosapi_msgs/srv/topics_and_raw_types.hpp
[210.450s] -- Symlinking: /ros2_ws/install/rosapi_msgs/include/rosapi_msgs/srv/topics_for_type.hpp
[210.463s] -- Symlinking: /ros2_ws/install/rosapi_msgs/include/rosapi_msgs/msg/detail/type_def__rosidl_typesupport_introspection_cpp.hpp
[210.472s] -- Symlinking: /ros2_ws/install/rosapi_msgs/include/rosapi_msgs/srv/detail/delete_param__rosidl_typesupport_introspection_cpp.hpp
[210.481s] -- Symlinking: /ros2_ws/install/rosapi_msgs/include/rosapi_msgs/srv/detail/get_action_servers__rosidl_typesupport_introspection_cpp.hpp
[210.490s] -- Symlinking: /ros2_ws/install/rosapi_msgs/include/rosapi_msgs/srv/detail/get_param__rosidl_typesupport_introspection_cpp.hpp
[210.500s] -- Symlinking: /ros2_ws/install/rosapi_msgs/include/rosapi_msgs/srv/detail/get_param_names__rosidl_typesupport_introspection_cpp.hpp
[210.509s] -- Symlinking: /ros2_ws/install/rosapi_msgs/include/rosapi_msgs/srv/detail/get_ros_version__rosidl_typesupport_introspection_cpp.hpp
[210.518s] -- Symlinking: /ros2_ws/install/rosapi_msgs/include/rosapi_msgs/srv/detail/get_time__rosidl_typesupport_introspection_cpp.hpp
[210.527s] -- Symlinking: /ros2_ws/install/rosapi_msgs/include/rosapi_msgs/srv/detail/has_param__rosidl_typesupport_introspection_cpp.hpp
[210.536s] -- Symlinking: /ros2_ws/install/rosapi_msgs/include/rosapi_msgs/srv/detail/message_details__rosidl_typesupport_introspection_cpp.hpp
[210.545s] -- Symlinking: /ros2_ws/install/rosapi_msgs/include/rosapi_msgs/srv/detail/node_details__rosidl_typesupport_introspection_cpp.hpp
[210.555s] -- Symlinking: /ros2_ws/install/rosapi_msgs/include/rosapi_msgs/srv/detail/nodes__rosidl_typesupport_introspection_cpp.hpp
[210.564s] -- Symlinking: /ros2_ws/install/rosapi_msgs/include/rosapi_msgs/srv/detail/publishers__rosidl_typesupport_introspection_cpp.hpp
[210.573s] -- Symlinking: /ros2_ws/install/rosapi_msgs/include/rosapi_msgs/srv/detail/service_node__rosidl_typesupport_introspection_cpp.hpp
[210.583s] -- Symlinking: /ros2_ws/install/rosapi_msgs/include/rosapi_msgs/srv/detail/service_providers__rosidl_typesupport_introspection_cpp.hpp
[210.592s] -- Symlinking: /ros2_ws/install/rosapi_msgs/include/rosapi_msgs/srv/detail/service_request_details__rosidl_typesupport_introspection_cpp.hpp
[210.600s] -- Symlinking: /ros2_ws/install/rosapi_msgs/include/rosapi_msgs/srv/detail/service_response_details__rosidl_typesupport_introspection_cpp.hpp
[210.609s] -- Symlinking: /ros2_ws/install/rosapi_msgs/include/rosapi_msgs/srv/detail/service_type__rosidl_typesupport_introspection_cpp.hpp
[210.618s] -- Symlinking: /ros2_ws/install/rosapi_msgs/include/rosapi_msgs/srv/detail/services__rosidl_typesupport_introspection_cpp.hpp
[210.627s] -- Symlinking: /ros2_ws/install/rosapi_msgs/include/rosapi_msgs/srv/detail/services_for_type__rosidl_typesupport_introspection_cpp.hpp
[210.636s] -- Symlinking: /ros2_ws/install/rosapi_msgs/include/rosapi_msgs/srv/detail/set_param__rosidl_typesupport_introspection_cpp.hpp
[210.645s] -- Symlinking: /ros2_ws/install/rosapi_msgs/include/rosapi_msgs/srv/detail/subscribers__rosidl_typesupport_introspection_cpp.hpp
[210.655s] -- Symlinking: /ros2_ws/install/rosapi_msgs/include/rosapi_msgs/srv/detail/topic_type__rosidl_typesupport_introspection_cpp.hpp
[210.664s] -- Symlinking: /ros2_ws/install/rosapi_msgs/include/rosapi_msgs/srv/detail/topics__rosidl_typesupport_introspection_cpp.hpp
[210.676s] -- Symlinking: /ros2_ws/install/rosapi_msgs/include/rosapi_msgs/srv/detail/topics_and_raw_types__rosidl_typesupport_introspection_cpp.hpp
[210.685s] -- Symlinking: /ros2_ws/install/rosapi_msgs/include/rosapi_msgs/srv/detail/topics_for_type__rosidl_typesupport_introspection_cpp.hpp
[210.694s] -- Symlinking: /ros2_ws/install/rosapi_msgs/share/rosapi_msgs/environment/pythonpath.sh
[210.704s] -- Symlinking: /ros2_ws/install/rosapi_msgs/share/rosapi_msgs/environment/pythonpath.dsv
[210.713s] -- Symlinking: /ros2_ws/install/rosapi_msgs/lib/python3.6/site-packages/rosapi_msgs/__init__.py
[210.723s] -- Symlinking: /ros2_ws/install/rosapi_msgs/lib/python3.6/site-packages/rosapi_msgs/msg/__init__.py
[210.732s] -- Symlinking: /ros2_ws/install/rosapi_msgs/lib/python3.6/site-packages/rosapi_msgs/msg/_type_def.py
[210.743s] -- Symlinking: /ros2_ws/install/rosapi_msgs/lib/python3.6/site-packages/rosapi_msgs/srv/__init__.py
[210.752s] -- Symlinking: /ros2_ws/install/rosapi_msgs/lib/python3.6/site-packages/rosapi_msgs/srv/_delete_param.py
[210.761s] -- Symlinking: /ros2_ws/install/rosapi_msgs/lib/python3.6/site-packages/rosapi_msgs/srv/_get_action_servers.py
[210.771s] -- Symlinking: /ros2_ws/install/rosapi_msgs/lib/python3.6/site-packages/rosapi_msgs/srv/_get_param.py
[210.780s] -- Symlinking: /ros2_ws/install/rosapi_msgs/lib/python3.6/site-packages/rosapi_msgs/srv/_get_param_names.py
[210.789s] -- Symlinking: /ros2_ws/install/rosapi_msgs/lib/python3.6/site-packages/rosapi_msgs/srv/_get_ros_version.py
[210.798s] -- Symlinking: /ros2_ws/install/rosapi_msgs/lib/python3.6/site-packages/rosapi_msgs/srv/_get_time.py
[210.807s] -- Symlinking: /ros2_ws/install/rosapi_msgs/lib/python3.6/site-packages/rosapi_msgs/srv/_has_param.py
[210.815s] -- Symlinking: /ros2_ws/install/rosapi_msgs/lib/python3.6/site-packages/rosapi_msgs/srv/_message_details.py
[210.825s] -- Symlinking: /ros2_ws/install/rosapi_msgs/lib/python3.6/site-packages/rosapi_msgs/srv/_node_details.py
[210.834s] -- Symlinking: /ros2_ws/install/rosapi_msgs/lib/python3.6/site-packages/rosapi_msgs/srv/_nodes.py
[210.843s] -- Symlinking: /ros2_ws/install/rosapi_msgs/lib/python3.6/site-packages/rosapi_msgs/srv/_publishers.py
[210.851s] -- Symlinking: /ros2_ws/install/rosapi_msgs/lib/python3.6/site-packages/rosapi_msgs/srv/_service_node.py
[210.860s] -- Symlinking: /ros2_ws/install/rosapi_msgs/lib/python3.6/site-packages/rosapi_msgs/srv/_service_providers.py
[210.869s] -- Symlinking: /ros2_ws/install/rosapi_msgs/lib/python3.6/site-packages/rosapi_msgs/srv/_service_request_details.py
[210.878s] -- Symlinking: /ros2_ws/install/rosapi_msgs/lib/python3.6/site-packages/rosapi_msgs/srv/_service_response_details.py
[210.887s] -- Symlinking: /ros2_ws/install/rosapi_msgs/lib/python3.6/site-packages/rosapi_msgs/srv/_service_type.py
[210.896s] -- Symlinking: /ros2_ws/install/rosapi_msgs/lib/python3.6/site-packages/rosapi_msgs/srv/_services.py
[210.905s] -- Symlinking: /ros2_ws/install/rosapi_msgs/lib/python3.6/site-packages/rosapi_msgs/srv/_services_for_type.py
[210.914s] -- Symlinking: /ros2_ws/install/rosapi_msgs/lib/python3.6/site-packages/rosapi_msgs/srv/_set_param.py
[210.922s] -- Symlinking: /ros2_ws/install/rosapi_msgs/lib/python3.6/site-packages/rosapi_msgs/srv/_subscribers.py
[210.931s] -- Symlinking: /ros2_ws/install/rosapi_msgs/lib/python3.6/site-packages/rosapi_msgs/srv/_topic_type.py
[210.940s] -- Symlinking: /ros2_ws/install/rosapi_msgs/lib/python3.6/site-packages/rosapi_msgs/srv/_topics.py
[210.949s] -- Symlinking: /ros2_ws/install/rosapi_msgs/lib/python3.6/site-packages/rosapi_msgs/srv/_topics_and_raw_types.py
[210.959s] -- Symlinking: /ros2_ws/install/rosapi_msgs/lib/python3.6/site-packages/rosapi_msgs/srv/_topics_for_type.py
[210.969s] -- Symlinking: /ros2_ws/install/rosapi_msgs/lib/python3.6/site-packages/rosapi_msgs/rosapi_msgs_s__rosidl_typesupport_fastrtps_c.cpython-36m-aarch64-linux-gnu.so
[210.980s] -- Symlinking: /ros2_ws/install/rosapi_msgs/lib/python3.6/site-packages/rosapi_msgs/rosapi_msgs_s__rosidl_typesupport_introspection_c.cpython-36m-aarch64-linux-gnu.so
[210.990s] -- Symlinking: /ros2_ws/install/rosapi_msgs/lib/python3.6/site-packages/rosapi_msgs/rosapi_msgs_s__rosidl_typesupport_c.cpython-36m-aarch64-linux-gnu.so
[210.999s] -- Symlinking: /ros2_ws/install/rosapi_msgs/lib/librosapi_msgs__python.so
[211.009s] -- Symlinking: /ros2_ws/install/rosapi_msgs/share/rosapi_msgs/msg/TypeDef.idl
[211.019s] -- Symlinking: /ros2_ws/install/rosapi_msgs/share/rosapi_msgs/srv/DeleteParam.idl
[211.028s] -- Symlinking: /ros2_ws/install/rosapi_msgs/share/rosapi_msgs/srv/GetActionServers.idl
[211.037s] -- Symlinking: /ros2_ws/install/rosapi_msgs/share/rosapi_msgs/srv/GetParam.idl
[211.046s] -- Symlinking: /ros2_ws/install/rosapi_msgs/share/rosapi_msgs/srv/GetParamNames.idl
[211.055s] -- Symlinking: /ros2_ws/install/rosapi_msgs/share/rosapi_msgs/srv/GetROSVersion.idl
[211.065s] -- Symlinking: /ros2_ws/install/rosapi_msgs/share/rosapi_msgs/srv/GetTime.idl
[211.074s] -- Symlinking: /ros2_ws/install/rosapi_msgs/share/rosapi_msgs/srv/HasParam.idl
[211.084s] -- Symlinking: /ros2_ws/install/rosapi_msgs/share/rosapi_msgs/srv/MessageDetails.idl
[211.093s] -- Symlinking: /ros2_ws/install/rosapi_msgs/share/rosapi_msgs/srv/Nodes.idl
[211.102s] -- Symlinking: /ros2_ws/install/rosapi_msgs/share/rosapi_msgs/srv/NodeDetails.idl
[211.111s] -- Symlinking: /ros2_ws/install/rosapi_msgs/share/rosapi_msgs/srv/Publishers.idl
[211.120s] -- Symlinking: /ros2_ws/install/rosapi_msgs/share/rosapi_msgs/srv/ServiceNode.idl
[211.129s] -- Symlinking: /ros2_ws/install/rosapi_msgs/share/rosapi_msgs/srv/ServiceProviders.idl
[211.138s] -- Symlinking: /ros2_ws/install/rosapi_msgs/share/rosapi_msgs/srv/ServiceRequestDetails.idl
[211.147s] -- Symlinking: /ros2_ws/install/rosapi_msgs/share/rosapi_msgs/srv/ServiceResponseDetails.idl
[211.156s] -- Symlinking: /ros2_ws/install/rosapi_msgs/share/rosapi_msgs/srv/Services.idl
[211.166s] -- Symlinking: /ros2_ws/install/rosapi_msgs/share/rosapi_msgs/srv/ServicesForType.idl
[211.175s] -- Symlinking: /ros2_ws/install/rosapi_msgs/share/rosapi_msgs/srv/ServiceType.idl
[211.184s] -- Symlinking: /ros2_ws/install/rosapi_msgs/share/rosapi_msgs/srv/SetParam.idl
[211.193s] -- Symlinking: /ros2_ws/install/rosapi_msgs/share/rosapi_msgs/srv/Subscribers.idl
[211.202s] -- Symlinking: /ros2_ws/install/rosapi_msgs/share/rosapi_msgs/srv/Topics.idl
[211.211s] -- Symlinking: /ros2_ws/install/rosapi_msgs/share/rosapi_msgs/srv/TopicsAndRawTypes.idl
[211.220s] -- Symlinking: /ros2_ws/install/rosapi_msgs/share/rosapi_msgs/srv/TopicsForType.idl
[211.230s] -- Symlinking: /ros2_ws/install/rosapi_msgs/share/rosapi_msgs/srv/TopicType.idl
[211.239s] -- Symlinking: /ros2_ws/install/rosapi_msgs/share/rosapi_msgs/msg/TypeDef.msg
[211.248s] -- Symlinking: /ros2_ws/install/rosapi_msgs/share/rosapi_msgs/srv/DeleteParam.srv
[211.258s] -- Symlinking: /ros2_ws/install/rosapi_msgs/share/rosapi_msgs/srv/DeleteParam_Request.msg
[211.267s] -- Symlinking: /ros2_ws/install/rosapi_msgs/share/rosapi_msgs/srv/DeleteParam_Response.msg
[211.277s] -- Symlinking: /ros2_ws/install/rosapi_msgs/share/rosapi_msgs/srv/GetActionServers.srv
[211.286s] -- Symlinking: /ros2_ws/install/rosapi_msgs/share/rosapi_msgs/srv/GetActionServers_Request.msg
[211.295s] -- Symlinking: /ros2_ws/install/rosapi_msgs/share/rosapi_msgs/srv/GetActionServers_Response.msg
[211.304s] -- Symlinking: /ros2_ws/install/rosapi_msgs/share/rosapi_msgs/srv/GetParam.srv
[211.313s] -- Symlinking: /ros2_ws/install/rosapi_msgs/share/rosapi_msgs/srv/GetParam_Request.msg
[211.323s] -- Symlinking: /ros2_ws/install/rosapi_msgs/share/rosapi_msgs/srv/GetParam_Response.msg
[211.332s] -- Symlinking: /ros2_ws/install/rosapi_msgs/share/rosapi_msgs/srv/GetParamNames.srv
[211.341s] -- Symlinking: /ros2_ws/install/rosapi_msgs/share/rosapi_msgs/srv/GetParamNames_Request.msg
[211.350s] -- Symlinking: /ros2_ws/install/rosapi_msgs/share/rosapi_msgs/srv/GetParamNames_Response.msg
[211.359s] -- Symlinking: /ros2_ws/install/rosapi_msgs/share/rosapi_msgs/srv/GetROSVersion.srv
[211.368s] -- Symlinking: /ros2_ws/install/rosapi_msgs/share/rosapi_msgs/srv/GetROSVersion_Request.msg
[211.377s] -- Symlinking: /ros2_ws/install/rosapi_msgs/share/rosapi_msgs/srv/GetROSVersion_Response.msg
[211.387s] -- Symlinking: /ros2_ws/install/rosapi_msgs/share/rosapi_msgs/srv/GetTime.srv
[211.396s] -- Symlinking: /ros2_ws/install/rosapi_msgs/share/rosapi_msgs/srv/GetTime_Request.msg
[211.405s] -- Symlinking: /ros2_ws/install/rosapi_msgs/share/rosapi_msgs/srv/GetTime_Response.msg
[211.414s] -- Symlinking: /ros2_ws/install/rosapi_msgs/share/rosapi_msgs/srv/HasParam.srv
[211.423s] -- Symlinking: /ros2_ws/install/rosapi_msgs/share/rosapi_msgs/srv/HasParam_Request.msg
[211.432s] -- Symlinking: /ros2_ws/install/rosapi_msgs/share/rosapi_msgs/srv/HasParam_Response.msg
[211.441s] -- Symlinking: /ros2_ws/install/rosapi_msgs/share/rosapi_msgs/srv/MessageDetails.srv
[211.450s] -- Symlinking: /ros2_ws/install/rosapi_msgs/share/rosapi_msgs/srv/MessageDetails_Request.msg
[211.459s] -- Symlinking: /ros2_ws/install/rosapi_msgs/share/rosapi_msgs/srv/MessageDetails_Response.msg
[211.469s] -- Symlinking: /ros2_ws/install/rosapi_msgs/share/rosapi_msgs/srv/Nodes.srv
[211.478s] -- Symlinking: /ros2_ws/install/rosapi_msgs/share/rosapi_msgs/srv/Nodes_Request.msg
[211.488s] -- Symlinking: /ros2_ws/install/rosapi_msgs/share/rosapi_msgs/srv/Nodes_Response.msg
[211.496s] -- Symlinking: /ros2_ws/install/rosapi_msgs/share/rosapi_msgs/srv/NodeDetails.srv
[211.505s] -- Symlinking: /ros2_ws/install/rosapi_msgs/share/rosapi_msgs/srv/NodeDetails_Request.msg
[211.514s] -- Symlinking: /ros2_ws/install/rosapi_msgs/share/rosapi_msgs/srv/NodeDetails_Response.msg
[211.523s] -- Symlinking: /ros2_ws/install/rosapi_msgs/share/rosapi_msgs/srv/Publishers.srv
[211.532s] -- Symlinking: /ros2_ws/install/rosapi_msgs/share/rosapi_msgs/srv/Publishers_Request.msg
[211.542s] -- Symlinking: /ros2_ws/install/rosapi_msgs/share/rosapi_msgs/srv/Publishers_Response.msg
[211.551s] -- Symlinking: /ros2_ws/install/rosapi_msgs/share/rosapi_msgs/srv/ServiceNode.srv
[211.560s] -- Symlinking: /ros2_ws/install/rosapi_msgs/share/rosapi_msgs/srv/ServiceNode_Request.msg
[211.569s] -- Symlinking: /ros2_ws/install/rosapi_msgs/share/rosapi_msgs/srv/ServiceNode_Response.msg
[211.580s] -- Symlinking: /ros2_ws/install/rosapi_msgs/share/rosapi_msgs/srv/ServiceProviders.srv
[211.588s] -- Symlinking: /ros2_ws/install/rosapi_msgs/share/rosapi_msgs/srv/ServiceProviders_Request.msg
[211.597s] -- Symlinking: /ros2_ws/install/rosapi_msgs/share/rosapi_msgs/srv/ServiceProviders_Response.msg
[211.606s] -- Symlinking: /ros2_ws/install/rosapi_msgs/share/rosapi_msgs/srv/ServiceRequestDetails.srv
[211.615s] -- Symlinking: /ros2_ws/install/rosapi_msgs/share/rosapi_msgs/srv/ServiceRequestDetails_Request.msg
[211.624s] -- Symlinking: /ros2_ws/install/rosapi_msgs/share/rosapi_msgs/srv/ServiceRequestDetails_Response.msg
[211.633s] -- Symlinking: /ros2_ws/install/rosapi_msgs/share/rosapi_msgs/srv/ServiceResponseDetails.srv
[211.642s] -- Symlinking: /ros2_ws/install/rosapi_msgs/share/rosapi_msgs/srv/ServiceResponseDetails_Request.msg
[211.652s] -- Symlinking: /ros2_ws/install/rosapi_msgs/share/rosapi_msgs/srv/ServiceResponseDetails_Response.msg
[211.662s] -- Symlinking: /ros2_ws/install/rosapi_msgs/share/rosapi_msgs/srv/Services.srv
[211.671s] -- Symlinking: /ros2_ws/install/rosapi_msgs/share/rosapi_msgs/srv/Services_Request.msg
[211.680s] -- Symlinking: /ros2_ws/install/rosapi_msgs/share/rosapi_msgs/srv/Services_Response.msg
[211.689s] -- Symlinking: /ros2_ws/install/rosapi_msgs/share/rosapi_msgs/srv/ServicesForType.srv
[211.698s] -- Symlinking: /ros2_ws/install/rosapi_msgs/share/rosapi_msgs/srv/ServicesForType_Request.msg
[211.707s] -- Symlinking: /ros2_ws/install/rosapi_msgs/share/rosapi_msgs/srv/ServicesForType_Response.msg
[211.716s] -- Symlinking: /ros2_ws/install/rosapi_msgs/share/rosapi_msgs/srv/ServiceType.srv
[211.726s] -- Symlinking: /ros2_ws/install/rosapi_msgs/share/rosapi_msgs/srv/ServiceType_Request.msg
[211.735s] -- Symlinking: /ros2_ws/install/rosapi_msgs/share/rosapi_msgs/srv/ServiceType_Response.msg
[211.744s] -- Symlinking: /ros2_ws/install/rosapi_msgs/share/rosapi_msgs/srv/SetParam.srv
[211.753s] -- Symlinking: /ros2_ws/install/rosapi_msgs/share/rosapi_msgs/srv/SetParam_Request.msg
[211.762s] -- Symlinking: /ros2_ws/install/rosapi_msgs/share/rosapi_msgs/srv/SetParam_Response.msg
[211.772s] -- Symlinking: /ros2_ws/install/rosapi_msgs/share/rosapi_msgs/srv/Subscribers.srv
[211.782s] -- Symlinking: /ros2_ws/install/rosapi_msgs/share/rosapi_msgs/srv/Subscribers_Request.msg
[211.791s] -- Symlinking: /ros2_ws/install/rosapi_msgs/share/rosapi_msgs/srv/Subscribers_Response.msg
[211.800s] -- Symlinking: /ros2_ws/install/rosapi_msgs/share/rosapi_msgs/srv/Topics.srv
[211.809s] -- Symlinking: /ros2_ws/install/rosapi_msgs/share/rosapi_msgs/srv/Topics_Request.msg
[211.818s] -- Symlinking: /ros2_ws/install/rosapi_msgs/share/rosapi_msgs/srv/Topics_Response.msg
[211.827s] -- Symlinking: /ros2_ws/install/rosapi_msgs/share/rosapi_msgs/srv/TopicsAndRawTypes.srv
[211.836s] -- Symlinking: /ros2_ws/install/rosapi_msgs/share/rosapi_msgs/srv/TopicsAndRawTypes_Request.msg
[211.845s] -- Symlinking: /ros2_ws/install/rosapi_msgs/share/rosapi_msgs/srv/TopicsAndRawTypes_Response.msg
[211.854s] -- Symlinking: /ros2_ws/install/rosapi_msgs/share/rosapi_msgs/srv/TopicsForType.srv
[211.864s] -- Symlinking: /ros2_ws/install/rosapi_msgs/share/rosapi_msgs/srv/TopicsForType_Request.msg
[211.873s] -- Symlinking: /ros2_ws/install/rosapi_msgs/share/rosapi_msgs/srv/TopicsForType_Response.msg
[211.882s] -- Symlinking: /ros2_ws/install/rosapi_msgs/share/rosapi_msgs/srv/TopicType.srv
[211.891s] -- Symlinking: /ros2_ws/install/rosapi_msgs/share/rosapi_msgs/srv/TopicType_Request.msg
[211.900s] -- Symlinking: /ros2_ws/install/rosapi_msgs/share/rosapi_msgs/srv/TopicType_Response.msg
[211.910s] -- Symlinking: /ros2_ws/install/rosapi_msgs/share/ament_index/resource_index/package_run_dependencies/rosapi_msgs
[211.919s] -- Symlinking: /ros2_ws/install/rosapi_msgs/share/ament_index/resource_index/parent_prefix_path/rosapi_msgs
[211.929s] -- Symlinking: /ros2_ws/install/rosapi_msgs/share/rosapi_msgs/environment/ament_prefix_path.sh
[211.938s] -- Symlinking: /ros2_ws/install/rosapi_msgs/share/rosapi_msgs/environment/ament_prefix_path.dsv
[211.947s] -- Symlinking: /ros2_ws/install/rosapi_msgs/share/rosapi_msgs/environment/path.sh
[211.956s] -- Symlinking: /ros2_ws/install/rosapi_msgs/share/rosapi_msgs/environment/path.dsv
[211.965s] -- Symlinking: /ros2_ws/install/rosapi_msgs/share/rosapi_msgs/local_setup.bash
[211.975s] -- Symlinking: /ros2_ws/install/rosapi_msgs/share/rosapi_msgs/local_setup.sh
[211.984s] -- Symlinking: /ros2_ws/install/rosapi_msgs/share/rosapi_msgs/local_setup.zsh
[211.993s] -- Symlinking: /ros2_ws/install/rosapi_msgs/share/rosapi_msgs/local_setup.dsv
[212.003s] -- Symlinking: /ros2_ws/install/rosapi_msgs/share/rosapi_msgs/package.dsv
[212.012s] -- Symlinking: /ros2_ws/install/rosapi_msgs/share/ament_index/resource_index/packages/rosapi_msgs
[212.021s] -- Symlinking: /ros2_ws/install/rosapi_msgs/share/rosapi_msgs/cmake/rosidl_cmake-extras.cmake
[212.030s] -- Symlinking: /ros2_ws/install/rosapi_msgs/share/rosapi_msgs/cmake/ament_cmake_export_dependencies-extras.cmake
[212.039s] -- Symlinking: /ros2_ws/install/rosapi_msgs/share/rosapi_msgs/cmake/ament_cmake_export_libraries-extras.cmake
[212.049s] -- Symlinking: /ros2_ws/install/rosapi_msgs/share/rosapi_msgs/cmake/ament_cmake_export_targets-extras.cmake
[212.058s] -- Symlinking: /ros2_ws/install/rosapi_msgs/share/rosapi_msgs/cmake/ament_cmake_export_include_directories-extras.cmake
[212.067s] -- Symlinking: /ros2_ws/install/rosapi_msgs/share/rosapi_msgs/cmake/rosidl_cmake_export_typesupport_libraries-extras.cmake
[212.076s] -- Symlinking: /ros2_ws/install/rosapi_msgs/share/rosapi_msgs/cmake/rosidl_cmake_export_typesupport_targets-extras.cmake
[212.086s] -- Symlinking: /ros2_ws/install/rosapi_msgs/share/rosapi_msgs/cmake/rosapi_msgsConfig.cmake
[212.095s] -- Symlinking: /ros2_ws/install/rosapi_msgs/share/rosapi_msgs/cmake/rosapi_msgsConfig-version.cmake
[212.104s] -- Symlinking: /ros2_ws/install/rosapi_msgs/share/rosapi_msgs/package.xml
[212.115s] -- Installing: /ros2_ws/install/rosapi_msgs/lib/librosapi_msgs__rosidl_generator_c.so
[212.116s] -- Set runtime path of "/ros2_ws/install/rosapi_msgs/lib/librosapi_msgs__rosidl_generator_c.so" to ""
[212.117s] -- Installing: /ros2_ws/install/rosapi_msgs/lib/librosapi_msgs__rosidl_typesupport_introspection_c.so
[212.118s] -- Set runtime path of "/ros2_ws/install/rosapi_msgs/lib/librosapi_msgs__rosidl_typesupport_introspection_c.so" to ""
[212.119s] -- Installing: /ros2_ws/install/rosapi_msgs/lib/librosapi_msgs__rosidl_typesupport_c.so
[212.120s] -- Set runtime path of "/ros2_ws/install/rosapi_msgs/lib/librosapi_msgs__rosidl_typesupport_c.so" to ""
[212.121s] -- Installing: /ros2_ws/install/rosapi_msgs/lib/librosapi_msgs__rosidl_typesupport_introspection_cpp.so
[212.124s] -- Set runtime path of "/ros2_ws/install/rosapi_msgs/lib/librosapi_msgs__rosidl_typesupport_introspection_cpp.so" to ""
[212.124s] -- Installing: /ros2_ws/install/rosapi_msgs/lib/librosapi_msgs__rosidl_typesupport_cpp.so
[212.125s] -- Set runtime path of "/ros2_ws/install/rosapi_msgs/lib/librosapi_msgs__rosidl_typesupport_cpp.so" to ""
[212.276s] Compiling '/ros2_ws/install/rosapi_msgs/lib/python3.6/site-packages/rosapi_msgs/__init__.py'...
[212.300s] -- Installing: /ros2_ws/install/rosapi_msgs/share/rosapi_msgs/cmake/rosapi_msgs__rosidl_generator_cExport.cmake
[212.302s] -- Installing: /ros2_ws/install/rosapi_msgs/share/rosapi_msgs/cmake/rosapi_msgs__rosidl_generator_cExport-noconfig.cmake
[212.303s] -- Installing: /ros2_ws/install/rosapi_msgs/share/rosapi_msgs/cmake/rosapi_msgs__rosidl_typesupport_introspection_cExport.cmake
[212.304s] -- Installing: /ros2_ws/install/rosapi_msgs/share/rosapi_msgs/cmake/rosapi_msgs__rosidl_typesupport_introspection_cExport-noconfig.cmake
[212.305s] -- Installing: /ros2_ws/install/rosapi_msgs/share/rosapi_msgs/cmake/rosapi_msgs__rosidl_typesupport_cExport.cmake
[212.306s] -- Installing: /ros2_ws/install/rosapi_msgs/share/rosapi_msgs/cmake/rosapi_msgs__rosidl_typesupport_cExport-noconfig.cmake
[212.307s] -- Installing: /ros2_ws/install/rosapi_msgs/share/rosapi_msgs/cmake/rosapi_msgs__rosidl_generator_cppExport.cmake
[212.308s] -- Installing: /ros2_ws/install/rosapi_msgs/share/rosapi_msgs/cmake/rosapi_msgs__rosidl_typesupport_introspection_cppExport.cmake
[212.309s] -- Installing: /ros2_ws/install/rosapi_msgs/share/rosapi_msgs/cmake/rosapi_msgs__rosidl_typesupport_introspection_cppExport-noconfig.cmake
[212.310s] -- Installing: /ros2_ws/install/rosapi_msgs/share/rosapi_msgs/cmake/rosapi_msgs__rosidl_typesupport_cppExport.cmake
[212.311s] -- Installing: /ros2_ws/install/rosapi_msgs/share/rosapi_msgs/cmake/rosapi_msgs__rosidl_typesupport_cppExport-noconfig.cmake
[212.337s] Invoked command in '/ros2_ws/build/rosapi_msgs' returned '0': /usr/local/bin/cmake --install /ros2_ws/build/rosapi_msgs
