[0.000000] (-) TimerEvent: {}
[0.003630] (-) JobUnselected: {'identifier': 'rosapi'}
[0.003842] (-) JobUnselected: {'identifier': 'rosapi_msgs'}
[0.003983] (-) JobUnselected: {'identifier': 'rosbridge_library'}
[0.004120] (-) JobUnselected: {'identifier': 'rosbridge_msgs'}
[0.004255] (-) JobUnselected: {'identifier': 'rosbridge_server'}
[0.004395] (-) JobUnselected: {'identifier': 'rosbridge_suite'}
[0.004628] (-) JobUnselected: {'identifier': 'rosbridge_test_msgs'}
[0.004973] (rplidar_ros) JobQueued: {'identifier': 'rplidar_ros', 'dependencies': OrderedDict()}
[0.005169] (rplidar_ros) JobStarted: {'identifier': 'rplidar_ros'}
[0.098989] (-) TimerEvent: {}
[0.104879] (rplidar_ros) JobProgress: {'identifier': 'rplidar_ros', 'progress': 'cmake'}
[0.105752] (rplidar_ros) Command: {'cmd': ['/usr/local/bin/cmake', '/ros2_ws/src/rplidar_ros2', '-DAMENT_CMAKE_SYMLINK_INSTALL=1', '-DCMAKE_INSTALL_PREFIX=/ros2_ws/install/rplidar_ros'], 'cwd': '/ros2_ws/build/rplidar_ros', 'env': OrderedDict([('OPENBLAS_CORETYPE', 'ARMV8'), ('PYTHONIOENCODING', 'utf-8'), ('HOSTNAME', 'eyerobot-desktop'), ('LD_LIBRARY_PATH', '/ros2_ws/install/rosbridge_test_msgs/lib:/ros2_ws/install/rosbridge_msgs/lib:/ros2_ws/install/rosapi_msgs/lib:/opt/ros/foxy/install/opt/yaml_cpp_vendor/lib:/opt/ros/foxy/install/opt/rviz_ogre_vendor/lib:/opt/ros/foxy/install/lib:/usr/local/cuda-10.2/targets/aarch64-linux/lib:'), ('SHLVL', '1'), ('HOME', '/root'), ('OLDPWD', '/'), ('ROS_PYTHON_VERSION', '3'), ('COLCON_PREFIX_PATH', '/ros2_ws/install:/opt/ros/foxy/install'), ('ROS_DISTRO', 'foxy'), ('_', '/usr/bin/colcon'), ('ROS_VERSION', '2'), ('NVIDIA_DRIVER_CAPABILITIES', 'all'), ('PKG_CONFIG_PATH', '/opt/ros/foxy/install/lib/aarch64-linux-gnu/pkgconfig:/opt/ros/foxy/install/lib/pkgconfig'), ('TERM', 'xterm'), ('ROS_LOCALHOST_ONLY', '0'), ('PATH', '/opt/ros/foxy/install/bin:/usr/local/cuda-10.2/bin:/usr/local/cuda/bin:/usr/local/sbin:/usr/local/bin:/usr/sbin:/usr/bin:/sbin:/bin'), ('LANG', 'en_US.UTF-8'), ('RMW_IMPLEMENTATION', 'rmw_cyclonedds_cpp'), ('LS_COLORS', 'rs=0:di=01;34:ln=01;36:mh=00:pi=40;33:so=01;35:do=01;35:bd=40;33;01:cd=40;33;01:or=40;31;01:mi=00:su=37;41:sg=30;43:ca=30;41:tw=30;42:ow=34;42:st=37;44:ex=01;32:*.tar=01;31:*.tgz=01;31:*.arc=01;31:*.arj=01;31:*.taz=01;31:*.lha=01;31:*.lz4=01;31:*.lzh=01;31:*.lzma=01;31:*.tlz=01;31:*.txz=01;31:*.tzo=01;31:*.t7z=01;31:*.zip=01;31:*.z=01;31:*.Z=01;31:*.dz=01;31:*.gz=01;31:*.lrz=01;31:*.lz=01;31:*.lzo=01;31:*.xz=01;31:*.zst=01;31:*.tzst=01;31:*.bz2=01;31:*.bz=01;31:*.tbz=01;31:*.tbz2=01;31:*.tz=01;31:*.deb=01;31:*.rpm=01;31:*.jar=01;31:*.war=01;31:*.ear=01;31:*.sar=01;31:*.rar=01;31:*.alz=01;31:*.ace=01;31:*.zoo=01;31:*.cpio=01;31:*.7z=01;31:*.rz=01;31:*.cab=01;31:*.wim=01;31:*.swm=01;31:*.dwm=01;31:*.esd=01;31:*.jpg=01;35:*.jpeg=01;35:*.mjpg=01;35:*.mjpeg=01;35:*.gif=01;35:*.bmp=01;35:*.pbm=01;35:*.pgm=01;35:*.ppm=01;35:*.tga=01;35:*.xbm=01;35:*.xpm=01;35:*.tif=01;35:*.tiff=01;35:*.png=01;35:*.svg=01;35:*.svgz=01;35:*.mng=01;35:*.pcx=01;35:*.mov=01;35:*.mpg=01;35:*.mpeg=01;35:*.m2v=01;35:*.mkv=01;35:*.webm=01;35:*.ogm=01;35:*.mp4=01;35:*.m4v=01;35:*.mp4v=01;35:*.vob=01;35:*.qt=01;35:*.nuv=01;35:*.wmv=01;35:*.asf=01;35:*.rm=01;35:*.rmvb=01;35:*.flc=01;35:*.avi=01;35:*.fli=01;35:*.flv=01;35:*.gl=01;35:*.dl=01;35:*.xcf=01;35:*.xwd=01;35:*.yuv=01;35:*.cgm=01;35:*.emf=01;35:*.ogv=01;35:*.ogx=01;35:*.aac=00;36:*.au=00;36:*.flac=00;36:*.m4a=00;36:*.mid=00;36:*.midi=00;36:*.mka=00;36:*.mp3=00;36:*.mpc=00;36:*.ogg=00;36:*.ra=00;36:*.wav=00;36:*.oga=00;36:*.opus=00;36:*.spx=00;36:*.xspf=00;36:'), ('ROS_ROOT', '/opt/ros/foxy'), ('AMENT_PREFIX_PATH', '/ros2_ws/install/rosbridge_test_msgs:/ros2_ws/install/rosbridge_suite:/ros2_ws/install/rosbridge_server:/ros2_ws/install/rosbridge_msgs:/ros2_ws/install/rosapi:/ros2_ws/install/rosbridge_library:/ros2_ws/install/rosapi_msgs:/opt/ros/foxy/install'), ('DEBIAN_FRONTEND', 'noninteractive'), ('SHELL', '/bin/bash'), ('PWD', '/ros2_ws/build/rplidar_ros'), ('PYTHONPATH', '/ros2_ws/install/rosbridge_test_msgs/lib/python3.6/site-packages:/ros2_ws/install/rosbridge_server/lib/python3.6/site-packages:/ros2_ws/install/rosbridge_msgs/lib/python3.6/site-packages:/ros2_ws/install/rosapi/lib/python3.6/site-packages:/ros2_ws/install/rosbridge_library/lib/python3.6/site-packages:/ros2_ws/install/rosapi_msgs/lib/python3.6/site-packages:/opt/ros/foxy/install/lib/python3.6/site-packages'), ('NVIDIA_VISIBLE_DEVICES', 'all'), ('COLCON', '1'), ('CMAKE_PREFIX_PATH', '/ros2_ws/install/rosbridge_test_msgs:/ros2_ws/install/rosbridge_suite:/ros2_ws/install/rosbridge_server:/ros2_ws/install/rosbridge_msgs:/ros2_ws/install/rosapi:/ros2_ws/install/rosbridge_library:/ros2_ws/install/rosapi_msgs:/opt/ros/foxy/install')]), 'shell': False}
[0.199257] (-) TimerEvent: {}
[0.300165] (-) TimerEvent: {}
[0.400905] (-) TimerEvent: {}
[0.501701] (-) TimerEvent: {}
[0.602504] (-) TimerEvent: {}
[0.684300] (rplidar_ros) StdoutLine: {'line': b'-- The C compiler identification is GNU 7.5.0\n'}
[0.702681] (-) TimerEvent: {}
[0.803478] (-) TimerEvent: {}
[0.894007] (rplidar_ros) StdoutLine: {'line': b'-- The CXX compiler identification is GNU 7.5.0\n'}
[0.903681] (-) TimerEvent: {}
[0.966918] (rplidar_ros) StdoutLine: {'line': b'-- Detecting C compiler ABI info\n'}
[1.003877] (-) TimerEvent: {}
[1.104674] (-) TimerEvent: {}
[1.189934] (rplidar_ros) StdoutLine: {'line': b'-- Detecting C compiler ABI info - done\n'}
[1.204855] (-) TimerEvent: {}
[1.238984] (rplidar_ros) StdoutLine: {'line': b'-- Check for working C compiler: /usr/bin/cc - skipped\n'}
[1.241744] (rplidar_ros) StdoutLine: {'line': b'-- Detecting C compile features\n'}
[1.244239] (rplidar_ros) StdoutLine: {'line': b'-- Detecting C compile features - done\n'}
[1.285567] (rplidar_ros) StdoutLine: {'line': b'-- Detecting CXX compiler ABI info\n'}
[1.305060] (-) TimerEvent: {}
[1.405823] (-) TimerEvent: {}
[1.506989] (-) TimerEvent: {}
[1.532233] (rplidar_ros) StdoutLine: {'line': b'-- Detecting CXX compiler ABI info - done\n'}
[1.583011] (rplidar_ros) StdoutLine: {'line': b'-- Check for working CXX compiler: /usr/bin/c++ - skipped\n'}
[1.584240] (rplidar_ros) StdoutLine: {'line': b'-- Detecting CXX compile features\n'}
[1.586462] (rplidar_ros) StdoutLine: {'line': b'-- Detecting CXX compile features - done\n'}
[1.607151] (-) TimerEvent: {}
[1.610310] (rplidar_ros) StdoutLine: {'line': b'-- Found ament_cmake_auto: 0.9.12 (/opt/ros/foxy/install/share/ament_cmake_auto/cmake)\n'}
[1.682595] (rplidar_ros) StderrLine: {'line': b'\x1b[33mCMake Warning (dev) at /opt/ros/foxy/install/share/ament_cmake_core/cmake/core/python.cmake:22 (find_package):\n'}
[1.683382] (rplidar_ros) StderrLine: {'line': b'  Policy CMP0148 is not set: The FindPythonInterp and FindPythonLibs modules\n'}
[1.683876] (rplidar_ros) StderrLine: {'line': b'  are removed.  Run "cmake --help-policy CMP0148" for policy details.  Use\n'}
[1.684309] (rplidar_ros) StderrLine: {'line': b'  the cmake_policy command to set the policy and suppress this warning.\n'}
[1.684754] (rplidar_ros) StderrLine: {'line': b'\n'}
[1.685247] (rplidar_ros) StderrLine: {'line': b'Call Stack (most recent call first):\n'}
[1.685725] (rplidar_ros) StderrLine: {'line': b'  /opt/ros/foxy/install/share/ament_cmake_core/cmake/core/all.cmake:53 (include)\n'}
[1.686173] (rplidar_ros) StderrLine: {'line': b'  /opt/ros/foxy/install/share/ament_cmake_core/cmake/ament_cmake_core-extras.cmake:17 (include)\n'}
[1.686720] (rplidar_ros) StderrLine: {'line': b'  /opt/ros/foxy/install/share/ament_cmake_core/cmake/ament_cmake_coreConfig.cmake:41 (include)\n'}
[1.687187] (rplidar_ros) StderrLine: {'line': b'  /opt/ros/foxy/install/share/ament_cmake/cmake/ament_cmake_export_dependencies-extras.cmake:15 (find_package)\n'}
[1.687650] (rplidar_ros) StderrLine: {'line': b'  /opt/ros/foxy/install/share/ament_cmake/cmake/ament_cmakeConfig.cmake:41 (include)\n'}
[1.688089] (rplidar_ros) StderrLine: {'line': b'  /opt/ros/foxy/install/share/ament_cmake_auto/cmake/ament_cmake_auto-extras.cmake:17 (find_package)\n'}
[1.688575] (rplidar_ros) StderrLine: {'line': b'  /opt/ros/foxy/install/share/ament_cmake_auto/cmake/ament_cmake_autoConfig.cmake:41 (include)\n'}
[1.689057] (rplidar_ros) StderrLine: {'line': b'  CMakeLists.txt:27 (find_package)\n'}
[1.689548] (rplidar_ros) StderrLine: {'line': b'This warning is for project developers.  Use -Wno-dev to suppress it.\n'}
[1.689993] (rplidar_ros) StderrLine: {'line': b'\x1b[0m\n'}
[1.707314] (-) TimerEvent: {}
[1.805683] (rplidar_ros) StdoutLine: {'line': b'-- Found PythonInterp: /usr/bin/python3 (found suitable version "3.6.9", minimum required is "3") \n'}
[1.806609] (rplidar_ros) StdoutLine: {'line': b'-- Using PYTHON_EXECUTABLE: /usr/bin/python3\n'}
[1.807421] (-) TimerEvent: {}
[1.908081] (-) TimerEvent: {}
[2.008995] (-) TimerEvent: {}
[2.109696] (-) TimerEvent: {}
[2.210501] (-) TimerEvent: {}
[2.311256] (-) TimerEvent: {}
[2.412002] (-) TimerEvent: {}
[2.512741] (-) TimerEvent: {}
[2.613489] (-) TimerEvent: {}
[2.714163] (-) TimerEvent: {}
[2.814971] (-) TimerEvent: {}
[2.915680] (-) TimerEvent: {}
[2.916833] (rplidar_ros) StdoutLine: {'line': b'-- Override CMake install command with custom implementation using symlinks instead of copying resources\n'}
[3.015861] (-) TimerEvent: {}
[3.116603] (-) TimerEvent: {}
[3.145140] (rplidar_ros) StdoutLine: {'line': b'-- Found ament_cmake_ros: 0.9.2 (/opt/ros/foxy/install/share/ament_cmake_ros/cmake)\n'}
[3.216831] (-) TimerEvent: {}
[3.317603] (-) TimerEvent: {}
[3.418485] (-) TimerEvent: {}
[3.519271] (-) TimerEvent: {}
[3.620011] (-) TimerEvent: {}
[3.720741] (-) TimerEvent: {}
[3.821562] (-) TimerEvent: {}
[3.922460] (-) TimerEvent: {}
[4.023213] (-) TimerEvent: {}
[4.076138] (rplidar_ros) StdoutLine: {'line': b'-- Using all available rosidl_typesupport_c: rosidl_typesupport_fastrtps_c;rosidl_typesupport_introspection_c\n'}
[4.123393] (-) TimerEvent: {}
[4.143645] (rplidar_ros) StdoutLine: {'line': b'-- Found rosidl_adapter: 1.3.1 (/opt/ros/foxy/install/share/rosidl_adapter/cmake)\n'}
[4.223684] (-) TimerEvent: {}
[4.324457] (-) TimerEvent: {}
[4.425238] (-) TimerEvent: {}
[4.526297] (-) TimerEvent: {}
[4.588148] (rplidar_ros) StdoutLine: {'line': b'-- Found OpenSSL: /usr/lib/aarch64-linux-gnu/libcrypto.so (found version "1.1.1")  \n'}
[4.626542] (-) TimerEvent: {}
[4.721765] (rplidar_ros) StdoutLine: {'line': b'-- Found FastRTPS: /opt/ros/foxy/install/include  \n'}
[4.726723] (-) TimerEvent: {}
[4.827459] (-) TimerEvent: {}
[4.928209] (-) TimerEvent: {}
[5.029021] (-) TimerEvent: {}
[5.129844] (-) TimerEvent: {}
[5.193405] (rplidar_ros) StdoutLine: {'line': b'-- Using all available rosidl_typesupport_cpp: rosidl_typesupport_fastrtps_cpp;rosidl_typesupport_introspection_cpp\n'}
[5.230097] (-) TimerEvent: {}
[5.330879] (-) TimerEvent: {}
[5.431658] (-) TimerEvent: {}
[5.532431] (-) TimerEvent: {}
[5.548784] (rplidar_ros) StdoutLine: {'line': b'-- Found rmw_implementation_cmake: 1.0.4 (/opt/ros/foxy/install/share/rmw_implementation_cmake/cmake)\n'}
[5.558672] (rplidar_ros) StdoutLine: {'line': b"-- Using RMW implementation 'rmw_cyclonedds_cpp' as default\n"}
[5.565979] (rplidar_ros) StdoutLine: {'line': b'-- Performing Test CMAKE_HAVE_LIBC_PTHREAD\n'}
[5.632700] (-) TimerEvent: {}
[5.733583] (-) TimerEvent: {}
[5.775293] (rplidar_ros) StdoutLine: {'line': b'-- Performing Test CMAKE_HAVE_LIBC_PTHREAD - Failed\n'}
[5.776102] (rplidar_ros) StdoutLine: {'line': b'-- Looking for pthread_create in pthreads\n'}
[5.833832] (-) TimerEvent: {}
[5.934720] (-) TimerEvent: {}
[5.947104] (rplidar_ros) StdoutLine: {'line': b'-- Looking for pthread_create in pthreads - not found\n'}
[5.948025] (rplidar_ros) StdoutLine: {'line': b'-- Looking for pthread_create in pthread\n'}
[6.034942] (-) TimerEvent: {}
[6.135659] (-) TimerEvent: {}
[6.145750] (rplidar_ros) StdoutLine: {'line': b'-- Looking for pthread_create in pthread - found\n'}
[6.150500] (rplidar_ros) StdoutLine: {'line': b'-- Found Threads: TRUE  \n'}
[6.235894] (-) TimerEvent: {}
[6.336730] (-) TimerEvent: {}
[6.437476] (-) TimerEvent: {}
[6.539172] (-) TimerEvent: {}
[6.639945] (-) TimerEvent: {}
[6.740763] (-) TimerEvent: {}
[6.841546] (-) TimerEvent: {}
[6.942331] (-) TimerEvent: {}
[7.043182] (-) TimerEvent: {}
[7.143915] (-) TimerEvent: {}
[7.244663] (-) TimerEvent: {}
[7.345429] (-) TimerEvent: {}
[7.446210] (-) TimerEvent: {}
[7.547071] (-) TimerEvent: {}
[7.647822] (-) TimerEvent: {}
[7.748624] (-) TimerEvent: {}
[7.849471] (-) TimerEvent: {}
[7.950248] (-) TimerEvent: {}
[8.051004] (-) TimerEvent: {}
[8.070194] (rplidar_ros) StdoutLine: {'line': b'-- Configuring done (7.8s)\n'}
[8.151271] (-) TimerEvent: {}
[8.170420] (rplidar_ros) StdoutLine: {'line': b'-- Generating done (0.1s)\n'}
[8.179618] (rplidar_ros) StdoutLine: {'line': b'-- Build files have been written to: /ros2_ws/build/rplidar_ros\n'}
[8.232439] (rplidar_ros) CommandEnded: {'returncode': 0}
[8.235091] (rplidar_ros) JobProgress: {'identifier': 'rplidar_ros', 'progress': 'build'}
[8.238749] (rplidar_ros) Command: {'cmd': ['/usr/local/bin/cmake', '--build', '/ros2_ws/build/rplidar_ros', '--', '-j4', '-l4'], 'cwd': '/ros2_ws/build/rplidar_ros', 'env': OrderedDict([('OPENBLAS_CORETYPE', 'ARMV8'), ('PYTHONIOENCODING', 'utf-8'), ('HOSTNAME', 'eyerobot-desktop'), ('LD_LIBRARY_PATH', '/ros2_ws/install/rosbridge_test_msgs/lib:/ros2_ws/install/rosbridge_msgs/lib:/ros2_ws/install/rosapi_msgs/lib:/opt/ros/foxy/install/opt/yaml_cpp_vendor/lib:/opt/ros/foxy/install/opt/rviz_ogre_vendor/lib:/opt/ros/foxy/install/lib:/usr/local/cuda-10.2/targets/aarch64-linux/lib:'), ('SHLVL', '1'), ('HOME', '/root'), ('OLDPWD', '/'), ('ROS_PYTHON_VERSION', '3'), ('COLCON_PREFIX_PATH', '/ros2_ws/install:/opt/ros/foxy/install'), ('ROS_DISTRO', 'foxy'), ('_', '/usr/bin/colcon'), ('ROS_VERSION', '2'), ('NVIDIA_DRIVER_CAPABILITIES', 'all'), ('PKG_CONFIG_PATH', '/opt/ros/foxy/install/lib/aarch64-linux-gnu/pkgconfig:/opt/ros/foxy/install/lib/pkgconfig'), ('TERM', 'xterm'), ('ROS_LOCALHOST_ONLY', '0'), ('PATH', '/opt/ros/foxy/install/bin:/usr/local/cuda-10.2/bin:/usr/local/cuda/bin:/usr/local/sbin:/usr/local/bin:/usr/sbin:/usr/bin:/sbin:/bin'), ('LANG', 'en_US.UTF-8'), ('RMW_IMPLEMENTATION', 'rmw_cyclonedds_cpp'), ('LS_COLORS', 'rs=0:di=01;34:ln=01;36:mh=00:pi=40;33:so=01;35:do=01;35:bd=40;33;01:cd=40;33;01:or=40;31;01:mi=00:su=37;41:sg=30;43:ca=30;41:tw=30;42:ow=34;42:st=37;44:ex=01;32:*.tar=01;31:*.tgz=01;31:*.arc=01;31:*.arj=01;31:*.taz=01;31:*.lha=01;31:*.lz4=01;31:*.lzh=01;31:*.lzma=01;31:*.tlz=01;31:*.txz=01;31:*.tzo=01;31:*.t7z=01;31:*.zip=01;31:*.z=01;31:*.Z=01;31:*.dz=01;31:*.gz=01;31:*.lrz=01;31:*.lz=01;31:*.lzo=01;31:*.xz=01;31:*.zst=01;31:*.tzst=01;31:*.bz2=01;31:*.bz=01;31:*.tbz=01;31:*.tbz2=01;31:*.tz=01;31:*.deb=01;31:*.rpm=01;31:*.jar=01;31:*.war=01;31:*.ear=01;31:*.sar=01;31:*.rar=01;31:*.alz=01;31:*.ace=01;31:*.zoo=01;31:*.cpio=01;31:*.7z=01;31:*.rz=01;31:*.cab=01;31:*.wim=01;31:*.swm=01;31:*.dwm=01;31:*.esd=01;31:*.jpg=01;35:*.jpeg=01;35:*.mjpg=01;35:*.mjpeg=01;35:*.gif=01;35:*.bmp=01;35:*.pbm=01;35:*.pgm=01;35:*.ppm=01;35:*.tga=01;35:*.xbm=01;35:*.xpm=01;35:*.tif=01;35:*.tiff=01;35:*.png=01;35:*.svg=01;35:*.svgz=01;35:*.mng=01;35:*.pcx=01;35:*.mov=01;35:*.mpg=01;35:*.mpeg=01;35:*.m2v=01;35:*.mkv=01;35:*.webm=01;35:*.ogm=01;35:*.mp4=01;35:*.m4v=01;35:*.mp4v=01;35:*.vob=01;35:*.qt=01;35:*.nuv=01;35:*.wmv=01;35:*.asf=01;35:*.rm=01;35:*.rmvb=01;35:*.flc=01;35:*.avi=01;35:*.fli=01;35:*.flv=01;35:*.gl=01;35:*.dl=01;35:*.xcf=01;35:*.xwd=01;35:*.yuv=01;35:*.cgm=01;35:*.emf=01;35:*.ogv=01;35:*.ogx=01;35:*.aac=00;36:*.au=00;36:*.flac=00;36:*.m4a=00;36:*.mid=00;36:*.midi=00;36:*.mka=00;36:*.mp3=00;36:*.mpc=00;36:*.ogg=00;36:*.ra=00;36:*.wav=00;36:*.oga=00;36:*.opus=00;36:*.spx=00;36:*.xspf=00;36:'), ('ROS_ROOT', '/opt/ros/foxy'), ('AMENT_PREFIX_PATH', '/ros2_ws/install/rosbridge_test_msgs:/ros2_ws/install/rosbridge_suite:/ros2_ws/install/rosbridge_server:/ros2_ws/install/rosbridge_msgs:/ros2_ws/install/rosapi:/ros2_ws/install/rosbridge_library:/ros2_ws/install/rosapi_msgs:/opt/ros/foxy/install'), ('DEBIAN_FRONTEND', 'noninteractive'), ('SHELL', '/bin/bash'), ('PWD', '/ros2_ws/build/rplidar_ros'), ('PYTHONPATH', '/ros2_ws/install/rosbridge_test_msgs/lib/python3.6/site-packages:/ros2_ws/install/rosbridge_server/lib/python3.6/site-packages:/ros2_ws/install/rosbridge_msgs/lib/python3.6/site-packages:/ros2_ws/install/rosapi/lib/python3.6/site-packages:/ros2_ws/install/rosbridge_library/lib/python3.6/site-packages:/ros2_ws/install/rosapi_msgs/lib/python3.6/site-packages:/opt/ros/foxy/install/lib/python3.6/site-packages'), ('NVIDIA_VISIBLE_DEVICES', 'all'), ('COLCON', '1'), ('CMAKE_PREFIX_PATH', '/ros2_ws/install/rosbridge_test_msgs:/ros2_ws/install/rosbridge_suite:/ros2_ws/install/rosbridge_server:/ros2_ws/install/rosbridge_msgs:/ros2_ws/install/rosapi:/ros2_ws/install/rosbridge_library:/ros2_ws/install/rosapi_msgs:/opt/ros/foxy/install')]), 'shell': False}
[8.251502] (-) TimerEvent: {}
[8.352378] (-) TimerEvent: {}
[8.453098] (-) TimerEvent: {}
[8.492636] (rplidar_ros) StdoutLine: {'line': b'[ 16%] \x1b[32mBuilding CXX object CMakeFiles/rplidarNode.dir/src/node.cpp.o\x1b[0m\n'}
[8.493807] (rplidar_ros) StdoutLine: {'line': b'[ 16%] \x1b[32mBuilding CXX object CMakeFiles/rplidarNode.dir/sdk/src/arch/linux/net_serial.cpp.o\x1b[0m\n'}
[8.495222] (rplidar_ros) StdoutLine: {'line': b'[ 16%] \x1b[32mBuilding CXX object CMakeFiles/rplidarNodeClient.dir/src/client.cpp.o\x1b[0m\n'}
[8.502807] (rplidar_ros) StdoutLine: {'line': b'[ 22%] \x1b[32mBuilding CXX object CMakeFiles/rplidar_composition_node.dir/src/rplidar_node.cpp.o\x1b[0m\n'}
[8.553314] (-) TimerEvent: {}
[8.654410] (-) TimerEvent: {}
[8.756964] (-) TimerEvent: {}
[8.862713] (-) TimerEvent: {}
[8.967955] (-) TimerEvent: {}
[8.993770] (rplidar_ros) StderrLine: {'line': b'\x1b[01m\x1b[K/ros2_ws/src/rplidar_ros2/src/node.cpp:51:0:\x1b[m\x1b[K \x1b[01;35m\x1b[Kwarning: \x1b[m\x1b[K"M_PI" redefined\n'}
[8.994683] (rplidar_ros) StderrLine: {'line': b' #define M_PI 3.1415926535897932384626433832795\n'}
[8.995432] (rplidar_ros) StderrLine: {'line': b' \n'}
[8.997283] (rplidar_ros) StderrLine: {'line': b'In file included from \x1b[01m\x1b[K/usr/include/c++/7/cmath:45:0\x1b[m\x1b[K,\n'}
[9.002234] (rplidar_ros) StderrLine: {'line': b'                 from \x1b[01m\x1b[K/opt/ros/foxy/install/include/libstatistics_collector/moving_average_statistics/types.hpp:18\x1b[m\x1b[K,\n'}
[9.003090] (rplidar_ros) StderrLine: {'line': b'                 from \x1b[01m\x1b[K/opt/ros/foxy/install/include/libstatistics_collector/collector/generate_statistics_message.hpp:24\x1b[m\x1b[K,\n'}
[9.003683] (rplidar_ros) StderrLine: {'line': b'                 from \x1b[01m\x1b[K/opt/ros/foxy/install/include/rclcpp/topic_statistics/subscription_topic_statistics.hpp:23\x1b[m\x1b[K,\n'}
[9.004293] (rplidar_ros) StderrLine: {'line': b'                 from \x1b[01m\x1b[K/opt/ros/foxy/install/include/rclcpp/subscription.hpp:50\x1b[m\x1b[K,\n'}
[9.004896] (rplidar_ros) StderrLine: {'line': b'                 from \x1b[01m\x1b[K/opt/ros/foxy/install/include/rclcpp/any_executable.hpp:25\x1b[m\x1b[K,\n'}
[9.005460] (rplidar_ros) StderrLine: {'line': b'                 from \x1b[01m\x1b[K/opt/ros/foxy/install/include/rclcpp/memory_strategy.hpp:24\x1b[m\x1b[K,\n'}
[9.005999] (rplidar_ros) StderrLine: {'line': b'                 from \x1b[01m\x1b[K/opt/ros/foxy/install/include/rclcpp/memory_strategies.hpp:18\x1b[m\x1b[K,\n'}
[9.006589] (rplidar_ros) StderrLine: {'line': b'                 from \x1b[01m\x1b[K/opt/ros/foxy/install/include/rclcpp/executor_options.hpp:20\x1b[m\x1b[K,\n'}
[9.007153] (rplidar_ros) StderrLine: {'line': b'                 from \x1b[01m\x1b[K/opt/ros/foxy/install/include/rclcpp/executor.hpp:33\x1b[m\x1b[K,\n'}
[9.007682] (rplidar_ros) StderrLine: {'line': b'                 from \x1b[01m\x1b[K/opt/ros/foxy/install/include/rclcpp/executors/multi_threaded_executor.hpp:26\x1b[m\x1b[K,\n'}
[9.008214] (rplidar_ros) StderrLine: {'line': b'                 from \x1b[01m\x1b[K/opt/ros/foxy/install/include/rclcpp/executors.hpp:21\x1b[m\x1b[K,\n'}
[9.018003] (rplidar_ros) StderrLine: {'line': b'                 from \x1b[01m\x1b[K/opt/ros/foxy/install/include/rclcpp/rclcpp.hpp:146\x1b[m\x1b[K,\n'}
[9.019607] (rplidar_ros) StderrLine: {'line': b'                 from \x1b[01m\x1b[K/ros2_ws/src/rplidar_ros2/src/node.cpp:36\x1b[m\x1b[K:\n'}
[9.020195] (rplidar_ros) StderrLine: {'line': b'\x1b[01m\x1b[K/usr/include/math.h:777:0:\x1b[m\x1b[K \x1b[01;36m\x1b[Knote: \x1b[m\x1b[Kthis is the location of the previous definition\n'}
[9.020770] (rplidar_ros) StderrLine: {'line': b' # define M_PI  3.14159265358979323846 /* pi */\n'}
[9.021282] (rplidar_ros) StderrLine: {'line': b' \n'}
[9.021781] (rplidar_ros) StderrLine: {'line': b'\x1b[01m\x1b[K/ros2_ws/src/rplidar_ros2/src/node.cpp:231:14:\x1b[m\x1b[K \x1b[01;35m\x1b[Kwarning: \x1b[m\x1b[Kinvalid suffix on literal; C++11 requires a space between literal and string macro [\x1b[01;35m\x1b[K-Wliteral-suffix\x1b[m\x1b[K]\n'}
[9.022311] (rplidar_ros) StderrLine: {'line': b'     ROS_INFO(\x1b[01;35m\x1b[K"\x1b[m\x1b[KRPLIDAR running on ROS package rplidar_ros. SDK Version:"RPLIDAR_SDK_VERSION"");\n'}
[9.022905] (rplidar_ros) StderrLine: {'line': b'              \x1b[01;35m\x1b[K^\x1b[m\x1b[K\n'}
[9.023451] (rplidar_ros) StderrLine: {'line': b'\x1b[01m\x1b[K/ros2_ws/src/rplidar_ros2/src/client.cpp:43:0:\x1b[m\x1b[K \x1b[01;35m\x1b[Kwarning: \x1b[m\x1b[K"M_PI" redefined\n'}
[9.023976] (rplidar_ros) StderrLine: {'line': b' #define M_PI 3.1415926535897932384626433832795\n'}
[9.024484] (rplidar_ros) StderrLine: {'line': b' \n'}
[9.024985] (rplidar_ros) StderrLine: {'line': b'In file included from \x1b[01m\x1b[K/usr/include/c++/7/cmath:45:0\x1b[m\x1b[K,\n'}
[9.025526] (rplidar_ros) StderrLine: {'line': b'                 from \x1b[01m\x1b[K/opt/ros/foxy/install/include/libstatistics_collector/moving_average_statistics/types.hpp:18\x1b[m\x1b[K,\n'}
[9.026049] (rplidar_ros) StderrLine: {'line': b'                 from \x1b[01m\x1b[K/opt/ros/foxy/install/include/libstatistics_collector/collector/generate_statistics_message.hpp:24\x1b[m\x1b[K,\n'}
[9.026673] (rplidar_ros) StderrLine: {'line': b'                 from \x1b[01m\x1b[K/opt/ros/foxy/install/include/rclcpp/topic_statistics/subscription_topic_statistics.hpp:23\x1b[m\x1b[K,\n'}
[9.027232] (rplidar_ros) StderrLine: {'line': b'                 from \x1b[01m\x1b[K/opt/ros/foxy/install/include/rclcpp/subscription.hpp:50\x1b[m\x1b[K,\n'}
[9.027767] (rplidar_ros) StderrLine: {'line': b'                 from \x1b[01m\x1b[K/opt/ros/foxy/install/include/rclcpp/any_executable.hpp:25\x1b[m\x1b[K,\n'}
[9.028277] (rplidar_ros) StderrLine: {'line': b'                 from \x1b[01m\x1b[K/opt/ros/foxy/install/include/rclcpp/memory_strategy.hpp:24\x1b[m\x1b[K,\n'}
[9.028825] (rplidar_ros) StderrLine: {'line': b'                 from \x1b[01m\x1b[K/opt/ros/foxy/install/include/rclcpp/memory_strategies.hpp:18\x1b[m\x1b[K,\n'}
[9.029358] (rplidar_ros) StderrLine: {'line': b'                 from \x1b[01m\x1b[K/opt/ros/foxy/install/include/rclcpp/executor_options.hpp:20\x1b[m\x1b[K,\n'}
[9.029888] (rplidar_ros) StderrLine: {'line': b'                 from \x1b[01m\x1b[K/opt/ros/foxy/install/include/rclcpp/executor.hpp:33\x1b[m\x1b[K,\n'}
[9.042578] (rplidar_ros) StderrLine: {'line': b'                 from \x1b[01m\x1b[K/opt/ros/foxy/install/include/rclcpp/executors/multi_threaded_executor.hpp:26\x1b[m\x1b[K,\n'}
[9.043336] (rplidar_ros) StderrLine: {'line': b'                 from \x1b[01m\x1b[K/opt/ros/foxy/install/include/rclcpp/executors.hpp:21\x1b[m\x1b[K,\n'}
[9.043921] (rplidar_ros) StderrLine: {'line': b'                 from \x1b[01m\x1b[K/opt/ros/foxy/install/include/rclcpp/rclcpp.hpp:146\x1b[m\x1b[K,\n'}
[9.044495] (rplidar_ros) StderrLine: {'line': b'                 from \x1b[01m\x1b[K/ros2_ws/src/rplidar_ros2/src/client.cpp:38\x1b[m\x1b[K:\n'}
[9.045061] (rplidar_ros) StderrLine: {'line': b'\x1b[01m\x1b[K/usr/include/math.h:777:0:\x1b[m\x1b[K \x1b[01;36m\x1b[Knote: \x1b[m\x1b[Kthis is the location of the previous definition\n'}
[9.045590] (rplidar_ros) StderrLine: {'line': b' # define M_PI  3.14159265358979323846 /* pi */\n'}
[9.046082] (rplidar_ros) StderrLine: {'line': b' \n'}
[9.051228] (rplidar_ros) StderrLine: {'line': b'In file included from \x1b[01m\x1b[K/ros2_ws/src/rplidar_ros2/src/rplidar_node.cpp:36:0\x1b[m\x1b[K:\n'}
[9.052308] (rplidar_ros) StderrLine: {'line': b'\x1b[01m\x1b[K/ros2_ws/src/rplidar_ros2/include/rplidar_node.hpp:50:0:\x1b[m\x1b[K \x1b[01;35m\x1b[Kwarning: \x1b[m\x1b[K"M_PI" redefined\n'}
[9.053260] (rplidar_ros) StderrLine: {'line': b' #define M_PI 3.1415926535897932384626433832795\n'}
[9.054141] (rplidar_ros) StderrLine: {'line': b' \n'}
[9.055589] (rplidar_ros) StderrLine: {'line': b'In file included from \x1b[01m\x1b[K/usr/include/c++/7/cmath:45:0\x1b[m\x1b[K,\n'}
[9.056548] (rplidar_ros) StderrLine: {'line': b'                 from \x1b[01m\x1b[K/opt/ros/foxy/install/include/libstatistics_collector/moving_average_statistics/types.hpp:18\x1b[m\x1b[K,\n'}
[9.057465] (rplidar_ros) StderrLine: {'line': b'                 from \x1b[01m\x1b[K/opt/ros/foxy/install/include/libstatistics_collector/collector/generate_statistics_message.hpp:24\x1b[m\x1b[K,\n'}
[9.058479] (rplidar_ros) StderrLine: {'line': b'                 from \x1b[01m\x1b[K/opt/ros/foxy/install/include/rclcpp/topic_statistics/subscription_topic_statistics.hpp:23\x1b[m\x1b[K,\n'}
[9.059480] (rplidar_ros) StderrLine: {'line': b'                 from \x1b[01m\x1b[K/opt/ros/foxy/install/include/rclcpp/subscription.hpp:50\x1b[m\x1b[K,\n'}
[9.060463] (rplidar_ros) StderrLine: {'line': b'                 from \x1b[01m\x1b[K/opt/ros/foxy/install/include/rclcpp/any_executable.hpp:25\x1b[m\x1b[K,\n'}
[9.061364] (rplidar_ros) StderrLine: {'line': b'                 from \x1b[01m\x1b[K/opt/ros/foxy/install/include/rclcpp/memory_strategy.hpp:24\x1b[m\x1b[K,\n'}
[9.062289] (rplidar_ros) StderrLine: {'line': b'                 from \x1b[01m\x1b[K/opt/ros/foxy/install/include/rclcpp/memory_strategies.hpp:18\x1b[m\x1b[K,\n'}
[9.063295] (rplidar_ros) StderrLine: {'line': b'                 from \x1b[01m\x1b[K/opt/ros/foxy/install/include/rclcpp/executor_options.hpp:20\x1b[m\x1b[K,\n'}
[9.066523] (rplidar_ros) StderrLine: {'line': b'                 from \x1b[01m\x1b[K/opt/ros/foxy/install/include/rclcpp/executor.hpp:33\x1b[m\x1b[K,\n'}
[9.067300] (rplidar_ros) StderrLine: {'line': b'                 from \x1b[01m\x1b[K/opt/ros/foxy/install/include/rclcpp/executors/multi_threaded_executor.hpp:26\x1b[m\x1b[K,\n'}
[9.067883] (rplidar_ros) StderrLine: {'line': b'                 from \x1b[01m\x1b[K/opt/ros/foxy/install/include/rclcpp/executors.hpp:21\x1b[m\x1b[K,\n'}
[9.068416] (-) TimerEvent: {}
[9.072576] (rplidar_ros) StderrLine: {'line': b'                 from \x1b[01m\x1b[K/opt/ros/foxy/install/include/rclcpp/rclcpp.hpp:146\x1b[m\x1b[K,\n'}
[9.073333] (rplidar_ros) StderrLine: {'line': b'                 from \x1b[01m\x1b[K/ros2_ws/src/rplidar_ros2/include/rplidar_node.hpp:34\x1b[m\x1b[K,\n'}
[9.073928] (rplidar_ros) StderrLine: {'line': b'                 from \x1b[01m\x1b[K/ros2_ws/src/rplidar_ros2/src/rplidar_node.cpp:36\x1b[m\x1b[K:\n'}
[9.074555] (rplidar_ros) StderrLine: {'line': b'\x1b[01m\x1b[K/usr/include/math.h:777:0:\x1b[m\x1b[K \x1b[01;36m\x1b[Knote: \x1b[m\x1b[Kthis is the location of the previous definition\n'}
[9.075150] (rplidar_ros) StderrLine: {'line': b' # define M_PI  3.14159265358979323846 /* pi */\n'}
[9.075690] (rplidar_ros) StderrLine: {'line': b' \n'}
[9.168656] (-) TimerEvent: {}
[9.269838] (-) TimerEvent: {}
[9.372163] (-) TimerEvent: {}
[9.474473] (-) TimerEvent: {}
[9.577956] (-) TimerEvent: {}
[9.700364] (-) TimerEvent: {}
[9.781789] (rplidar_ros) StderrLine: {'line': b'\x1b[01m\x1b[K/ros2_ws/src/rplidar_ros2/sdk/src/arch/linux/net_serial.cpp:\x1b[m\x1b[K In member function \xe2\x80\x98\x1b[01m\x1b[Kbool rp::arch::net::raw_serial::open(const char*, uint32_t, uint32_t)\x1b[m\x1b[K\xe2\x80\x99:\n'}
[9.782693] (rplidar_ros) StderrLine: {'line': b'\x1b[01m\x1b[K/ros2_ws/src/rplidar_ros2/sdk/src/arch/linux/net_serial.cpp:97:74:\x1b[m\x1b[K \x1b[01;35m\x1b[Kwarning: \x1b[m\x1b[Kunused parameter \xe2\x80\x98\x1b[01m\x1b[Kflags\x1b[m\x1b[K\xe2\x80\x99 [\x1b[01;35m\x1b[K-Wunused-parameter\x1b[m\x1b[K]\n'}
[9.783344] (rplidar_ros) StderrLine: {'line': b' bool raw_serial::open(const char * portname, uint32_t baudrate, uint32_t \x1b[01;35m\x1b[Kflags\x1b[m\x1b[K)\n'}
[9.783997] (rplidar_ros) StderrLine: {'line': b'                                                                          \x1b[01;35m\x1b[K^~~~~\x1b[m\x1b[K\n'}
[9.785252] (rplidar_ros) StderrLine: {'line': b'\x1b[01m\x1b[K/ros2_ws/src/rplidar_ros2/sdk/src/arch/linux/net_serial.cpp:\x1b[m\x1b[K In member function \xe2\x80\x98\x1b[01m\x1b[Kvirtual void rp::arch::net::raw_serial::flush(_u32)\x1b[m\x1b[K\xe2\x80\x99:\n'}
[9.786023] (rplidar_ros) StderrLine: {'line': b'\x1b[01m\x1b[K/ros2_ws/src/rplidar_ros2/sdk/src/arch/linux/net_serial.cpp:281:30:\x1b[m\x1b[K \x1b[01;35m\x1b[Kwarning: \x1b[m\x1b[Kunused parameter \xe2\x80\x98\x1b[01m\x1b[Kflags\x1b[m\x1b[K\xe2\x80\x99 [\x1b[01;35m\x1b[K-Wunused-parameter\x1b[m\x1b[K]\n'}
[9.786782] (rplidar_ros) StderrLine: {'line': b' void raw_serial::flush( _u32 \x1b[01;35m\x1b[Kflags\x1b[m\x1b[K)\n'}
[9.787408] (rplidar_ros) StderrLine: {'line': b'                              \x1b[01;35m\x1b[K^~~~~\x1b[m\x1b[K\n'}
[9.788051] (rplidar_ros) StderrLine: {'line': b'\x1b[01m\x1b[K/ros2_ws/src/rplidar_ros2/sdk/src/arch/linux/net_serial.cpp:\x1b[m\x1b[K In member function \xe2\x80\x98\x1b[01m\x1b[Kvirtual int rp::arch::net::raw_serial::waitforsent(_u32, size_t*)\x1b[m\x1b[K\xe2\x80\x99:\n'}
[9.788706] (rplidar_ros) StderrLine: {'line': b'\x1b[01m\x1b[K/ros2_ws/src/rplidar_ros2/sdk/src/arch/linux/net_serial.cpp:286:34:\x1b[m\x1b[K \x1b[01;35m\x1b[Kwarning: \x1b[m\x1b[Kunused parameter \xe2\x80\x98\x1b[01m\x1b[Ktimeout\x1b[m\x1b[K\xe2\x80\x99 [\x1b[01;35m\x1b[K-Wunused-parameter\x1b[m\x1b[K]\n'}
[9.789372] (rplidar_ros) StderrLine: {'line': b' int raw_serial::waitforsent(_u32 \x1b[01;35m\x1b[Ktimeout\x1b[m\x1b[K, size_t * returned_size)\n'}
[9.789993] (rplidar_ros) StderrLine: {'line': b'                                  \x1b[01;35m\x1b[K^~~~~~~\x1b[m\x1b[K\n'}
[9.790712] (rplidar_ros) StderrLine: {'line': b'\x1b[01m\x1b[K/ros2_ws/src/rplidar_ros2/sdk/src/arch/linux/net_serial.cpp:\x1b[m\x1b[K In member function \xe2\x80\x98\x1b[01m\x1b[Kvirtual int rp::arch::net::raw_serial::waitforrecv(_u32, size_t*)\x1b[m\x1b[K\xe2\x80\x99:\n'}
[9.791396] (rplidar_ros) StderrLine: {'line': b'\x1b[01m\x1b[K/ros2_ws/src/rplidar_ros2/sdk/src/arch/linux/net_serial.cpp:292:34:\x1b[m\x1b[K \x1b[01;35m\x1b[Kwarning: \x1b[m\x1b[Kunused parameter \xe2\x80\x98\x1b[01m\x1b[Ktimeout\x1b[m\x1b[K\xe2\x80\x99 [\x1b[01;35m\x1b[K-Wunused-parameter\x1b[m\x1b[K]\n'}
[9.792099] (rplidar_ros) StderrLine: {'line': b' int raw_serial::waitforrecv(_u32 \x1b[01;35m\x1b[Ktimeout\x1b[m\x1b[K, size_t * returned_size)\n'}
[9.792711] (rplidar_ros) StderrLine: {'line': b'                                  \x1b[01;35m\x1b[K^~~~~~~\x1b[m\x1b[K\n'}
[9.800576] (-) TimerEvent: {}
[9.901528] (-) TimerEvent: {}
[10.002628] (-) TimerEvent: {}
[10.105003] (-) TimerEvent: {}
[10.206230] (-) TimerEvent: {}
[10.308568] (-) TimerEvent: {}
[10.322531] (rplidar_ros) StdoutLine: {'line': b'[ 27%] \x1b[32mBuilding CXX object CMakeFiles/rplidar_composition_node.dir/sdk/src/arch/linux/net_serial.cpp.o\x1b[0m\n'}
[10.408780] (-) TimerEvent: {}
[10.511326] (-) TimerEvent: {}
[10.613564] (-) TimerEvent: {}
[10.716030] (-) TimerEvent: {}
[10.818147] (-) TimerEvent: {}
[10.920196] (-) TimerEvent: {}
[11.021087] (-) TimerEvent: {}
[11.123998] (-) TimerEvent: {}
[11.231555] (-) TimerEvent: {}
[11.333916] (-) TimerEvent: {}
[11.436138] (-) TimerEvent: {}
[11.537142] (-) TimerEvent: {}
[11.638841] (-) TimerEvent: {}
[11.741510] (-) TimerEvent: {}
[11.802890] (rplidar_ros) StderrLine: {'line': b'\x1b[01m\x1b[K/ros2_ws/src/rplidar_ros2/sdk/src/arch/linux/net_serial.cpp:\x1b[m\x1b[K In member function \xe2\x80\x98\x1b[01m\x1b[Kbool rp::arch::net::raw_serial::open(const char*, uint32_t, uint32_t)\x1b[m\x1b[K\xe2\x80\x99:\n'}
[11.803791] (rplidar_ros) StderrLine: {'line': b'\x1b[01m\x1b[K/ros2_ws/src/rplidar_ros2/sdk/src/arch/linux/net_serial.cpp:97:74:\x1b[m\x1b[K \x1b[01;35m\x1b[Kwarning: \x1b[m\x1b[Kunused parameter \xe2\x80\x98\x1b[01m\x1b[Kflags\x1b[m\x1b[K\xe2\x80\x99 [\x1b[01;35m\x1b[K-Wunused-parameter\x1b[m\x1b[K]\n'}
[11.804430] (rplidar_ros) StderrLine: {'line': b' bool raw_serial::open(const char * portname, uint32_t baudrate, uint32_t \x1b[01;35m\x1b[Kflags\x1b[m\x1b[K)\n'}
[11.805075] (rplidar_ros) StderrLine: {'line': b'                                                                          \x1b[01;35m\x1b[K^~~~~\x1b[m\x1b[K\n'}
[11.806624] (rplidar_ros) StderrLine: {'line': b'\x1b[01m\x1b[K/ros2_ws/src/rplidar_ros2/sdk/src/arch/linux/net_serial.cpp:\x1b[m\x1b[K In member function \xe2\x80\x98\x1b[01m\x1b[Kvirtual void rp::arch::net::raw_serial::flush(_u32)\x1b[m\x1b[K\xe2\x80\x99:\n'}
[11.807353] (rplidar_ros) StderrLine: {'line': b'\x1b[01m\x1b[K/ros2_ws/src/rplidar_ros2/sdk/src/arch/linux/net_serial.cpp:281:30:\x1b[m\x1b[K \x1b[01;35m\x1b[Kwarning: \x1b[m\x1b[Kunused parameter \xe2\x80\x98\x1b[01m\x1b[Kflags\x1b[m\x1b[K\xe2\x80\x99 [\x1b[01;35m\x1b[K-Wunused-parameter\x1b[m\x1b[K]\n'}
[11.807948] (rplidar_ros) StderrLine: {'line': b' void raw_serial::flush( _u32 \x1b[01;35m\x1b[Kflags\x1b[m\x1b[K)\n'}
[11.808875] (rplidar_ros) StderrLine: {'line': b'                              \x1b[01;35m\x1b[K^~~~~\x1b[m\x1b[K\n'}
[11.809513] (rplidar_ros) StderrLine: {'line': b'\x1b[01m\x1b[K/ros2_ws/src/rplidar_ros2/sdk/src/arch/linux/net_serial.cpp:\x1b[m\x1b[K In member function \xe2\x80\x98\x1b[01m\x1b[Kvirtual int rp::arch::net::raw_serial::waitforsent(_u32, size_t*)\x1b[m\x1b[K\xe2\x80\x99:\n'}
[11.810140] (rplidar_ros) StderrLine: {'line': b'\x1b[01m\x1b[K/ros2_ws/src/rplidar_ros2/sdk/src/arch/linux/net_serial.cpp:286:34:\x1b[m\x1b[K \x1b[01;35m\x1b[Kwarning: \x1b[m\x1b[Kunused parameter \xe2\x80\x98\x1b[01m\x1b[Ktimeout\x1b[m\x1b[K\xe2\x80\x99 [\x1b[01;35m\x1b[K-Wunused-parameter\x1b[m\x1b[K]\n'}
[11.810865] (rplidar_ros) StderrLine: {'line': b' int raw_serial::waitforsent(_u32 \x1b[01;35m\x1b[Ktimeout\x1b[m\x1b[K, size_t * returned_size)\n'}
[11.811452] (rplidar_ros) StderrLine: {'line': b'                                  \x1b[01;35m\x1b[K^~~~~~~\x1b[m\x1b[K\n'}
[11.812050] (rplidar_ros) StderrLine: {'line': b'\x1b[01m\x1b[K/ros2_ws/src/rplidar_ros2/sdk/src/arch/linux/net_serial.cpp:\x1b[m\x1b[K In member function \xe2\x80\x98\x1b[01m\x1b[Kvirtual int rp::arch::net::raw_serial::waitforrecv(_u32, size_t*)\x1b[m\x1b[K\xe2\x80\x99:\n'}
[11.812631] (rplidar_ros) StderrLine: {'line': b'\x1b[01m\x1b[K/ros2_ws/src/rplidar_ros2/sdk/src/arch/linux/net_serial.cpp:292:34:\x1b[m\x1b[K \x1b[01;35m\x1b[Kwarning: \x1b[m\x1b[Kunused parameter \xe2\x80\x98\x1b[01m\x1b[Ktimeout\x1b[m\x1b[K\xe2\x80\x99 [\x1b[01;35m\x1b[K-Wunused-parameter\x1b[m\x1b[K]\n'}
[11.813180] (rplidar_ros) StderrLine: {'line': b' int raw_serial::waitforrecv(_u32 \x1b[01;35m\x1b[Ktimeout\x1b[m\x1b[K, size_t * returned_size)\n'}
[11.813746] (rplidar_ros) StderrLine: {'line': b'                                  \x1b[01;35m\x1b[K^~~~~~~\x1b[m\x1b[K\n'}
[11.841730] (-) TimerEvent: {}
[11.942668] (-) TimerEvent: {}
[12.043912] (-) TimerEvent: {}
[12.147900] (-) TimerEvent: {}
[12.249133] (-) TimerEvent: {}
[12.350821] (-) TimerEvent: {}
[12.452531] (-) TimerEvent: {}
[12.472861] (rplidar_ros) StdoutLine: {'line': b'[ 33%] \x1b[32mBuilding CXX object CMakeFiles/rplidar_composition_node.dir/sdk/src/arch/linux/net_socket.cpp.o\x1b[0m\n'}
[12.552899] (-) TimerEvent: {}
[12.664148] (-) TimerEvent: {}
[12.770961] (-) TimerEvent: {}
[12.872874] (-) TimerEvent: {}
[12.974850] (-) TimerEvent: {}
[13.082125] (-) TimerEvent: {}
[13.184234] (-) TimerEvent: {}
[13.285526] (-) TimerEvent: {}
[13.387118] (-) TimerEvent: {}
[13.488615] (-) TimerEvent: {}
[13.590447] (-) TimerEvent: {}
[13.694409] (-) TimerEvent: {}
[13.795679] (-) TimerEvent: {}
[13.898254] (-) TimerEvent: {}
[14.003517] (-) TimerEvent: {}
[14.105802] (-) TimerEvent: {}
[14.208727] (-) TimerEvent: {}
[14.310819] (-) TimerEvent: {}
[14.338416] (rplidar_ros) StderrLine: {'line': b'In file included from \x1b[01m\x1b[K/ros2_ws/src/rplidar_ros2/./sdk/include/rplidar.h:39:0\x1b[m\x1b[K,\n'}
[14.339342] (rplidar_ros) StderrLine: {'line': b'                 from \x1b[01m\x1b[K/ros2_ws/src/rplidar_ros2/./sdk/src/sdkcommon.h:48\x1b[m\x1b[K,\n'}
[14.340279] (rplidar_ros) StderrLine: {'line': b'                 from \x1b[01m\x1b[K/ros2_ws/src/rplidar_ros2/sdk/src/arch/linux/net_socket.cpp:10\x1b[m\x1b[K:\n'}
[14.341293] (rplidar_ros) StderrLine: {'line': b'\x1b[01m\x1b[K/ros2_ws/src/rplidar_ros2/./sdk/include/rplidar_protocol.h:59:15:\x1b[m\x1b[K \x1b[01;35m\x1b[Kwarning: \x1b[m\x1b[KISO C++ forbids zero-size array \xe2\x80\x98\x1b[01m\x1b[Kdata\x1b[m\x1b[K\xe2\x80\x99 [\x1b[01;35m\x1b[K-Wpedantic\x1b[m\x1b[K]\n'}
[14.342372] (rplidar_ros) StderrLine: {'line': b'     _u8 data[0\x1b[01;35m\x1b[K]\x1b[m\x1b[K;\n'}
[14.343042] (rplidar_ros) StderrLine: {'line': b'               \x1b[01;35m\x1b[K^\x1b[m\x1b[K\n'}
[14.343688] (rplidar_ros) StderrLine: {'line': b'In file included from \x1b[01m\x1b[K/ros2_ws/src/rplidar_ros2/./sdk/include/rplidar.h:40:0\x1b[m\x1b[K,\n'}
[14.344313] (rplidar_ros) StderrLine: {'line': b'                 from \x1b[01m\x1b[K/ros2_ws/src/rplidar_ros2/./sdk/src/sdkcommon.h:48\x1b[m\x1b[K,\n'}
[14.344986] (rplidar_ros) StderrLine: {'line': b'                 from \x1b[01m\x1b[K/ros2_ws/src/rplidar_ros2/sdk/src/arch/linux/net_socket.cpp:10\x1b[m\x1b[K:\n'}
[14.345733] (rplidar_ros) StderrLine: {'line': b'\x1b[01m\x1b[K/ros2_ws/src/rplidar_ros2/./sdk/include/rplidar_cmd.h:260:19:\x1b[m\x1b[K \x1b[01;35m\x1b[Kwarning: \x1b[m\x1b[KISO C++ forbids zero-size array \xe2\x80\x98\x1b[01m\x1b[Kpayload\x1b[m\x1b[K\xe2\x80\x99 [\x1b[01;35m\x1b[K-Wpedantic\x1b[m\x1b[K]\n'}
[14.346521] (rplidar_ros) StderrLine: {'line': b'     _u8  payload[0\x1b[01;35m\x1b[K]\x1b[m\x1b[K;\n'}
[14.347200] (rplidar_ros) StderrLine: {'line': b'                   \x1b[01;35m\x1b[K^\x1b[m\x1b[K\n'}
[14.376741] (rplidar_ros) StderrLine: {'line': b'\x1b[01m\x1b[K/ros2_ws/src/rplidar_ros2/sdk/src/arch/linux/net_socket.cpp:\x1b[m\x1b[K In member function \xe2\x80\x98\x1b[01m\x1b[Kvirtual u_result rp::net::SocketAddress::getAddressAsString(char*, size_t) const\x1b[m\x1b[K\xe2\x80\x99:\n'}
[14.377574] (rplidar_ros) StderrLine: {'line': b'\x1b[01m\x1b[K/ros2_ws/src/rplidar_ros2/sdk/src/arch/linux/net_socket.cpp:170:17:\x1b[m\x1b[K \x1b[01;35m\x1b[Kwarning: \x1b[m\x1b[Kordered comparison of pointer with integer zero [\x1b[01;35m\x1b[K-Wextra\x1b[m\x1b[K]\n'}
[14.378277] (rplidar_ros) StderrLine: {'line': b'     return ans<=\x1b[01;35m\x1b[K0\x1b[m\x1b[K?RESULT_OPERATION_FAIL:RESULT_OK;\n'}
[14.379021] (rplidar_ros) StderrLine: {'line': b'                 \x1b[01;35m\x1b[K^\x1b[m\x1b[K\n'}
[14.400034] (rplidar_ros) StderrLine: {'line': b'\x1b[01m\x1b[K/ros2_ws/src/rplidar_ros2/sdk/src/arch/linux/net_socket.cpp:\x1b[m\x1b[K In member function \xe2\x80\x98\x1b[01m\x1b[Kvirtual u_result rp::arch::net::StreamSocketImpl::send(const void*, size_t)\x1b[m\x1b[K\xe2\x80\x99:\n'}
[14.400877] (rplidar_ros) StderrLine: {'line': b'\x1b[01m\x1b[K/ros2_ws/src/rplidar_ros2/sdk/src/arch/linux/net_socket.cpp:438:17:\x1b[m\x1b[K \x1b[01;35m\x1b[Kwarning: \x1b[m\x1b[Kcomparison between signed and unsigned integer expressions [\x1b[01;35m\x1b[K-Wsign-compare\x1b[m\x1b[K]\n'}
[14.401916] (rplidar_ros) StderrLine: {'line': b'         if (\x1b[01;35m\x1b[Kans == (int)len\x1b[m\x1b[K) {\n'}
[14.402676] (rplidar_ros) StderrLine: {'line': b'             \x1b[01;35m\x1b[K~~~~^~~~~~~~~~~\x1b[m\x1b[K\n'}
[14.411022] (-) TimerEvent: {}
[14.412623] (rplidar_ros) StderrLine: {'line': b'In file included from \x1b[01m\x1b[K/ros2_ws/src/rplidar_ros2/./sdk/src/arch/linux/arch_linux.h:42:0\x1b[m\x1b[K,\n'}
[14.413424] (rplidar_ros) StderrLine: {'line': b'                 from \x1b[01m\x1b[K/ros2_ws/src/rplidar_ros2/./sdk/src/sdkcommon.h:40\x1b[m\x1b[K,\n'}
[14.414063] (rplidar_ros) StderrLine: {'line': b'                 from \x1b[01m\x1b[K/ros2_ws/src/rplidar_ros2/sdk/src/arch/linux/net_socket.cpp:10\x1b[m\x1b[K:\n'}
[14.414784] (rplidar_ros) StderrLine: {'line': b'\x1b[01m\x1b[K/ros2_ws/src/rplidar_ros2/sdk/src/arch/linux/net_socket.cpp:\x1b[m\x1b[K In member function \xe2\x80\x98\x1b[01m\x1b[Kvirtual u_result rp::arch::net::DGramSocketImpl::sendTo(const rp::net::SocketAddress&, const void*, size_t)\x1b[m\x1b[K\xe2\x80\x99:\n'}
[14.415404] (rplidar_ros) StderrLine: {'line': b'\x1b[01m\x1b[K/ros2_ws/src/rplidar_ros2/sdk/src/arch/linux/net_socket.cpp:726:24:\x1b[m\x1b[K \x1b[01;35m\x1b[Kwarning: \x1b[m\x1b[Kcomparison between signed and unsigned integer expressions [\x1b[01;35m\x1b[K-Wsign-compare\x1b[m\x1b[K]\n'}
[14.416048] (rplidar_ros) StderrLine: {'line': b'             assert(\x1b[01;35m\x1b[Kans == (int)l\x1b[m\x1b[Ken);\n'}
[14.416622] (rplidar_ros) StderrLine: {'line': b'                    \x1b[01;35m\x1b[K~~~~^~~~~~~~~\x1b[m\x1b[K\n'}
[14.511238] (-) TimerEvent: {}
[14.613601] (-) TimerEvent: {}
[14.716167] (-) TimerEvent: {}
[14.818476] (-) TimerEvent: {}
[14.929669] (-) TimerEvent: {}
[15.032229] (-) TimerEvent: {}
[15.133943] (-) TimerEvent: {}
[15.220552] (rplidar_ros) StdoutLine: {'line': b'[ 38%] \x1b[32mBuilding CXX object CMakeFiles/rplidar_composition_node.dir/sdk/src/arch/linux/timer.cpp.o\x1b[0m\n'}
[15.234295] (-) TimerEvent: {}
[15.335422] (-) TimerEvent: {}
[15.437674] (-) TimerEvent: {}
[15.539971] (-) TimerEvent: {}
[15.641090] (-) TimerEvent: {}
[15.742278] (-) TimerEvent: {}
[15.844314] (-) TimerEvent: {}
[15.945294] (-) TimerEvent: {}
[16.046929] (-) TimerEvent: {}
[16.149363] (-) TimerEvent: {}
[16.250220] (-) TimerEvent: {}
[16.358543] (-) TimerEvent: {}
[16.459587] (-) TimerEvent: {}
[16.561121] (-) TimerEvent: {}
[16.662509] (-) TimerEvent: {}
[16.764263] (-) TimerEvent: {}
[16.865176] (-) TimerEvent: {}
[16.907133] (rplidar_ros) StderrLine: {'line': b'In file included from \x1b[01m\x1b[K/ros2_ws/src/rplidar_ros2/./sdk/include/rplidar.h:39:0\x1b[m\x1b[K,\n'}
[16.908329] (rplidar_ros) StderrLine: {'line': b'                 from \x1b[01m\x1b[K/ros2_ws/src/rplidar_ros2/src/node.cpp:45\x1b[m\x1b[K:\n'}
[16.909434] (rplidar_ros) StderrLine: {'line': b'\x1b[01m\x1b[K/ros2_ws/src/rplidar_ros2/./sdk/include/rplidar_protocol.h:59:15:\x1b[m\x1b[K \x1b[01;35m\x1b[Kwarning: \x1b[m\x1b[KISO C++ forbids zero-size array \xe2\x80\x98\x1b[01m\x1b[Kdata\x1b[m\x1b[K\xe2\x80\x99 [\x1b[01;35m\x1b[K-Wpedantic\x1b[m\x1b[K]\n'}
[16.910452] (rplidar_ros) StderrLine: {'line': b'     _u8 data[0\x1b[01;35m\x1b[K]\x1b[m\x1b[K;\n'}
[16.912533] (rplidar_ros) StderrLine: {'line': b'               \x1b[01;35m\x1b[K^\x1b[m\x1b[K\n'}
[16.915469] (rplidar_ros) StderrLine: {'line': b'In file included from \x1b[01m\x1b[K/ros2_ws/src/rplidar_ros2/./sdk/include/rplidar.h:40:0\x1b[m\x1b[K,\n'}
[16.916613] (rplidar_ros) StderrLine: {'line': b'                 from \x1b[01m\x1b[K/ros2_ws/src/rplidar_ros2/src/node.cpp:45\x1b[m\x1b[K:\n'}
[16.917612] (rplidar_ros) StderrLine: {'line': b'\x1b[01m\x1b[K/ros2_ws/src/rplidar_ros2/./sdk/include/rplidar_cmd.h:260:19:\x1b[m\x1b[K \x1b[01;35m\x1b[Kwarning: \x1b[m\x1b[KISO C++ forbids zero-size array \xe2\x80\x98\x1b[01m\x1b[Kpayload\x1b[m\x1b[K\xe2\x80\x99 [\x1b[01;35m\x1b[K-Wpedantic\x1b[m\x1b[K]\n'}
[16.918662] (rplidar_ros) StderrLine: {'line': b'     _u8  payload[0\x1b[01;35m\x1b[K]\x1b[m\x1b[K;\n'}
[16.920828] (rplidar_ros) StderrLine: {'line': b'                   \x1b[01;35m\x1b[K^\x1b[m\x1b[K\n'}
[16.965399] (-) TimerEvent: {}
[17.026588] (rplidar_ros) StderrLine: {'line': b'In file included from \x1b[01m\x1b[K/ros2_ws/src/rplidar_ros2/./sdk/include/rplidar.h:39:0\x1b[m\x1b[K,\n'}
[17.027429] (rplidar_ros) StderrLine: {'line': b'                 from \x1b[01m\x1b[K/ros2_ws/src/rplidar_ros2/include/rplidar_node.hpp:41\x1b[m\x1b[K,\n'}
[17.028745] (rplidar_ros) StderrLine: {'line': b'                 from \x1b[01m\x1b[K/ros2_ws/src/rplidar_ros2/src/rplidar_node.cpp:36\x1b[m\x1b[K:\n'}
[17.029883] (rplidar_ros) StderrLine: {'line': b'\x1b[01m\x1b[K/ros2_ws/src/rplidar_ros2/./sdk/include/rplidar_protocol.h:59:15:\x1b[m\x1b[K \x1b[01;35m\x1b[Kwarning: \x1b[m\x1b[KISO C++ forbids zero-size array \xe2\x80\x98\x1b[01m\x1b[Kdata\x1b[m\x1b[K\xe2\x80\x99 [\x1b[01;35m\x1b[K-Wpedantic\x1b[m\x1b[K]\n'}
[17.030611] (rplidar_ros) StderrLine: {'line': b'     _u8 data[0\x1b[01;35m\x1b[K]\x1b[m\x1b[K;\n'}
[17.031320] (rplidar_ros) StderrLine: {'line': b'               \x1b[01;35m\x1b[K^\x1b[m\x1b[K\n'}
[17.034772] (rplidar_ros) StderrLine: {'line': b'In file included from \x1b[01m\x1b[K/ros2_ws/src/rplidar_ros2/./sdk/include/rplidar.h:40:0\x1b[m\x1b[K,\n'}
[17.035614] (rplidar_ros) StderrLine: {'line': b'                 from \x1b[01m\x1b[K/ros2_ws/src/rplidar_ros2/include/rplidar_node.hpp:41\x1b[m\x1b[K,\n'}
[17.036502] (rplidar_ros) StderrLine: {'line': b'                 from \x1b[01m\x1b[K/ros2_ws/src/rplidar_ros2/src/rplidar_node.cpp:36\x1b[m\x1b[K:\n'}
[17.037146] (rplidar_ros) StderrLine: {'line': b'\x1b[01m\x1b[K/ros2_ws/src/rplidar_ros2/./sdk/include/rplidar_cmd.h:260:19:\x1b[m\x1b[K \x1b[01;35m\x1b[Kwarning: \x1b[m\x1b[KISO C++ forbids zero-size array \xe2\x80\x98\x1b[01m\x1b[Kpayload\x1b[m\x1b[K\xe2\x80\x99 [\x1b[01;35m\x1b[K-Wpedantic\x1b[m\x1b[K]\n'}
[17.037782] (rplidar_ros) StderrLine: {'line': b'     _u8  payload[0\x1b[01;35m\x1b[K]\x1b[m\x1b[K;\n'}
[17.038442] (rplidar_ros) StderrLine: {'line': b'                   \x1b[01;35m\x1b[K^\x1b[m\x1b[K\n'}
[17.065622] (-) TimerEvent: {}
[17.166435] (rplidar_ros) StderrLine: {'line': b'\x1b[01m\x1b[K/ros2_ws/src/rplidar_ros2/src/node.cpp:\x1b[m\x1b[K In function \xe2\x80\x98\x1b[01m\x1b[Kbool stop_motor(std::shared_ptr<std_srvs::srv::Empty_Request_<std::allocator<void> > >, std::shared_ptr<std_srvs::srv::Empty_Response_<std::allocator<void> > >)\x1b[m\x1b[K\xe2\x80\x99:\n'}
[17.167569] (-) TimerEvent: {}
[17.170580] (rplidar_ros) StderrLine: {'line': b'\x1b[01m\x1b[K/ros2_ws/src/rplidar_ros2/src/node.cpp:166:70:\x1b[m\x1b[K \x1b[01;35m\x1b[Kwarning: \x1b[m\x1b[Kunused parameter \xe2\x80\x98\x1b[01m\x1b[Kreq\x1b[m\x1b[K\xe2\x80\x99 [\x1b[01;35m\x1b[K-Wunused-parameter\x1b[m\x1b[K]\n'}
[17.172324] (rplidar_ros) StderrLine: {'line': b' bool stop_motor(const std::shared_ptr<std_srvs::srv::Empty::Request> \x1b[01;35m\x1b[Kreq\x1b[m\x1b[K,\n'}
[17.173931] (rplidar_ros) StderrLine: {'line': b'                                                                      \x1b[01;35m\x1b[K^~~\x1b[m\x1b[K\n'}
[17.175988] (rplidar_ros) StderrLine: {'line': b'\x1b[01m\x1b[K/ros2_ws/src/rplidar_ros2/src/node.cpp:167:65:\x1b[m\x1b[K \x1b[01;35m\x1b[Kwarning: \x1b[m\x1b[Kunused parameter \xe2\x80\x98\x1b[01m\x1b[Kres\x1b[m\x1b[K\xe2\x80\x99 [\x1b[01;35m\x1b[K-Wunused-parameter\x1b[m\x1b[K]\n'}
[17.177440] (rplidar_ros) StderrLine: {'line': b'                 std::shared_ptr<std_srvs::srv::Empty::Response> \x1b[01;35m\x1b[Kres\x1b[m\x1b[K)\n'}
[17.178311] (rplidar_ros) StderrLine: {'line': b'                                                                 \x1b[01;35m\x1b[K^~~\x1b[m\x1b[K\n'}
[17.180461] (rplidar_ros) StderrLine: {'line': b'\x1b[01m\x1b[K/ros2_ws/src/rplidar_ros2/src/node.cpp:\x1b[m\x1b[K In function \xe2\x80\x98\x1b[01m\x1b[Kbool start_motor(std::shared_ptr<std_srvs::srv::Empty_Request_<std::allocator<void> > >, std::shared_ptr<std_srvs::srv::Empty_Response_<std::allocator<void> > >)\x1b[m\x1b[K\xe2\x80\x99:\n'}
[17.181514] (rplidar_ros) StderrLine: {'line': b'\x1b[01m\x1b[K/ros2_ws/src/rplidar_ros2/src/node.cpp:178:71:\x1b[m\x1b[K \x1b[01;35m\x1b[Kwarning: \x1b[m\x1b[Kunused parameter \xe2\x80\x98\x1b[01m\x1b[Kreq\x1b[m\x1b[K\xe2\x80\x99 [\x1b[01;35m\x1b[K-Wunused-parameter\x1b[m\x1b[K]\n'}
[17.182184] (rplidar_ros) StderrLine: {'line': b' bool start_motor(const std::shared_ptr<std_srvs::srv::Empty::Request> \x1b[01;35m\x1b[Kreq\x1b[m\x1b[K,\n'}
[17.182904] (rplidar_ros) StderrLine: {'line': b'                                                                       \x1b[01;35m\x1b[K^~~\x1b[m\x1b[K\n'}
[17.194232] (rplidar_ros) StderrLine: {'line': b'\x1b[01m\x1b[K/ros2_ws/src/rplidar_ros2/src/node.cpp:179:66:\x1b[m\x1b[K \x1b[01;35m\x1b[Kwarning: \x1b[m\x1b[Kunused parameter \xe2\x80\x98\x1b[01m\x1b[Kres\x1b[m\x1b[K\xe2\x80\x99 [\x1b[01;35m\x1b[K-Wunused-parameter\x1b[m\x1b[K]\n'}
[17.196707] (rplidar_ros) StderrLine: {'line': b'                  std::shared_ptr<std_srvs::srv::Empty::Response> \x1b[01;35m\x1b[Kres\x1b[m\x1b[K)\n'}
[17.197481] (rplidar_ros) StderrLine: {'line': b'                                                                  \x1b[01;35m\x1b[K^~~\x1b[m\x1b[K\n'}
[17.240316] (rplidar_ros) StdoutLine: {'line': b'[ 44%] \x1b[32mBuilding CXX object CMakeFiles/rplidar_composition_node.dir/sdk/src/hal/thread.cpp.o\x1b[0m\n'}
[17.267791] (-) TimerEvent: {}
[17.368678] (-) TimerEvent: {}
[17.430450] (rplidar_ros) StderrLine: {'line': b'\x1b[01m\x1b[K/ros2_ws/src/rplidar_ros2/src/node.cpp:\x1b[m\x1b[K In function \xe2\x80\x98\x1b[01m\x1b[Kint main(int, char**)\x1b[m\x1b[K\xe2\x80\x99:\n'}
[17.431633] (rplidar_ros) StderrLine: {'line': b'\x1b[01m\x1b[K/ros2_ws/src/rplidar_ros2/src/node.cpp:356:111:\x1b[m\x1b[K \x1b[01;35m\x1b[Kwarning: \x1b[m\x1b[KISO C++ forbids variable length array \xe2\x80\x98\x1b[01m\x1b[Kangle_compensate_nodes\x1b[m\x1b[K\xe2\x80\x99 [\x1b[01;35m\x1b[K-Wvla\x1b[m\x1b[K]\n'}
[17.432647] (rplidar_ros) StderrLine: {'line': b'                     rplidar_response_measurement_node_hq_t angle_compensate_nodes[angle_compensate_nodes_count\x1b[01;35m\x1b[K]\x1b[m\x1b[K;\n'}
[17.433626] (rplidar_ros) StderrLine: {'line': b'                                                                                                               \x1b[01;35m\x1b[K^\x1b[m\x1b[K\n'}
[17.435109] (rplidar_ros) StderrLine: {'line': b'\x1b[01m\x1b[K/ros2_ws/src/rplidar_ros2/src/node.cpp:360:30:\x1b[m\x1b[K \x1b[01;35m\x1b[Kwarning: \x1b[m\x1b[Kcomparison between signed and unsigned integer expressions [\x1b[01;35m\x1b[K-Wsign-compare\x1b[m\x1b[K]\n'}
[17.435875] (rplidar_ros) StderrLine: {'line': b'                     for( ; \x1b[01;35m\x1b[Ki < count\x1b[m\x1b[K; i++ ) {\n'}
[17.436483] (rplidar_ros) StderrLine: {'line': b'                            \x1b[01;35m\x1b[K~~^~~~~~~\x1b[m\x1b[K\n'}
[17.451231] (rplidar_ros) StderrLine: {'line': b'\x1b[01m\x1b[K/ros2_ws/src/rplidar_ros2/src/rplidar_node.cpp:\x1b[m\x1b[K In member function \xe2\x80\x98\x1b[01m\x1b[Kvoid rplidar_ros::rplidar_node::stop_motor({anonymous}::EmptyRequest, {anonymous}::EmptyResponse)\x1b[m\x1b[K\xe2\x80\x99:\n'}
[17.454001] (rplidar_ros) StderrLine: {'line': b'\x1b[01m\x1b[K/ros2_ws/src/rplidar_ros2/src/rplidar_node.cpp:245:50:\x1b[m\x1b[K \x1b[01;35m\x1b[Kwarning: \x1b[m\x1b[Kunused parameter \xe2\x80\x98\x1b[01m\x1b[Kreq\x1b[m\x1b[K\xe2\x80\x99 [\x1b[01;35m\x1b[K-Wunused-parameter\x1b[m\x1b[K]\n'}
[17.454758] (rplidar_ros) StderrLine: {'line': b' void rplidar_node::stop_motor(const EmptyRequest \x1b[01;35m\x1b[Kreq\x1b[m\x1b[K, EmptyResponse res)\n'}
[17.455352] (rplidar_ros) StderrLine: {'line': b'                                                  \x1b[01;35m\x1b[K^~~\x1b[m\x1b[K\n'}
[17.456005] (rplidar_ros) StderrLine: {'line': b'\x1b[01m\x1b[K/ros2_ws/src/rplidar_ros2/src/rplidar_node.cpp:245:69:\x1b[m\x1b[K \x1b[01;35m\x1b[Kwarning: \x1b[m\x1b[Kunused parameter \xe2\x80\x98\x1b[01m\x1b[Kres\x1b[m\x1b[K\xe2\x80\x99 [\x1b[01;35m\x1b[K-Wunused-parameter\x1b[m\x1b[K]\n'}
[17.456682] (rplidar_ros) StderrLine: {'line': b' void rplidar_node::stop_motor(const EmptyRequest req, EmptyResponse \x1b[01;35m\x1b[Kres\x1b[m\x1b[K)\n'}
[17.457293] (rplidar_ros) StderrLine: {'line': b'                                                                     \x1b[01;35m\x1b[K^~~\x1b[m\x1b[K\n'}
[17.457894] (rplidar_ros) StderrLine: {'line': b'\x1b[01m\x1b[K/ros2_ws/src/rplidar_ros2/src/rplidar_node.cpp:\x1b[m\x1b[K In member function \xe2\x80\x98\x1b[01m\x1b[Kvoid rplidar_ros::rplidar_node::start_motor({anonymous}::EmptyRequest, {anonymous}::EmptyResponse)\x1b[m\x1b[K\xe2\x80\x99:\n'}
[17.458842] (rplidar_ros) StderrLine: {'line': b'\x1b[01m\x1b[K/ros2_ws/src/rplidar_ros2/src/rplidar_node.cpp:256:51:\x1b[m\x1b[K \x1b[01;35m\x1b[Kwarning: \x1b[m\x1b[Kunused parameter \xe2\x80\x98\x1b[01m\x1b[Kreq\x1b[m\x1b[K\xe2\x80\x99 [\x1b[01;35m\x1b[K-Wunused-parameter\x1b[m\x1b[K]\n'}
[17.459510] (rplidar_ros) StderrLine: {'line': b' void rplidar_node::start_motor(const EmptyRequest \x1b[01;35m\x1b[Kreq\x1b[m\x1b[K, EmptyResponse res)\n'}
[17.460104] (rplidar_ros) StderrLine: {'line': b'                                                   \x1b[01;35m\x1b[K^~~\x1b[m\x1b[K\n'}
[17.460726] (rplidar_ros) StderrLine: {'line': b'\x1b[01m\x1b[K/ros2_ws/src/rplidar_ros2/src/rplidar_node.cpp:256:70:\x1b[m\x1b[K \x1b[01;35m\x1b[Kwarning: \x1b[m\x1b[Kunused parameter \xe2\x80\x98\x1b[01m\x1b[Kres\x1b[m\x1b[K\xe2\x80\x99 [\x1b[01;35m\x1b[K-Wunused-parameter\x1b[m\x1b[K]\n'}
[17.461368] (rplidar_ros) StderrLine: {'line': b' void rplidar_node::start_motor(const EmptyRequest req, EmptyResponse \x1b[01;35m\x1b[Kres\x1b[m\x1b[K)\n'}
[17.461989] (rplidar_ros) StderrLine: {'line': b'                                                                      \x1b[01;35m\x1b[K^~~\x1b[m\x1b[K\n'}
[17.468899] (-) TimerEvent: {}
[17.474812] (rplidar_ros) StderrLine: {'line': b'\x1b[01m\x1b[K/ros2_ws/src/rplidar_ros2/src/rplidar_node.cpp:\x1b[m\x1b[K In member function \xe2\x80\x98\x1b[01m\x1b[Kvoid rplidar_ros::rplidar_node::publish_loop()\x1b[m\x1b[K\xe2\x80\x99:\n'}
[17.476019] (rplidar_ros) StderrLine: {'line': b'\x1b[01m\x1b[K/ros2_ws/src/rplidar_ros2/src/rplidar_node.cpp:343:97:\x1b[m\x1b[K \x1b[01;35m\x1b[Kwarning: \x1b[m\x1b[KISO C++ forbids variable length array \xe2\x80\x98\x1b[01m\x1b[Kangle_compensate_nodes\x1b[m\x1b[K\xe2\x80\x99 [\x1b[01;35m\x1b[K-Wvla\x1b[m\x1b[K]\n'}
[17.476751] (rplidar_ros) StderrLine: {'line': b' nse_measurement_node_hq_t angle_compensate_nodes[angle_compensate_nodes_count\x1b[01;35m\x1b[K]\x1b[m\x1b[K;\n'}
[17.477929] (rplidar_ros) StderrLine: {'line': b'                                                                              \x1b[01;35m\x1b[K^\x1b[m\x1b[K\n'}
[17.478723] (rplidar_ros) StderrLine: {'line': b'\x1b[01m\x1b[K/ros2_ws/src/rplidar_ros2/src/rplidar_node.cpp:353:25:\x1b[m\x1b[K \x1b[01;35m\x1b[Kwarning: \x1b[m\x1b[Kcomparison between signed and unsigned integer expressions [\x1b[01;35m\x1b[K-Wsign-compare\x1b[m\x1b[K]\n'}
[17.485993] (rplidar_ros) StderrLine: {'line': b'           for (j = 0; \x1b[01;35m\x1b[Kj < m_angle_compensate_multiple\x1b[m\x1b[K; j++) {\n'}
[17.486749] (rplidar_ros) StderrLine: {'line': b'                       \x1b[01;35m\x1b[K~~^~~~~~~~~~~~~~~~~~~~~~~~~~~~~\x1b[m\x1b[K\n'}
[17.487371] (rplidar_ros) StderrLine: {'line': b'\x1b[01m\x1b[K/ros2_ws/src/rplidar_ros2/src/rplidar_node.cpp:374:44:\x1b[m\x1b[K \x1b[01;35m\x1b[Kwarning: \x1b[m\x1b[Kcomparison between signed and unsigned integer expressions [\x1b[01;35m\x1b[K-Wsign-compare\x1b[m\x1b[K]\n'}
[17.487972] (rplidar_ros) StderrLine: {'line': b'       for (size_t x = start_node, y = 0; \x1b[01;35m\x1b[Kx < end_node\x1b[m\x1b[K; ++x, ++y) {\n'}
[17.488591] (rplidar_ros) StderrLine: {'line': b'                                          \x1b[01;35m\x1b[K~~^~~~~~~~~~\x1b[m\x1b[K\n'}
[17.489176] (rplidar_ros) StderrLine: {'line': b'\x1b[01m\x1b[K/ros2_ws/src/rplidar_ros2/src/rplidar_node.cpp:381:11:\x1b[m\x1b[K \x1b[01;35m\x1b[Kwarning: \x1b[m\x1b[Kunused variable \xe2\x80\x98\x1b[01m\x1b[Kangle_min\x1b[m\x1b[K\xe2\x80\x99 [\x1b[01;35m\x1b[K-Wunused-variable\x1b[m\x1b[K]\n'}
[17.489745] (rplidar_ros) StderrLine: {'line': b'     float \x1b[01;35m\x1b[Kangle_min\x1b[m\x1b[K = deg_2_rad(0.0f);\n'}
[17.490307] (rplidar_ros) StderrLine: {'line': b'           \x1b[01;35m\x1b[K^~~~~~~~~\x1b[m\x1b[K\n'}
[17.491008] (rplidar_ros) StderrLine: {'line': b'\x1b[01m\x1b[K/ros2_ws/src/rplidar_ros2/src/rplidar_node.cpp:382:11:\x1b[m\x1b[K \x1b[01;35m\x1b[Kwarning: \x1b[m\x1b[Kunused variable \xe2\x80\x98\x1b[01m\x1b[Kangle_max\x1b[m\x1b[K\xe2\x80\x99 [\x1b[01;35m\x1b[K-Wunused-variable\x1b[m\x1b[K]\n'}
[17.491619] (rplidar_ros) StderrLine: {'line': b'     float \x1b[01;35m\x1b[Kangle_max\x1b[m\x1b[K = deg_2_rad(359.0f);\n'}
[17.492194] (rplidar_ros) StderrLine: {'line': b'           \x1b[01;35m\x1b[K^~~~~~~~~\x1b[m\x1b[K\n'}
[17.569118] (-) TimerEvent: {}
[17.669993] (-) TimerEvent: {}
[17.771638] (-) TimerEvent: {}
[17.873800] (-) TimerEvent: {}
[17.976413] (-) TimerEvent: {}
[18.081368] (-) TimerEvent: {}
[18.183985] (-) TimerEvent: {}
[18.286149] (-) TimerEvent: {}
[18.388596] (-) TimerEvent: {}
[18.489832] (-) TimerEvent: {}
[18.591940] (-) TimerEvent: {}
[18.618916] (rplidar_ros) StderrLine: {'line': b'In file included from \x1b[01m\x1b[K/ros2_ws/src/rplidar_ros2/./sdk/include/rplidar.h:39:0\x1b[m\x1b[K,\n'}
[18.625183] (rplidar_ros) StderrLine: {'line': b'                 from \x1b[01m\x1b[K/ros2_ws/src/rplidar_ros2/./sdk/src/sdkcommon.h:48\x1b[m\x1b[K,\n'}
[18.625971] (rplidar_ros) StderrLine: {'line': b'                 from \x1b[01m\x1b[K/ros2_ws/src/rplidar_ros2/sdk/src/hal/thread.cpp:35\x1b[m\x1b[K:\n'}
[18.626917] (rplidar_ros) StderrLine: {'line': b'\x1b[01m\x1b[K/ros2_ws/src/rplidar_ros2/./sdk/include/rplidar_protocol.h:59:15:\x1b[m\x1b[K \x1b[01;35m\x1b[Kwarning: \x1b[m\x1b[KISO C++ forbids zero-size array \xe2\x80\x98\x1b[01m\x1b[Kdata\x1b[m\x1b[K\xe2\x80\x99 [\x1b[01;35m\x1b[K-Wpedantic\x1b[m\x1b[K]\n'}
[18.627602] (rplidar_ros) StderrLine: {'line': b'     _u8 data[0\x1b[01;35m\x1b[K]\x1b[m\x1b[K;\n'}
[18.628255] (rplidar_ros) StderrLine: {'line': b'               \x1b[01;35m\x1b[K^\x1b[m\x1b[K\n'}
[18.631061] (rplidar_ros) StderrLine: {'line': b'In file included from \x1b[01m\x1b[K/ros2_ws/src/rplidar_ros2/./sdk/include/rplidar.h:40:0\x1b[m\x1b[K,\n'}
[18.632203] (rplidar_ros) StderrLine: {'line': b'                 from \x1b[01m\x1b[K/ros2_ws/src/rplidar_ros2/./sdk/src/sdkcommon.h:48\x1b[m\x1b[K,\n'}
[18.633202] (rplidar_ros) StderrLine: {'line': b'                 from \x1b[01m\x1b[K/ros2_ws/src/rplidar_ros2/sdk/src/hal/thread.cpp:35\x1b[m\x1b[K:\n'}
[18.634203] (rplidar_ros) StderrLine: {'line': b'\x1b[01m\x1b[K/ros2_ws/src/rplidar_ros2/./sdk/include/rplidar_cmd.h:260:19:\x1b[m\x1b[K \x1b[01;35m\x1b[Kwarning: \x1b[m\x1b[KISO C++ forbids zero-size array \xe2\x80\x98\x1b[01m\x1b[Kpayload\x1b[m\x1b[K\xe2\x80\x99 [\x1b[01;35m\x1b[K-Wpedantic\x1b[m\x1b[K]\n'}
[18.635265] (rplidar_ros) StderrLine: {'line': b'     _u8  payload[0\x1b[01;35m\x1b[K]\x1b[m\x1b[K;\n'}
[18.636217] (rplidar_ros) StderrLine: {'line': b'                   \x1b[01;35m\x1b[K^\x1b[m\x1b[K\n'}
[18.645423] (rplidar_ros) StderrLine: {'line': b'In file included from \x1b[01m\x1b[K/ros2_ws/src/rplidar_ros2/sdk/src/hal/thread.cpp:43:0\x1b[m\x1b[K:\n'}
[18.646608] (rplidar_ros) StderrLine: {'line': b'\x1b[01m\x1b[K/ros2_ws/src/rplidar_ros2/./sdk/src/arch/linux/thread.hpp:\x1b[m\x1b[K In member function \xe2\x80\x98\x1b[01m\x1b[Ku_result rp::hal::Thread::join(long unsigned int)\x1b[m\x1b[K\xe2\x80\x99:\n'}
[18.647678] (rplidar_ros) StderrLine: {'line': b'\x1b[01m\x1b[K/ros2_ws/src/rplidar_ros2/./sdk/src/arch/linux/thread.hpp:129:37:\x1b[m\x1b[K \x1b[01;35m\x1b[Kwarning: \x1b[m\x1b[Kunused parameter \xe2\x80\x98\x1b[01m\x1b[Ktimeout\x1b[m\x1b[K\xe2\x80\x99 [\x1b[01;35m\x1b[K-Wunused-parameter\x1b[m\x1b[K]\n'}
[18.648688] (rplidar_ros) StderrLine: {'line': b' u_result Thread::join(unsigned long \x1b[01;35m\x1b[Ktimeout\x1b[m\x1b[K)\n'}
[18.649664] (rplidar_ros) StderrLine: {'line': b'                                     \x1b[01;35m\x1b[K^~~~~~~\x1b[m\x1b[K\n'}
[18.692156] (-) TimerEvent: {}
[18.794537] (-) TimerEvent: {}
[18.898230] (-) TimerEvent: {}
[19.000362] (-) TimerEvent: {}
[19.026301] (rplidar_ros) StdoutLine: {'line': b'[ 50%] \x1b[32mBuilding CXX object CMakeFiles/rplidar_composition_node.dir/sdk/src/rplidar_driver.cpp.o\x1b[0m\n'}
[19.100585] (-) TimerEvent: {}
[19.202797] (-) TimerEvent: {}
[19.305139] (-) TimerEvent: {}
[19.407504] (-) TimerEvent: {}
[19.509896] (-) TimerEvent: {}
[19.612414] (-) TimerEvent: {}
[19.716537] (-) TimerEvent: {}
[19.818965] (-) TimerEvent: {}
[19.921383] (-) TimerEvent: {}
[20.023779] (-) TimerEvent: {}
[20.126231] (-) TimerEvent: {}
[20.228958] (-) TimerEvent: {}
[20.332881] (-) TimerEvent: {}
[20.434777] (-) TimerEvent: {}
[20.536972] (-) TimerEvent: {}
[20.641481] (-) TimerEvent: {}
[20.742417] (-) TimerEvent: {}
[20.812255] (rplidar_ros) StderrLine: {'line': b'In file included from \x1b[01m\x1b[K/ros2_ws/src/rplidar_ros2/./sdk/include/rplidar.h:39:0\x1b[m\x1b[K,\n'}
[20.813373] (rplidar_ros) StderrLine: {'line': b'                 from \x1b[01m\x1b[K/ros2_ws/src/rplidar_ros2/sdk/src/sdkcommon.h:48\x1b[m\x1b[K,\n'}
[20.814405] (rplidar_ros) StderrLine: {'line': b'                 from \x1b[01m\x1b[K/ros2_ws/src/rplidar_ros2/sdk/src/rplidar_driver.cpp:35\x1b[m\x1b[K:\n'}
[20.815362] (rplidar_ros) StderrLine: {'line': b'\x1b[01m\x1b[K/ros2_ws/src/rplidar_ros2/./sdk/include/rplidar_protocol.h:59:15:\x1b[m\x1b[K \x1b[01;35m\x1b[Kwarning: \x1b[m\x1b[KISO C++ forbids zero-size array \xe2\x80\x98\x1b[01m\x1b[Kdata\x1b[m\x1b[K\xe2\x80\x99 [\x1b[01;35m\x1b[K-Wpedantic\x1b[m\x1b[K]\n'}
[20.816342] (rplidar_ros) StderrLine: {'line': b'     _u8 data[0\x1b[01;35m\x1b[K]\x1b[m\x1b[K;\n'}
[20.817231] (rplidar_ros) StderrLine: {'line': b'               \x1b[01;35m\x1b[K^\x1b[m\x1b[K\n'}
[20.819911] (rplidar_ros) StderrLine: {'line': b'In file included from \x1b[01m\x1b[K/ros2_ws/src/rplidar_ros2/./sdk/include/rplidar.h:40:0\x1b[m\x1b[K,\n'}
[20.821015] (rplidar_ros) StderrLine: {'line': b'                 from \x1b[01m\x1b[K/ros2_ws/src/rplidar_ros2/sdk/src/sdkcommon.h:48\x1b[m\x1b[K,\n'}
[20.821993] (rplidar_ros) StderrLine: {'line': b'                 from \x1b[01m\x1b[K/ros2_ws/src/rplidar_ros2/sdk/src/rplidar_driver.cpp:35\x1b[m\x1b[K:\n'}
[20.822980] (rplidar_ros) StderrLine: {'line': b'\x1b[01m\x1b[K/ros2_ws/src/rplidar_ros2/./sdk/include/rplidar_cmd.h:260:19:\x1b[m\x1b[K \x1b[01;35m\x1b[Kwarning: \x1b[m\x1b[KISO C++ forbids zero-size array \xe2\x80\x98\x1b[01m\x1b[Kpayload\x1b[m\x1b[K\xe2\x80\x99 [\x1b[01;35m\x1b[K-Wpedantic\x1b[m\x1b[K]\n'}
[20.823992] (rplidar_ros) StderrLine: {'line': b'     _u8  payload[0\x1b[01;35m\x1b[K]\x1b[m\x1b[K;\n'}
[20.824948] (rplidar_ros) StderrLine: {'line': b'                   \x1b[01;35m\x1b[K^\x1b[m\x1b[K\n'}
[20.842607] (-) TimerEvent: {}
[20.943551] (-) TimerEvent: {}
[20.978257] (rplidar_ros) StderrLine: {'line': b'\x1b[01m\x1b[K/ros2_ws/src/rplidar_ros2/sdk/src/rplidar_driver.cpp:\x1b[m\x1b[K In member function \xe2\x80\x98\x1b[01m\x1b[Kvirtual u_result rp::standalone::rplidar::RPlidarDriverImplCommon::reset(_u32)\x1b[m\x1b[K\xe2\x80\x99:\n'}
[20.979543] (rplidar_ros) StderrLine: {'line': b'\x1b[01m\x1b[K/ros2_ws/src/rplidar_ros2/sdk/src/rplidar_driver.cpp:121:46:\x1b[m\x1b[K \x1b[01;35m\x1b[Kwarning: \x1b[m\x1b[Kunused parameter \xe2\x80\x98\x1b[01m\x1b[Ktimeout\x1b[m\x1b[K\xe2\x80\x99 [\x1b[01;35m\x1b[K-Wunused-parameter\x1b[m\x1b[K]\n'}
[20.980177] (rplidar_ros) StderrLine: {'line': b' u_result RPlidarDriverImplCommon::reset(_u32 \x1b[01;35m\x1b[Ktimeout\x1b[m\x1b[K)\n'}
[20.981550] (rplidar_ros) StderrLine: {'line': b'                                              \x1b[01;35m\x1b[K^~~~~~~\x1b[m\x1b[K\n'}
[20.982961] (rplidar_ros) StderrLine: {'line': b'\x1b[01m\x1b[K/ros2_ws/src/rplidar_ros2/sdk/src/rplidar_driver.cpp:\x1b[m\x1b[K In member function \xe2\x80\x98\x1b[01m\x1b[Kvirtual u_result rp::standalone::rplidar::RPlidarDriverImplCommon::checkIfTofLidar(bool&, _u32)\x1b[m\x1b[K\xe2\x80\x99:\n'}
[20.984265] (rplidar_ros) StderrLine: {'line': b'\x1b[01m\x1b[K/ros2_ws/src/rplidar_ros2/sdk/src/rplidar_driver.cpp:274:75:\x1b[m\x1b[K \x1b[01;35m\x1b[Kwarning: \x1b[m\x1b[Kunused parameter \xe2\x80\x98\x1b[01m\x1b[Ktimeout\x1b[m\x1b[K\xe2\x80\x99 [\x1b[01;35m\x1b[K-Wunused-parameter\x1b[m\x1b[K]\n'}
[20.984881] (rplidar_ros) StderrLine: {'line': b' u_result RPlidarDriverImplCommon::checkIfTofLidar(bool & isTofLidar, _u32 \x1b[01;35m\x1b[Ktimeout\x1b[m\x1b[K)\n'}
[20.985539] (rplidar_ros) StderrLine: {'line': b'                                                                           \x1b[01;35m\x1b[K^~~~~~~\x1b[m\x1b[K\n'}
[21.013819] (rplidar_ros) StderrLine: {'line': b'\x1b[01m\x1b[K/ros2_ws/src/rplidar_ros2/sdk/src/rplidar_driver.cpp:\x1b[m\x1b[K In function \xe2\x80\x98\x1b[01m\x1b[K_u32 rp::standalone::rplidar::_crc32cal(_u32, void*, _u16)\x1b[m\x1b[K\xe2\x80\x99:\n'}
[21.014695] (rplidar_ros) StderrLine: {'line': b'\x1b[01m\x1b[K/ros2_ws/src/rplidar_ros2/sdk/src/rplidar_driver.cpp:996:23:\x1b[m\x1b[K \x1b[01;35m\x1b[Kwarning: \x1b[m\x1b[Ksuggest parentheses around \xe2\x80\x98\x1b[01m\x1b[K-\x1b[m\x1b[K\xe2\x80\x99 in operand of \xe2\x80\x98\x1b[01m\x1b[K&\x1b[m\x1b[K\xe2\x80\x99 [\x1b[01;35m\x1b[K-Wparentheses\x1b[m\x1b[K]\n'}
[21.015371] (rplidar_ros) StderrLine: {'line': b'     _u8 leftBytes = \x1b[01;35m\x1b[K4 - len\x1b[m\x1b[K & 0x3;\n'}
[21.015990] (rplidar_ros) StderrLine: {'line': b'                     \x1b[01;35m\x1b[K~~^~~~~\x1b[m\x1b[K\n'}
[21.022731] (rplidar_ros) StderrLine: {'line': b'\x1b[01m\x1b[K/ros2_ws/src/rplidar_ros2/sdk/src/rplidar_driver.cpp:\x1b[m\x1b[K In member function \xe2\x80\x98\x1b[01m\x1b[Kvirtual void rp::standalone::rplidar::RPlidarDriverImplCommon::_ultraCapsuleToNormal(const rplidar_response_ultra_capsule_measurement_nodes_t&, rplidar_response_measurement_node_hq_t*, size_t&)\x1b[m\x1b[K\xe2\x80\x99:\n'}
[21.023646] (rplidar_ros) StderrLine: {'line': b'\x1b[01m\x1b[K/ros2_ws/src/rplidar_ros2/sdk/src/rplidar_driver.cpp:1207:32:\x1b[m\x1b[K \x1b[01;35m\x1b[Kwarning: \x1b[m\x1b[Kcomparison between signed and unsigned integer expressions [\x1b[01;35m\x1b[K-Wsign-compare\x1b[m\x1b[K]\n'}
[21.024453] (rplidar_ros) StderrLine: {'line': b'             if ((\x1b[01;35m\x1b[Kdist_predict1 == 0xFFFFFE00\x1b[m\x1b[K) || (dist_predict1 == 0x1FF)) {\n'}
[21.025078] (rplidar_ros) StderrLine: {'line': b'                  \x1b[01;35m\x1b[K~~~~~~~~~~~~~~^~~~~~~~~~~~~\x1b[m\x1b[K\n'}
[21.025964] (rplidar_ros) StderrLine: {'line': b'\x1b[01m\x1b[K/ros2_ws/src/rplidar_ros2/sdk/src/rplidar_driver.cpp:1215:32:\x1b[m\x1b[K \x1b[01;35m\x1b[Kwarning: \x1b[m\x1b[Kcomparison between signed and unsigned integer expressions [\x1b[01;35m\x1b[K-Wsign-compare\x1b[m\x1b[K]\n'}
[21.026731] (rplidar_ros) StderrLine: {'line': b'             if ((\x1b[01;35m\x1b[Kdist_predict2 == 0xFFFFFE00\x1b[m\x1b[K) || (dist_predict2 == 0x1FF)) {\n'}
[21.027384] (rplidar_ros) StderrLine: {'line': b'                  \x1b[01;35m\x1b[K~~~~~~~~~~~~~~^~~~~~~~~~~~~\x1b[m\x1b[K\n'}
[21.043738] (-) TimerEvent: {}
[21.049516] (rplidar_ros) StderrLine: {'line': b'\x1b[01m\x1b[K/ros2_ws/src/rplidar_ros2/sdk/src/rplidar_driver.cpp:\x1b[m\x1b[K In member function \xe2\x80\x98\x1b[01m\x1b[Kvirtual u_result rp::standalone::rplidar::RPlidarDriverImplCommon::getAllSupportedScanModes(std::vector<rp::standalone::rplidar::RplidarScanMode>&, _u32)\x1b[m\x1b[K\xe2\x80\x99:\n'}
[21.050398] (rplidar_ros) StderrLine: {'line': b'\x1b[01m\x1b[K/ros2_ws/src/rplidar_ros2/sdk/src/rplidar_driver.cpp:1453:105:\x1b[m\x1b[K \x1b[01;35m\x1b[Kwarning: \x1b[m\x1b[Kunused parameter \xe2\x80\x98\x1b[01m\x1b[KtimeoutInMs\x1b[m\x1b[K\xe2\x80\x99 [\x1b[01;35m\x1b[K-Wunused-parameter\x1b[m\x1b[K]\n'}
[21.051083] (rplidar_ros) StderrLine: {'line': b' u_result RPlidarDriverImplCommon::getAllSupportedScanModes(std::vector<RplidarScanMode>& outModes, _u32 \x1b[01;35m\x1b[KtimeoutInMs\x1b[m\x1b[K)\n'}
[21.051680] (rplidar_ros) StderrLine: {'line': b'                                                                                                         \x1b[01;35m\x1b[K^~~~~~~~~~~\x1b[m\x1b[K\n'}
[21.053449] (rplidar_ros) StderrLine: {'line': b'\x1b[01m\x1b[K/ros2_ws/src/rplidar_ros2/sdk/src/rplidar_driver.cpp:\x1b[m\x1b[K In member function \xe2\x80\x98\x1b[01m\x1b[Kvirtual u_result rp::standalone::rplidar::RPlidarDriverImplCommon::startScan(bool, bool, _u32, rp::standalone::rplidar::RplidarScanMode*)\x1b[m\x1b[K\xe2\x80\x99:\n'}
[21.054222] (rplidar_ros) StderrLine: {'line': b'\x1b[01m\x1b[K/ros2_ws/src/rplidar_ros2/sdk/src/rplidar_driver.cpp:1550:83:\x1b[m\x1b[K \x1b[01;35m\x1b[Kwarning: \x1b[m\x1b[Kunused parameter \xe2\x80\x98\x1b[01m\x1b[Koptions\x1b[m\x1b[K\xe2\x80\x99 [\x1b[01;35m\x1b[K-Wunused-parameter\x1b[m\x1b[K]\n'}
[21.054920] (rplidar_ros) StderrLine: {'line': b' u_result RPlidarDriverImplCommon::startScan(bool force, bool useTypicalScan, _u32 \x1b[01;35m\x1b[Koptions\x1b[m\x1b[K, RplidarScanMode* outUsedScanMode)\n'}
[21.055754] (rplidar_ros) StderrLine: {'line': b'                                                                                   \x1b[01;35m\x1b[K^~~~~~~\x1b[m\x1b[K\n'}
[21.060471] (rplidar_ros) StderrLine: {'line': b'\x1b[01m\x1b[K/ros2_ws/src/rplidar_ros2/sdk/src/rplidar_driver.cpp:\x1b[m\x1b[K In member function \xe2\x80\x98\x1b[01m\x1b[Kvirtual u_result rp::standalone::rplidar::RPlidarDriverImplCommon::stop(_u32)\x1b[m\x1b[K\xe2\x80\x99:\n'}
[21.061312] (rplidar_ros) StderrLine: {'line': b'\x1b[01m\x1b[K/ros2_ws/src/rplidar_ros2/sdk/src/rplidar_driver.cpp:1774:45:\x1b[m\x1b[K \x1b[01;35m\x1b[Kwarning: \x1b[m\x1b[Kunused parameter \xe2\x80\x98\x1b[01m\x1b[Ktimeout\x1b[m\x1b[K\xe2\x80\x99 [\x1b[01;35m\x1b[K-Wunused-parameter\x1b[m\x1b[K]\n'}
[21.062002] (rplidar_ros) StderrLine: {'line': b' u_result RPlidarDriverImplCommon::stop(_u32 \x1b[01;35m\x1b[Ktimeout\x1b[m\x1b[K)\n'}
[21.062688] (rplidar_ros) StderrLine: {'line': b'                                             \x1b[01;35m\x1b[K^~~~~~~\x1b[m\x1b[K\n'}
[21.077284] (rplidar_ros) StderrLine: {'line': b'\x1b[01m\x1b[K/ros2_ws/src/rplidar_ros2/sdk/src/rplidar_driver.cpp:\x1b[m\x1b[K In member function \xe2\x80\x98\x1b[01m\x1b[Kvirtual u_result rp::standalone::rplidar::RPlidarDriverImplCommon::setLidarSpinSpeed(_u16, _u32)\x1b[m\x1b[K\xe2\x80\x99:\n'}
[21.078103] (rplidar_ros) StderrLine: {'line': b'\x1b[01m\x1b[K/ros2_ws/src/rplidar_ros2/sdk/src/rplidar_driver.cpp:2162:68:\x1b[m\x1b[K \x1b[01;35m\x1b[Kwarning: \x1b[m\x1b[Kunused parameter \xe2\x80\x98\x1b[01m\x1b[Ktimeout\x1b[m\x1b[K\xe2\x80\x99 [\x1b[01;35m\x1b[K-Wunused-parameter\x1b[m\x1b[K]\n'}
[21.080250] (rplidar_ros) StderrLine: {'line': b' u_result RPlidarDriverImplCommon::setLidarSpinSpeed(_u16 rpm, _u32 \x1b[01;35m\x1b[Ktimeout\x1b[m\x1b[K)\n'}
[21.080964] (rplidar_ros) StderrLine: {'line': b'                                                                    \x1b[01;35m\x1b[K^~~~~~~\x1b[m\x1b[K\n'}
[21.081661] (rplidar_ros) StderrLine: {'line': b'\x1b[01m\x1b[K/ros2_ws/src/rplidar_ros2/sdk/src/rplidar_driver.cpp:\x1b[m\x1b[K In member function \xe2\x80\x98\x1b[01m\x1b[Kvirtual u_result rp::standalone::rplidar::RPlidarDriverSerial::connect(const char*, _u32, _u32)\x1b[m\x1b[K\xe2\x80\x99:\n'}
[21.082798] (rplidar_ros) StderrLine: {'line': b'\x1b[01m\x1b[K/ros2_ws/src/rplidar_ros2/sdk/src/rplidar_driver.cpp:2240:83:\x1b[m\x1b[K \x1b[01;35m\x1b[Kwarning: \x1b[m\x1b[Kunused parameter \xe2\x80\x98\x1b[01m\x1b[Kflag\x1b[m\x1b[K\xe2\x80\x99 [\x1b[01;35m\x1b[K-Wunused-parameter\x1b[m\x1b[K]\n'}
[21.083434] (rplidar_ros) StderrLine: {'line': b' u_result RPlidarDriverSerial::connect(const char * port_path, _u32 baudrate, _u32 \x1b[01;35m\x1b[Kflag\x1b[m\x1b[K)\n'}
[21.084034] (rplidar_ros) StderrLine: {'line': b'                                                                                   \x1b[01;35m\x1b[K^~~~\x1b[m\x1b[K\n'}
[21.084620] (rplidar_ros) StderrLine: {'line': b'\x1b[01m\x1b[K/ros2_ws/src/rplidar_ros2/sdk/src/rplidar_driver.cpp:\x1b[m\x1b[K In member function \xe2\x80\x98\x1b[01m\x1b[Kvirtual u_result rp::standalone::rplidar::RPlidarDriverTCP::connect(const char*, _u32, _u32)\x1b[m\x1b[K\xe2\x80\x99:\n'}
[21.085219] (rplidar_ros) StderrLine: {'line': b'\x1b[01m\x1b[K/ros2_ws/src/rplidar_ros2/sdk/src/rplidar_driver.cpp:2282:72:\x1b[m\x1b[K \x1b[01;35m\x1b[Kwarning: \x1b[m\x1b[Kunused parameter \xe2\x80\x98\x1b[01m\x1b[Kflag\x1b[m\x1b[K\xe2\x80\x99 [\x1b[01;35m\x1b[K-Wunused-parameter\x1b[m\x1b[K]\n'}
[21.085802] (rplidar_ros) StderrLine: {'line': b' u_result RPlidarDriverTCP::connect(const char * ipStr, _u32 port, _u32 \x1b[01;35m\x1b[Kflag\x1b[m\x1b[K)\n'}
[21.086749] (rplidar_ros) StderrLine: {'line': b'                                                                        \x1b[01;35m\x1b[K^~~~\x1b[m\x1b[K\n'}
[21.143950] (-) TimerEvent: {}
[21.244801] (-) TimerEvent: {}
[21.347586] (-) TimerEvent: {}
[21.450101] (-) TimerEvent: {}
[21.552559] (-) TimerEvent: {}
[21.654708] (-) TimerEvent: {}
[21.755576] (-) TimerEvent: {}
[21.857855] (-) TimerEvent: {}
[21.959786] (-) TimerEvent: {}
[22.061817] (-) TimerEvent: {}
[22.163577] (-) TimerEvent: {}
[22.265300] (-) TimerEvent: {}
[22.367100] (-) TimerEvent: {}
[22.469128] (-) TimerEvent: {}
[22.571524] (-) TimerEvent: {}
[22.673817] (-) TimerEvent: {}
[22.776282] (-) TimerEvent: {}
[22.878605] (-) TimerEvent: {}
[22.981018] (-) TimerEvent: {}
[23.083475] (-) TimerEvent: {}
[23.149007] (rplidar_ros) StdoutLine: {'line': b'[ 55%] \x1b[32mBuilding CXX object CMakeFiles/rplidarNode.dir/sdk/src/arch/linux/net_socket.cpp.o\x1b[0m\n'}
[23.183690] (-) TimerEvent: {}
[23.286053] (-) TimerEvent: {}
[23.388751] (-) TimerEvent: {}
[23.491674] (-) TimerEvent: {}
[23.594159] (-) TimerEvent: {}
[23.696661] (-) TimerEvent: {}
[23.798367] (-) TimerEvent: {}
[23.906795] (-) TimerEvent: {}
[24.013143] (-) TimerEvent: {}
[24.114531] (-) TimerEvent: {}
[24.216123] (-) TimerEvent: {}
[24.316950] (-) TimerEvent: {}
[24.418735] (-) TimerEvent: {}
[24.519917] (-) TimerEvent: {}
[24.622224] (-) TimerEvent: {}
[24.724522] (-) TimerEvent: {}
[24.825394] (-) TimerEvent: {}
[24.833358] (rplidar_ros) StderrLine: {'line': b'In file included from \x1b[01m\x1b[K/ros2_ws/src/rplidar_ros2/./sdk/include/rplidar.h:39:0\x1b[m\x1b[K,\n'}
[24.834769] (rplidar_ros) StderrLine: {'line': b'                 from \x1b[01m\x1b[K/ros2_ws/src/rplidar_ros2/./sdk/src/sdkcommon.h:48\x1b[m\x1b[K,\n'}
[24.835867] (rplidar_ros) StderrLine: {'line': b'                 from \x1b[01m\x1b[K/ros2_ws/src/rplidar_ros2/sdk/src/arch/linux/net_socket.cpp:10\x1b[m\x1b[K:\n'}
[24.837047] (rplidar_ros) StderrLine: {'line': b'\x1b[01m\x1b[K/ros2_ws/src/rplidar_ros2/./sdk/include/rplidar_protocol.h:59:15:\x1b[m\x1b[K \x1b[01;35m\x1b[Kwarning: \x1b[m\x1b[KISO C++ forbids zero-size array \xe2\x80\x98\x1b[01m\x1b[Kdata\x1b[m\x1b[K\xe2\x80\x99 [\x1b[01;35m\x1b[K-Wpedantic\x1b[m\x1b[K]\n'}
[24.838148] (rplidar_ros) StderrLine: {'line': b'     _u8 data[0\x1b[01;35m\x1b[K]\x1b[m\x1b[K;\n'}
[24.839239] (rplidar_ros) StderrLine: {'line': b'               \x1b[01;35m\x1b[K^\x1b[m\x1b[K\n'}
[24.842151] (rplidar_ros) StderrLine: {'line': b'In file included from \x1b[01m\x1b[K/ros2_ws/src/rplidar_ros2/./sdk/include/rplidar.h:40:0\x1b[m\x1b[K,\n'}
[24.843359] (rplidar_ros) StderrLine: {'line': b'                 from \x1b[01m\x1b[K/ros2_ws/src/rplidar_ros2/./sdk/src/sdkcommon.h:48\x1b[m\x1b[K,\n'}
[24.844403] (rplidar_ros) StderrLine: {'line': b'                 from \x1b[01m\x1b[K/ros2_ws/src/rplidar_ros2/sdk/src/arch/linux/net_socket.cpp:10\x1b[m\x1b[K:\n'}
[24.845435] (rplidar_ros) StderrLine: {'line': b'\x1b[01m\x1b[K/ros2_ws/src/rplidar_ros2/./sdk/include/rplidar_cmd.h:260:19:\x1b[m\x1b[K \x1b[01;35m\x1b[Kwarning: \x1b[m\x1b[KISO C++ forbids zero-size array \xe2\x80\x98\x1b[01m\x1b[Kpayload\x1b[m\x1b[K\xe2\x80\x99 [\x1b[01;35m\x1b[K-Wpedantic\x1b[m\x1b[K]\n'}
[24.846533] (rplidar_ros) StderrLine: {'line': b'     _u8  payload[0\x1b[01;35m\x1b[K]\x1b[m\x1b[K;\n'}
[24.847541] (rplidar_ros) StderrLine: {'line': b'                   \x1b[01;35m\x1b[K^\x1b[m\x1b[K\n'}
[24.878432] (rplidar_ros) StderrLine: {'line': b'\x1b[01m\x1b[K/ros2_ws/src/rplidar_ros2/sdk/src/arch/linux/net_socket.cpp:\x1b[m\x1b[K In member function \xe2\x80\x98\x1b[01m\x1b[Kvirtual u_result rp::net::SocketAddress::getAddressAsString(char*, size_t) const\x1b[m\x1b[K\xe2\x80\x99:\n'}
[24.879309] (rplidar_ros) StderrLine: {'line': b'\x1b[01m\x1b[K/ros2_ws/src/rplidar_ros2/sdk/src/arch/linux/net_socket.cpp:170:17:\x1b[m\x1b[K \x1b[01;35m\x1b[Kwarning: \x1b[m\x1b[Kordered comparison of pointer with integer zero [\x1b[01;35m\x1b[K-Wextra\x1b[m\x1b[K]\n'}
[24.880017] (rplidar_ros) StderrLine: {'line': b'     return ans<=\x1b[01;35m\x1b[K0\x1b[m\x1b[K?RESULT_OPERATION_FAIL:RESULT_OK;\n'}
[24.880684] (rplidar_ros) StderrLine: {'line': b'                 \x1b[01;35m\x1b[K^\x1b[m\x1b[K\n'}
[24.898308] (rplidar_ros) StderrLine: {'line': b'\x1b[01m\x1b[K/ros2_ws/src/rplidar_ros2/sdk/src/arch/linux/net_socket.cpp:\x1b[m\x1b[K In member function \xe2\x80\x98\x1b[01m\x1b[Kvirtual u_result rp::arch::net::StreamSocketImpl::send(const void*, size_t)\x1b[m\x1b[K\xe2\x80\x99:\n'}
[24.899553] (rplidar_ros) StderrLine: {'line': b'\x1b[01m\x1b[K/ros2_ws/src/rplidar_ros2/sdk/src/arch/linux/net_socket.cpp:438:17:\x1b[m\x1b[K \x1b[01;35m\x1b[Kwarning: \x1b[m\x1b[Kcomparison between signed and unsigned integer expressions [\x1b[01;35m\x1b[K-Wsign-compare\x1b[m\x1b[K]\n'}
[24.900605] (rplidar_ros) StderrLine: {'line': b'         if (\x1b[01;35m\x1b[Kans == (int)len\x1b[m\x1b[K) {\n'}
[24.901608] (rplidar_ros) StderrLine: {'line': b'             \x1b[01;35m\x1b[K~~~~^~~~~~~~~~~\x1b[m\x1b[K\n'}
[24.915725] (rplidar_ros) StderrLine: {'line': b'In file included from \x1b[01m\x1b[K/ros2_ws/src/rplidar_ros2/./sdk/src/arch/linux/arch_linux.h:42:0\x1b[m\x1b[K,\n'}
[24.916857] (rplidar_ros) StderrLine: {'line': b'                 from \x1b[01m\x1b[K/ros2_ws/src/rplidar_ros2/./sdk/src/sdkcommon.h:40\x1b[m\x1b[K,\n'}
[24.918020] (rplidar_ros) StderrLine: {'line': b'                 from \x1b[01m\x1b[K/ros2_ws/src/rplidar_ros2/sdk/src/arch/linux/net_socket.cpp:10\x1b[m\x1b[K:\n'}
[24.919143] (rplidar_ros) StderrLine: {'line': b'\x1b[01m\x1b[K/ros2_ws/src/rplidar_ros2/sdk/src/arch/linux/net_socket.cpp:\x1b[m\x1b[K In member function \xe2\x80\x98\x1b[01m\x1b[Kvirtual u_result rp::arch::net::DGramSocketImpl::sendTo(const rp::net::SocketAddress&, const void*, size_t)\x1b[m\x1b[K\xe2\x80\x99:\n'}
[24.920179] (rplidar_ros) StderrLine: {'line': b'\x1b[01m\x1b[K/ros2_ws/src/rplidar_ros2/sdk/src/arch/linux/net_socket.cpp:726:24:\x1b[m\x1b[K \x1b[01;35m\x1b[Kwarning: \x1b[m\x1b[Kcomparison between signed and unsigned integer expressions [\x1b[01;35m\x1b[K-Wsign-compare\x1b[m\x1b[K]\n'}
[24.921156] (rplidar_ros) StderrLine: {'line': b'             assert(\x1b[01;35m\x1b[Kans == (int)l\x1b[m\x1b[Ken);\n'}
[24.922164] (rplidar_ros) StderrLine: {'line': b'                    \x1b[01;35m\x1b[K~~~~^~~~~~~~~\x1b[m\x1b[K\n'}
[24.925612] (-) TimerEvent: {}
[25.027920] (-) TimerEvent: {}
[25.130001] (-) TimerEvent: {}
[25.232033] (-) TimerEvent: {}
[25.334082] (-) TimerEvent: {}
[25.436423] (-) TimerEvent: {}
[25.538604] (-) TimerEvent: {}
[25.640541] (-) TimerEvent: {}
[25.742869] (-) TimerEvent: {}
[25.843894] (-) TimerEvent: {}
[25.946027] (-) TimerEvent: {}
[26.048351] (-) TimerEvent: {}
[26.099414] (rplidar_ros) StdoutLine: {'line': b'[ 61%] \x1b[32mBuilding CXX object CMakeFiles/rplidarNode.dir/sdk/src/arch/linux/timer.cpp.o\x1b[0m\n'}
[26.148579] (-) TimerEvent: {}
[26.250998] (-) TimerEvent: {}
[26.353635] (-) TimerEvent: {}
[26.456445] (-) TimerEvent: {}
[26.562204] (-) TimerEvent: {}
[26.664774] (-) TimerEvent: {}
[26.767176] (-) TimerEvent: {}
[26.861874] (rplidar_ros) StdoutLine: {'line': b'[ 66%] \x1b[32mBuilding CXX object CMakeFiles/rplidarNode.dir/sdk/src/hal/thread.cpp.o\x1b[0m\n'}
[26.867391] (-) TimerEvent: {}
[26.969757] (-) TimerEvent: {}
[27.072168] (-) TimerEvent: {}
[27.173054] (-) TimerEvent: {}
[27.273930] (-) TimerEvent: {}
[27.374840] (-) TimerEvent: {}
[27.475680] (-) TimerEvent: {}
[27.577602] (-) TimerEvent: {}
[27.679256] (-) TimerEvent: {}
[27.781326] (-) TimerEvent: {}
[27.882237] (-) TimerEvent: {}
[27.984583] (-) TimerEvent: {}
[28.073291] (rplidar_ros) StdoutLine: {'line': b'[ 72%] \x1b[32mBuilding CXX object CMakeFiles/rplidarNode.dir/sdk/src/rplidar_driver.cpp.o\x1b[0m\n'}
[28.084805] (-) TimerEvent: {}
[28.185824] (-) TimerEvent: {}
[28.236354] (rplidar_ros) StderrLine: {'line': b'In file included from \x1b[01m\x1b[K/ros2_ws/src/rplidar_ros2/./sdk/include/rplidar.h:39:0\x1b[m\x1b[K,\n'}
[28.237129] (rplidar_ros) StderrLine: {'line': b'                 from \x1b[01m\x1b[K/ros2_ws/src/rplidar_ros2/./sdk/src/sdkcommon.h:48\x1b[m\x1b[K,\n'}
[28.237822] (rplidar_ros) StderrLine: {'line': b'                 from \x1b[01m\x1b[K/ros2_ws/src/rplidar_ros2/sdk/src/hal/thread.cpp:35\x1b[m\x1b[K:\n'}
[28.238609] (rplidar_ros) StderrLine: {'line': b'\x1b[01m\x1b[K/ros2_ws/src/rplidar_ros2/./sdk/include/rplidar_protocol.h:59:15:\x1b[m\x1b[K \x1b[01;35m\x1b[Kwarning: \x1b[m\x1b[KISO C++ forbids zero-size array \xe2\x80\x98\x1b[01m\x1b[Kdata\x1b[m\x1b[K\xe2\x80\x99 [\x1b[01;35m\x1b[K-Wpedantic\x1b[m\x1b[K]\n'}
[28.239369] (rplidar_ros) StderrLine: {'line': b'     _u8 data[0\x1b[01;35m\x1b[K]\x1b[m\x1b[K;\n'}
[28.239981] (rplidar_ros) StderrLine: {'line': b'               \x1b[01;35m\x1b[K^\x1b[m\x1b[K\n'}
[28.240952] (rplidar_ros) StderrLine: {'line': b'In file included from \x1b[01m\x1b[K/ros2_ws/src/rplidar_ros2/./sdk/include/rplidar.h:40:0\x1b[m\x1b[K,\n'}
[28.241639] (rplidar_ros) StderrLine: {'line': b'                 from \x1b[01m\x1b[K/ros2_ws/src/rplidar_ros2/./sdk/src/sdkcommon.h:48\x1b[m\x1b[K,\n'}
[28.242280] (rplidar_ros) StderrLine: {'line': b'                 from \x1b[01m\x1b[K/ros2_ws/src/rplidar_ros2/sdk/src/hal/thread.cpp:35\x1b[m\x1b[K:\n'}
[28.242992] (rplidar_ros) StderrLine: {'line': b'\x1b[01m\x1b[K/ros2_ws/src/rplidar_ros2/./sdk/include/rplidar_cmd.h:260:19:\x1b[m\x1b[K \x1b[01;35m\x1b[Kwarning: \x1b[m\x1b[KISO C++ forbids zero-size array \xe2\x80\x98\x1b[01m\x1b[Kpayload\x1b[m\x1b[K\xe2\x80\x99 [\x1b[01;35m\x1b[K-Wpedantic\x1b[m\x1b[K]\n'}
[28.243682] (rplidar_ros) StderrLine: {'line': b'     _u8  payload[0\x1b[01;35m\x1b[K]\x1b[m\x1b[K;\n'}
[28.244332] (rplidar_ros) StderrLine: {'line': b'                   \x1b[01;35m\x1b[K^\x1b[m\x1b[K\n'}
[28.247715] (rplidar_ros) StderrLine: {'line': b'In file included from \x1b[01m\x1b[K/ros2_ws/src/rplidar_ros2/sdk/src/hal/thread.cpp:43:0\x1b[m\x1b[K:\n'}
[28.248525] (rplidar_ros) StderrLine: {'line': b'\x1b[01m\x1b[K/ros2_ws/src/rplidar_ros2/./sdk/src/arch/linux/thread.hpp:\x1b[m\x1b[K In member function \xe2\x80\x98\x1b[01m\x1b[Ku_result rp::hal::Thread::join(long unsigned int)\x1b[m\x1b[K\xe2\x80\x99:\n'}
[28.249175] (rplidar_ros) StderrLine: {'line': b'\x1b[01m\x1b[K/ros2_ws/src/rplidar_ros2/./sdk/src/arch/linux/thread.hpp:129:37:\x1b[m\x1b[K \x1b[01;35m\x1b[Kwarning: \x1b[m\x1b[Kunused parameter \xe2\x80\x98\x1b[01m\x1b[Ktimeout\x1b[m\x1b[K\xe2\x80\x99 [\x1b[01;35m\x1b[K-Wunused-parameter\x1b[m\x1b[K]\n'}
[28.249807] (rplidar_ros) StderrLine: {'line': b' u_result Thread::join(unsigned long \x1b[01;35m\x1b[Ktimeout\x1b[m\x1b[K)\n'}
[28.250442] (rplidar_ros) StderrLine: {'line': b'                                     \x1b[01;35m\x1b[K^~~~~~~\x1b[m\x1b[K\n'}
[28.286034] (-) TimerEvent: {}
[28.388172] (-) TimerEvent: {}
[28.489084] (-) TimerEvent: {}
[28.590707] (-) TimerEvent: {}
[28.693153] (-) TimerEvent: {}
[28.794043] (-) TimerEvent: {}
[28.895930] (-) TimerEvent: {}
[28.998425] (-) TimerEvent: {}
[29.100814] (-) TimerEvent: {}
[29.201701] (-) TimerEvent: {}
[29.303314] (-) TimerEvent: {}
[29.331615] (rplidar_ros) StderrLine: {'line': b'In file included from \x1b[01m\x1b[K/ros2_ws/src/rplidar_ros2/./sdk/include/rplidar.h:39:0\x1b[m\x1b[K,\n'}
[29.332465] (rplidar_ros) StderrLine: {'line': b'                 from \x1b[01m\x1b[K/ros2_ws/src/rplidar_ros2/sdk/src/sdkcommon.h:48\x1b[m\x1b[K,\n'}
[29.334537] (rplidar_ros) StderrLine: {'line': b'                 from \x1b[01m\x1b[K/ros2_ws/src/rplidar_ros2/sdk/src/rplidar_driver.cpp:35\x1b[m\x1b[K:\n'}
[29.335862] (rplidar_ros) StderrLine: {'line': b'\x1b[01m\x1b[K/ros2_ws/src/rplidar_ros2/./sdk/include/rplidar_protocol.h:59:15:\x1b[m\x1b[K \x1b[01;35m\x1b[Kwarning: \x1b[m\x1b[KISO C++ forbids zero-size array \xe2\x80\x98\x1b[01m\x1b[Kdata\x1b[m\x1b[K\xe2\x80\x99 [\x1b[01;35m\x1b[K-Wpedantic\x1b[m\x1b[K]\n'}
[29.336864] (rplidar_ros) StderrLine: {'line': b'     _u8 data[0\x1b[01;35m\x1b[K]\x1b[m\x1b[K;\n'}
[29.337570] (rplidar_ros) StderrLine: {'line': b'               \x1b[01;35m\x1b[K^\x1b[m\x1b[K\n'}
[29.338299] (rplidar_ros) StderrLine: {'line': b'In file included from \x1b[01m\x1b[K/ros2_ws/src/rplidar_ros2/./sdk/include/rplidar.h:40:0\x1b[m\x1b[K,\n'}
[29.339165] (rplidar_ros) StderrLine: {'line': b'                 from \x1b[01m\x1b[K/ros2_ws/src/rplidar_ros2/sdk/src/sdkcommon.h:48\x1b[m\x1b[K,\n'}
[29.339906] (rplidar_ros) StderrLine: {'line': b'                 from \x1b[01m\x1b[K/ros2_ws/src/rplidar_ros2/sdk/src/rplidar_driver.cpp:35\x1b[m\x1b[K:\n'}
[29.340627] (rplidar_ros) StderrLine: {'line': b'\x1b[01m\x1b[K/ros2_ws/src/rplidar_ros2/./sdk/include/rplidar_cmd.h:260:19:\x1b[m\x1b[K \x1b[01;35m\x1b[Kwarning: \x1b[m\x1b[KISO C++ forbids zero-size array \xe2\x80\x98\x1b[01m\x1b[Kpayload\x1b[m\x1b[K\xe2\x80\x99 [\x1b[01;35m\x1b[K-Wpedantic\x1b[m\x1b[K]\n'}
[29.341515] (rplidar_ros) StderrLine: {'line': b'     _u8  payload[0\x1b[01;35m\x1b[K]\x1b[m\x1b[K;\n'}
[29.342325] (rplidar_ros) StderrLine: {'line': b'                   \x1b[01;35m\x1b[K^\x1b[m\x1b[K\n'}
[29.403652] (-) TimerEvent: {}
[29.452396] (rplidar_ros) StderrLine: {'line': b'\x1b[01m\x1b[K/ros2_ws/src/rplidar_ros2/sdk/src/rplidar_driver.cpp:\x1b[m\x1b[K In member function \xe2\x80\x98\x1b[01m\x1b[Kvirtual u_result rp::standalone::rplidar::RPlidarDriverImplCommon::reset(_u32)\x1b[m\x1b[K\xe2\x80\x99:\n'}
[29.453230] (rplidar_ros) StderrLine: {'line': b'\x1b[01m\x1b[K/ros2_ws/src/rplidar_ros2/sdk/src/rplidar_driver.cpp:121:46:\x1b[m\x1b[K \x1b[01;35m\x1b[Kwarning: \x1b[m\x1b[Kunused parameter \xe2\x80\x98\x1b[01m\x1b[Ktimeout\x1b[m\x1b[K\xe2\x80\x99 [\x1b[01;35m\x1b[K-Wunused-parameter\x1b[m\x1b[K]\n'}
[29.453896] (rplidar_ros) StderrLine: {'line': b' u_result RPlidarDriverImplCommon::reset(_u32 \x1b[01;35m\x1b[Ktimeout\x1b[m\x1b[K)\n'}
[29.454754] (rplidar_ros) StderrLine: {'line': b'                                              \x1b[01;35m\x1b[K^~~~~~~\x1b[m\x1b[K\n'}
[29.457731] (rplidar_ros) StderrLine: {'line': b'\x1b[01m\x1b[K/ros2_ws/src/rplidar_ros2/sdk/src/rplidar_driver.cpp:\x1b[m\x1b[K In member function \xe2\x80\x98\x1b[01m\x1b[Kvirtual u_result rp::standalone::rplidar::RPlidarDriverImplCommon::checkIfTofLidar(bool&, _u32)\x1b[m\x1b[K\xe2\x80\x99:\n'}
[29.458842] (rplidar_ros) StderrLine: {'line': b'\x1b[01m\x1b[K/ros2_ws/src/rplidar_ros2/sdk/src/rplidar_driver.cpp:274:75:\x1b[m\x1b[K \x1b[01;35m\x1b[Kwarning: \x1b[m\x1b[Kunused parameter \xe2\x80\x98\x1b[01m\x1b[Ktimeout\x1b[m\x1b[K\xe2\x80\x99 [\x1b[01;35m\x1b[K-Wunused-parameter\x1b[m\x1b[K]\n'}
[29.459619] (rplidar_ros) StderrLine: {'line': b' u_result RPlidarDriverImplCommon::checkIfTofLidar(bool & isTofLidar, _u32 \x1b[01;35m\x1b[Ktimeout\x1b[m\x1b[K)\n'}
[29.460265] (rplidar_ros) StderrLine: {'line': b'                                                                           \x1b[01;35m\x1b[K^~~~~~~\x1b[m\x1b[K\n'}
[29.484427] (rplidar_ros) StdoutLine: {'line': b'[ 77%] \x1b[32m\x1b[1mLinking CXX shared library librplidar_composition_node.so\x1b[0m\n'}
[29.485665] (rplidar_ros) StderrLine: {'line': b'\x1b[01m\x1b[K/ros2_ws/src/rplidar_ros2/sdk/src/rplidar_driver.cpp:\x1b[m\x1b[K In function \xe2\x80\x98\x1b[01m\x1b[K_u32 rp::standalone::rplidar::_crc32cal(_u32, void*, _u16)\x1b[m\x1b[K\xe2\x80\x99:\n'}
[29.486506] (rplidar_ros) StderrLine: {'line': b'\x1b[01m\x1b[K/ros2_ws/src/rplidar_ros2/sdk/src/rplidar_driver.cpp:996:23:\x1b[m\x1b[K \x1b[01;35m\x1b[Kwarning: \x1b[m\x1b[Ksuggest parentheses around \xe2\x80\x98\x1b[01m\x1b[K-\x1b[m\x1b[K\xe2\x80\x99 in operand of \xe2\x80\x98\x1b[01m\x1b[K&\x1b[m\x1b[K\xe2\x80\x99 [\x1b[01;35m\x1b[K-Wparentheses\x1b[m\x1b[K]\n'}
[29.487117] (rplidar_ros) StderrLine: {'line': b'     _u8 leftBytes = \x1b[01;35m\x1b[K4 - len\x1b[m\x1b[K & 0x3;\n'}
[29.487673] (rplidar_ros) StderrLine: {'line': b'                     \x1b[01;35m\x1b[K~~^~~~~\x1b[m\x1b[K\n'}
[29.491607] (rplidar_ros) StderrLine: {'line': b'\x1b[01m\x1b[K/ros2_ws/src/rplidar_ros2/sdk/src/rplidar_driver.cpp:\x1b[m\x1b[K In member function \xe2\x80\x98\x1b[01m\x1b[Kvirtual void rp::standalone::rplidar::RPlidarDriverImplCommon::_ultraCapsuleToNormal(const rplidar_response_ultra_capsule_measurement_nodes_t&, rplidar_response_measurement_node_hq_t*, size_t&)\x1b[m\x1b[K\xe2\x80\x99:\n'}
[29.492410] (rplidar_ros) StderrLine: {'line': b'\x1b[01m\x1b[K/ros2_ws/src/rplidar_ros2/sdk/src/rplidar_driver.cpp:1207:32:\x1b[m\x1b[K \x1b[01;35m\x1b[Kwarning: \x1b[m\x1b[Kcomparison between signed and unsigned integer expressions [\x1b[01;35m\x1b[K-Wsign-compare\x1b[m\x1b[K]\n'}
[29.493115] (rplidar_ros) StderrLine: {'line': b'             if ((\x1b[01;35m\x1b[Kdist_predict1 == 0xFFFFFE00\x1b[m\x1b[K) || (dist_predict1 == 0x1FF)) {\n'}
[29.493793] (rplidar_ros) StderrLine: {'line': b'                  \x1b[01;35m\x1b[K~~~~~~~~~~~~~~^~~~~~~~~~~~~\x1b[m\x1b[K\n'}
[29.494565] (rplidar_ros) StderrLine: {'line': b'\x1b[01m\x1b[K/ros2_ws/src/rplidar_ros2/sdk/src/rplidar_driver.cpp:1215:32:\x1b[m\x1b[K \x1b[01;35m\x1b[Kwarning: \x1b[m\x1b[Kcomparison between signed and unsigned integer expressions [\x1b[01;35m\x1b[K-Wsign-compare\x1b[m\x1b[K]\n'}
[29.495282] (rplidar_ros) StderrLine: {'line': b'             if ((\x1b[01;35m\x1b[Kdist_predict2 == 0xFFFFFE00\x1b[m\x1b[K) || (dist_predict2 == 0x1FF)) {\n'}
[29.495955] (rplidar_ros) StderrLine: {'line': b'                  \x1b[01;35m\x1b[K~~~~~~~~~~~~~~^~~~~~~~~~~~~\x1b[m\x1b[K\n'}
[29.503847] (-) TimerEvent: {}
[29.513718] (rplidar_ros) StderrLine: {'line': b'\x1b[01m\x1b[K/ros2_ws/src/rplidar_ros2/sdk/src/rplidar_driver.cpp:\x1b[m\x1b[K In member function \xe2\x80\x98\x1b[01m\x1b[Kvirtual u_result rp::standalone::rplidar::RPlidarDriverImplCommon::getAllSupportedScanModes(std::vector<rp::standalone::rplidar::RplidarScanMode>&, _u32)\x1b[m\x1b[K\xe2\x80\x99:\n'}
[29.514668] (rplidar_ros) StderrLine: {'line': b'\x1b[01m\x1b[K/ros2_ws/src/rplidar_ros2/sdk/src/rplidar_driver.cpp:1453:105:\x1b[m\x1b[K \x1b[01;35m\x1b[Kwarning: \x1b[m\x1b[Kunused parameter \xe2\x80\x98\x1b[01m\x1b[KtimeoutInMs\x1b[m\x1b[K\xe2\x80\x99 [\x1b[01;35m\x1b[K-Wunused-parameter\x1b[m\x1b[K]\n'}
[29.515368] (rplidar_ros) StderrLine: {'line': b' u_result RPlidarDriverImplCommon::getAllSupportedScanModes(std::vector<RplidarScanMode>& outModes, _u32 \x1b[01;35m\x1b[KtimeoutInMs\x1b[m\x1b[K)\n'}
[29.516644] (rplidar_ros) StderrLine: {'line': b'                                                                                                         \x1b[01;35m\x1b[K^~~~~~~~~~~\x1b[m\x1b[K\n'}
[29.517566] (rplidar_ros) StderrLine: {'line': b'\x1b[01m\x1b[K/ros2_ws/src/rplidar_ros2/sdk/src/rplidar_driver.cpp:\x1b[m\x1b[K In member function \xe2\x80\x98\x1b[01m\x1b[Kvirtual u_result rp::standalone::rplidar::RPlidarDriverImplCommon::startScan(bool, bool, _u32, rp::standalone::rplidar::RplidarScanMode*)\x1b[m\x1b[K\xe2\x80\x99:\n'}
[29.518174] (rplidar_ros) StderrLine: {'line': b'\x1b[01m\x1b[K/ros2_ws/src/rplidar_ros2/sdk/src/rplidar_driver.cpp:1550:83:\x1b[m\x1b[K \x1b[01;35m\x1b[Kwarning: \x1b[m\x1b[Kunused parameter \xe2\x80\x98\x1b[01m\x1b[Koptions\x1b[m\x1b[K\xe2\x80\x99 [\x1b[01;35m\x1b[K-Wunused-parameter\x1b[m\x1b[K]\n'}
[29.518843] (rplidar_ros) StderrLine: {'line': b' u_result RPlidarDriverImplCommon::startScan(bool force, bool useTypicalScan, _u32 \x1b[01;35m\x1b[Koptions\x1b[m\x1b[K, RplidarScanMode* outUsedScanMode)\n'}
[29.519406] (rplidar_ros) StderrLine: {'line': b'                                                                                   \x1b[01;35m\x1b[K^~~~~~~\x1b[m\x1b[K\n'}
[29.523560] (rplidar_ros) StderrLine: {'line': b'\x1b[01m\x1b[K/ros2_ws/src/rplidar_ros2/sdk/src/rplidar_driver.cpp:\x1b[m\x1b[K In member function \xe2\x80\x98\x1b[01m\x1b[Kvirtual u_result rp::standalone::rplidar::RPlidarDriverImplCommon::stop(_u32)\x1b[m\x1b[K\xe2\x80\x99:\n'}
[29.524362] (rplidar_ros) StderrLine: {'line': b'\x1b[01m\x1b[K/ros2_ws/src/rplidar_ros2/sdk/src/rplidar_driver.cpp:1774:45:\x1b[m\x1b[K \x1b[01;35m\x1b[Kwarning: \x1b[m\x1b[Kunused parameter \xe2\x80\x98\x1b[01m\x1b[Ktimeout\x1b[m\x1b[K\xe2\x80\x99 [\x1b[01;35m\x1b[K-Wunused-parameter\x1b[m\x1b[K]\n'}
[29.525116] (rplidar_ros) StderrLine: {'line': b' u_result RPlidarDriverImplCommon::stop(_u32 \x1b[01;35m\x1b[Ktimeout\x1b[m\x1b[K)\n'}
[29.525779] (rplidar_ros) StderrLine: {'line': b'                                             \x1b[01;35m\x1b[K^~~~~~~\x1b[m\x1b[K\n'}
[29.538840] (rplidar_ros) StderrLine: {'line': b'\x1b[01m\x1b[K/ros2_ws/src/rplidar_ros2/sdk/src/rplidar_driver.cpp:\x1b[m\x1b[K In member function \xe2\x80\x98\x1b[01m\x1b[Kvirtual u_result rp::standalone::rplidar::RPlidarDriverImplCommon::setLidarSpinSpeed(_u16, _u32)\x1b[m\x1b[K\xe2\x80\x99:\n'}
[29.539721] (rplidar_ros) StderrLine: {'line': b'\x1b[01m\x1b[K/ros2_ws/src/rplidar_ros2/sdk/src/rplidar_driver.cpp:2162:68:\x1b[m\x1b[K \x1b[01;35m\x1b[Kwarning: \x1b[m\x1b[Kunused parameter \xe2\x80\x98\x1b[01m\x1b[Ktimeout\x1b[m\x1b[K\xe2\x80\x99 [\x1b[01;35m\x1b[K-Wunused-parameter\x1b[m\x1b[K]\n'}
[29.540536] (rplidar_ros) StderrLine: {'line': b' u_result RPlidarDriverImplCommon::setLidarSpinSpeed(_u16 rpm, _u32 \x1b[01;35m\x1b[Ktimeout\x1b[m\x1b[K)\n'}
[29.541164] (rplidar_ros) StderrLine: {'line': b'                                                                    \x1b[01;35m\x1b[K^~~~~~~\x1b[m\x1b[K\n'}
[29.544885] (rplidar_ros) StderrLine: {'line': b'\x1b[01m\x1b[K/ros2_ws/src/rplidar_ros2/sdk/src/rplidar_driver.cpp:\x1b[m\x1b[K In member function \xe2\x80\x98\x1b[01m\x1b[Kvirtual u_result rp::standalone::rplidar::RPlidarDriverSerial::connect(const char*, _u32, _u32)\x1b[m\x1b[K\xe2\x80\x99:\n'}
[29.545701] (rplidar_ros) StderrLine: {'line': b'\x1b[01m\x1b[K/ros2_ws/src/rplidar_ros2/sdk/src/rplidar_driver.cpp:2240:83:\x1b[m\x1b[K \x1b[01;35m\x1b[Kwarning: \x1b[m\x1b[Kunused parameter \xe2\x80\x98\x1b[01m\x1b[Kflag\x1b[m\x1b[K\xe2\x80\x99 [\x1b[01;35m\x1b[K-Wunused-parameter\x1b[m\x1b[K]\n'}
[29.546324] (rplidar_ros) StderrLine: {'line': b' u_result RPlidarDriverSerial::connect(const char * port_path, _u32 baudrate, _u32 \x1b[01;35m\x1b[Kflag\x1b[m\x1b[K)\n'}
[29.547052] (rplidar_ros) StderrLine: {'line': b'                                                                                   \x1b[01;35m\x1b[K^~~~\x1b[m\x1b[K\n'}
[29.548084] (rplidar_ros) StderrLine: {'line': b'\x1b[01m\x1b[K/ros2_ws/src/rplidar_ros2/sdk/src/rplidar_driver.cpp:\x1b[m\x1b[K In member function \xe2\x80\x98\x1b[01m\x1b[Kvirtual u_result rp::standalone::rplidar::RPlidarDriverTCP::connect(const char*, _u32, _u32)\x1b[m\x1b[K\xe2\x80\x99:\n'}
[29.548779] (rplidar_ros) StderrLine: {'line': b'\x1b[01m\x1b[K/ros2_ws/src/rplidar_ros2/sdk/src/rplidar_driver.cpp:2282:72:\x1b[m\x1b[K \x1b[01;35m\x1b[Kwarning: \x1b[m\x1b[Kunused parameter \xe2\x80\x98\x1b[01m\x1b[Kflag\x1b[m\x1b[K\xe2\x80\x99 [\x1b[01;35m\x1b[K-Wunused-parameter\x1b[m\x1b[K]\n'}
[29.549405] (rplidar_ros) StderrLine: {'line': b' u_result RPlidarDriverTCP::connect(const char * ipStr, _u32 port, _u32 \x1b[01;35m\x1b[Kflag\x1b[m\x1b[K)\n'}
[29.549962] (rplidar_ros) StderrLine: {'line': b'                                                                        \x1b[01;35m\x1b[K^~~~\x1b[m\x1b[K\n'}
[29.604057] (-) TimerEvent: {}
[29.706624] (-) TimerEvent: {}
[29.807520] (-) TimerEvent: {}
[29.910027] (-) TimerEvent: {}
[30.011957] (-) TimerEvent: {}
[30.112822] (-) TimerEvent: {}
[30.214061] (-) TimerEvent: {}
[30.316395] (-) TimerEvent: {}
[30.418112] (-) TimerEvent: {}
[30.521015] (-) TimerEvent: {}
[30.621814] (-) TimerEvent: {}
[30.723945] (-) TimerEvent: {}
[30.795425] (rplidar_ros) StdoutLine: {'line': b'[ 77%] Built target rplidar_composition_node\n'}
[30.824155] (-) TimerEvent: {}
[30.832447] (rplidar_ros) StdoutLine: {'line': b'[ 83%] \x1b[32mBuilding CXX object CMakeFiles/rplidar_composition.dir/src/standalone_rplidar.cpp.o\x1b[0m\n'}
[30.924412] (-) TimerEvent: {}
[31.025408] (-) TimerEvent: {}
[31.123997] (rplidar_ros) StdoutLine: {'line': b'[ 88%] \x1b[32m\x1b[1mLinking CXX executable rplidarNode\x1b[0m\n'}
[31.125559] (-) TimerEvent: {}
[31.227863] (-) TimerEvent: {}
[31.329954] (-) TimerEvent: {}
[31.431979] (-) TimerEvent: {}
[31.532843] (-) TimerEvent: {}
[31.633941] (-) TimerEvent: {}
[31.734708] (-) TimerEvent: {}
[31.835461] (-) TimerEvent: {}
[31.936255] (-) TimerEvent: {}
[32.037049] (-) TimerEvent: {}
[32.071203] (rplidar_ros) StdoutLine: {'line': b'[ 88%] Built target rplidarNode\n'}
[32.137243] (-) TimerEvent: {}
[32.238000] (-) TimerEvent: {}
[32.338792] (-) TimerEvent: {}
[32.439569] (-) TimerEvent: {}
[32.540373] (-) TimerEvent: {}
[32.606739] (rplidar_ros) StderrLine: {'line': b'In file included from \x1b[01m\x1b[K/ros2_ws/src/rplidar_ros2/src/standalone_rplidar.cpp:16:0\x1b[m\x1b[K:\n'}
[32.607551] (rplidar_ros) StderrLine: {'line': b'\x1b[01m\x1b[K/ros2_ws/src/rplidar_ros2/include/rplidar_node.hpp:50:0:\x1b[m\x1b[K \x1b[01;35m\x1b[Kwarning: \x1b[m\x1b[K"M_PI" redefined\n'}
[32.608157] (rplidar_ros) StderrLine: {'line': b' #define M_PI 3.1415926535897932384626433832795\n'}
[32.608786] (rplidar_ros) StderrLine: {'line': b' \n'}
[32.610063] (rplidar_ros) StderrLine: {'line': b'In file included from \x1b[01m\x1b[K/usr/include/c++/7/cmath:45:0\x1b[m\x1b[K,\n'}
[32.610851] (rplidar_ros) StderrLine: {'line': b'                 from \x1b[01m\x1b[K/opt/ros/foxy/install/include/libstatistics_collector/moving_average_statistics/types.hpp:18\x1b[m\x1b[K,\n'}
[32.611420] (rplidar_ros) StderrLine: {'line': b'                 from \x1b[01m\x1b[K/opt/ros/foxy/install/include/libstatistics_collector/collector/generate_statistics_message.hpp:24\x1b[m\x1b[K,\n'}
[32.611988] (rplidar_ros) StderrLine: {'line': b'                 from \x1b[01m\x1b[K/opt/ros/foxy/install/include/rclcpp/topic_statistics/subscription_topic_statistics.hpp:23\x1b[m\x1b[K,\n'}
[32.612575] (rplidar_ros) StderrLine: {'line': b'                 from \x1b[01m\x1b[K/opt/ros/foxy/install/include/rclcpp/subscription.hpp:50\x1b[m\x1b[K,\n'}
[32.613130] (rplidar_ros) StderrLine: {'line': b'                 from \x1b[01m\x1b[K/opt/ros/foxy/install/include/rclcpp/any_executable.hpp:25\x1b[m\x1b[K,\n'}
[32.613681] (rplidar_ros) StderrLine: {'line': b'                 from \x1b[01m\x1b[K/opt/ros/foxy/install/include/rclcpp/memory_strategy.hpp:24\x1b[m\x1b[K,\n'}
[32.614229] (rplidar_ros) StderrLine: {'line': b'                 from \x1b[01m\x1b[K/opt/ros/foxy/install/include/rclcpp/memory_strategies.hpp:18\x1b[m\x1b[K,\n'}
[32.614917] (rplidar_ros) StderrLine: {'line': b'                 from \x1b[01m\x1b[K/opt/ros/foxy/install/include/rclcpp/executor_options.hpp:20\x1b[m\x1b[K,\n'}
[32.615506] (rplidar_ros) StderrLine: {'line': b'                 from \x1b[01m\x1b[K/opt/ros/foxy/install/include/rclcpp/executor.hpp:33\x1b[m\x1b[K,\n'}
[32.616079] (rplidar_ros) StderrLine: {'line': b'                 from \x1b[01m\x1b[K/opt/ros/foxy/install/include/rclcpp/executors/multi_threaded_executor.hpp:26\x1b[m\x1b[K,\n'}
[32.616671] (rplidar_ros) StderrLine: {'line': b'                 from \x1b[01m\x1b[K/opt/ros/foxy/install/include/rclcpp/executors.hpp:21\x1b[m\x1b[K,\n'}
[32.617238] (rplidar_ros) StderrLine: {'line': b'                 from \x1b[01m\x1b[K/opt/ros/foxy/install/include/rclcpp/rclcpp.hpp:146\x1b[m\x1b[K,\n'}
[32.617803] (rplidar_ros) StderrLine: {'line': b'                 from \x1b[01m\x1b[K/ros2_ws/src/rplidar_ros2/include/rplidar_node.hpp:34\x1b[m\x1b[K,\n'}
[32.618484] (rplidar_ros) StderrLine: {'line': b'                 from \x1b[01m\x1b[K/ros2_ws/src/rplidar_ros2/src/standalone_rplidar.cpp:16\x1b[m\x1b[K:\n'}
[32.619130] (rplidar_ros) StderrLine: {'line': b'\x1b[01m\x1b[K/usr/include/math.h:777:0:\x1b[m\x1b[K \x1b[01;36m\x1b[Knote: \x1b[m\x1b[Kthis is the location of the previous definition\n'}
[32.619734] (rplidar_ros) StderrLine: {'line': b' # define M_PI  3.14159265358979323846 /* pi */\n'}
[32.620290] (rplidar_ros) StderrLine: {'line': b' \n'}
[32.640578] (-) TimerEvent: {}
[32.741507] (-) TimerEvent: {}
[32.844580] (-) TimerEvent: {}
[32.869447] (rplidar_ros) StdoutLine: {'line': b'[ 94%] \x1b[32m\x1b[1mLinking CXX executable rplidarNodeClient\x1b[0m\n'}
[32.944828] (-) TimerEvent: {}
[33.046901] (-) TimerEvent: {}
[33.147882] (-) TimerEvent: {}
[33.248935] (-) TimerEvent: {}
[33.351261] (-) TimerEvent: {}
[33.452836] (-) TimerEvent: {}
[33.554099] (-) TimerEvent: {}
[33.655035] (-) TimerEvent: {}
[33.755810] (-) TimerEvent: {}
[33.856662] (-) TimerEvent: {}
[33.957548] (-) TimerEvent: {}
[34.058553] (-) TimerEvent: {}
[34.159398] (-) TimerEvent: {}
[34.172961] (rplidar_ros) StdoutLine: {'line': b'[ 94%] Built target rplidarNodeClient\n'}
[34.259662] (-) TimerEvent: {}
[34.360434] (-) TimerEvent: {}
[34.461244] (-) TimerEvent: {}
[34.562020] (-) TimerEvent: {}
[34.662937] (-) TimerEvent: {}
[34.763784] (-) TimerEvent: {}
[34.864595] (-) TimerEvent: {}
[34.965398] (-) TimerEvent: {}
[35.066209] (-) TimerEvent: {}
[35.167112] (-) TimerEvent: {}
[35.267922] (-) TimerEvent: {}
[35.368739] (-) TimerEvent: {}
[35.469573] (-) TimerEvent: {}
[35.570473] (-) TimerEvent: {}
[35.671305] (-) TimerEvent: {}
[35.772126] (-) TimerEvent: {}
[35.872938] (-) TimerEvent: {}
[35.973747] (-) TimerEvent: {}
[36.074549] (-) TimerEvent: {}
[36.175351] (-) TimerEvent: {}
[36.276171] (-) TimerEvent: {}
[36.377012] (-) TimerEvent: {}
[36.477866] (-) TimerEvent: {}
[36.578775] (-) TimerEvent: {}
[36.679529] (-) TimerEvent: {}
[36.780352] (-) TimerEvent: {}
[36.881109] (-) TimerEvent: {}
[36.981868] (-) TimerEvent: {}
[37.082676] (-) TimerEvent: {}
[37.183480] (-) TimerEvent: {}
[37.284288] (-) TimerEvent: {}
[37.385097] (-) TimerEvent: {}
[37.485916] (-) TimerEvent: {}
[37.586828] (-) TimerEvent: {}
[37.687644] (-) TimerEvent: {}
[37.788460] (-) TimerEvent: {}
[37.889221] (-) TimerEvent: {}
[37.990045] (-) TimerEvent: {}
[38.091019] (-) TimerEvent: {}
[38.191793] (-) TimerEvent: {}
[38.292541] (-) TimerEvent: {}
[38.393379] (-) TimerEvent: {}
[38.494135] (-) TimerEvent: {}
[38.595051] (-) TimerEvent: {}
[38.695861] (-) TimerEvent: {}
[38.701885] (rplidar_ros) StderrLine: {'line': b'In file included from \x1b[01m\x1b[K/ros2_ws/src/rplidar_ros2/./sdk/include/rplidar.h:39:0\x1b[m\x1b[K,\n'}
[38.702682] (rplidar_ros) StderrLine: {'line': b'                 from \x1b[01m\x1b[K/ros2_ws/src/rplidar_ros2/include/rplidar_node.hpp:41\x1b[m\x1b[K,\n'}
[38.703217] (rplidar_ros) StderrLine: {'line': b'                 from \x1b[01m\x1b[K/ros2_ws/src/rplidar_ros2/src/standalone_rplidar.cpp:16\x1b[m\x1b[K:\n'}
[38.703788] (rplidar_ros) StderrLine: {'line': b'\x1b[01m\x1b[K/ros2_ws/src/rplidar_ros2/./sdk/include/rplidar_protocol.h:59:15:\x1b[m\x1b[K \x1b[01;35m\x1b[Kwarning: \x1b[m\x1b[KISO C++ forbids zero-size array \xe2\x80\x98\x1b[01m\x1b[Kdata\x1b[m\x1b[K\xe2\x80\x99 [\x1b[01;35m\x1b[K-Wpedantic\x1b[m\x1b[K]\n'}
[38.704507] (rplidar_ros) StderrLine: {'line': b'     _u8 data[0\x1b[01;35m\x1b[K]\x1b[m\x1b[K;\n'}
[38.704952] (rplidar_ros) StderrLine: {'line': b'               \x1b[01;35m\x1b[K^\x1b[m\x1b[K\n'}
[38.705404] (rplidar_ros) StderrLine: {'line': b'In file included from \x1b[01m\x1b[K/ros2_ws/src/rplidar_ros2/./sdk/include/rplidar.h:40:0\x1b[m\x1b[K,\n'}
[38.705875] (rplidar_ros) StderrLine: {'line': b'                 from \x1b[01m\x1b[K/ros2_ws/src/rplidar_ros2/include/rplidar_node.hpp:41\x1b[m\x1b[K,\n'}
[38.706467] (rplidar_ros) StderrLine: {'line': b'                 from \x1b[01m\x1b[K/ros2_ws/src/rplidar_ros2/src/standalone_rplidar.cpp:16\x1b[m\x1b[K:\n'}
[38.706989] (rplidar_ros) StderrLine: {'line': b'\x1b[01m\x1b[K/ros2_ws/src/rplidar_ros2/./sdk/include/rplidar_cmd.h:260:19:\x1b[m\x1b[K \x1b[01;35m\x1b[Kwarning: \x1b[m\x1b[KISO C++ forbids zero-size array \xe2\x80\x98\x1b[01m\x1b[Kpayload\x1b[m\x1b[K\xe2\x80\x99 [\x1b[01;35m\x1b[K-Wpedantic\x1b[m\x1b[K]\n'}
[38.707548] (rplidar_ros) StderrLine: {'line': b'     _u8  payload[0\x1b[01;35m\x1b[K]\x1b[m\x1b[K;\n'}
[38.708075] (rplidar_ros) StderrLine: {'line': b'                   \x1b[01;35m\x1b[K^\x1b[m\x1b[K\n'}
[38.796054] (-) TimerEvent: {}
[38.896807] (-) TimerEvent: {}
[38.997558] (-) TimerEvent: {}
[39.098317] (-) TimerEvent: {}
[39.199210] (-) TimerEvent: {}
[39.300007] (-) TimerEvent: {}
[39.400816] (-) TimerEvent: {}
[39.501678] (-) TimerEvent: {}
[39.602509] (-) TimerEvent: {}
[39.703265] (-) TimerEvent: {}
[39.804137] (-) TimerEvent: {}
[39.904960] (-) TimerEvent: {}
[40.005777] (-) TimerEvent: {}
[40.106588] (-) TimerEvent: {}
[40.207393] (-) TimerEvent: {}
[40.278818] (rplidar_ros) StderrLine: {'line': b'In file included from \x1b[01m\x1b[K/ros2_ws/src/rplidar_ros2/src/standalone_rplidar.cpp:16:0\x1b[m\x1b[K:\n'}
[40.279563] (rplidar_ros) StderrLine: {'line': b'\x1b[01m\x1b[K/ros2_ws/src/rplidar_ros2/include/rplidar_node.hpp:76:14:\x1b[m\x1b[K \x1b[01;35m\x1b[Kwarning: \x1b[m\x1b[K\xe2\x80\x98\x1b[01m\x1b[Kfloat rplidar_ros::getAngle(const rplidar_response_measurement_node_hq_t&)\x1b[m\x1b[K\xe2\x80\x99 defined but not used [\x1b[01;35m\x1b[K-Wunused-function\x1b[m\x1b[K]\n'}
[40.280105] (rplidar_ros) StderrLine: {'line': b' static float \x1b[01;35m\x1b[KgetAngle\x1b[m\x1b[K(const rplidar_response_measurement_node_hq_t& node)\n'}
[40.280630] (rplidar_ros) StderrLine: {'line': b'              \x1b[01;35m\x1b[K^~~~~~~~\x1b[m\x1b[K\n'}
[40.307585] (-) TimerEvent: {}
[40.408462] (-) TimerEvent: {}
[40.509425] (-) TimerEvent: {}
[40.610270] (-) TimerEvent: {}
[40.711225] (-) TimerEvent: {}
[40.715518] (rplidar_ros) StdoutLine: {'line': b'[100%] \x1b[32m\x1b[1mLinking CXX executable rplidar_composition\x1b[0m\n'}
[40.811427] (-) TimerEvent: {}
[40.912291] (-) TimerEvent: {}
[41.013384] (-) TimerEvent: {}
[41.114260] (-) TimerEvent: {}
[41.215180] (-) TimerEvent: {}
[41.294195] (rplidar_ros) StdoutLine: {'line': b'[100%] Built target rplidar_composition\n'}
[41.315427] (-) TimerEvent: {}
[41.337891] (rplidar_ros) CommandEnded: {'returncode': 0}
[41.415715] (-) TimerEvent: {}
[41.516770] (-) TimerEvent: {}
[41.617634] (-) TimerEvent: {}
[41.718437] (-) TimerEvent: {}
[41.764466] (rplidar_ros) JobProgress: {'identifier': 'rplidar_ros', 'progress': 'install'}
[41.818711] (-) TimerEvent: {}
[41.919611] (-) TimerEvent: {}
[41.944514] (rplidar_ros) Command: {'cmd': ['/usr/local/bin/cmake', '--install', '/ros2_ws/build/rplidar_ros'], 'cwd': '/ros2_ws/build/rplidar_ros', 'env': OrderedDict([('OPENBLAS_CORETYPE', 'ARMV8'), ('PYTHONIOENCODING', 'utf-8'), ('HOSTNAME', 'eyerobot-desktop'), ('LD_LIBRARY_PATH', '/ros2_ws/install/rosbridge_test_msgs/lib:/ros2_ws/install/rosbridge_msgs/lib:/ros2_ws/install/rosapi_msgs/lib:/opt/ros/foxy/install/opt/yaml_cpp_vendor/lib:/opt/ros/foxy/install/opt/rviz_ogre_vendor/lib:/opt/ros/foxy/install/lib:/usr/local/cuda-10.2/targets/aarch64-linux/lib:'), ('SHLVL', '1'), ('HOME', '/root'), ('OLDPWD', '/'), ('ROS_PYTHON_VERSION', '3'), ('COLCON_PREFIX_PATH', '/ros2_ws/install:/opt/ros/foxy/install'), ('ROS_DISTRO', 'foxy'), ('_', '/usr/bin/colcon'), ('ROS_VERSION', '2'), ('NVIDIA_DRIVER_CAPABILITIES', 'all'), ('PKG_CONFIG_PATH', '/opt/ros/foxy/install/lib/aarch64-linux-gnu/pkgconfig:/opt/ros/foxy/install/lib/pkgconfig'), ('TERM', 'xterm'), ('ROS_LOCALHOST_ONLY', '0'), ('PATH', '/opt/ros/foxy/install/bin:/usr/local/cuda-10.2/bin:/usr/local/cuda/bin:/usr/local/sbin:/usr/local/bin:/usr/sbin:/usr/bin:/sbin:/bin'), ('LANG', 'en_US.UTF-8'), ('RMW_IMPLEMENTATION', 'rmw_cyclonedds_cpp'), ('LS_COLORS', 'rs=0:di=01;34:ln=01;36:mh=00:pi=40;33:so=01;35:do=01;35:bd=40;33;01:cd=40;33;01:or=40;31;01:mi=00:su=37;41:sg=30;43:ca=30;41:tw=30;42:ow=34;42:st=37;44:ex=01;32:*.tar=01;31:*.tgz=01;31:*.arc=01;31:*.arj=01;31:*.taz=01;31:*.lha=01;31:*.lz4=01;31:*.lzh=01;31:*.lzma=01;31:*.tlz=01;31:*.txz=01;31:*.tzo=01;31:*.t7z=01;31:*.zip=01;31:*.z=01;31:*.Z=01;31:*.dz=01;31:*.gz=01;31:*.lrz=01;31:*.lz=01;31:*.lzo=01;31:*.xz=01;31:*.zst=01;31:*.tzst=01;31:*.bz2=01;31:*.bz=01;31:*.tbz=01;31:*.tbz2=01;31:*.tz=01;31:*.deb=01;31:*.rpm=01;31:*.jar=01;31:*.war=01;31:*.ear=01;31:*.sar=01;31:*.rar=01;31:*.alz=01;31:*.ace=01;31:*.zoo=01;31:*.cpio=01;31:*.7z=01;31:*.rz=01;31:*.cab=01;31:*.wim=01;31:*.swm=01;31:*.dwm=01;31:*.esd=01;31:*.jpg=01;35:*.jpeg=01;35:*.mjpg=01;35:*.mjpeg=01;35:*.gif=01;35:*.bmp=01;35:*.pbm=01;35:*.pgm=01;35:*.ppm=01;35:*.tga=01;35:*.xbm=01;35:*.xpm=01;35:*.tif=01;35:*.tiff=01;35:*.png=01;35:*.svg=01;35:*.svgz=01;35:*.mng=01;35:*.pcx=01;35:*.mov=01;35:*.mpg=01;35:*.mpeg=01;35:*.m2v=01;35:*.mkv=01;35:*.webm=01;35:*.ogm=01;35:*.mp4=01;35:*.m4v=01;35:*.mp4v=01;35:*.vob=01;35:*.qt=01;35:*.nuv=01;35:*.wmv=01;35:*.asf=01;35:*.rm=01;35:*.rmvb=01;35:*.flc=01;35:*.avi=01;35:*.fli=01;35:*.flv=01;35:*.gl=01;35:*.dl=01;35:*.xcf=01;35:*.xwd=01;35:*.yuv=01;35:*.cgm=01;35:*.emf=01;35:*.ogv=01;35:*.ogx=01;35:*.aac=00;36:*.au=00;36:*.flac=00;36:*.m4a=00;36:*.mid=00;36:*.midi=00;36:*.mka=00;36:*.mp3=00;36:*.mpc=00;36:*.ogg=00;36:*.ra=00;36:*.wav=00;36:*.oga=00;36:*.opus=00;36:*.spx=00;36:*.xspf=00;36:'), ('ROS_ROOT', '/opt/ros/foxy'), ('AMENT_PREFIX_PATH', '/ros2_ws/install/rosbridge_test_msgs:/ros2_ws/install/rosbridge_suite:/ros2_ws/install/rosbridge_server:/ros2_ws/install/rosbridge_msgs:/ros2_ws/install/rosapi:/ros2_ws/install/rosbridge_library:/ros2_ws/install/rosapi_msgs:/opt/ros/foxy/install'), ('DEBIAN_FRONTEND', 'noninteractive'), ('SHELL', '/bin/bash'), ('PWD', '/ros2_ws/build/rplidar_ros'), ('PYTHONPATH', '/ros2_ws/install/rosbridge_test_msgs/lib/python3.6/site-packages:/ros2_ws/install/rosbridge_server/lib/python3.6/site-packages:/ros2_ws/install/rosbridge_msgs/lib/python3.6/site-packages:/ros2_ws/install/rosapi/lib/python3.6/site-packages:/ros2_ws/install/rosbridge_library/lib/python3.6/site-packages:/ros2_ws/install/rosapi_msgs/lib/python3.6/site-packages:/opt/ros/foxy/install/lib/python3.6/site-packages'), ('NVIDIA_VISIBLE_DEVICES', 'all'), ('COLCON', '1'), ('CMAKE_PREFIX_PATH', '/ros2_ws/install/rosbridge_test_msgs:/ros2_ws/install/rosbridge_suite:/ros2_ws/install/rosbridge_server:/ros2_ws/install/rosbridge_msgs:/ros2_ws/install/rosapi:/ros2_ws/install/rosbridge_library:/ros2_ws/install/rosapi_msgs:/opt/ros/foxy/install')]), 'shell': False}
[42.019911] (-) TimerEvent: {}
[42.104708] (rplidar_ros) StdoutLine: {'line': b'-- Install configuration: ""\n'}
[42.108666] (rplidar_ros) StdoutLine: {'line': b'-- Execute custom install script\n'}
[42.110054] (rplidar_ros) StdoutLine: {'line': b'-- Symlinking: /ros2_ws/install/rplidar_ros/lib/rplidar_ros/rplidarNode\n'}
[42.120099] (rplidar_ros) StdoutLine: {'line': b'-- Symlinking: /ros2_ws/install/rplidar_ros/lib/rplidar_ros/rplidarNodeClient\n'}
[42.120796] (-) TimerEvent: {}
[42.129389] (rplidar_ros) StdoutLine: {'line': b'-- Symlinking: /ros2_ws/install/rplidar_ros/lib/rplidar_ros/rplidar_composition\n'}
[42.141978] (rplidar_ros) StdoutLine: {'line': b'-- Symlinking: /ros2_ws/install/rplidar_ros/share/rplidar_ros/launch/rplidar.launch.py\n'}
[42.151559] (rplidar_ros) StdoutLine: {'line': b'-- Symlinking: /ros2_ws/install/rplidar_ros/share/rplidar_ros/launch/rplidar_a3.launch.py\n'}
[42.161043] (rplidar_ros) StdoutLine: {'line': b'-- Symlinking: /ros2_ws/install/rplidar_ros/share/rplidar_ros/launch/rplidar_s1.launch.py\n'}
[42.169752] (rplidar_ros) StdoutLine: {'line': b'-- Symlinking: /ros2_ws/install/rplidar_ros/share/rplidar_ros/launch/rplidar_s1_tcp.launch.py\n'}
[42.178827] (rplidar_ros) StdoutLine: {'line': b'-- Symlinking: /ros2_ws/install/rplidar_ros/share/rplidar_ros/launch/test_rplidar.launch.py\n'}
[42.187534] (rplidar_ros) StdoutLine: {'line': b'-- Symlinking: /ros2_ws/install/rplidar_ros/share/rplidar_ros/launch/test_rplidar_a3.launch.py\n'}
[42.196064] (rplidar_ros) StdoutLine: {'line': b'-- Symlinking: /ros2_ws/install/rplidar_ros/share/rplidar_ros/launch/view_rplidar.launch.py\n'}
[42.204802] (rplidar_ros) StdoutLine: {'line': b'-- Symlinking: /ros2_ws/install/rplidar_ros/share/rplidar_ros/launch/view_rplidar_a3.launch.py\n'}
[42.213873] (rplidar_ros) StdoutLine: {'line': b'-- Symlinking: /ros2_ws/install/rplidar_ros/share/rplidar_ros/launch/view_rplidar_s1.launch.py\n'}
[42.221056] (-) TimerEvent: {}
[42.222649] (rplidar_ros) StdoutLine: {'line': b'-- Symlinking: /ros2_ws/install/rplidar_ros/share/rplidar_ros/launch/view_rplidar_s1_tcp.launch.py\n'}
[42.233953] (rplidar_ros) StdoutLine: {'line': b'-- Symlinking: /ros2_ws/install/rplidar_ros/share/rplidar_ros/rviz/rplidar.rviz\n'}
[42.243552] (rplidar_ros) StdoutLine: {'line': b'-- Symlinking: /ros2_ws/install/rplidar_ros/lib/librplidar_composition_node.so\n'}
[42.253999] (rplidar_ros) StdoutLine: {'line': b'-- Symlinking: /ros2_ws/install/rplidar_ros/include/rplidar_node.hpp\n'}
[42.263293] (rplidar_ros) StdoutLine: {'line': b'-- Symlinking: /ros2_ws/install/rplidar_ros/include/visibility.h\n'}
[42.273739] (rplidar_ros) StdoutLine: {'line': b'-- Up-to-date symlink: /ros2_ws/install/rplidar_ros/lib/rplidar_ros/rplidarNode\n'}
[42.274626] (rplidar_ros) StdoutLine: {'line': b'-- Up-to-date symlink: /ros2_ws/install/rplidar_ros/lib/rplidar_ros/rplidarNodeClient\n'}
[42.275331] (rplidar_ros) StdoutLine: {'line': b'-- Up-to-date symlink: /ros2_ws/install/rplidar_ros/lib/rplidar_ros/rplidar_composition\n'}
[42.276799] (rplidar_ros) StdoutLine: {'line': b'-- Symlinking: /ros2_ws/install/rplidar_ros/share/ament_index/resource_index/package_run_dependencies/rplidar_ros\n'}
[42.286609] (rplidar_ros) StdoutLine: {'line': b'-- Symlinking: /ros2_ws/install/rplidar_ros/share/ament_index/resource_index/parent_prefix_path/rplidar_ros\n'}
[42.301070] (rplidar_ros) StdoutLine: {'line': b'-- Symlinking: /ros2_ws/install/rplidar_ros/share/rplidar_ros/environment/ament_prefix_path.sh\n'}
[42.314832] (rplidar_ros) StdoutLine: {'line': b'-- Symlinking: /ros2_ws/install/rplidar_ros/share/rplidar_ros/environment/ament_prefix_path.dsv\n'}
[42.321223] (-) TimerEvent: {}
[42.323726] (rplidar_ros) StdoutLine: {'line': b'-- Symlinking: /ros2_ws/install/rplidar_ros/share/rplidar_ros/environment/path.sh\n'}
[42.334816] (rplidar_ros) StdoutLine: {'line': b'-- Symlinking: /ros2_ws/install/rplidar_ros/share/rplidar_ros/environment/path.dsv\n'}
[42.344487] (rplidar_ros) StdoutLine: {'line': b'-- Symlinking: /ros2_ws/install/rplidar_ros/share/rplidar_ros/local_setup.bash\n'}
[42.356944] (rplidar_ros) StdoutLine: {'line': b'-- Symlinking: /ros2_ws/install/rplidar_ros/share/rplidar_ros/local_setup.sh\n'}
[42.365917] (rplidar_ros) StdoutLine: {'line': b'-- Symlinking: /ros2_ws/install/rplidar_ros/share/rplidar_ros/local_setup.zsh\n'}
[42.375234] (rplidar_ros) StdoutLine: {'line': b'-- Symlinking: /ros2_ws/install/rplidar_ros/share/rplidar_ros/local_setup.dsv\n'}
[42.386327] (rplidar_ros) StdoutLine: {'line': b'-- Symlinking: /ros2_ws/install/rplidar_ros/share/rplidar_ros/package.dsv\n'}
[42.396601] (rplidar_ros) StdoutLine: {'line': b'-- Symlinking: /ros2_ws/install/rplidar_ros/share/ament_index/resource_index/packages/rplidar_ros\n'}
[42.409662] (rplidar_ros) StdoutLine: {'line': b'-- Symlinking: /ros2_ws/install/rplidar_ros/share/rplidar_ros/cmake/ament_cmake_export_dependencies-extras.cmake\n'}
[42.421354] (rplidar_ros) StdoutLine: {'line': b'-- Symlinking: /ros2_ws/install/rplidar_ros/share/rplidar_ros/cmake/ament_cmake_export_include_directories-extras.cmake\n'}
[42.422041] (-) TimerEvent: {}
[42.439289] (rplidar_ros) StdoutLine: {'line': b'-- Symlinking: /ros2_ws/install/rplidar_ros/share/rplidar_ros/cmake/rplidar_rosConfig.cmake\n'}
[42.449864] (rplidar_ros) StdoutLine: {'line': b'-- Symlinking: /ros2_ws/install/rplidar_ros/share/rplidar_ros/cmake/rplidar_rosConfig-version.cmake\n'}
[42.459972] (rplidar_ros) StdoutLine: {'line': b'-- Symlinking: /ros2_ws/install/rplidar_ros/share/rplidar_ros/package.xml\n'}
[42.494186] (rplidar_ros) CommandEnded: {'returncode': 0}
[42.539113] (-) TimerEvent: {}
[42.639884] (-) TimerEvent: {}
[42.741264] (-) TimerEvent: {}
[42.842135] (-) TimerEvent: {}
[42.943124] (-) TimerEvent: {}
[43.043947] (-) TimerEvent: {}
[43.118894] (rplidar_ros) JobEnded: {'identifier': 'rplidar_ros', 'rc': 0}
[43.126194] (-) EventReactorShutdown: {}
